<?xml version="1.0" encoding="UTF-8" ?>
<!-- This is a WordPress eXtended RSS file generated by WordPress as an export of your site. -->
<!-- It contains information about your site's posts, pages, comments, categories, and other content. -->
<!-- You may use this file to transfer that content from one site to another. -->
<!-- This file is not intended to serve as a complete backup of your site. -->

<!-- To import this information into a WordPress site follow these steps: -->
<!-- 1. Log in to that site as an administrator. -->
<!-- 2. Go to Tools: Import in the WordPress admin panel. -->
<!-- 3. Install the "WordPress" importer from the list. -->
<!-- 4. Activate & Run Importer. -->
<!-- 5. Upload this file using the form provided on that page. -->
<!-- 6. You will first be asked to map the authors in this export file to users -->
<!--    on the site. For each author, you may choose to map to an -->
<!--    existing user on the site or to create a new user. -->
<!-- 7. WordPress will then import each of the posts, pages, comments, categories, etc. -->
<!--    contained in this file into your site. -->

	<!-- generator="WordPress/5.4.2" created="2020-07-15 09:41" -->
<rss version="2.0"
	xmlns:excerpt="http://wordpress.org/export/1.2/excerpt/"
	xmlns:content="http://purl.org/rss/1.0/modules/content/"
	xmlns:wfw="http://wellformedweb.org/CommentAPI/"
	xmlns:dc="http://purl.org/dc/elements/1.1/"
	xmlns:wp="http://wordpress.org/export/1.2/"
>

<channel>
	<title>Woodmart dummy demos</title>
	<link>http://dummy.xtemos.com/woodmart-elementor/demos</link>
	<description>Just another Woodmart Dummy Content Sites site</description>
	<pubDate>Wed, 15 Jul 2020 09:41:50 +0000</pubDate>
	<language>en-US</language>
	<wp:wxr_version>1.2</wp:wxr_version>
	<wp:base_site_url>http://dummy.xtemos.com/woodmart-elementor/</wp:base_site_url>
	<wp:base_blog_url>http://dummy.xtemos.com/woodmart-elementor/demos</wp:base_blog_url>

		<wp:author><wp:author_id>4</wp:author_id><wp:author_login>zakhar</wp:author_login><wp:author_email>sdads@asdasd.asd</wp:author_email><wp:author_display_name><![CDATA[zakhar]]></wp:author_display_name><wp:author_first_name><![CDATA[]]></wp:author_first_name><wp:author_last_name><![CDATA[]]></wp:author_last_name></wp:author>

				
	<generator>https://wordpress.org/?v=5.4.2</generator>

		<item>
		<title>
				wood-gallery-placeholder-5		</title>
		<link>http://dummy.xtemos.com/woodmart-elementor/demos/home-base/wood-gallery-placeholder-5/</link>
		<pubDate>Wed, 14 Jun 2017 11:33:22 +0000</pubDate>
		<dc:creator><![CDATA[admin]]></dc:creator>
		<guid isPermaLink="false">http://dummy.xtemos.com/woodmart-elementor/demos/wp-content/uploads/sites/2/2017/06/wood-gallery-placeholder-5.jpg</guid>
		<description></description>
		<content:encoded><![CDATA[]]></content:encoded>
		<excerpt:encoded><![CDATA[]]></excerpt:encoded>
		<wp:post_id>77</wp:post_id>
		<wp:post_date>2017-06-14 11:33:22</wp:post_date>
		<wp:post_date_gmt>2017-06-14 11:33:22</wp:post_date_gmt>
		<wp:comment_status>open</wp:comment_status>
		<wp:ping_status>closed</wp:ping_status>
		<wp:post_name>wood-gallery-placeholder-5</wp:post_name>
		<wp:status>inherit</wp:status>
		<wp:post_parent>57</wp:post_parent>
		<wp:menu_order>0</wp:menu_order>
		<wp:post_type>attachment</wp:post_type>
		<wp:post_password></wp:post_password>
		<wp:is_sticky>0</wp:is_sticky>
						<wp:attachment_url>http://dummy.xtemos.com/woodmart-elementor/demos/wp-content/uploads/sites/2/2017/06/wood-gallery-placeholder-5.jpg</wp:attachment_url>
												<wp:postmeta>
			<wp:meta_key>_wp_attached_file</wp:meta_key>
			<wp:meta_value><![CDATA[2017/06/wood-gallery-placeholder-5.jpg]]></wp:meta_value>
		</wp:postmeta>
						</item>
					<item>
		<title>
				Home Grocery		</title>
		<link>http://dummy.xtemos.com/woodmart-elementor/demos/home-grocery/</link>
		<pubDate>Tue, 07 Jul 2020 07:22:36 +0000</pubDate>
		<dc:creator><![CDATA[zakhar]]></dc:creator>
		<guid isPermaLink="false">http://dummy.xtemos.com/woodmart-elementor/demos/?page_id=7212</guid>
		<description></description>
		<content:encoded><![CDATA[		
						 					
																												
											
								Best Quality						
						It’s content strategy gone awry right from the sta]]></content:encoded>
		<excerpt:encoded><![CDATA[]]></excerpt:encoded>
		<wp:post_id>7212</wp:post_id>
		<wp:post_date>2020-07-07 07:22:36</wp:post_date>
		<wp:post_date_gmt>2020-07-07 07:22:36</wp:post_date_gmt>
		<wp:comment_status>closed</wp:comment_status>
		<wp:ping_status>closed</wp:ping_status>
		<wp:post_name>home-grocery</wp:post_name>
		<wp:status>publish</wp:status>
		<wp:post_parent>0</wp:post_parent>
		<wp:menu_order>0</wp:menu_order>
		<wp:post_type>page</wp:post_type>
		<wp:post_password></wp:post_password>
		<wp:is_sticky>0</wp:is_sticky>
														<wp:postmeta>
			<wp:meta_key>_woodmart_whb_header</wp:meta_key>
			<wp:meta_value><![CDATA[none]]></wp:meta_value>
		</wp:postmeta>
							<wp:postmeta>
			<wp:meta_key>_woodmart_title_image</wp:meta_key>
			<wp:meta_value><![CDATA[]]></wp:meta_value>
		</wp:postmeta>
							<wp:postmeta>
			<wp:meta_key>_woodmart_title_bg_color</wp:meta_key>
			<wp:meta_value><![CDATA[]]></wp:meta_value>
		</wp:postmeta>
							<wp:postmeta>
			<wp:meta_key>_woodmart_page-title-size</wp:meta_key>
			<wp:meta_value><![CDATA[inherit]]></wp:meta_value>
		</wp:postmeta>
							<wp:postmeta>
			<wp:meta_key>_woodmart_main_layout</wp:meta_key>
			<wp:meta_value><![CDATA[full-width]]></wp:meta_value>
		</wp:postmeta>
							<wp:postmeta>
			<wp:meta_key>_wp_page_template</wp:meta_key>
			<wp:meta_value><![CDATA[default]]></wp:meta_value>
		</wp:postmeta>
							<wp:postmeta>
			<wp:meta_key>_elementor_edit_mode</wp:meta_key>
			<wp:meta_value><![CDATA[builder]]></wp:meta_value>
		</wp:postmeta>
							<wp:postmeta>
			<wp:meta_key>_elementor_template_type</wp:meta_key>
			<wp:meta_value><![CDATA[wp-page]]></wp:meta_value>
		</wp:postmeta>
							<wp:postmeta>
			<wp:meta_key>_elementor_version</wp:meta_key>
			<wp:meta_value><![CDATA[2.9.11]]></wp:meta_value>
		</wp:postmeta>
							<wp:postmeta>
			<wp:meta_key>_woodmart_title_off</wp:meta_key>
			<wp:meta_value><![CDATA[on]]></wp:meta_value>
		</wp:postmeta>
							<wp:postmeta>
			<wp:meta_key>_elementor_data</wp:meta_key>
			<wp:meta_value><![CDATA[[{"id":"443b7c83","elType":"section","settings":{"gap":"no","margin":{"unit":"px","top":"-40","right":"0","bottom":"0","left":"0","isLinked":""},"padding":{"unit":"px","top":"0","right":"0","bottom":"0","left":"0","isLinked":""}},"elements":[{"id":"16b95e10","elType":"column","settings":{"_column_size":"100","column_sticky_offset":"50","scroll_y":"-80"},"elements":[{"id":"031b993","elType":"widget","settings":{"revslidertitle":"Grocery","shortcode":"[rev_slider alias=\"slider-2\"][\/rev_slider]","scroll_y":"-80"},"elements":[],"widgetType":"slider_revolution"}],"isInner":""}],"isInner":""},{"id":"0a4342b","elType":"section","settings":{"margin":{"unit":"px","top":"-70","right":"0","bottom":"60","left":"0","isLinked":""},"margin_mobile":{"unit":"px","top":"0","right":"0","bottom":"40","left":"0","isLinked":""},"padding":{"unit":"%","top":"0","right":"7","bottom":"0","left":"7","isLinked":""},"padding_tablet":{"unit":"px","top":"0","right":"0","bottom":"0","left":"0","isLinked":""}},"elements":[{"id":"358aadb","elType":"column","settings":{"_column_size":"100","background_background":"classic","column_sticky_offset":"50","scroll_y":"-80"},"elements":[{"id":"e5cf934","elType":"section","settings":{"gap":"no","structure":"30","background_background":"classic","background_color":"#FFFFFF","box_shadow_box_shadow_type":"yes","box_shadow_box_shadow":{"horizontal":"0","vertical":"0","blur":"3","spread":"0","color":"rgba(0, 0, 0, 0.15)"},"padding":{"unit":"px","top":"40","right":"0","bottom":"0","left":"0","isLinked":""},"z_index":"1"},"elements":[{"id":"75a0ddf","elType":"column","settings":{"_column_size":"33","border_border":"solid","border_width":{"unit":"px","top":"0","right":"1","bottom":"0","left":"0","isLinked":""},"border_width_mobile":{"unit":"px","top":"0","right":"0","bottom":"0","left":"0","isLinked":""},"border_color":"#E6E6E6","margin":{"unit":"px","top":"0","right":"0","bottom":"40","left":"0","isLinked":""},"padding":{"unit":"px","top":"0","right":"15","bottom":"0","left":"15","isLinked":""},"column_sticky_offset":"50","scroll_y":"-80"},"elements":[{"id":"82c7b2a","elType":"widget","settings":{"subtitle":"","title":"Best Quality","content":"<p>It\u2019s content strategy gone awry right from the start are wasn\u2019t.<\/p>","btn_text":"","icon_type":"icon","icon_text":"53","image":{"url":"http:\/\/dummy.xtemos.com\/woodmart-elementor\/demos\/wp-content\/uploads\/sites\/2\/2020\/07\/svg-wood-food-market-1.svg","id":"7441"},"image_size":"custom","image_custom_dimension":{"width":"60","height":"60"},"title_typography_typography":"custom","title_typography_font_size":{"unit":"px","size":"18","sizes":[]},"title_typography_line_height":{"unit":"px","size":"28","sizes":[]},"_margin":{"unit":"%","top":"0","right":"5","bottom":"0","left":"5","isLinked":""},"scroll_y":"-80"},"elements":[],"widgetType":"wd_infobox"}],"isInner":"1"},{"id":"6fff577","elType":"column","settings":{"_column_size":"33","border_border":"solid","border_width":{"unit":"px","top":"0","right":"1","bottom":"0","left":"0","isLinked":""},"border_width_mobile":{"unit":"px","top":"0","right":"0","bottom":"0","left":"0","isLinked":""},"border_color":"#E6E6E6","margin":{"unit":"px","top":"0","right":"0","bottom":"40","left":"0","isLinked":""},"padding":{"unit":"px","top":"0","right":"15","bottom":"0","left":"15","isLinked":""},"column_sticky_offset":"50","scroll_y":"-80"},"elements":[{"id":"84d0b4f","elType":"widget","settings":{"subtitle":"","title":"Online Payment","content":"<p>Forswearing the use of Lorem Ipsum wouldn\u2019t have helped.<\/p>","btn_text":"","icon_type":"icon","icon_text":"53","image":{"url":"http:\/\/dummy.xtemos.com\/woodmart-elementor\/demos\/wp-content\/uploads\/sites\/2\/2020\/07\/svg-wood-food-market-1.svg","id":"7441"},"image_size":"custom","image_custom_dimension":{"width":"60","height":"60"},"title_typography_typography":"custom","title_typography_font_size":{"unit":"px","size":"18","sizes":[]},"title_typography_line_height":{"unit":"px","size":"28","sizes":[]},"_margin":{"unit":"%","top":"0","right":"5","bottom":"0","left":"5","isLinked":""},"scroll_y":"-80"},"elements":[],"widgetType":"wd_infobox"}],"isInner":"1"},{"id":"03e0ae6","elType":"column","settings":{"_column_size":"33","margin":{"unit":"px","top":"0","right":"0","bottom":"40","left":"0","isLinked":""},"padding":{"unit":"px","top":"0","right":"15","bottom":"0","left":"15","isLinked":""},"column_sticky_offset":"50","scroll_y":"-80"},"elements":[{"id":"2eb5e10","elType":"widget","settings":{"subtitle":"","title":"Fast Delivery","content":"<p>It\u2019s like saying you\u2019re a bad designer, use less bold text, italics.<\/p>","btn_text":"","icon_type":"icon","icon_text":"53","image":{"url":"http:\/\/dummy.xtemos.com\/woodmart-elementor\/demos\/wp-content\/uploads\/sites\/2\/2020\/07\/svg-wood-food-market-1.svg","id":"7441"},"image_size":"custom","image_custom_dimension":{"width":"60","height":"60"},"title_typography_typography":"custom","title_typography_font_size":{"unit":"px","size":"18","sizes":[]},"title_typography_line_height":{"unit":"px","size":"28","sizes":[]},"_margin":{"unit":"%","top":"0","right":"5","bottom":"0","left":"5","isLinked":""},"scroll_y":"-80"},"elements":[],"widgetType":"wd_infobox"}],"isInner":"1"}],"isInner":"1"}],"isInner":""}],"isInner":""},{"id":"0077066","elType":"section","settings":{"margin":{"unit":"px","top":"0","right":"0","bottom":"40","left":"0","isLinked":""},"margin_mobile":{"unit":"px","top":"0","right":"0","bottom":"65","left":"0","isLinked":""}},"elements":[{"id":"cc5e3a3","elType":"column","settings":{"_column_size":"100","column_sticky_offset":"50","scroll_y":"-80"},"elements":[{"id":"59ffd1e","elType":"widget","settings":{"title":"Discounts and promotions","tabs_items":[{"title":"NEW","_id":"fae0bff","post_type":"product","include":"","taxonomies":"","orderby":"","offset":"","query_type":"OR","order":"","meta_key":"","exclude":"","image":{"url":"","id":""},"image_size":"thumbnail","image_custom_dimension":{"width":"","height":""}},{"title":"FEATURED","post_type":"product","include":"","taxonomies":"","orderby":"","offset":"","query_type":"OR","order":"","meta_key":"","exclude":"","image":{"url":"","id":""},"image_size":"thumbnail","image_custom_dimension":{"width":"","height":""},"_id":"cde2bb0"},{"title":"TOP SALLERS","post_type":"product","include":"","taxonomies":"","orderby":"","offset":"","query_type":"OR","order":"","meta_key":"","exclude":"","image":{"url":"","id":""},"image_size":"thumbnail","image_custom_dimension":{"width":"","height":""},"_id":"e5a3bb7"}],"design":"simple","color":"#D12C2C","alignment":"left","layout":"carousel","items_per_page":"10","slides_per_view":{"unit":"px","size":"5","sizes":[]},"hide_pagination_control":"yes","product_hover":"quick","scroll_y":"-80"},"elements":[],"widgetType":"wd_products_tabs"}],"isInner":""}],"isInner":""},{"id":"e3d1908","elType":"section","settings":{"gap":"extended","structure":"20","margin":{"unit":"px","top":"0","right":"0","bottom":"40","left":"0","isLinked":""},"margin_mobile":{"unit":"px","top":"0","right":"0","bottom":"65","left":"0","isLinked":""}},"elements":[{"id":"2712450","elType":"column","settings":{"_column_size":"50","margin_mobile":{"unit":"px","top":"0","right":"0","bottom":"20","left":"0","isLinked":""},"padding_mobile":{"unit":"px","top":"0","right":"15","bottom":"0","left":"15","isLinked":""},"column_sticky_offset":"50","scroll_y":"-80"},"elements":[{"id":"aaad6de","elType":"widget","settings":{"image":{"url":"http:\/\/dummy.xtemos.com\/woodmart-elementor\/demos\/wp-content\/uploads\/sites\/2\/2020\/07\/wood-food-market-ban-1-blur.jpg","id":"7451"},"image_size":"full","title":"Roar Ice cream","subtitle":"NEW PRODUCTS","content":"Using dummy content or fake information in the design.","btn_text":"TO SHOP","hover":"parallax","woodmart_color_scheme":"light","title_size":"extra-large","subtitle_typography_typography":"custom","subtitle_typography_font_size":{"unit":"px","size":"13","sizes":[]},"btn_position":"static","btn_color":"primary","vertical_alignment":"middle","width":{"unit":"%","size":"50","sizes":[]},"width_tablet":{"unit":"%","size":"60","sizes":[]},"increase_spaces":"","scroll_y":"-80"},"elements":[],"widgetType":"wd_banner"}],"isInner":""},{"id":"7ee8c57","elType":"column","settings":{"_column_size":"50","padding_mobile":{"unit":"px","top":"0","right":"15","bottom":"0","left":"15","isLinked":""},"column_sticky_offset":"50","scroll_y":"-80"},"elements":[{"id":"38e2873","elType":"widget","settings":{"image":{"url":"http:\/\/dummy.xtemos.com\/woodmart-elementor\/demos\/wp-content\/uploads\/sites\/2\/2020\/07\/wood-food-market-ban-2-blur.jpg","id":"7454"},"image_size":"full","title":"Organic Rice","subtitle":"VEGAN FOOD","content":"Products with elegant design can quickly begin to bloat.","btn_text":"BUY NOW","hover":"parallax","woodmart_color_scheme":"light","title_size":"extra-large","subtitle_typography_typography":"custom","subtitle_typography_font_size":{"unit":"px","size":"13","sizes":[]},"btn_position":"static","btn_color":"primary","vertical_alignment":"middle","width":{"unit":"%","size":"45","sizes":[]},"width_tablet":{"unit":"%","size":"60","sizes":[]},"increase_spaces":"","scroll_y":"-80"},"elements":[],"widgetType":"wd_banner"}],"isInner":""}],"isInner":""},{"id":"71b96db","elType":"section","settings":{"margin":{"unit":"px","top":"0","right":"0","bottom":"40","left":"0","isLinked":""},"margin_mobile":{"unit":"px","top":"0","right":"0","bottom":"65","left":"0","isLinked":""}},"elements":[{"id":"7a6c590","elType":"column","settings":{"_column_size":"100","column_sticky_offset":"50","scroll_y":"-80"},"elements":[{"id":"e0df13d","elType":"widget","settings":{"title":"New offers","tabs_items":[{"title":"NEW","_id":"fae0bff","post_type":"product","include":"","taxonomies":"","orderby":"","offset":"","query_type":"OR","order":"","meta_key":"","exclude":"","image":{"url":"","id":""},"image_size":"thumbnail","image_custom_dimension":{"width":"","height":""}},{"title":"FEATURED","post_type":"product","include":"","taxonomies":"","orderby":"","offset":"","query_type":"OR","order":"","meta_key":"","exclude":"","image":{"url":"","id":""},"image_size":"thumbnail","image_custom_dimension":{"width":"","height":""},"_id":"cde2bb0"},{"title":"TOP SALLERS","post_type":"product","include":"","taxonomies":"","orderby":"","offset":"","query_type":"OR","order":"","meta_key":"","exclude":"","image":{"url":"","id":""},"image_size":"thumbnail","image_custom_dimension":{"width":"","height":""},"_id":"e5a3bb7"}],"design":"simple","color":"#D12C2C","alignment":"left","columns":{"unit":"px","size":"5","sizes":[]},"items_per_page":"10","slides_per_view":{"unit":"px","size":"5","sizes":[]},"hide_pagination_control":"yes","product_hover":"quick","scroll_y":"-80"},"elements":[],"widgetType":"wd_products_tabs"}],"isInner":""}],"isInner":""},{"id":"899c74f","elType":"section","settings":[],"elements":[{"id":"90d03ec","elType":"column","settings":{"_column_size":"100","column_sticky_offset":"50","scroll_y":"-80"},"elements":[{"id":"8565aff","elType":"widget","settings":{"subtitle":"","title":"Popular categories","after_title":"","style":"underlined","color":"primary","align":"left","_margin":{"unit":"px","top":"0","right":"0","bottom":"10","left":"0","isLinked":""},"scroll_y":"-80"},"elements":[],"widgetType":"wd_title"},{"id":"2ccfc95","elType":"widget","settings":{"ids":[],"scroll_y":"-80","number":"4"},"elements":[],"widgetType":"wd_product_categories"}],"isInner":""}],"isInner":""}]]]></wp:meta_value>
		</wp:postmeta>
							<wp:postmeta>
			<wp:meta_key>_elementor_controls_usage</wp:meta_key>
			<wp:meta_value><![CDATA[a:8:{s:17:"slider_revolution";a:3:{s:5:"count";i:1;s:15:"control_percent";i:2;s:8:"controls";a:2:{s:7:"content";a:1:{s:15:"content_section";a:2:{s:14:"revslidertitle";i:1;s:9:"shortcode";i:1;}}s:8:"advanced";a:1:{s:8:"wd_extra";a:1:{s:8:"scroll_y";i:1;}}}}s:6:"column";a:3:{s:5:"count";i:10;s:15:"control_percent";i:1;s:8:"controls";a:2:{s:8:"advanced";a:2:{s:8:"wd_extra";a:2:{s:20:"column_sticky_offset";i:10;s:8:"scroll_y";i:10;}s:16:"section_advanced";a:4:{s:6:"margin";i:3;s:7:"padding";i:3;s:13:"margin_mobile";i:1;s:14:"padding_mobile";i:2;}}s:5:"style";a:2:{s:14:"section_border";a:4:{s:13:"border_border";i:2;s:12:"border_width";i:2;s:19:"border_width_mobile";i:2;s:12:"border_color";i:2;}s:13:"section_style";a:1:{s:21:"background_background";i:1;}}}}s:7:"section";a:3:{s:5:"count";i:7;s:15:"control_percent";i:0;s:8:"controls";a:3:{s:6:"layout";a:2:{s:14:"section_layout";a:1:{s:3:"gap";i:3;}s:17:"section_structure";a:1:{s:9:"structure";i:2;}}s:8:"advanced";a:1:{s:16:"section_advanced";a:5:{s:6:"margin";i:5;s:7:"padding";i:3;s:7:"z_index";i:1;s:13:"margin_mobile";i:4;s:14:"padding_tablet";i:1;}}s:5:"style";a:2:{s:18:"section_background";a:2:{s:21:"background_background";i:1;s:16:"background_color";i:1;}s:14:"section_border";a:2:{s:26:"box_shadow_box_shadow_type";i:1;s:21:"box_shadow_box_shadow";i:1;}}}}s:10:"wd_infobox";a:3:{s:5:"count";i:3;s:15:"control_percent";i:3;s:8:"controls";a:3:{s:7:"content";a:2:{s:15:"content_section";a:4:{s:8:"subtitle";i:3;s:5:"title";i:3;s:7:"content";i:3;s:8:"btn_text";i:3;}s:20:"icon_content_section";a:4:{s:9:"icon_type";i:3;s:5:"image";i:3;s:10:"image_size";i:3;s:22:"image_custom_dimension";i:3;}}s:5:"style";a:1:{s:19:"title_style_section";a:3:{s:27:"title_typography_typography";i:3;s:26:"title_typography_font_size";i:3;s:28:"title_typography_line_height";i:3;}}s:8:"advanced";a:2:{s:14:"_section_style";a:1:{s:7:"_margin";i:3;}s:8:"wd_extra";a:1:{s:8:"scroll_y";i:3;}}}}s:16:"wd_products_tabs";a:3:{s:5:"count";i:2;s:15:"control_percent";i:5;s:8:"controls";a:3:{s:7:"content";a:2:{s:23:"general_content_section";a:1:{s:5:"title";i:2;}s:20:"tabs_content_section";a:1:{s:10:"tabs_items";i:2;}}s:5:"style";a:4:{s:21:"heading_style_section";a:3:{s:6:"design";i:2;s:5:"color";i:2;s:9:"alignment";i:2;}s:29:"products_layout_style_section";a:3:{s:6:"layout";i:1;s:14:"items_per_page";i:2;s:7:"columns";i:1;}s:22:"carousel_style_section";a:2:{s:15:"slides_per_view";i:2;s:23:"hide_pagination_control";i:2;}s:29:"products_design_style_section";a:1:{s:13:"product_hover";i:2;}}s:8:"advanced";a:1:{s:8:"wd_extra";a:1:{s:8:"scroll_y";i:2;}}}}s:9:"wd_banner";a:3:{s:5:"count";i:2;s:15:"control_percent";i:6;s:8:"controls";a:3:{s:7:"content";a:2:{s:21:"image_content_section";a:2:{s:5:"image";i:2;s:10:"image_size";i:2;}s:15:"content_section";a:4:{s:5:"title";i:2;s:8:"subtitle";i:2;s:7:"content";i:2;s:8:"btn_text";i:2;}}s:5:"style";a:4:{s:21:"general_style_section";a:3:{s:5:"hover";i:2;s:21:"woodmart_color_scheme";i:2;s:10:"title_size";i:2;}s:22:"subtitle_style_section";a:2:{s:30:"subtitle_typography_typography";i:2;s:29:"subtitle_typography_font_size";i:2;}s:20:"button_style_section";a:2:{s:12:"btn_position";i:2;s:9:"btn_color";i:2;}s:20:"layout_style_section";a:4:{s:18:"vertical_alignment";i:2;s:5:"width";i:2;s:12:"width_tablet";i:2;s:15:"increase_spaces";i:2;}}s:8:"advanced";a:1:{s:8:"wd_extra";a:1:{s:8:"scroll_y";i:2;}}}}s:8:"wd_title";a:3:{s:5:"count";i:1;s:15:"control_percent";i:3;s:8:"controls";a:3:{s:7:"content";a:1:{s:23:"general_content_section";a:3:{s:8:"subtitle";i:1;s:5:"title";i:1;s:11:"after_title";i:1;}}s:5:"style";a:1:{s:21:"general_style_section";a:3:{s:5:"style";i:1;s:5:"color";i:1;s:5:"align";i:1;}}s:8:"advanced";a:2:{s:14:"_section_style";a:1:{s:7:"_margin";i:1;}s:8:"wd_extra";a:1:{s:8:"scroll_y";i:1;}}}}s:21:"wd_product_categories";a:3:{s:5:"count";i:1;s:15:"control_percent";i:1;s:8:"controls";a:2:{s:7:"content";a:1:{s:23:"general_content_section";a:2:{s:3:"ids";i:1;s:6:"number";i:1;}}s:8:"advanced";a:1:{s:8:"wd_extra";a:1:{s:8:"scroll_y";i:1;}}}}}]]></wp:meta_value>
		</wp:postmeta>
							<wp:postmeta>
			<wp:meta_key>wd_page_css_files</wp:meta_key>
			<wp:meta_value><![CDATA[a:19:{i:0;s:12:"wp-gutenberg";i:1;s:5:"wpcf7";i:2;s:5:"mc4wp";i:3;s:17:"revolution-slider";i:4;s:14:"elementor-base";i:5;s:13:"wpbakery-base";i:6;s:13:"notices-fixed";i:7;s:16:"woocommerce-base";i:8;s:12:"social-icons";i:9;s:8:"info-box";i:10;s:6:"banner";i:11;s:12:"product-tabs";i:12;s:12:"product-loop";i:13;s:12:"owl-carousel";i:14;s:9:"mfp-popup";i:15;s:17:"add-to-cart-popup";i:16;s:13:"section-title";i:17;s:15:"categories-loop";i:18;s:10:"scroll-top";}]]></wp:meta_value>
		</wp:postmeta>
						</item>
					<item>
		<title>
				svg-wood-food-market-1		</title>
		<link>http://dummy.xtemos.com/woodmart-elementor/demos/home-grocery/svg-wood-food-market-1/</link>
		<pubDate>Wed, 08 Jul 2020 09:06:07 +0000</pubDate>
		<dc:creator><![CDATA[zakhar]]></dc:creator>
		<guid isPermaLink="false">http://dummy.xtemos.com/woodmart-elementor/demos/wp-content/uploads/sites/2/2020/07/svg-wood-food-market-1.svg</guid>
		<description></description>
		<content:encoded><![CDATA[]]></content:encoded>
		<excerpt:encoded><![CDATA[]]></excerpt:encoded>
		<wp:post_id>7441</wp:post_id>
		<wp:post_date>2020-07-08 09:06:07</wp:post_date>
		<wp:post_date_gmt>2020-07-08 09:06:07</wp:post_date_gmt>
		<wp:comment_status>open</wp:comment_status>
		<wp:ping_status>closed</wp:ping_status>
		<wp:post_name>svg-wood-food-market-1</wp:post_name>
		<wp:status>inherit</wp:status>
		<wp:post_parent>7212</wp:post_parent>
		<wp:menu_order>0</wp:menu_order>
		<wp:post_type>attachment</wp:post_type>
		<wp:post_password></wp:post_password>
		<wp:is_sticky>0</wp:is_sticky>
						<wp:attachment_url>http://dummy.xtemos.com/woodmart-elementor/demos/wp-content/uploads/sites/2/2020/07/svg-wood-food-market-1.svg</wp:attachment_url>
												<wp:postmeta>
			<wp:meta_key>_wp_attached_file</wp:meta_key>
			<wp:meta_value><![CDATA[2020/07/svg-wood-food-market-1.svg]]></wp:meta_value>
		</wp:postmeta>
							<wp:postmeta>
			<wp:meta_key>_elementor_inline_svg</wp:meta_key>
			<wp:meta_value><![CDATA[<svg xmlns="http://www.w3.org/2000/svg" width="60" height="60" viewBox="0 0 60 60" fill="none"><rect width="60" height="60" rx="30" fill="#F6F6F6"></rect><path fill-rule="evenodd" clip-rule="evenodd" d="M30.75 12C30.3358 12 30 12.3358 30 12.75V20.1056L27.0536 27.4715C27.0182 27.56 27 27.6546 27 27.75V47.25C27 47.6642 27.3358 48 27.75 48H30.75C31.1642 48 31.5 47.6642 31.5 47.25C31.5 46.8358 31.1642 46.5 30.75 46.5H28.5V27.8944L31.4464 20.5285C31.4818 20.44 31.5 20.3454 31.5 20.25V16.5H33V20.25C33 20.3454 33.0182 20.44 33.0536 20.5285L34.5536 24.2785C34.7075 24.6631 35.144 24.8502 35.5285 24.6964C35.9131 24.5425 36.1002 24.106 35.9464 23.7215L34.5 20.1056V12.75C34.5 12.3358 34.1642 12 33.75 12H30.75ZM33 15H31.5V13.5H33V15Z" fill="#373839"></path><path fill-rule="evenodd" clip-rule="evenodd" d="M36.75 27C36.3358 27 36 27.3358 36 27.75V30.5229L33.126 34.834C33.0438 34.9572 33 35.1019 33 35.25V47.25C33 47.6642 33.3358 48 33.75 48H47.25C47.6642 48 48 47.6642 48 47.25V35.25C48 35.1019 47.9562 34.9572 47.874 34.834L45 30.5229V27.75C45 27.3358 44.6642 27 44.25 27H36.75ZM35.1514 34.5L37.1514 31.5H43.2094L42.2094 34.5H35.1514ZM43.7906 34.5L44.4766 32.442L45.8486 34.5H43.7906ZM43.5 46.5V36H46.5V46.5H43.5ZM42 36V46.5H34.5V36H42ZM37.5 30H43.5V28.5H37.5V30Z" fill="#373839"></path><path d="M17.5268 30.0529L17.25 30.75L16.5137 30.6073C16.5562 30.3881 16.6941 30.1993 16.8899 30.0921C17.0858 29.9849 17.3192 29.9705 17.5268 30.0529Z" fill="#373839"></path><path fill-rule="evenodd" clip-rule="evenodd" d="M21 33.75C21.7363 33.6073 21.7362 33.607 21.7362 33.607L21.7356 33.604L21.7347 33.5992L21.7319 33.5854L21.7223 33.5418C21.7142 33.506 21.7025 33.457 21.6867 33.3975C21.6552 33.2793 21.6066 33.1165 21.537 32.9332C21.4042 32.5837 21.1674 32.0855 20.7655 31.7052C20.545 31.4966 20.2066 31.296 19.8994 31.1307C19.5708 30.9538 19.1963 30.7751 18.849 30.6174C18.5001 30.4591 18.1705 30.3184 17.9285 30.2174C17.8073 30.1668 17.7076 30.126 17.6379 30.0977L17.5568 30.0649L17.535 30.0562L17.5268 30.0529L17.25 30.75C16.5137 30.6073 16.5137 30.6073 16.5137 30.6073L16.5133 30.6096L16.5127 30.6126L16.5112 30.6208L16.5068 30.6454C16.5034 30.6655 16.499 30.6928 16.494 30.7265C16.4841 30.794 16.4721 30.888 16.4619 31.0028C16.4417 31.2309 16.428 31.5485 16.4553 31.9076C16.5083 32.6049 16.7256 33.5766 17.4845 34.2948C18.3164 35.0819 19.3816 35.0348 20.0819 34.8819C20.1392 34.8694 20.1953 34.856 20.25 34.8418V35.9319C19.6684 35.5793 18.8905 35.25 18 35.25C16.9906 35.25 16.0179 35.5807 15.3073 36.378C14.6064 37.1644 14.25 38.3046 14.25 39.75C14.25 41.2768 14.9829 43.1026 15.8067 44.5032C16.2253 45.215 16.6919 45.8592 17.1461 46.3365C17.3725 46.5744 17.6119 46.7881 17.8562 46.9474C18.0869 47.0977 18.3978 47.25 18.75 47.25C19.4637 47.25 20.1376 47.0165 20.6015 46.8104C20.7517 46.7436 20.8861 46.6769 21 46.6166C21.1139 46.6769 21.2483 46.7436 21.3985 46.8104C21.8624 47.0165 22.5363 47.25 23.25 47.25C23.4477 47.25 23.6722 47.1954 23.8546 47.1309C24.0437 47.064 24.2911 46.9504 24.4976 46.7673C24.8075 46.4925 24.836 46.0185 24.5612 45.7086C24.2863 45.3987 23.8123 45.3702 23.5024 45.645C23.5024 45.645 23.4882 45.656 23.4612 45.6705C23.4318 45.6863 23.3951 45.7024 23.3547 45.7166C23.3143 45.7309 23.2775 45.7408 23.2501 45.7466C23.2424 45.7482 23.2365 45.7492 23.2325 45.7499C22.8259 45.746 22.3822 45.6061 22.0077 45.4396C21.8243 45.3581 21.6713 45.2765 21.5655 45.216C21.5128 45.1859 21.4725 45.1615 21.4468 45.1454L21.4195 45.1282L21.416 45.126C21.1642 44.9583 20.836 44.9581 20.5842 45.1258L20.5805 45.1282L20.5532 45.1454C20.5275 45.1615 20.4872 45.1859 20.4345 45.216C20.3287 45.2765 20.1757 45.3581 19.9923 45.4396C19.6223 45.6041 19.1847 45.7426 18.7821 45.7497C18.7667 45.7435 18.7318 45.7276 18.6755 45.6909C18.5609 45.6161 18.4107 45.4896 18.2328 45.3026C17.8784 44.9302 17.4778 44.3859 17.0996 43.7428C16.3296 42.4337 15.75 40.8845 15.75 39.75C15.75 38.5341 16.0498 37.7993 16.4271 37.376C16.7946 36.9637 17.3219 36.75 18 36.75C18.627 36.75 19.2262 37.0329 19.7045 37.3657C19.9374 37.5277 20.1256 37.6905 20.2545 37.8118C20.3186 37.8721 20.3671 37.9212 20.398 37.9536C20.4135 37.9698 20.4245 37.9817 20.4308 37.9887L20.4366 37.995C20.579 38.1573 20.7841 38.25 21 38.25C21.2161 38.25 21.4217 38.1568 21.5641 37.9942L21.5692 37.9887C21.5755 37.9817 21.5865 37.9698 21.602 37.9536C21.6329 37.9212 21.6814 37.8721 21.7455 37.8118C21.8744 37.6905 22.0626 37.5277 22.2955 37.3657C22.7738 37.0329 23.373 36.75 24 36.75C24.4142 36.75 24.75 36.4142 24.75 36C24.75 35.5858 24.4142 35.25 24 35.25C23.1095 35.25 22.3316 35.5793 21.75 35.9319V33.75C21.75 33.7021 21.7453 33.654 21.7362 33.607L21 33.75ZM20.0791 33.3295C19.985 33.1147 19.8675 32.9206 19.7345 32.7948C19.6737 32.7373 19.4965 32.6173 19.1885 32.4515C18.9019 32.2972 18.5615 32.1342 18.2291 31.9834C18.1366 31.9414 18.0453 31.9006 17.9567 31.8615C18.0054 32.3746 18.1648 32.8734 18.5155 33.2052C18.8086 33.4826 19.2434 33.5297 19.7619 33.4165C19.8734 33.3921 19.9803 33.3619 20.0791 33.3295Z" fill="#373839"></path><path d="M8.67188 16H6.54297V5.22852H3.93555V3.65625L8.67188 3.20703V16Z" fill="#D12C2C"></path><path d="M16.0742 13.9492V16H13.9453V13.9492H16.0742Z" fill="#D12C2C"></path></svg>]]></wp:meta_value>
		</wp:postmeta>
						</item>
					<item>
		<title>
				wood-food-market-ban-1-blur		</title>
		<link>http://dummy.xtemos.com/woodmart-elementor/demos/home-grocery/wood-food-market-ban-1-blur/</link>
		<pubDate>Wed, 08 Jul 2020 09:22:29 +0000</pubDate>
		<dc:creator><![CDATA[zakhar]]></dc:creator>
		<guid isPermaLink="false">http://dummy.xtemos.com/woodmart-elementor/demos/wp-content/uploads/sites/2/2020/07/wood-food-market-ban-1-blur.jpg</guid>
		<description></description>
		<content:encoded><![CDATA[]]></content:encoded>
		<excerpt:encoded><![CDATA[]]></excerpt:encoded>
		<wp:post_id>7451</wp:post_id>
		<wp:post_date>2020-07-08 09:22:29</wp:post_date>
		<wp:post_date_gmt>2020-07-08 09:22:29</wp:post_date_gmt>
		<wp:comment_status>open</wp:comment_status>
		<wp:ping_status>closed</wp:ping_status>
		<wp:post_name>wood-food-market-ban-1-blur</wp:post_name>
		<wp:status>inherit</wp:status>
		<wp:post_parent>7212</wp:post_parent>
		<wp:menu_order>0</wp:menu_order>
		<wp:post_type>attachment</wp:post_type>
		<wp:post_password></wp:post_password>
		<wp:is_sticky>0</wp:is_sticky>
						<wp:attachment_url>http://dummy.xtemos.com/woodmart-elementor/demos/wp-content/uploads/sites/2/2020/07/wood-food-market-ban-1-blur.jpg</wp:attachment_url>
												<wp:postmeta>
			<wp:meta_key>_wp_attached_file</wp:meta_key>
			<wp:meta_value><![CDATA[2020/07/wood-food-market-ban-1-blur.jpg]]></wp:meta_value>
		</wp:postmeta>
						</item>
					<item>
		<title>
				wood-food-market-ban-2-blur		</title>
		<link>http://dummy.xtemos.com/woodmart-elementor/demos/home-grocery/wood-food-market-ban-2-blur/</link>
		<pubDate>Wed, 08 Jul 2020 09:26:16 +0000</pubDate>
		<dc:creator><![CDATA[zakhar]]></dc:creator>
		<guid isPermaLink="false">http://dummy.xtemos.com/woodmart-elementor/demos/wp-content/uploads/sites/2/2020/07/wood-food-market-ban-2-blur.jpg</guid>
		<description></description>
		<content:encoded><![CDATA[]]></content:encoded>
		<excerpt:encoded><![CDATA[]]></excerpt:encoded>
		<wp:post_id>7454</wp:post_id>
		<wp:post_date>2020-07-08 09:26:16</wp:post_date>
		<wp:post_date_gmt>2020-07-08 09:26:16</wp:post_date_gmt>
		<wp:comment_status>open</wp:comment_status>
		<wp:ping_status>closed</wp:ping_status>
		<wp:post_name>wood-food-market-ban-2-blur</wp:post_name>
		<wp:status>inherit</wp:status>
		<wp:post_parent>7212</wp:post_parent>
		<wp:menu_order>0</wp:menu_order>
		<wp:post_type>attachment</wp:post_type>
		<wp:post_password></wp:post_password>
		<wp:is_sticky>0</wp:is_sticky>
						<wp:attachment_url>http://dummy.xtemos.com/woodmart-elementor/demos/wp-content/uploads/sites/2/2020/07/wood-food-market-ban-2-blur.jpg</wp:attachment_url>
												<wp:postmeta>
			<wp:meta_key>_wp_attached_file</wp:meta_key>
			<wp:meta_value><![CDATA[2020/07/wood-food-market-ban-2-blur.jpg]]></wp:meta_value>
		</wp:postmeta>
						</item>
					<item>
		<title>
				Grocery-menu fresh-food		</title>
		<link>http://dummy.xtemos.com/woodmart-elementor/demos/?cms_block=grocery-menu-fresh-food</link>
		<pubDate>Wed, 08 Jul 2020 11:03:48 +0000</pubDate>
		<dc:creator><![CDATA[zakhar]]></dc:creator>
		<guid isPermaLink="false">http://dummy.xtemos.com/woodmart-elementor/demos/?post_type=cms_block&#038;p=7499</guid>
		<description></description>
		<content:encoded><![CDATA[<ul>
				<li>
											<a href="#">
								Fresh Fruit							
													</a>
					<ul>
							<li>
								<a href="#">
										Bananas									
																	</a>
							</li>
							<li>
								<a href="#">
										Apples &amp; Pears									
																	</a>
							</li>
							<li>
								<a href="#">
										Berries &amp; Cherries									
																	</a>
							</li>
							<li>
								<a href="#">
										Citrus Ffruit									
																	</a>
							</li>
							<li>
								<a href="#">
										Grapes									
																	</a>
							</li>
											</ul>
				</li>
			</ul>
						<ul>
				<li>
											<a href="#">
								Fresh Vegetables							
													</a>
					<ul>
							<li>
								<a href="#">
										Potatoes									
																	</a>
							</li>
							<li>
								<a href="#">
										Onions &amp; Leeks									
																	</a>
							</li>
							<li>
								<a href="#">
										Carrots &amp; Root Vegatables									
																	</a>
							</li>
							<li>
								<a href="#">
										Brovvoli &amp; Cauliflower									
																	</a>
							</li>
							<li>
								<a href="#">
										Cabbages &amp; Greens									
																	</a>
							</li>
											</ul>
				</li>
			</ul>
						<ul>
				<li>
											<a href="#">
								Fresh Salad							
													</a>
					<ul>
							<li>
								<a href="#">
										Lettuce &amp; Salad bags									
																	</a>
							</li>
							<li>
								<a href="#">
										Tomatoes									
																	</a>
							</li>
							<li>
								<a href="#">
										Cucumber									
																	</a>
							</li>
							<li>
								<a href="#">
										Celery									
																	</a>
							</li>
							<li>
								<a href="#">
										Peppers									
																	</a>
							</li>
											</ul>
				</li>
			</ul>
						<ul>
				<li>
											<a href="#">
								Milk, Butter							
													</a>
					<ul>
							<li>
								<a href="#">
										Milk									
																	</a>
							</li>
							<li>
								<a href="#">
										Butter, Spreads									
																	</a>
							</li>
							<li>
								<a href="#">
										Fresh Cream &amp; Custard									
																	</a>
							</li>
							<li>
								<a href="#">
										Eggs									
																	</a>
							</li>
							<li>
								<a href="#">
										Baking &amp; Cooking									
																	</a>
							</li>
											</ul>
				</li>
			</ul>
						<ul>
				<li>
											<a href="#">
								Cheese							
													</a>
					<ul>
							<li>
								<a href="#">
										Cheddar Cheese									
																	</a>
							</li>
							<li>
								<a href="#">
										Grated &amp; Sliced Cheese									
																	</a>
							</li>
							<li>
								<a href="#">
										Cottage Cheese									
																	</a>
							</li>
							<li>
								<a href="#">
										Cheese Snacks &amp; Spreads									
																	</a>
							</li>
							<li>
								<a href="#">
										Feta &amp; Goats Cheese									
																	</a>
							</li>
											</ul>
				</li>
			</ul>
						<ul>
				<li>
											<a href="#">
								Yoghurts							
													</a>
					<ul>
							<li>
								<a href="#">
										Yoghurt Drinks									
																	</a>
							</li>
							<li>
								<a href="#">
										Natural &amp; Greek Yoghurt									
																	</a>
							</li>
							<li>
								<a href="#">
										Kids Yoghurt									
																	</a>
							</li>
							<li>
								<a href="#">
										Celery									
																	</a>
							</li>
							<li>
								<a href="#">
										Indulgent Yoghurts									
																	</a>
							</li>
											</ul>
				</li>
			</ul>
						<ul>
				<li>
											<a href="#">
								Chilled Desserts							
													</a>
					<ul>
							<li>
								<a href="#">
										Smooth Desserts									
																	</a>
							</li>
							<li>
								<a href="#">
										Potted Desserts									
																	</a>
							</li>
							<li>
								<a href="#">
										Continental Desserts									
																	</a>
							</li>
							<li>
								<a href="#">
										Trifle									
																	</a>
							</li>
							<li>
								<a href="#">
										Cheesecake									
																	</a>
							</li>
											</ul>
				</li>
			</ul>
						<ul>
				<li>
											<a href="#">
								Fresh Meat							
													</a>
					<ul>
							<li>
								<a href="#">
										Fresh Chicken									
																	</a>
							</li>
							<li>
								<a href="#">
										Fresh Turkey									
																	</a>
							</li>
							<li>
								<a href="#">
										Fresh Pork									
																	</a>
							</li>
							<li>
								<a href="#">
										Fresh Beef									
																	</a>
							</li>
							<li>
								<a href="#">
										Fresh Bacon &amp; Gammon									
																	</a>
							</li>
											</ul>
				</li>
			</ul>]]></content:encoded>
		<excerpt:encoded><![CDATA[]]></excerpt:encoded>
		<wp:post_id>7499</wp:post_id>
		<wp:post_date>2020-07-08 11:03:48</wp:post_date>
		<wp:post_date_gmt>2020-07-08 11:03:48</wp:post_date_gmt>
		<wp:comment_status>closed</wp:comment_status>
		<wp:ping_status>closed</wp:ping_status>
		<wp:post_name>grocery-menu-fresh-food</wp:post_name>
		<wp:status>publish</wp:status>
		<wp:post_parent>0</wp:post_parent>
		<wp:menu_order>0</wp:menu_order>
		<wp:post_type>cms_block</wp:post_type>
		<wp:post_password></wp:post_password>
		<wp:is_sticky>0</wp:is_sticky>
														<wp:postmeta>
			<wp:meta_key>_wp_page_template</wp:meta_key>
			<wp:meta_value><![CDATA[default]]></wp:meta_value>
		</wp:postmeta>
							<wp:postmeta>
			<wp:meta_key>_elementor_edit_mode</wp:meta_key>
			<wp:meta_value><![CDATA[builder]]></wp:meta_value>
		</wp:postmeta>
							<wp:postmeta>
			<wp:meta_key>_elementor_template_type</wp:meta_key>
			<wp:meta_value><![CDATA[wp-post]]></wp:meta_value>
		</wp:postmeta>
							<wp:postmeta>
			<wp:meta_key>_elementor_version</wp:meta_key>
			<wp:meta_value><![CDATA[2.9.11]]></wp:meta_value>
		</wp:postmeta>
							<wp:postmeta>
			<wp:meta_key>_elementor_data</wp:meta_key>
			<wp:meta_value><![CDATA[[{"id":"4920d845","elType":"section","settings":{"structure":"40","margin":{"unit":"px","top":"-30","right":"-35","bottom":"0","left":"-35","isLinked":""}},"elements":[{"id":"7dec8f6","elType":"column","settings":{"_column_size":"25","_inline_size":"","background_background":"classic","background_image":{"url":"http:\/\/dummy.xtemos.com\/woodmart-elementor\/demos\/wp-content\/uploads\/sites\/2\/2020\/07\/dropdown-menu-cat-1-blur.jpg","id":"7505"},"background_position":"top right","background_repeat":"no-repeat","background_size":"initial","background_bg_width":{"unit":"%","size":"45","sizes":[]},"border_border":"solid","border_width":{"unit":"px","top":"0","right":"1","bottom":"1","left":"0","isLinked":""},"border_color":"#E6E6E6","padding":{"unit":"px","top":"35","right":"35","bottom":"35","left":"35","isLinked":"1"},"column_sticky_offset":"50","scroll_y":"-80"},"elements":[{"id":"2f942a7","elType":"widget","settings":{"title":"Fresh Fruit","menu_items_repeater":[{"title":"Bananas","label":"","label_color":"primary","link":{"url":"#","is_external":"","nofollow":""},"_id":"2e44d5c"},{"title":"Apples &amp; Pears","label":"","label_color":"primary","link":{"url":"#","is_external":"","nofollow":""},"_id":"30514a7"},{"title":"Berries &amp; Cherries","label":"","label_color":"primary","link":{"url":"#","is_external":"","nofollow":""},"_id":"96acd0a"},{"title":"Citrus Ffruit","label":"","label_color":"primary","link":{"url":"#","is_external":"","nofollow":""},"_id":"0bc08b5"},{"title":"Grapes","label":"","label_color":"primary","link":{"url":"#","is_external":"","nofollow":""},"_id":"cc0328a"}],"scroll_y":"-80"},"elements":[],"widgetType":"wd_extra_menu_list"}],"isInner":""},{"id":"1306035","elType":"column","settings":{"_column_size":"25","_inline_size":"","background_background":"classic","background_image":{"url":"http:\/\/dummy.xtemos.com\/woodmart-elementor\/demos\/wp-content\/uploads\/sites\/2\/2020\/07\/dropdown-menu-cat-1-blur.jpg","id":"7505"},"background_position":"top right","background_repeat":"no-repeat","background_size":"initial","background_bg_width":{"unit":"%","size":"45","sizes":[]},"border_border":"solid","border_width":{"unit":"px","top":"0","right":"1","bottom":"1","left":"0","isLinked":""},"border_color":"#E6E6E6","padding":{"unit":"px","top":"35","right":"35","bottom":"35","left":"35","isLinked":"1"},"column_sticky_offset":"50","scroll_y":"-80"},"elements":[{"id":"74aeb1e","elType":"widget","settings":{"title":"Fresh Vegetables","menu_items_repeater":[{"title":"Potatoes","label":"","label_color":"primary","link":{"url":"#","is_external":"","nofollow":""},"_id":"2e44d5c"},{"title":"Onions &amp; Leeks","label":"","label_color":"primary","link":{"url":"#","is_external":"","nofollow":""},"_id":"30514a7"},{"title":"Carrots &amp; Root Vegatables","label":"","label_color":"primary","link":{"url":"#","is_external":"","nofollow":""},"_id":"96acd0a"},{"title":"Brovvoli &amp; Cauliflower","label":"","label_color":"primary","link":{"url":"#","is_external":"","nofollow":""},"_id":"0bc08b5"},{"title":"Cabbages &amp; Greens","label":"","label_color":"primary","link":{"url":"#","is_external":"","nofollow":""},"_id":"cc0328a"}],"scroll_y":"-80"},"elements":[],"widgetType":"wd_extra_menu_list"}],"isInner":""},{"id":"2928da6","elType":"column","settings":{"_column_size":"25","_inline_size":"","background_background":"classic","background_image":{"url":"http:\/\/dummy.xtemos.com\/woodmart-elementor\/demos\/wp-content\/uploads\/sites\/2\/2020\/07\/dropdown-menu-cat-1-blur.jpg","id":"7505"},"background_position":"top right","background_repeat":"no-repeat","background_size":"initial","background_bg_width":{"unit":"%","size":"45","sizes":[]},"border_border":"solid","border_width":{"unit":"px","top":"0","right":"1","bottom":"1","left":"0","isLinked":""},"border_color":"#E6E6E6","padding":{"unit":"px","top":"35","right":"35","bottom":"35","left":"35","isLinked":"1"},"column_sticky_offset":"50","scroll_y":"-80"},"elements":[{"id":"c487a65","elType":"widget","settings":{"title":"Fresh Salad","menu_items_repeater":[{"title":"Lettuce &amp; Salad bags","label":"","label_color":"primary","link":{"url":"#","is_external":"","nofollow":""},"_id":"2e44d5c"},{"title":"Tomatoes","label":"","label_color":"primary","link":{"url":"#","is_external":"","nofollow":""},"_id":"30514a7"},{"title":"Cucumber","label":"","label_color":"primary","link":{"url":"#","is_external":"","nofollow":""},"_id":"96acd0a"},{"title":"Celery","label":"","label_color":"primary","link":{"url":"#","is_external":"","nofollow":""},"_id":"0bc08b5"},{"title":"Peppers","label":"","label_color":"primary","link":{"url":"#","is_external":"","nofollow":""},"_id":"cc0328a"}],"scroll_y":"-80"},"elements":[],"widgetType":"wd_extra_menu_list"}],"isInner":""},{"id":"2ddc72f","elType":"column","settings":{"_column_size":"25","_inline_size":"","background_background":"classic","background_image":{"url":"http:\/\/dummy.xtemos.com\/woodmart-elementor\/demos\/wp-content\/uploads\/sites\/2\/2020\/07\/dropdown-menu-cat-1-blur.jpg","id":"7505"},"background_position":"top right","background_repeat":"no-repeat","background_size":"initial","background_bg_width":{"unit":"%","size":"45","sizes":[]},"border_border":"solid","border_width":{"unit":"px","top":"0","right":"0","bottom":"1","left":"0","isLinked":""},"border_color":"#E6E6E6","padding":{"unit":"px","top":"35","right":"35","bottom":"35","left":"35","isLinked":"1"},"column_sticky_offset":"50","scroll_y":"-80"},"elements":[{"id":"e546470","elType":"widget","settings":{"title":"Milk, Butter","menu_items_repeater":[{"title":"Milk","label":"","label_color":"primary","link":{"url":"#","is_external":"","nofollow":""},"_id":"2e44d5c"},{"title":"Butter, Spreads","label":"","label_color":"primary","link":{"url":"#","is_external":"","nofollow":""},"_id":"30514a7"},{"title":"Fresh Cream &amp; Custard","label":"","label_color":"primary","link":{"url":"#","is_external":"","nofollow":""},"_id":"96acd0a"},{"title":"Eggs","label":"","label_color":"primary","link":{"url":"#","is_external":"","nofollow":""},"_id":"0bc08b5"},{"title":"Baking &amp; Cooking","label":"","label_color":"primary","link":{"url":"#","is_external":"","nofollow":""},"_id":"cc0328a"}],"scroll_y":"-80"},"elements":[],"widgetType":"wd_extra_menu_list"}],"isInner":""}],"isInner":""},{"id":"4df82b8","elType":"section","settings":{"structure":"40","margin":{"unit":"px","top":"0","right":"-35","bottom":"0","left":"-35","isLinked":""}},"elements":[{"id":"fb9e881","elType":"column","settings":{"_column_size":"25","_inline_size":"","background_background":"classic","background_image":{"url":"http:\/\/dummy.xtemos.com\/woodmart-elementor\/demos\/wp-content\/uploads\/sites\/2\/2020\/07\/dropdown-menu-cat-1-blur.jpg","id":"7505"},"background_position":"top right","background_repeat":"no-repeat","background_size":"initial","background_bg_width":{"unit":"%","size":"45","sizes":[]},"border_border":"solid","border_width":{"unit":"px","top":"0","right":"1","bottom":"0","left":"0","isLinked":""},"border_color":"#E6E6E6","padding":{"unit":"px","top":"35","right":"35","bottom":"35","left":"35","isLinked":"1"},"column_sticky_offset":"50","scroll_y":"-80"},"elements":[{"id":"998fd65","elType":"widget","settings":{"title":"Cheese","menu_items_repeater":[{"title":"Cheddar Cheese","label":"","label_color":"primary","link":{"url":"#","is_external":"","nofollow":""},"_id":"2e44d5c"},{"title":"Grated &amp; Sliced Cheese","label":"","label_color":"primary","link":{"url":"#","is_external":"","nofollow":""},"_id":"30514a7"},{"title":"Cottage Cheese","label":"","label_color":"primary","link":{"url":"#","is_external":"","nofollow":""},"_id":"96acd0a"},{"title":"Cheese Snacks &amp; Spreads","label":"","label_color":"primary","link":{"url":"#","is_external":"","nofollow":""},"_id":"0bc08b5"},{"title":"Feta &amp; Goats Cheese","label":"","label_color":"primary","link":{"url":"#","is_external":"","nofollow":""},"_id":"cc0328a"}],"scroll_y":"-80"},"elements":[],"widgetType":"wd_extra_menu_list"}],"isInner":""},{"id":"c867bb5","elType":"column","settings":{"_column_size":"25","_inline_size":"","background_background":"classic","background_image":{"url":"http:\/\/dummy.xtemos.com\/woodmart-elementor\/demos\/wp-content\/uploads\/sites\/2\/2020\/07\/dropdown-menu-cat-1-blur.jpg","id":"7505"},"background_position":"top right","background_repeat":"no-repeat","background_size":"initial","background_bg_width":{"unit":"%","size":"45","sizes":[]},"border_border":"solid","border_width":{"unit":"px","top":"0","right":"1","bottom":"0","left":"0","isLinked":""},"border_color":"#E6E6E6","padding":{"unit":"px","top":"35","right":"35","bottom":"35","left":"35","isLinked":"1"},"column_sticky_offset":"50","scroll_y":"-80"},"elements":[{"id":"dfa97b1","elType":"widget","settings":{"title":"Yoghurts","menu_items_repeater":[{"title":"Yoghurt Drinks","label":"","label_color":"primary","link":{"url":"#","is_external":"","nofollow":""},"_id":"2e44d5c"},{"title":"Natural &amp; Greek Yoghurt","label":"","label_color":"primary","link":{"url":"#","is_external":"","nofollow":""},"_id":"30514a7"},{"title":"Kids Yoghurt","label":"","label_color":"primary","link":{"url":"#","is_external":"","nofollow":""},"_id":"96acd0a"},{"title":"Celery","label":"","label_color":"primary","link":{"url":"#","is_external":"","nofollow":""},"_id":"0bc08b5"},{"title":"Indulgent Yoghurts","label":"","label_color":"primary","link":{"url":"#","is_external":"","nofollow":""},"_id":"cc0328a"}],"scroll_y":"-80"},"elements":[],"widgetType":"wd_extra_menu_list"}],"isInner":""},{"id":"033ce82","elType":"column","settings":{"_column_size":"25","_inline_size":"","background_background":"classic","background_image":{"url":"http:\/\/dummy.xtemos.com\/woodmart-elementor\/demos\/wp-content\/uploads\/sites\/2\/2020\/07\/dropdown-menu-cat-1-blur.jpg","id":"7505"},"background_position":"top right","background_repeat":"no-repeat","background_size":"initial","background_bg_width":{"unit":"%","size":"45","sizes":[]},"border_border":"solid","border_width":{"unit":"px","top":"0","right":"1","bottom":"0","left":"0","isLinked":""},"border_color":"#E6E6E6","padding":{"unit":"px","top":"35","right":"35","bottom":"35","left":"35","isLinked":"1"},"column_sticky_offset":"50","scroll_y":"-80"},"elements":[{"id":"bb16e2c","elType":"widget","settings":{"title":"Chilled Desserts","menu_items_repeater":[{"title":"Smooth Desserts","label":"","label_color":"primary","link":{"url":"#","is_external":"","nofollow":""},"_id":"2e44d5c"},{"title":"Potted Desserts","label":"","label_color":"primary","link":{"url":"#","is_external":"","nofollow":""},"_id":"30514a7"},{"title":"Continental Desserts","label":"","label_color":"primary","link":{"url":"#","is_external":"","nofollow":""},"_id":"96acd0a"},{"title":"Trifle","label":"","label_color":"primary","link":{"url":"#","is_external":"","nofollow":""},"_id":"0bc08b5"},{"title":"Cheesecake","label":"","label_color":"primary","link":{"url":"#","is_external":"","nofollow":""},"_id":"cc0328a"}],"scroll_y":"-80"},"elements":[],"widgetType":"wd_extra_menu_list"}],"isInner":""},{"id":"5b6341c","elType":"column","settings":{"_column_size":"25","_inline_size":"","background_background":"classic","background_image":{"url":"http:\/\/dummy.xtemos.com\/woodmart-elementor\/demos\/wp-content\/uploads\/sites\/2\/2020\/07\/dropdown-menu-cat-1-blur.jpg","id":"7505"},"background_position":"top right","background_repeat":"no-repeat","background_size":"initial","background_bg_width":{"unit":"%","size":"45","sizes":[]},"padding":{"unit":"px","top":"35","right":"35","bottom":"35","left":"35","isLinked":"1"},"column_sticky_offset":"50","scroll_y":"-80"},"elements":[{"id":"8f83bad","elType":"widget","settings":{"title":"Fresh Meat","menu_items_repeater":[{"title":"Fresh Chicken","label":"","label_color":"primary","link":{"url":"#","is_external":"","nofollow":""},"_id":"2e44d5c"},{"title":"Fresh Turkey","label":"","label_color":"primary","link":{"url":"#","is_external":"","nofollow":""},"_id":"30514a7"},{"title":"Fresh Pork","label":"","label_color":"primary","link":{"url":"#","is_external":"","nofollow":""},"_id":"96acd0a"},{"title":"Fresh Beef","label":"","label_color":"primary","link":{"url":"#","is_external":"","nofollow":""},"_id":"0bc08b5"},{"title":"Fresh Bacon &amp; Gammon","label":"","label_color":"primary","link":{"url":"#","is_external":"","nofollow":""},"_id":"cc0328a"}],"scroll_y":"-80"},"elements":[],"widgetType":"wd_extra_menu_list"}],"isInner":""}],"isInner":""}]]]></wp:meta_value>
		</wp:postmeta>
							<wp:postmeta>
			<wp:meta_key>_elementor_controls_usage</wp:meta_key>
			<wp:meta_value><![CDATA[a:3:{s:18:"wd_extra_menu_list";a:3:{s:5:"count";i:8;s:15:"control_percent";i:2;s:8:"controls";a:2:{s:7:"content";a:1:{s:15:"general_section";a:2:{s:5:"title";i:8;s:19:"menu_items_repeater";i:8;}}s:8:"advanced";a:1:{s:8:"wd_extra";a:1:{s:8:"scroll_y";i:8;}}}}s:6:"column";a:3:{s:5:"count";i:8;s:15:"control_percent";i:3;s:8:"controls";a:2:{s:5:"style";a:2:{s:13:"section_style";a:6:{s:21:"background_background";i:8;s:16:"background_image";i:8;s:19:"background_position";i:8;s:17:"background_repeat";i:8;s:15:"background_size";i:8;s:19:"background_bg_width";i:8;}s:14:"section_border";a:3:{s:13:"border_border";i:7;s:12:"border_width";i:7;s:12:"border_color";i:7;}}s:8:"advanced";a:2:{s:16:"section_advanced";a:1:{s:7:"padding";i:8;}s:8:"wd_extra";a:2:{s:20:"column_sticky_offset";i:8;s:8:"scroll_y";i:8;}}}}s:7:"section";a:3:{s:5:"count";i:2;s:15:"control_percent";i:1;s:8:"controls";a:2:{s:6:"layout";a:1:{s:17:"section_structure";a:1:{s:9:"structure";i:2;}}s:8:"advanced";a:1:{s:16:"section_advanced";a:1:{s:6:"margin";i:2;}}}}}]]></wp:meta_value>
		</wp:postmeta>
						</item>
					<item>
		<title>
				dropdown-menu-cat-1-blur		</title>
		<link>http://dummy.xtemos.com/woodmart-elementor/demos/?attachment_id=7505</link>
		<pubDate>Wed, 08 Jul 2020 11:10:39 +0000</pubDate>
		<dc:creator><![CDATA[zakhar]]></dc:creator>
		<guid isPermaLink="false">http://dummy.xtemos.com/woodmart-elementor/demos/wp-content/uploads/sites/2/2020/07/dropdown-menu-cat-1-blur.jpg</guid>
		<description></description>
		<content:encoded><![CDATA[]]></content:encoded>
		<excerpt:encoded><![CDATA[]]></excerpt:encoded>
		<wp:post_id>7505</wp:post_id>
		<wp:post_date>2020-07-08 11:10:39</wp:post_date>
		<wp:post_date_gmt>2020-07-08 11:10:39</wp:post_date_gmt>
		<wp:comment_status>open</wp:comment_status>
		<wp:ping_status>closed</wp:ping_status>
		<wp:post_name>dropdown-menu-cat-1-blur</wp:post_name>
		<wp:status>inherit</wp:status>
		<wp:post_parent>7499</wp:post_parent>
		<wp:menu_order>0</wp:menu_order>
		<wp:post_type>attachment</wp:post_type>
		<wp:post_password></wp:post_password>
		<wp:is_sticky>0</wp:is_sticky>
						<wp:attachment_url>http://dummy.xtemos.com/woodmart-elementor/demos/wp-content/uploads/sites/2/2020/07/dropdown-menu-cat-1-blur.jpg</wp:attachment_url>
												<wp:postmeta>
			<wp:meta_key>_wp_attached_file</wp:meta_key>
			<wp:meta_value><![CDATA[2020/07/dropdown-menu-cat-1-blur.jpg]]></wp:meta_value>
		</wp:postmeta>
						</item>
					<item>
		<title>
				Grocery-products		</title>
		<link>http://dummy.xtemos.com/woodmart-elementor/demos/?cms_block=grocery-products</link>
		<pubDate>Wed, 08 Jul 2020 11:29:59 +0000</pubDate>
		<dc:creator><![CDATA[zakhar]]></dc:creator>
		<guid isPermaLink="false">http://dummy.xtemos.com/woodmart-elementor/demos/?post_type=cms_block&#038;p=7517</guid>
		<description></description>
		<content:encoded><![CDATA[<img src="http://dummy.xtemos.com/woodmart-elementor/demos/wp-content/uploads/sites/2/elementor/thumbs/wood-gallery-placeholder-5-oqf427c23y44hecpw30esekc9nrzer1b51xaafeoeo.jpg" title="wood-gallery-placeholder-5" alt="wood-gallery-placeholder-5" />]]></content:encoded>
		<excerpt:encoded><![CDATA[]]></excerpt:encoded>
		<wp:post_id>7517</wp:post_id>
		<wp:post_date>2020-07-08 11:29:59</wp:post_date>
		<wp:post_date_gmt>2020-07-08 11:29:59</wp:post_date_gmt>
		<wp:comment_status>closed</wp:comment_status>
		<wp:ping_status>closed</wp:ping_status>
		<wp:post_name>grocery-products</wp:post_name>
		<wp:status>publish</wp:status>
		<wp:post_parent>0</wp:post_parent>
		<wp:menu_order>0</wp:menu_order>
		<wp:post_type>cms_block</wp:post_type>
		<wp:post_password></wp:post_password>
		<wp:is_sticky>0</wp:is_sticky>
														<wp:postmeta>
			<wp:meta_key>_wp_page_template</wp:meta_key>
			<wp:meta_value><![CDATA[default]]></wp:meta_value>
		</wp:postmeta>
							<wp:postmeta>
			<wp:meta_key>_elementor_edit_mode</wp:meta_key>
			<wp:meta_value><![CDATA[builder]]></wp:meta_value>
		</wp:postmeta>
							<wp:postmeta>
			<wp:meta_key>_elementor_template_type</wp:meta_key>
			<wp:meta_value><![CDATA[wp-post]]></wp:meta_value>
		</wp:postmeta>
							<wp:postmeta>
			<wp:meta_key>_elementor_version</wp:meta_key>
			<wp:meta_value><![CDATA[2.9.11]]></wp:meta_value>
		</wp:postmeta>
							<wp:postmeta>
			<wp:meta_key>_elementor_data</wp:meta_key>
			<wp:meta_value><![CDATA[[{"id":"4ed3d3b","elType":"section","settings":[],"elements":[{"id":"b1180fd","elType":"column","settings":{"_column_size":"100","column_sticky_offset":"50","scroll_y":"-80"},"elements":[{"id":"4d031f6","elType":"widget","settings":{"image":{"url":"http:\/\/dummy.xtemos.com\/woodmart-elementor\/demos\/wp-content\/uploads\/sites\/2\/2017\/06\/wood-gallery-placeholder-5.jpg","id":"77"},"image_size":"custom","align":"left","scroll_y":"-80","image_custom_dimension":{"width":"530","height":"40"}},"elements":[],"widgetType":"image"}],"isInner":""}],"isInner":""}]]]></wp:meta_value>
		</wp:postmeta>
							<wp:postmeta>
			<wp:meta_key>_elementor_controls_usage</wp:meta_key>
			<wp:meta_value><![CDATA[a:3:{s:5:"image";a:3:{s:5:"count";i:1;s:15:"control_percent";i:2;s:8:"controls";a:2:{s:7:"content";a:1:{s:13:"section_image";a:4:{s:5:"image";i:1;s:10:"image_size";i:1;s:5:"align";i:1;s:22:"image_custom_dimension";i:1;}}s:8:"advanced";a:1:{s:8:"wd_extra";a:1:{s:8:"scroll_y";i:1;}}}}s:6:"column";a:3:{s:5:"count";i:1;s:15:"control_percent";i:1;s:8:"controls";a:1:{s:8:"advanced";a:1:{s:8:"wd_extra";a:2:{s:20:"column_sticky_offset";i:1;s:8:"scroll_y";i:1;}}}}s:7:"section";a:3:{s:5:"count";i:1;s:15:"control_percent";i:0;s:8:"controls";a:0:{}}}]]></wp:meta_value>
		</wp:postmeta>
						</item>
					<item>
		<title>
				svg-wood-food-market-phone		</title>
		<link>http://dummy.xtemos.com/woodmart-elementor/demos/svg-wood-food-market-phone/</link>
		<pubDate>Wed, 08 Jul 2020 12:11:11 +0000</pubDate>
		<dc:creator><![CDATA[zakhar]]></dc:creator>
		<guid isPermaLink="false">http://dummy.xtemos.com/woodmart-elementor/demos/wp-content/uploads/sites/2/2020/07/svg-wood-food-market-phone.svg</guid>
		<description></description>
		<content:encoded><![CDATA[]]></content:encoded>
		<excerpt:encoded><![CDATA[]]></excerpt:encoded>
		<wp:post_id>7521</wp:post_id>
		<wp:post_date>2020-07-08 12:11:11</wp:post_date>
		<wp:post_date_gmt>2020-07-08 12:11:11</wp:post_date_gmt>
		<wp:comment_status>open</wp:comment_status>
		<wp:ping_status>closed</wp:ping_status>
		<wp:post_name>svg-wood-food-market-phone</wp:post_name>
		<wp:status>inherit</wp:status>
		<wp:post_parent>0</wp:post_parent>
		<wp:menu_order>0</wp:menu_order>
		<wp:post_type>attachment</wp:post_type>
		<wp:post_password></wp:post_password>
		<wp:is_sticky>0</wp:is_sticky>
						<wp:attachment_url>http://dummy.xtemos.com/woodmart-elementor/demos/wp-content/uploads/sites/2/2020/07/svg-wood-food-market-phone.svg</wp:attachment_url>
												<wp:postmeta>
			<wp:meta_key>_wp_attached_file</wp:meta_key>
			<wp:meta_value><![CDATA[2020/07/svg-wood-food-market-phone.svg]]></wp:meta_value>
		</wp:postmeta>
							<wp:postmeta>
			<wp:meta_key>_elementor_inline_svg</wp:meta_key>
			<wp:meta_value><![CDATA[<?xml version="1.0" encoding="UTF-8"?> <svg xmlns="http://www.w3.org/2000/svg" width="12" height="12" viewBox="0 0 12 12" fill="none"><path d="M3.36424 12C3.36424 12 3.35982 12 3.35099 12C3.08609 12 2.83002 11.947 2.58278 11.8411C2.34437 11.7351 2.13687 11.5938 1.96026 11.4172L0.357616 9.81457C0.251656 9.70861 0.163355 9.58057 0.0927152 9.43046C0.0309051 9.28035 0 9.12141 0 8.95364C0 8.78587 0.0309051 8.62693 0.0927152 8.47682C0.163355 8.32671 0.251656 8.19868 0.357616 8.09272L1.61589 6.83444C1.73068 6.71965 1.85872 6.63135 2 6.56954C2.15011 6.50773 2.31347 6.47682 2.49007 6.47682C2.72848 6.47682 2.94481 6.53863 3.13907 6.66225C3.33333 6.78587 3.47903 6.94481 3.57616 7.13907V7.15232L3.84106 7.66887C3.85872 7.70419 3.88079 7.7351 3.90728 7.76159C3.94261 7.78808 3.98234 7.80574 4.02649 7.81457C4.03532 7.81457 4.04415 7.81898 4.05298 7.82782C4.06181 7.82782 4.07064 7.82782 4.07947 7.82782C4.11479 7.82782 4.1457 7.8234 4.17219 7.81457C4.20751 7.79691 4.23841 7.77925 4.2649 7.76159C4.60044 7.47903 4.91832 7.20088 5.21854 6.92715C5.51876 6.64459 5.80132 6.37086 6.06623 6.10596C6.3223 5.84989 6.59161 5.56733 6.87417 5.25828C7.15673 4.94923 7.44371 4.62252 7.7351 4.27815C7.76159 4.25166 7.77925 4.22517 7.78808 4.19868C7.79691 4.16336 7.80132 4.12804 7.80132 4.09272C7.80132 4.08389 7.80132 4.07506 7.80132 4.06623C7.80132 4.0574 7.80132 4.04857 7.80132 4.03974C7.79249 3.99559 7.77483 3.96026 7.74834 3.93377C7.72185 3.89845 7.69095 3.87196 7.65563 3.8543H7.64238L7.13907 3.5894C6.93598 3.49227 6.77263 3.34658 6.64901 3.15232C6.52539 2.95806 6.46358 2.74172 6.46358 2.50331C6.46358 2.32671 6.49448 2.16336 6.55629 2.01325C6.62693 1.86313 6.71965 1.73068 6.83444 1.61589L8.09272 0.357616C8.19868 0.251656 8.32671 0.16777 8.47682 0.10596C8.62693 0.0353201 8.78587 0 8.95364 0C9.12141 0 9.28035 0.0353201 9.43046 0.10596C9.58057 0.16777 9.70861 0.251656 9.81457 0.357616L11.4172 1.96026C11.5938 2.1457 11.7351 2.35762 11.8411 2.59603C11.947 2.83444 12 3.09051 12 3.36424C12 3.56733 11.9691 3.76159 11.9073 3.94702C11.8543 4.13245 11.7748 4.30464 11.6689 4.46358V4.45033C11.5453 4.64459 11.3863 4.87417 11.1921 5.13907C10.9978 5.39514 10.7638 5.68653 10.4901 6.01325C10.2252 6.33996 9.91611 6.69757 9.56291 7.08609C9.20971 7.47461 8.80795 7.89846 8.35762 8.35762C7.89846 8.80795 7.47461 9.20971 7.08609 9.56291C6.69757 9.92494 6.33996 10.2384 6.01325 10.5033C5.68653 10.7682 5.39514 10.9978 5.13907 11.1921C4.87417 11.3863 4.64459 11.5453 4.45033 11.6689C4.30022 11.7748 4.13245 11.8543 3.94702 11.9073C3.76159 11.9691 3.56733 12 3.36424 12ZM2.47682 7.41722C2.4415 7.41722 2.40618 7.42605 2.37086 7.44371C2.34437 7.45254 2.31788 7.4702 2.29139 7.49669L1.03311 8.75497C1.00662 8.78146 0.984547 8.81236 0.966887 8.84768C0.949227 8.883 0.940397 8.91832 0.940397 8.95364C0.940397 8.98896 0.949227 9.02428 0.966887 9.0596C0.984547 9.09492 1.00662 9.12583 1.03311 9.15232L2.62252 10.755C2.71965 10.8433 2.83002 10.9183 2.95364 10.9801C3.08609 11.0331 3.22296 11.0596 3.36424 11.0596C3.4702 11.0596 3.57174 11.0464 3.66887 11.0199C3.766 10.9845 3.8543 10.9404 3.93377 10.8874C4.11921 10.7638 4.33554 10.6093 4.58278 10.4238C4.83885 10.2384 5.12141 10.0177 5.43046 9.76159C5.74834 9.50552 6.09272 9.2053 6.46358 8.86093C6.84327 8.52539 7.25386 8.13687 7.69536 7.69536C8.13687 7.26269 8.5298 6.85651 8.87417 6.47682C9.20971 6.09713 9.50552 5.75276 9.76159 5.44371C10.0265 5.12583 10.2472 4.84327 10.4238 4.59603C10.6093 4.33996 10.7638 4.11921 10.8874 3.93377C10.9404 3.8543 10.9801 3.766 11.0066 3.66887C11.0419 3.57174 11.0596 3.46578 11.0596 3.35099C11.0596 3.20971 11.0287 3.07726 10.9669 2.95364C10.9139 2.83002 10.8433 2.71965 10.755 2.62252L9.15232 1.01987C9.12583 0.993378 9.09492 0.975717 9.0596 0.966887C9.02428 0.949227 8.98896 0.940397 8.95364 0.940397C8.90949 0.940397 8.86976 0.949227 8.83444 0.966887C8.80795 0.975717 8.78146 0.993378 8.75497 1.01987L7.49669 2.27815C7.4702 2.30464 7.44812 2.33554 7.43046 2.37086C7.42163 2.40618 7.41722 2.4415 7.41722 2.47682C7.41722 2.48565 7.41722 2.49448 7.41722 2.50331C7.41722 2.51214 7.41722 2.52097 7.41722 2.5298C7.42605 2.57395 7.44371 2.61369 7.4702 2.64901C7.49669 2.68433 7.52759 2.71082 7.56291 2.72848L8.07947 2.99338C8.28256 3.09051 8.44592 3.2362 8.56954 3.43046C8.69316 3.62472 8.75497 3.84106 8.75497 4.07947C8.75497 4.22958 8.72848 4.37528 8.6755 4.51656C8.62252 4.64901 8.55188 4.76821 8.46358 4.87417C8.16336 5.22737 7.86755 5.56291 7.57616 5.8808C7.2936 6.18985 7.01545 6.48124 6.74172 6.75497C6.46799 7.0287 6.1766 7.30684 5.86755 7.5894C5.5585 7.87196 5.23179 8.15894 4.88742 8.45033C4.78146 8.53863 4.65784 8.60927 4.51656 8.66225C4.38411 8.71523 4.24283 8.74172 4.09272 8.74172C3.8543 8.74172 3.63797 8.67991 3.44371 8.55629C3.24945 8.43267 3.10375 8.27373 3.00662 8.07947V8.06623L2.74172 7.54967C2.72406 7.50552 2.69757 7.4702 2.66225 7.44371C2.62693 7.41722 2.5872 7.39956 2.54305 7.39073H2.5298L2.47682 7.41722Z" fill="#777777"></path></svg> ]]></wp:meta_value>
		</wp:postmeta>
						</item>
					<item>
		<title>
				svg-wood-food-market-pointer		</title>
		<link>http://dummy.xtemos.com/woodmart-elementor/demos/svg-wood-food-market-pointer/</link>
		<pubDate>Wed, 08 Jul 2020 12:11:12 +0000</pubDate>
		<dc:creator><![CDATA[zakhar]]></dc:creator>
		<guid isPermaLink="false">http://dummy.xtemos.com/woodmart-elementor/demos/wp-content/uploads/sites/2/2020/07/svg-wood-food-market-pointer.svg</guid>
		<description></description>
		<content:encoded><![CDATA[]]></content:encoded>
		<excerpt:encoded><![CDATA[]]></excerpt:encoded>
		<wp:post_id>7522</wp:post_id>
		<wp:post_date>2020-07-08 12:11:12</wp:post_date>
		<wp:post_date_gmt>2020-07-08 12:11:12</wp:post_date_gmt>
		<wp:comment_status>open</wp:comment_status>
		<wp:ping_status>closed</wp:ping_status>
		<wp:post_name>svg-wood-food-market-pointer</wp:post_name>
		<wp:status>inherit</wp:status>
		<wp:post_parent>0</wp:post_parent>
		<wp:menu_order>0</wp:menu_order>
		<wp:post_type>attachment</wp:post_type>
		<wp:post_password></wp:post_password>
		<wp:is_sticky>0</wp:is_sticky>
						<wp:attachment_url>http://dummy.xtemos.com/woodmart-elementor/demos/wp-content/uploads/sites/2/2020/07/svg-wood-food-market-pointer.svg</wp:attachment_url>
												<wp:postmeta>
			<wp:meta_key>_wp_attached_file</wp:meta_key>
			<wp:meta_value><![CDATA[2020/07/svg-wood-food-market-pointer.svg]]></wp:meta_value>
		</wp:postmeta>
							<wp:postmeta>
			<wp:meta_key>_elementor_inline_svg</wp:meta_key>
			<wp:meta_value><![CDATA[<?xml version="1.0" encoding="UTF-8"?> <svg xmlns="http://www.w3.org/2000/svg" width="10" height="13" viewBox="0 0 10 13" fill="none"><path d="M5 2.2779C4.26148 2.2779 3.63273 2.52939 3.11377 3.03237C2.59481 3.53534 2.33533 4.13988 2.33533 4.84598C2.33533 5.56176 2.59481 6.17113 3.11377 6.67411C3.63273 7.17708 4.26148 7.42857 5 7.42857C5.73852 7.42857 6.36727 7.17708 6.88623 6.67411C7.40519 6.17113 7.66467 5.56176 7.66467 4.84598C7.66467 4.13988 7.40519 3.53534 6.88623 3.03237C6.36727 2.52939 5.73852 2.2779 5 2.2779ZM5 6.39844C4.56088 6.39844 4.18164 6.24851 3.86228 5.94866C3.55289 5.64881 3.3982 5.28125 3.3982 4.84598C3.3982 4.42039 3.55289 4.05766 3.86228 3.75781C4.18164 3.45796 4.56088 3.30804 5 3.30804C5.43912 3.30804 5.81337 3.45796 6.12275 3.75781C6.44212 4.05766 6.6018 4.42039 6.6018 4.84598C6.6018 5.27158 6.44212 5.63914 6.12275 5.94866C5.81337 6.24851 5.43912 6.39844 5 6.39844ZM5 0C4.31138 0 3.66267 0.125744 3.05389 0.377232C2.44511 0.638393 1.91118 0.986607 1.4521 1.42188C1.00299 1.85714 0.648703 2.36979 0.389222 2.95982C0.129741 3.54985 0 4.17857 0 4.84598C0 5.4747 0.214571 6.21949 0.643713 7.08036C1.08283 7.93155 1.57186 8.75856 2.11078 9.56138C2.65968 10.3642 3.17864 11.0751 3.66766 11.6942C4.16667 12.3036 4.47605 12.676 4.59581 12.8114C4.63573 12.8694 4.69062 12.9129 4.76048 12.942C4.84032 12.9807 4.92016 13 5 13C5.07984 13 5.15469 12.9807 5.22455 12.942C5.29441 12.9129 5.35429 12.8694 5.40419 12.8114C5.52395 12.676 5.83333 12.3036 6.33234 11.6942C6.82136 11.0751 7.33533 10.3642 7.87425 9.56138C8.42315 8.75856 8.91717 7.93155 9.35629 7.08036C9.78543 6.21949 10 5.4747 10 4.84598C10 4.17857 9.87026 3.54985 9.61078 2.95982C9.3513 2.36979 8.99202 1.85714 8.53293 1.42188C8.08383 0.986607 7.55489 0.638393 6.94611 0.377232C6.33733 0.125744 5.68862 0 5 0ZM5 11.6652C4.6507 11.2396 4.2515 10.7221 3.8024 10.1127C3.34331 9.49368 2.90918 8.86496 2.5 8.22656C2.1008 7.58817 1.76148 6.96912 1.48204 6.36942C1.20259 5.76004 1.06287 5.25223 1.06287 4.84598C1.06287 4.32366 1.16766 3.83036 1.37725 3.36607C1.57685 2.90179 1.85629 2.50037 2.21557 2.16183C2.57485 1.81362 2.99401 1.53795 3.47305 1.33482C3.9521 1.1317 4.46108 1.03013 5 1.03013C5.53892 1.03013 6.0479 1.1317 6.52695 1.33482C7.00599 1.53795 7.42515 1.81362 7.78443 2.16183C8.14371 2.50037 8.42315 2.90179 8.62276 3.36607C8.83234 3.83036 8.93713 4.32366 8.93713 4.84598C8.93713 5.25223 8.79741 5.76004 8.51796 6.36942C8.23852 6.96912 7.89421 7.58817 7.48503 8.22656C7.08583 8.86496 6.65669 9.49368 6.19761 10.1127C5.7485 10.7221 5.3493 11.2396 5 11.6652Z" fill="#777777"></path></svg> ]]></wp:meta_value>
		</wp:postmeta>
						</item>
					<item>
		<title>
				envelope		</title>
		<link>http://dummy.xtemos.com/woodmart-elementor/demos/envelope/</link>
		<pubDate>Wed, 08 Jul 2020 12:11:12 +0000</pubDate>
		<dc:creator><![CDATA[zakhar]]></dc:creator>
		<guid isPermaLink="false">http://dummy.xtemos.com/woodmart-elementor/demos/wp-content/uploads/sites/2/2020/07/envelope.svg</guid>
		<description></description>
		<content:encoded><![CDATA[]]></content:encoded>
		<excerpt:encoded><![CDATA[]]></excerpt:encoded>
		<wp:post_id>7523</wp:post_id>
		<wp:post_date>2020-07-08 12:11:12</wp:post_date>
		<wp:post_date_gmt>2020-07-08 12:11:12</wp:post_date_gmt>
		<wp:comment_status>open</wp:comment_status>
		<wp:ping_status>closed</wp:ping_status>
		<wp:post_name>envelope</wp:post_name>
		<wp:status>inherit</wp:status>
		<wp:post_parent>0</wp:post_parent>
		<wp:menu_order>0</wp:menu_order>
		<wp:post_type>attachment</wp:post_type>
		<wp:post_password></wp:post_password>
		<wp:is_sticky>0</wp:is_sticky>
						<wp:attachment_url>http://dummy.xtemos.com/woodmart-elementor/demos/wp-content/uploads/sites/2/2020/07/envelope.svg</wp:attachment_url>
												<wp:postmeta>
			<wp:meta_key>_wp_attached_file</wp:meta_key>
			<wp:meta_value><![CDATA[2020/07/envelope.svg]]></wp:meta_value>
		</wp:postmeta>
							<wp:postmeta>
			<wp:meta_key>_elementor_inline_svg</wp:meta_key>
			<wp:meta_value><![CDATA[<?xml version="1.0" encoding="UTF-8"?> <svg xmlns="http://www.w3.org/2000/svg" id="Capa_1" height="13px" viewBox="0 0 479.058 479.058" width="13px" class=""><g><path d="m434.146 59.882h-389.234c-24.766 0-44.912 20.146-44.912 44.912v269.47c0 24.766 20.146 44.912 44.912 44.912h389.234c24.766 0 44.912-20.146 44.912-44.912v-269.47c0-24.766-20.146-44.912-44.912-44.912zm0 29.941c2.034 0 3.969.422 5.738 1.159l-200.355 173.649-200.356-173.649c1.769-.736 3.704-1.159 5.738-1.159zm0 299.411h-389.234c-8.26 0-14.971-6.71-14.971-14.971v-251.648l199.778 173.141c2.822 2.441 6.316 3.655 9.81 3.655s6.988-1.213 9.81-3.655l199.778-173.141v251.649c-.001 8.26-6.711 14.97-14.971 14.97z" data-original="#000000" class="active-path" data-old_color="#000000" fill="#777777"></path></g></svg> ]]></wp:meta_value>
		</wp:postmeta>
						</item>
						<item>
		<title>
				glass-shopping-bag		</title>
		<link>http://dummy.xtemos.com/woodmart-elementor/demos/glass-shopping-bag/</link>
		<pubDate>Fri, 22 Jun 2018 10:03:44 +0000</pubDate>
		<dc:creator><![CDATA[erwin]]></dc:creator>
		<guid isPermaLink="false">http://dummy.xtemos.com/woodmart-elementor/demos/wp-content/uploads/sites/2/2018/06/glass-shopping-bag.svg</guid>
		<description></description>
		<content:encoded><![CDATA[]]></content:encoded>
		<excerpt:encoded><![CDATA[]]></excerpt:encoded>
		<wp:post_id>1600</wp:post_id>
		<wp:post_date>2018-06-22 10:03:44</wp:post_date>
		<wp:post_date_gmt>2018-06-22 10:03:44</wp:post_date_gmt>
		<wp:comment_status>open</wp:comment_status>
		<wp:ping_status>closed</wp:ping_status>
		<wp:post_name>glass-shopping-bag</wp:post_name>
		<wp:status>inherit</wp:status>
		<wp:post_parent>0</wp:post_parent>
		<wp:menu_order>0</wp:menu_order>
		<wp:post_type>attachment</wp:post_type>
		<wp:post_password></wp:post_password>
		<wp:is_sticky>0</wp:is_sticky>
						<wp:attachment_url>http://dummy.xtemos.com/woodmart-elementor/demos/wp-content/uploads/sites/2/2018/06/glass-shopping-bag.svg</wp:attachment_url>
												<wp:postmeta>
			<wp:meta_key>_wp_attached_file</wp:meta_key>
			<wp:meta_value><![CDATA[2018/06/glass-shopping-bag.svg]]></wp:meta_value>
		</wp:postmeta>
						</item>
				</channel>
</rss>
	