<?xml version="1.0" encoding="UTF-8" ?>
<!-- This is a WordPress eXtended RSS file generated by WordPress as an export of your site. -->
<!-- It contains information about your site's posts, pages, comments, categories, and other content. -->
<!-- You may use this file to transfer that content from one site to another. -->
<!-- This file is not intended to serve as a complete backup of your site. -->

<!-- To import this information into a WordPress site follow these steps: -->
<!-- 1. Log in to that site as an administrator. -->
<!-- 2. Go to Tools: Import in the WordPress admin panel. -->
<!-- 3. Install the "WordPress" importer from the list. -->
<!-- 4. Activate & Run Importer. -->
<!-- 5. Upload this file using the form provided on that page. -->
<!-- 6. You will first be asked to map the authors in this export file to users -->
<!--    on the site. For each author, you may choose to map to an -->
<!--    existing user on the site or to create a new user. -->
<!-- 7. WordPress will then import each of the posts, pages, comments, categories, etc. -->
<!--    contained in this file into your site. -->

<!-- generator="WordPress/4.8" created="2018-04-23 06:35" -->
<rss version="2.0"
	xmlns:excerpt="http://wordpress.org/export/1.2/excerpt/"
	xmlns:content="http://purl.org/rss/1.0/modules/content/"
	xmlns:wfw="http://wellformedweb.org/CommentAPI/"
	xmlns:dc="http://purl.org/dc/elements/1.1/"
	xmlns:wp="http://wordpress.org/export/1.2/"
>

<channel>
	<title>Woodmart dummy demos</title>
	<link>http://dummy.xtemos.com/woodmart/demos</link>
	<description>Just another Woodmart Dummy Content Sites site</description>
	<pubDate>Mon, 23 Apr 2018 06:35:37 +0000</pubDate>
	<language>en-US</language>
	<wp:wxr_version>1.2</wp:wxr_version>
	<wp:base_site_url>http://dummy.xtemos.com/woodmart/</wp:base_site_url>
	<wp:base_blog_url>http://dummy.xtemos.com/woodmart/demos</wp:base_blog_url>

	<wp:author><wp:author_id>1</wp:author_id><wp:author_login>admin</wp:author_login><wp:author_email>se@as.as</wp:author_email><wp:author_display_name><![CDATA[admin]]></wp:author_display_name><wp:author_first_name><![CDATA[]]></wp:author_first_name><wp:author_last_name><![CDATA[]]></wp:author_last_name></wp:author>
	<wp:author><wp:author_id>2</wp:author_id><wp:author_login>erwin</wp:author_login><wp:author_email>ss@asas.as</wp:author_email><wp:author_display_name><![CDATA[erwin]]></wp:author_display_name><wp:author_first_name><![CDATA[]]></wp:author_first_name><wp:author_last_name><![CDATA[]]></wp:author_last_name></wp:author>


	<generator>https://wordpress.org/?v=4.8</generator>

	<item>
		<title>wood-main-bg</title>
		<link>http://dummy.xtemos.com/woodmart/demos/?attachment_id=44</link>
		<pubDate>Wed, 14 Jun 2017 08:07:10 +0000</pubDate>
		<dc:creator><![CDATA[admin]]></dc:creator>
		<guid isPermaLink="false">http://dummy.xtemos.com/woodmart/demos/wp-content/uploads/sites/2/2017/06/wood-main-bg.jpg</guid>
		<description></description>
		<content:encoded><![CDATA[]]></content:encoded>
		<excerpt:encoded><![CDATA[]]></excerpt:encoded>
		<wp:post_id>44</wp:post_id>
		<wp:post_date>2017-06-14 08:07:10</wp:post_date>
		<wp:post_date_gmt>2017-06-14 08:07:10</wp:post_date_gmt>
		<wp:comment_status>open</wp:comment_status>
		<wp:ping_status>closed</wp:ping_status>
		<wp:post_name>wood-main-bg</wp:post_name>
		<wp:status>inherit</wp:status>
		<wp:post_parent>42</wp:post_parent>
		<wp:menu_order>0</wp:menu_order>
		<wp:post_type>attachment</wp:post_type>
		<wp:post_password></wp:post_password>
		<wp:is_sticky>0</wp:is_sticky>
		<wp:attachment_url>http://dummy.xtemos.com/woodmart/demos/wp-content/uploads/sites/2/2017/06/wood-main-bg.jpg</wp:attachment_url>
		<wp:postmeta>
			<wp:meta_key>_wp_attached_file</wp:meta_key>
			<wp:meta_value><![CDATA[2017/06/wood-main-bg.jpg]]></wp:meta_value>
		</wp:postmeta>
	</item>
	<item>
		<title>wood-gallery-placeholder-5</title>
		<link>http://dummy.xtemos.com/woodmart/demos/home-base/wood-gallery-placeholder-5/</link>
		<pubDate>Wed, 14 Jun 2017 11:33:22 +0000</pubDate>
		<dc:creator><![CDATA[admin]]></dc:creator>
		<guid isPermaLink="false">http://dummy.xtemos.com/woodmart/demos/wp-content/uploads/sites/2/2017/06/wood-gallery-placeholder-5.jpg</guid>
		<description></description>
		<content:encoded><![CDATA[]]></content:encoded>
		<excerpt:encoded><![CDATA[]]></excerpt:encoded>
		<wp:post_id>77</wp:post_id>
		<wp:post_date>2017-06-14 11:33:22</wp:post_date>
		<wp:post_date_gmt>2017-06-14 11:33:22</wp:post_date_gmt>
		<wp:comment_status>open</wp:comment_status>
		<wp:ping_status>closed</wp:ping_status>
		<wp:post_name>wood-gallery-placeholder-5</wp:post_name>
		<wp:status>inherit</wp:status>
		<wp:post_parent>57</wp:post_parent>
		<wp:menu_order>0</wp:menu_order>
		<wp:post_type>attachment</wp:post_type>
		<wp:post_password></wp:post_password>
		<wp:is_sticky>0</wp:is_sticky>
		<wp:attachment_url>http://dummy.xtemos.com/woodmart/demos/wp-content/uploads/sites/2/2017/06/wood-gallery-placeholder-5.jpg</wp:attachment_url>
		<wp:postmeta>
			<wp:meta_key>_wp_attached_file</wp:meta_key>
			<wp:meta_value><![CDATA[2017/06/wood-gallery-placeholder-5.jpg]]></wp:meta_value>
		</wp:postmeta>
	</item>
	<item>
		<title>wood-gallery-placeholder</title>
		<link>http://dummy.xtemos.com/woodmart/demos/home-base/wood-gallery-placeholder/</link>
		<pubDate>Wed, 14 Jun 2017 11:33:24 +0000</pubDate>
		<dc:creator><![CDATA[admin]]></dc:creator>
		<guid isPermaLink="false">http://dummy.xtemos.com/woodmart/demos/wp-content/uploads/sites/2/2017/06/wood-gallery-placeholder.jpg</guid>
		<description></description>
		<content:encoded><![CDATA[]]></content:encoded>
		<excerpt:encoded><![CDATA[]]></excerpt:encoded>
		<wp:post_id>78</wp:post_id>
		<wp:post_date>2017-06-14 11:33:24</wp:post_date>
		<wp:post_date_gmt>2017-06-14 11:33:24</wp:post_date_gmt>
		<wp:comment_status>open</wp:comment_status>
		<wp:ping_status>closed</wp:ping_status>
		<wp:post_name>wood-gallery-placeholder</wp:post_name>
		<wp:status>inherit</wp:status>
		<wp:post_parent>57</wp:post_parent>
		<wp:menu_order>0</wp:menu_order>
		<wp:post_type>attachment</wp:post_type>
		<wp:post_password></wp:post_password>
		<wp:is_sticky>0</wp:is_sticky>
		<wp:attachment_url>http://dummy.xtemos.com/woodmart/demos/wp-content/uploads/sites/2/2017/06/wood-gallery-placeholder.jpg</wp:attachment_url>
		<wp:postmeta>
			<wp:meta_key>_wp_attached_file</wp:meta_key>
			<wp:meta_value><![CDATA[2017/06/wood-gallery-placeholder.jpg]]></wp:meta_value>
		</wp:postmeta>
	</item>
	<item>
		<title>wood-gallery-placeholder-2</title>
		<link>http://dummy.xtemos.com/woodmart/demos/home-base/wood-gallery-placeholder-2/</link>
		<pubDate>Wed, 14 Jun 2017 11:33:26 +0000</pubDate>
		<dc:creator><![CDATA[admin]]></dc:creator>
		<guid isPermaLink="false">http://dummy.xtemos.com/woodmart/demos/wp-content/uploads/sites/2/2017/06/wood-gallery-placeholder-2.jpg</guid>
		<description></description>
		<content:encoded><![CDATA[]]></content:encoded>
		<excerpt:encoded><![CDATA[]]></excerpt:encoded>
		<wp:post_id>79</wp:post_id>
		<wp:post_date>2017-06-14 11:33:26</wp:post_date>
		<wp:post_date_gmt>2017-06-14 11:33:26</wp:post_date_gmt>
		<wp:comment_status>open</wp:comment_status>
		<wp:ping_status>closed</wp:ping_status>
		<wp:post_name>wood-gallery-placeholder-2</wp:post_name>
		<wp:status>inherit</wp:status>
		<wp:post_parent>57</wp:post_parent>
		<wp:menu_order>0</wp:menu_order>
		<wp:post_type>attachment</wp:post_type>
		<wp:post_password></wp:post_password>
		<wp:is_sticky>0</wp:is_sticky>
		<wp:attachment_url>http://dummy.xtemos.com/woodmart/demos/wp-content/uploads/sites/2/2017/06/wood-gallery-placeholder-2.jpg</wp:attachment_url>
		<wp:postmeta>
			<wp:meta_key>_wp_attached_file</wp:meta_key>
			<wp:meta_value><![CDATA[2017/06/wood-gallery-placeholder-2.jpg]]></wp:meta_value>
		</wp:postmeta>
	</item>
	<item>
		<title>wood-gallery-placeholder-3</title>
		<link>http://dummy.xtemos.com/woodmart/demos/home-base/wood-gallery-placeholder-3/</link>
		<pubDate>Wed, 14 Jun 2017 11:33:28 +0000</pubDate>
		<dc:creator><![CDATA[admin]]></dc:creator>
		<guid isPermaLink="false">http://dummy.xtemos.com/woodmart/demos/wp-content/uploads/sites/2/2017/06/wood-gallery-placeholder-3.jpg</guid>
		<description></description>
		<content:encoded><![CDATA[]]></content:encoded>
		<excerpt:encoded><![CDATA[]]></excerpt:encoded>
		<wp:post_id>80</wp:post_id>
		<wp:post_date>2017-06-14 11:33:28</wp:post_date>
		<wp:post_date_gmt>2017-06-14 11:33:28</wp:post_date_gmt>
		<wp:comment_status>open</wp:comment_status>
		<wp:ping_status>closed</wp:ping_status>
		<wp:post_name>wood-gallery-placeholder-3</wp:post_name>
		<wp:status>inherit</wp:status>
		<wp:post_parent>57</wp:post_parent>
		<wp:menu_order>0</wp:menu_order>
		<wp:post_type>attachment</wp:post_type>
		<wp:post_password></wp:post_password>
		<wp:is_sticky>0</wp:is_sticky>
		<wp:attachment_url>http://dummy.xtemos.com/woodmart/demos/wp-content/uploads/sites/2/2017/06/wood-gallery-placeholder-3.jpg</wp:attachment_url>
		<wp:postmeta>
			<wp:meta_key>_wp_attached_file</wp:meta_key>
			<wp:meta_value><![CDATA[2017/06/wood-gallery-placeholder-3.jpg]]></wp:meta_value>
		</wp:postmeta>
	</item>
	<item>
		<title>wood-gallery-placeholder-4</title>
		<link>http://dummy.xtemos.com/woodmart/demos/home-base/wood-gallery-placeholder-4/</link>
		<pubDate>Wed, 14 Jun 2017 11:33:30 +0000</pubDate>
		<dc:creator><![CDATA[admin]]></dc:creator>
		<guid isPermaLink="false">http://dummy.xtemos.com/woodmart/demos/wp-content/uploads/sites/2/2017/06/wood-gallery-placeholder-4.jpg</guid>
		<description></description>
		<content:encoded><![CDATA[]]></content:encoded>
		<excerpt:encoded><![CDATA[]]></excerpt:encoded>
		<wp:post_id>81</wp:post_id>
		<wp:post_date>2017-06-14 11:33:30</wp:post_date>
		<wp:post_date_gmt>2017-06-14 11:33:30</wp:post_date_gmt>
		<wp:comment_status>open</wp:comment_status>
		<wp:ping_status>closed</wp:ping_status>
		<wp:post_name>wood-gallery-placeholder-4</wp:post_name>
		<wp:status>inherit</wp:status>
		<wp:post_parent>57</wp:post_parent>
		<wp:menu_order>0</wp:menu_order>
		<wp:post_type>attachment</wp:post_type>
		<wp:post_password></wp:post_password>
		<wp:is_sticky>0</wp:is_sticky>
		<wp:attachment_url>http://dummy.xtemos.com/woodmart/demos/wp-content/uploads/sites/2/2017/06/wood-gallery-placeholder-4.jpg</wp:attachment_url>
		<wp:postmeta>
			<wp:meta_key>_wp_attached_file</wp:meta_key>
			<wp:meta_value><![CDATA[2017/06/wood-gallery-placeholder-4.jpg]]></wp:meta_value>
		</wp:postmeta>
	</item>
	<item>
		<title>wood-portfolio-placeholder</title>
		<link>http://dummy.xtemos.com/woodmart/demos/wood-portfolio-placeholder/</link>
		<pubDate>Wed, 14 Jun 2017 14:02:43 +0000</pubDate>
		<dc:creator><![CDATA[admin]]></dc:creator>
		<guid isPermaLink="false">http://dummy.xtemos.com/woodmart/demos/wp-content/uploads/sites/2/2017/06/wood-portfolio-placeholder.jpg</guid>
		<description></description>
		<content:encoded><![CDATA[]]></content:encoded>
		<excerpt:encoded><![CDATA[]]></excerpt:encoded>
		<wp:post_id>117</wp:post_id>
		<wp:post_date>2017-06-14 14:02:43</wp:post_date>
		<wp:post_date_gmt>2017-06-14 14:02:43</wp:post_date_gmt>
		<wp:comment_status>open</wp:comment_status>
		<wp:ping_status>closed</wp:ping_status>
		<wp:post_name>wood-portfolio-placeholder</wp:post_name>
		<wp:status>inherit</wp:status>
		<wp:post_parent>0</wp:post_parent>
		<wp:menu_order>0</wp:menu_order>
		<wp:post_type>attachment</wp:post_type>
		<wp:post_password></wp:post_password>
		<wp:is_sticky>0</wp:is_sticky>
		<wp:attachment_url>http://dummy.xtemos.com/woodmart/demos/wp-content/uploads/sites/2/2017/06/wood-portfolio-placeholder.jpg</wp:attachment_url>
		<wp:postmeta>
			<wp:meta_key>_wp_attached_file</wp:meta_key>
			<wp:meta_value><![CDATA[2017/06/wood-portfolio-placeholder.jpg]]></wp:meta_value>
		</wp:postmeta>
	</item>
	<item>
		<title>wood-360-1</title>
		<link>http://dummy.xtemos.com/woodmart/demos/wood-360-1/</link>
		<pubDate>Fri, 16 Jun 2017 09:51:48 +0000</pubDate>
		<dc:creator><![CDATA[admin]]></dc:creator>
		<guid isPermaLink="false">http://dummy.xtemos.com/woodmart/demos/wp-content/uploads/sites/2/2017/06/wood-360-1.png</guid>
		<description></description>
		<content:encoded><![CDATA[]]></content:encoded>
		<excerpt:encoded><![CDATA[]]></excerpt:encoded>
		<wp:post_id>244</wp:post_id>
		<wp:post_date>2017-06-16 09:51:48</wp:post_date>
		<wp:post_date_gmt>2017-06-16 09:51:48</wp:post_date_gmt>
		<wp:comment_status>open</wp:comment_status>
		<wp:ping_status>closed</wp:ping_status>
		<wp:post_name>wood-360-1</wp:post_name>
		<wp:status>inherit</wp:status>
		<wp:post_parent>0</wp:post_parent>
		<wp:menu_order>0</wp:menu_order>
		<wp:post_type>attachment</wp:post_type>
		<wp:post_password></wp:post_password>
		<wp:is_sticky>0</wp:is_sticky>
		<wp:attachment_url>http://dummy.xtemos.com/woodmart/demos/wp-content/uploads/sites/2/2017/06/wood-360-1.png</wp:attachment_url>
		<wp:postmeta>
			<wp:meta_key>_wp_attached_file</wp:meta_key>
			<wp:meta_value><![CDATA[2017/06/wood-360-1.png]]></wp:meta_value>
		</wp:postmeta>
	</item>
	<item>
		<title>wood-360-2</title>
		<link>http://dummy.xtemos.com/woodmart/demos/wood-360-2/</link>
		<pubDate>Fri, 16 Jun 2017 09:51:49 +0000</pubDate>
		<dc:creator><![CDATA[admin]]></dc:creator>
		<guid isPermaLink="false">http://dummy.xtemos.com/woodmart/demos/wp-content/uploads/sites/2/2017/06/wood-360-2.png</guid>
		<description></description>
		<content:encoded><![CDATA[]]></content:encoded>
		<excerpt:encoded><![CDATA[]]></excerpt:encoded>
		<wp:post_id>245</wp:post_id>
		<wp:post_date>2017-06-16 09:51:49</wp:post_date>
		<wp:post_date_gmt>2017-06-16 09:51:49</wp:post_date_gmt>
		<wp:comment_status>open</wp:comment_status>
		<wp:ping_status>closed</wp:ping_status>
		<wp:post_name>wood-360-2</wp:post_name>
		<wp:status>inherit</wp:status>
		<wp:post_parent>0</wp:post_parent>
		<wp:menu_order>0</wp:menu_order>
		<wp:post_type>attachment</wp:post_type>
		<wp:post_password></wp:post_password>
		<wp:is_sticky>0</wp:is_sticky>
		<wp:attachment_url>http://dummy.xtemos.com/woodmart/demos/wp-content/uploads/sites/2/2017/06/wood-360-2.png</wp:attachment_url>
		<wp:postmeta>
			<wp:meta_key>_wp_attached_file</wp:meta_key>
			<wp:meta_value><![CDATA[2017/06/wood-360-2.png]]></wp:meta_value>
		</wp:postmeta>
	</item>
	<item>
		<title>wood-main-dark-bg</title>
		<link>http://dummy.xtemos.com/woodmart/demos/wood-main-dark-bg/</link>
		<pubDate>Fri, 16 Jun 2017 09:53:48 +0000</pubDate>
		<dc:creator><![CDATA[admin]]></dc:creator>
		<guid isPermaLink="false">http://dummy.xtemos.com/woodmart/demos/wp-content/uploads/sites/2/2017/06/wood-main-dark-bg.jpg</guid>
		<description></description>
		<content:encoded><![CDATA[]]></content:encoded>
		<excerpt:encoded><![CDATA[]]></excerpt:encoded>
		<wp:post_id>246</wp:post_id>
		<wp:post_date>2017-06-16 09:53:48</wp:post_date>
		<wp:post_date_gmt>2017-06-16 09:53:48</wp:post_date_gmt>
		<wp:comment_status>open</wp:comment_status>
		<wp:ping_status>closed</wp:ping_status>
		<wp:post_name>wood-main-dark-bg</wp:post_name>
		<wp:status>inherit</wp:status>
		<wp:post_parent>0</wp:post_parent>
		<wp:menu_order>0</wp:menu_order>
		<wp:post_type>attachment</wp:post_type>
		<wp:post_password></wp:post_password>
		<wp:is_sticky>0</wp:is_sticky>
		<wp:attachment_url>http://dummy.xtemos.com/woodmart/demos/wp-content/uploads/sites/2/2017/06/wood-main-dark-bg.jpg</wp:attachment_url>
		<wp:postmeta>
			<wp:meta_key>_wp_attached_file</wp:meta_key>
			<wp:meta_value><![CDATA[2017/06/wood-main-dark-bg.jpg]]></wp:meta_value>
		</wp:postmeta>
	</item>
	<item>
		<title>dummy-austen</title>
		<link>http://dummy.xtemos.com/woodmart/demos/about-me/dummy-austen/</link>
		<pubDate>Wed, 02 Aug 2017 11:48:04 +0000</pubDate>
		<dc:creator><![CDATA[erwin]]></dc:creator>
		<guid isPermaLink="false">http://dummy.xtemos.com/woodmart/demos/wp-content/uploads/sites/2/2017/08/dummy-austen.jpg</guid>
		<description></description>
		<content:encoded><![CDATA[]]></content:encoded>
		<excerpt:encoded><![CDATA[]]></excerpt:encoded>
		<wp:post_id>863</wp:post_id>
		<wp:post_date>2017-08-02 11:48:04</wp:post_date>
		<wp:post_date_gmt>2017-08-02 11:48:04</wp:post_date_gmt>
		<wp:comment_status>open</wp:comment_status>
		<wp:ping_status>closed</wp:ping_status>
		<wp:post_name>dummy-austen</wp:post_name>
		<wp:status>inherit</wp:status>
		<wp:post_parent>861</wp:post_parent>
		<wp:menu_order>0</wp:menu_order>
		<wp:post_type>attachment</wp:post_type>
		<wp:post_password></wp:post_password>
		<wp:is_sticky>0</wp:is_sticky>
		<wp:attachment_url>http://dummy.xtemos.com/woodmart/demos/wp-content/uploads/sites/2/2017/08/dummy-austen.jpg</wp:attachment_url>
		<wp:postmeta>
			<wp:meta_key>_wp_attached_file</wp:meta_key>
			<wp:meta_value><![CDATA[2017/08/dummy-austen.jpg]]></wp:meta_value>
		</wp:postmeta>
	</item>
	<item>
		<title>Home Hardware</title>
		<link>http://dummy.xtemos.com/woodmart/demos/home-hardware/</link>
		<pubDate>Sat, 21 Apr 2018 08:59:34 +0000</pubDate>
		<dc:creator><![CDATA[erwin]]></dc:creator>
		<guid isPermaLink="false">http://dummy.xtemos.com/woodmart/demos/?page_id=1455</guid>
		<description></description>
		<content:encoded><![CDATA[[vc_row full_width="stretch_row_content_no_spaces" css=".vc_custom_1521889275927{margin-bottom: 10px !important;}"][vc_column][rev_slider_vc alias="slider-hardware"][/vc_column][/vc_row][vc_row full_width="stretch_row_content" css=".vc_custom_1521725655632{margin-bottom: 8vh !important;}"][vc_column][woodmart_categories orderby="" order="" style="default" categories_design="default" spacing="10" columns="6" hide_empty="" number="6" ids=""][/vc_column][/vc_row][vc_row][vc_column][woodmart_responsive_text_block size="custom" font_weight="100" color_scheme="light" desktop_text_size="26" css=".vc_custom_1522136337263{margin-bottom: 8px !important;}" tablet_text_size="22" mobile_text_size="18"]The Takeover Is Complete[/woodmart_responsive_text_block][woodmart_title size="custom" font_weight="700" color="primary" title_width="40" title="FEATURED PRODUCTS" desktop_text_size="34" css=".vc_custom_1522136345583{margin-bottom: 10px !important;}" tablet_text_size="28" mobile_text_size="22"][woodmart_responsive_text_block font="text" size="custom" font_weight="400" content_width="40" color_scheme="custom" color="rgba(255,255,255,0.6)" desktop_text_size="14"]There are many variations of passages of Lorem Ipsum available, but the majority have suffered alteration in some form, by injected.[/woodmart_responsive_text_block][/vc_column][vc_column][woodmart_products items_per_page="8" columns="4"][/vc_column][/vc_row][vc_section full_width="stretch_row" woodmart_gradient_switch="yes" woodmart_bg_position="center-top" css=".vc_custom_1524302702415{padding-top: 4vh !important;background-image: url(http://dummy.xtemos.com/woodmart/demos/wp-content/uploads/sites/2/2018/04/black-electronics-360-bg.jpg?id=1461) !important;background-position: center !important;background-repeat: no-repeat !important;background-size: cover !important;}" woodmart_color_gradient="rgb(16, 16, 16)-0/rgba(255, 255, 255, 0)-51/|linear-gradient(bottom , rgb(16, 16, 16) , rgba(255, 255, 255, 0) 51%)|linear|bottom"][vc_row content_placement="middle" css=".vc_custom_1522140566736{margin-bottom: 6vh !important;}"][vc_column offset="vc_col-md-6"][woodmart_3d_view images="244,245"][/vc_column][vc_column offset="vc_col-md-6"][woodmart_responsive_text_block size="custom" font_weight="100" align="left" color_scheme="light" desktop_text_size="80" css=".vc_custom_1522139395504{margin-bottom: 8px !important;}" tablet_text_size="60" mobile_text_size="40"]Build Your[/woodmart_responsive_text_block][woodmart_responsive_text_block size="custom" font_weight="600" align="left" color_scheme="light" desktop_text_size="60" css=".vc_custom_1522139401372{margin-bottom: 8px !important;}" tablet_text_size="40" mobile_text_size="30"]NEW PC[/woodmart_responsive_text_block][woodmart_responsive_text_block font="text" size="custom" font_weight="400" align="left" color_scheme="custom" color="rgba(255,255,255,0.6)" desktop_text_size="16" tablet_text_size="14"]There are many variations of passages of Lorem Ipsum available, but the majority have suffered alteration in some form, by injected humour, or randomised.[/woodmart_responsive_text_block][vc_row_inner][vc_column_inner width="1/2"][woodmart_info_box image="1466" title_size="small" image_alignment="left" woodmart_color_scheme="light" img_size="60x60" title="10+ inch GPU"]Mauris blandit aliquet[/woodmart_info_box][/vc_column_inner][vc_column_inner width="1/2"][woodmart_info_box image="1466" title_size="small" image_alignment="left" woodmart_color_scheme="light" img_size="60x60" title="8 RAM SLOTS"]Cras ultricies ligula sed[/woodmart_info_box][/vc_column_inner][/vc_row_inner][woodmart_button color="primary" button_inline="yes" title="NEXT STEP" link="url:%23|||"][woodmart_button color="white" style="bordered" button_inline="yes" title="Coose PC-Case" link="url:%23|||"][/vc_column][/vc_row][vc_row css=".vc_custom_1522310558917{margin-bottom: 6vh !important;}"][vc_column][woodmart_responsive_text_block size="custom" font_weight="100" color_scheme="light" desktop_text_size="26" css=".vc_custom_1522136729535{margin-bottom: 8px !important;}" tablet_text_size="22" mobile_text_size="18"]Play Like The Pros[/woodmart_responsive_text_block][woodmart_title size="custom" font_weight="700" color="primary" title_width="40" title="READY PC BUILDS" desktop_text_size="34" css=".vc_custom_1522136688741{margin-bottom: 10px !important;}" tablet_text_size="28" mobile_text_size="22"][woodmart_responsive_text_block font="text" size="custom" font_weight="400" content_width="40" color_scheme="custom" color="rgba(255,255,255,0.6)" desktop_text_size="14" css=".vc_custom_1522055949933{margin-bottom: 20px !important;}"]There are many variations of passages of Lorem Ipsum available, but the majority have suffered alteration in some form, by injected.[/woodmart_responsive_text_block][/vc_column][vc_column width="1/2" offset="vc_col-md-3"][pricing_tables][pricing_plan name="LITE BUILD" price_value="1000" currency="$" button_label="BUY NOW" with_bg_image="yes" bg_image="246" style="default" features_list="i3 or Ryzen 3
8GB RAM
1050Ti
120GB SSD" link="url:%23|||"][/pricing_tables][/vc_column][vc_column width="1/2" offset="vc_col-md-3"][pricing_tables][pricing_plan name="CORE BUILD" price_value="1800" currency="$" button_label="BUY NOW" with_bg_image="yes" bg_image="246" style="default" features_list="i5 or Ryzen 5
16GB RAM
1060
240GB SSD" link="url:%23|||"][/pricing_tables][/vc_column][vc_column width="1/2" offset="vc_col-md-3"][pricing_tables][pricing_plan name="PREMIUM BUILD" price_value="2500" currency="$" button_label="BUY NOW" best_option="yes" with_bg_image="yes" bg_image="246" style="default" features_list="i7 or Ryzen 7
32GB RAM
1070Ti
480GB SSD" link="url:%23|||"][/pricing_tables][/vc_column][vc_column width="1/2" offset="vc_col-md-3"][pricing_tables][pricing_plan name="PRO BUILD" price_value="4000" currency="$" button_label="BUY NOW" with_bg_image="yes" bg_image="246" style="default" features_list="i9 or Ryzen TR
64GB RAM
1080Ti
1TB SSD" link="url:%23|||"][/pricing_tables][/vc_column][/vc_row][/vc_section][vc_row full_width="stretch_row_content_no_spaces" content_placement="middle" woodmart_gradient_switch="yes" css=".vc_custom_1522310565095{margin-bottom: 6vh !important;background-color: #101010 !important;background-position: center !important;background-repeat: no-repeat !important;background-size: cover !important;}" woodmart_color_gradient="rgb(50, 39, 61)-0/rgb(50, 39, 61)-8/rgba(255, 255, 255, 0)-66/|radial-gradient(left center , ellipse cover , rgb(50, 39, 61) , rgb(50, 39, 61) 8% , rgba(255, 255, 255, 0) 66%)|ellipse|left center"][vc_column width="1/12" css=".vc_custom_1522310270200{padding-top: 0px !important;}" offset="vc_hidden-md vc_hidden-sm vc_hidden-xs"][/vc_column][vc_column css=".vc_custom_1522310264461{margin-bottom: 4vh !important;padding-top: 0px !important;padding-right: 15px !important;padding-left: 15px !important;}" offset="vc_col-lg-4 vc_col-md-6 vc_col-xs-12"][woodmart_responsive_text_block size="custom" font_weight="100" align="left" color_scheme="light" desktop_text_size="80" css=".vc_custom_1522139374229{margin-bottom: 8px !important;}" tablet_text_size="60" mobile_text_size="40"]Gear Up[/woodmart_responsive_text_block][woodmart_responsive_text_block size="custom" font_weight="600" align="left" color_scheme="light" desktop_text_size="60" css=".vc_custom_1522139381891{margin-bottom: 8px !important;}" tablet_text_size="40" mobile_text_size="30"]THROW DOWN[/woodmart_responsive_text_block][woodmart_responsive_text_block font="text" size="custom" align="left" color_scheme="custom" desktop_text_size="16" css=".vc_custom_1522142412369{margin-bottom: 25px !important;}" color="rgba(255,255,255,0.6)" tablet_text_size="14"]There are many variations of passages of Lorem Ipsum available, but the majority have suffered alteration in some form, by injected humour, or randomised words which don't look even slightly believable. If you are going to use a passage.[/woodmart_responsive_text_block][woodmart_button color="primary" button_inline="yes" title="VIEW MORE" link="url:%23|||"][woodmart_button color="white" style="bordered" button_inline="yes" title="GO TO SHOP" link="url:%23|||"][/vc_column][vc_column width="1/12" css=".vc_custom_1522310273894{padding-top: 0px !important;}" offset="vc_hidden-md vc_hidden-sm vc_hidden-xs"][/vc_column][vc_column css=".vc_custom_1522310278123{margin-bottom: 4vh !important;padding-top: 0px !important;}" offset="vc_col-lg-6 vc_col-md-6 vc_col-xs-12"][vc_video image_poster_switch="yes" poster_image="44" img_size="full" css=".vc_custom_1524301236963{margin-bottom: 0px !important;}"][/vc_column][/vc_row][vc_row full_width="stretch_row" content_placement="top" woodmart_gradient_switch="yes" css=".vc_custom_1522137963095{padding-bottom: 4vh !important;background-color: #101010 !important;}" woodmart_color_gradient="rgb(53, 41, 65)-0/rgba(16, 16, 16, 0)-29/|radial-gradient(center center , circle cover , rgb(53, 41, 65) , rgba(16, 16, 16, 0) 29%)|circle|center center"][vc_column css=".vc_custom_1522137426388{padding-top: 0px !important;}"][woodmart_responsive_text_block size="custom" font_weight="100" color_scheme="light" desktop_text_size="26" css=".vc_custom_1522136738599{margin-bottom: 8px !important;}" tablet_text_size="22" mobile_text_size="18"]Light On The Wallet[/woodmart_responsive_text_block][woodmart_title size="custom" font_weight="700" color="primary" title_width="40" title="CUSTOM DESKTOPS" desktop_text_size="34" css=".vc_custom_1522136694398{margin-bottom: 10px !important;}" tablet_text_size="28" mobile_text_size="22"][woodmart_responsive_text_block font="text" size="custom" font_weight="400" content_width="40" color_scheme="custom" color="rgba(255,255,255,0.6)" desktop_text_size="14"]There are many variations of passages of Lorem Ipsum available, but the majority have suffered alteration in some form, by injected.[/woodmart_responsive_text_block][/vc_column][vc_column css=".vc_custom_1522138145106{margin-bottom: 2vh !important;padding-top: 0px !important;}" offset="vc_col-lg-6 vc_col-md-6 vc_col-xs-12"][vc_row_inner content_placement="middle"][vc_column_inner width="1/2" css=".vc_custom_1522137152052{margin-bottom: 2vh !important;}"][vc_single_image image="117" img_size="230x340" alignment="center" css=".vc_custom_1524301061020{margin-bottom: 0px !important;}"][/vc_column_inner][vc_column_inner width="1/2" css=".vc_custom_1522137205788{margin-bottom: 2vh !important;}"][woodmart_responsive_text_block size="custom" font_weight="600" align="left" color_scheme="light" desktop_text_size="20" css=".vc_custom_1522071196556{margin-bottom: 10px !important;}"]SkyTech Omega[/woodmart_responsive_text_block][woodmart_list icon_fontawesome="fa fa-check" list="%5B%7B%22list-content%22%3A%22GeForce%20GTX%201060%22%7D%2C%7B%22list-content%22%3A%22Intel%20Core%20i5%207500%22%7D%2C%7B%22list-content%22%3A%2216GB%20DDR4%22%7D%2C%7B%22list-content%22%3A%22240GB%20SSD%20%2B%201TB%20HDD%22%7D%2C%7B%22list-content%22%3A%22Windows%2010%22%7D%5D" icons_color="#5a5fde" css=".vc_custom_1521891009539{margin-bottom: 20px !important;}"][woodmart_button color="primary" align="left" title="READ MORE" link="url:%23|||"][/vc_column_inner][/vc_row_inner][/vc_column][vc_column css=".vc_custom_1522138150522{margin-bottom: 2vh !important;padding-top: 0px !important;}" offset="vc_col-lg-6 vc_col-md-6 vc_col-xs-12"][vc_row_inner content_placement="middle"][vc_column_inner width="6/12" css=".vc_custom_1522137068956{margin-bottom: 2vh !important;}"][vc_single_image image="117" img_size="230x340" alignment="center" css=".vc_custom_1524301073292{margin-bottom: 0px !important;}"][/vc_column_inner][vc_column_inner width="1/2" css=".vc_custom_1522137219472{margin-bottom: 2vh !important;}"][woodmart_responsive_text_block size="custom" font_weight="600" align="left" color_scheme="light" desktop_text_size="20" css=".vc_custom_1522071668261{margin-bottom: 10px !important;}"]Ava Lumos[/woodmart_responsive_text_block][woodmart_list icon_fontawesome="fa fa-check" list="%5B%7B%22list-content%22%3A%22GeForce%20GTX%201070Ti%22%7D%2C%7B%22list-content%22%3A%22Intel%20Core%20i5%207700k%22%7D%2C%7B%22list-content%22%3A%2232GB%20DDR4%22%7D%2C%7B%22list-content%22%3A%22480GB%20SSD%20%2B%202TB%20HDD%22%7D%2C%7B%22list-content%22%3A%22Windows%2010%22%7D%5D" icons_color="#5a5fde" css=".vc_custom_1522072049739{margin-bottom: 20px !important;}"][woodmart_button color="primary" align="left" title="READ MORE" link="url:%23|||"][/vc_column_inner][/vc_row_inner][/vc_column][vc_column css=".vc_custom_1522138159182{margin-bottom: 2vh !important;}" offset="vc_col-lg-6 vc_col-md-6 vc_col-xs-12"][vc_row_inner content_placement="middle"][vc_column_inner width="6/12" css=".vc_custom_1522137110324{margin-bottom: 2vh !important;}"][vc_single_image image="117" img_size="230x340" alignment="center" css=".vc_custom_1524301089212{margin-bottom: 0px !important;}"][/vc_column_inner][vc_column_inner width="1/2" css=".vc_custom_1522137226589{margin-bottom: 2vh !important;}"][woodmart_responsive_text_block size="custom" font_weight="600" align="left" color_scheme="light" desktop_text_size="20" css=".vc_custom_1522071523213{margin-bottom: 10px !important;}"]Iron Conqueror[/woodmart_responsive_text_block][woodmart_list icon_fontawesome="fa fa-check" list="%5B%7B%22list-content%22%3A%22GeForce%20GTX%201080Ti%22%7D%2C%7B%22list-content%22%3A%22Intel%20Core%20i7%208700k%22%7D%2C%7B%22list-content%22%3A%2264GB%20DDR4%22%7D%2C%7B%22list-content%22%3A%22480GB%20SSD%20%2B%202TB%20HDD%22%7D%2C%7B%22list-content%22%3A%22Windows%2010%22%7D%5D" icons_color="#5a5fde" css=".vc_custom_1522071992576{margin-bottom: 20px !important;}"][woodmart_button color="primary" align="left" title="READ MORE" link="url:%23|||"][/vc_column_inner][/vc_row_inner][/vc_column][vc_column css=".vc_custom_1522138163490{margin-bottom: 2vh !important;}" offset="vc_col-lg-6 vc_col-md-6 vc_col-xs-12"][vc_row_inner content_placement="middle"][vc_column_inner width="6/12" css=".vc_custom_1522137123196{margin-bottom: 2vh !important;}"][vc_single_image image="117" img_size="230x340" alignment="center" css=".vc_custom_1524301114487{margin-bottom: 0px !important;}"][/vc_column_inner][vc_column_inner width="1/2" css=".vc_custom_1522137233557{margin-bottom: 2vh !important;}"][woodmart_responsive_text_block size="custom" font_weight="600" align="left" color_scheme="light" desktop_text_size="20" css=".vc_custom_1522071190781{margin-bottom: 10px !important;}"]Maingear Rush[/woodmart_responsive_text_block][woodmart_list icon_fontawesome="fa fa-check" list="%5B%7B%22list-content%22%3A%22Radeon%20RX%20Vega%22%7D%2C%7B%22list-content%22%3A%22AMD%20Ryzen%207%201800x%22%7D%2C%7B%22list-content%22%3A%2232GB%20DDR4%22%7D%2C%7B%22list-content%22%3A%22480GB%20SSD%20%2B%202TB%20HDD%22%7D%2C%7B%22list-content%22%3A%22Windows%2010%22%7D%5D" icons_color="#5a5fde" css=".vc_custom_1522071934495{margin-bottom: 20px !important;}"][woodmart_button color="primary" align="left" title="READ MORE" link="url:%23|||"][/vc_column_inner][/vc_row_inner][/vc_column][/vc_row][vc_row][vc_column css=".vc_custom_1521815870222{padding-top: 0px !important;}"][woodmart_responsive_text_block size="custom" font_weight="100" color_scheme="light" desktop_text_size="26" css=".vc_custom_1522142452847{margin-bottom: 8px !important;}" tablet_text_size="22" mobile_text_size="18"]Heavy On Power[/woodmart_responsive_text_block][woodmart_title size="custom" font_weight="700" color="primary" title_width="40" title="GAMING SETUP" desktop_text_size="34" css=".vc_custom_1522136699685{margin-bottom: 10px !important;}" tablet_text_size="28" mobile_text_size="22"][woodmart_responsive_text_block font="text" size="custom" font_weight="400" content_width="40" color_scheme="custom" color="rgba(255,255,255,0.6)" desktop_text_size="14"]There are many variations of passages of Lorem Ipsum available, but the majority have suffered alteration in some form, by injected.[/woodmart_responsive_text_block][/vc_column][/vc_row][vc_row full_width="stretch_row_content_no_spaces"][vc_column][woodmart_gallery images="77,78,79,80,81,117" view="grid" spacing="0" columns="3" on_click="lightbox" caption="" img_size="full"][/vc_column][/vc_row][vc_row full_width="stretch_row" content_placement="middle" woodmart_bg_position="center-bottom" css=".vc_custom_1524302813075{padding-top: 8vh !important;padding-bottom: 4vh !important;background-image: url(http://dummy.xtemos.com/woodmart/demos/wp-content/uploads/sites/2/2018/04/black-electronics-testimon-bg.jpg?id=1464) !important;background-position: center !important;background-repeat: no-repeat !important;background-size: cover !important;}"][vc_column width="7/12" css=".vc_custom_1522138473565{margin-bottom: 4vh !important;padding-top: 0px !important;}" offset="vc_col-lg-4 vc_col-md-4 vc_col-xs-7"][vc_single_image image="117" img_size="377x471" css=".vc_custom_1524301280951{margin-bottom: 0px !important;}"][/vc_column][vc_column width="5/12" css=".vc_custom_1522138480293{margin-bottom: 4vh !important;padding-top: 0px !important;}" offset="vc_col-lg-3 vc_col-md-3 vc_col-xs-5"][vc_single_image image="117" img_size="275x223" css=".vc_custom_1524301314878{margin-bottom: 25px !important;}"][vc_single_image image="117" img_size="275x223" css=".vc_custom_1524301327348{margin-bottom: 0px !important;}"][/vc_column][vc_column css=".vc_custom_1522138483500{margin-bottom: 4vh !important;padding-top: 0px !important;}" offset="vc_col-lg-5 vc_col-md-5 vc_col-xs-12"][woodmart_responsive_text_block size="custom" font_weight="600" align="left" color_scheme="light" desktop_text_size="42" css=".vc_custom_1522139530867{margin-bottom: 8px !important;}" tablet_text_size="36" mobile_text_size="24"]POWER AND BEAUTY[/woodmart_responsive_text_block][woodmart_responsive_text_block size="custom" font_weight="100" align="left" color_scheme="light" desktop_text_size="42" css=".vc_custom_1522139534787{margin-bottom: 8px !important;}" tablet_text_size="36" mobile_text_size="24"]IN ONE CASE[/woodmart_responsive_text_block][woodmart_responsive_text_block font="text" size="custom" align="left" color_scheme="custom" desktop_text_size="16" css=".vc_custom_1522142418967{margin-bottom: 15px !important;}" color="rgba(255,255,255,0.6)" tablet_text_size="14"]There are many variations of passages of Lorem Ipsum available, but the majority have suffered alteration in some form, by injected humour, or randomised words which don't look even.[/woodmart_responsive_text_block][woodmart_responsive_text_block font="text" size="custom" align="left" color_scheme="custom" color="#ffffff" css=".vc_custom_1521897086789{margin-bottom: 15px !important;padding-left: 20px !important;}" desktop_text_size="16"]<em>“It is a long established fact that a reader will be distracted by the readable content of a page when looking.”</em>[/woodmart_responsive_text_block][vc_row_inner content_placement="middle"][vc_column_inner width="2/3" offset="vc_col-xs-7"][woodmart_responsive_text_block font="text" size="custom" align="right" color_scheme="custom" color="#ffffff" css=".vc_custom_1521791474195{margin-bottom: 0px !important;padding-left: 20px !important;}" desktop_text_size="16"]<strong>Kate Abrams</strong>[/woodmart_responsive_text_block][/vc_column_inner][vc_column_inner width="1/3" offset="vc_col-xs-5"][vc_single_image image="863" img_size="full" alignment="right" css=".vc_custom_1524301472732{margin-bottom: 0px !important;}"][/vc_column_inner][/vc_row_inner][/vc_column][/vc_row][vc_row css=".vc_custom_1522140113965{margin-bottom: -40px !important;}"][vc_column css=".vc_custom_1521737134525{padding-top: 0px !important;}"][woodmart_responsive_text_block size="custom" font_weight="100" color_scheme="light" desktop_text_size="26" css=".vc_custom_1522136748023{margin-bottom: 8px !important;}" tablet_text_size="22" mobile_text_size="18"]Find Out Our[/woodmart_responsive_text_block][woodmart_title size="custom" font_weight="700" color="primary" title_width="40" title="LATEST EVENTS" desktop_text_size="34" css=".vc_custom_1522136705903{margin-bottom: 10px !important;}" tablet_text_size="28" mobile_text_size="22"][woodmart_responsive_text_block font="text" size="custom" font_weight="400" content_width="40" color_scheme="custom" color="rgba(255,255,255,0.6)" desktop_text_size="14" css=".vc_custom_1522055839135{margin-bottom: 20px !important;}"]There are many variations of passages of Lorem Ipsum available, but the majority have suffered alteration in some form, by injected.[/woodmart_responsive_text_block][/vc_column][vc_column css=".vc_custom_1521737138431{padding-top: 0px !important;}"][woodmart_blog items_per_page="4" blog_design="carousel" parts_title="1" parts_meta="1" parts_text="1" parts_btn="1" slides_per_view="3" hide_pagination_control="yes" img_size="full"][/vc_column][/vc_row]]]></content:encoded>
		<excerpt:encoded><![CDATA[]]></excerpt:encoded>
		<wp:post_id>1455</wp:post_id>
		<wp:post_date>2018-04-21 08:59:34</wp:post_date>
		<wp:post_date_gmt>2018-04-21 08:59:34</wp:post_date_gmt>
		<wp:comment_status>closed</wp:comment_status>
		<wp:ping_status>closed</wp:ping_status>
		<wp:post_name>home-hardware</wp:post_name>
		<wp:status>publish</wp:status>
		<wp:post_parent>0</wp:post_parent>
		<wp:menu_order>0</wp:menu_order>
		<wp:post_type>page</wp:post_type>
		<wp:post_password></wp:post_password>
		<wp:is_sticky>0</wp:is_sticky>
		<wp:postmeta>
			<wp:meta_key>_wp_page_template</wp:meta_key>
			<wp:meta_value><![CDATA[default]]></wp:meta_value>
		</wp:postmeta>
		<wp:postmeta>
			<wp:meta_key>_wpb_shortcodes_custom_css</wp:meta_key>
			<wp:meta_value><![CDATA[.vc_custom_1521889275927{margin-bottom: 10px !important;}.vc_custom_1521725655632{margin-bottom: 8vh !important;}.vc_custom_1524302702415{padding-top: 4vh !important;background-image: url(http://dummy.xtemos.com/woodmart/demos/wp-content/uploads/sites/2/2018/04/black-electronics-360-bg.jpg?id=1461) !important;background-position: center !important;background-repeat: no-repeat !important;background-size: cover !important;}.vc_custom_1522310565095{margin-bottom: 6vh !important;background-color: #101010 !important;background-position: center !important;background-repeat: no-repeat !important;background-size: cover !important;}.vc_custom_1522137963095{padding-bottom: 4vh !important;background-color: #101010 !important;}.vc_custom_1524302813075{padding-top: 8vh !important;padding-bottom: 4vh !important;background-image: url(http://dummy.xtemos.com/woodmart/demos/wp-content/uploads/sites/2/2018/04/black-electronics-testimon-bg.jpg?id=1464) !important;background-position: center !important;background-repeat: no-repeat !important;background-size: cover !important;}.vc_custom_1522140113965{margin-bottom: -40px !important;}.vc_custom_1522136337263{margin-bottom: 8px !important;}.vc_custom_1522136345583{margin-bottom: 10px !important;}.vc_custom_1522140566736{margin-bottom: 6vh !important;}.vc_custom_1522310558917{margin-bottom: 6vh !important;}.vc_custom_1522139395504{margin-bottom: 8px !important;}.vc_custom_1522139401372{margin-bottom: 8px !important;}.vc_custom_1522136729535{margin-bottom: 8px !important;}.vc_custom_1522136688741{margin-bottom: 10px !important;}.vc_custom_1522055949933{margin-bottom: 20px !important;}.vc_custom_1522310270200{padding-top: 0px !important;}.vc_custom_1522310264461{margin-bottom: 4vh !important;padding-top: 0px !important;padding-right: 15px !important;padding-left: 15px !important;}.vc_custom_1522310273894{padding-top: 0px !important;}.vc_custom_1522310278123{margin-bottom: 4vh !important;padding-top: 0px !important;}.vc_custom_1522139374229{margin-bottom: 8px !important;}.vc_custom_1522139381891{margin-bottom: 8px !important;}.vc_custom_1522142412369{margin-bottom: 25px !important;}.vc_custom_1524301236963{margin-bottom: 0px !important;}.vc_custom_1522137426388{padding-top: 0px !important;}.vc_custom_1522138145106{margin-bottom: 2vh !important;padding-top: 0px !important;}.vc_custom_1522138150522{margin-bottom: 2vh !important;padding-top: 0px !important;}.vc_custom_1522138159182{margin-bottom: 2vh !important;}.vc_custom_1522138163490{margin-bottom: 2vh !important;}.vc_custom_1522136738599{margin-bottom: 8px !important;}.vc_custom_1522136694398{margin-bottom: 10px !important;}.vc_custom_1522137152052{margin-bottom: 2vh !important;}.vc_custom_1522137205788{margin-bottom: 2vh !important;}.vc_custom_1524301061020{margin-bottom: 0px !important;}.vc_custom_1522071196556{margin-bottom: 10px !important;}.vc_custom_1521891009539{margin-bottom: 20px !important;}.vc_custom_1522137068956{margin-bottom: 2vh !important;}.vc_custom_1522137219472{margin-bottom: 2vh !important;}.vc_custom_1524301073292{margin-bottom: 0px !important;}.vc_custom_1522071668261{margin-bottom: 10px !important;}.vc_custom_1522072049739{margin-bottom: 20px !important;}.vc_custom_1522137110324{margin-bottom: 2vh !important;}.vc_custom_1522137226589{margin-bottom: 2vh !important;}.vc_custom_1524301089212{margin-bottom: 0px !important;}.vc_custom_1522071523213{margin-bottom: 10px !important;}.vc_custom_1522071992576{margin-bottom: 20px !important;}.vc_custom_1522137123196{margin-bottom: 2vh !important;}.vc_custom_1522137233557{margin-bottom: 2vh !important;}.vc_custom_1524301114487{margin-bottom: 0px !important;}.vc_custom_1522071190781{margin-bottom: 10px !important;}.vc_custom_1522071934495{margin-bottom: 20px !important;}.vc_custom_1521815870222{padding-top: 0px !important;}.vc_custom_1522142452847{margin-bottom: 8px !important;}.vc_custom_1522136699685{margin-bottom: 10px !important;}.vc_custom_1522138473565{margin-bottom: 4vh !important;padding-top: 0px !important;}.vc_custom_1522138480293{margin-bottom: 4vh !important;padding-top: 0px !important;}.vc_custom_1522138483500{margin-bottom: 4vh !important;padding-top: 0px !important;}.vc_custom_1524301280951{margin-bottom: 0px !important;}.vc_custom_1524301314878{margin-bottom: 25px !important;}.vc_custom_1524301327348{margin-bottom: 0px !important;}.vc_custom_1522139530867{margin-bottom: 8px !important;}.vc_custom_1522139534787{margin-bottom: 8px !important;}.vc_custom_1522142418967{margin-bottom: 15px !important;}.vc_custom_1521897086789{margin-bottom: 15px !important;padding-left: 20px !important;}.vc_custom_1521791474195{margin-bottom: 0px !important;padding-left: 20px !important;}.vc_custom_1524301472732{margin-bottom: 0px !important;}.vc_custom_1521737134525{padding-top: 0px !important;}.vc_custom_1521737138431{padding-top: 0px !important;}.vc_custom_1522136748023{margin-bottom: 8px !important;}.vc_custom_1522136705903{margin-bottom: 10px !important;}.vc_custom_1522055839135{margin-bottom: 20px !important;}]]></wp:meta_value>
		</wp:postmeta>
		<wp:postmeta>
			<wp:meta_key>_woodmart_whb_header</wp:meta_key>
			<wp:meta_value><![CDATA[header_322159]]></wp:meta_value>
		</wp:postmeta>
		<wp:postmeta>
			<wp:meta_key>_woodmart_main_layout</wp:meta_key>
			<wp:meta_value><![CDATA[full-width]]></wp:meta_value>
		</wp:postmeta>
		<wp:postmeta>
			<wp:meta_key>_woodmart_title_off</wp:meta_key>
			<wp:meta_value><![CDATA[on]]></wp:meta_value>
		</wp:postmeta>
		<wp:postmeta>
			<wp:meta_key>_woodmart_prefooter_off</wp:meta_key>
			<wp:meta_value><![CDATA[on]]></wp:meta_value>
		</wp:postmeta>
		<wp:postmeta>
			<wp:meta_key>_oembed_71ae0db7f6e61ffd19b757ea6a0c207c</wp:meta_key>
			<wp:meta_value><![CDATA[<iframe src="https://player.vimeo.com/video/51589652?app_id=122963" width="500" height="281" frameborder="0" title="Timelapse - Lighthouse (Oct 2012)" webkitallowfullscreen mozallowfullscreen allowfullscreen></iframe>]]></wp:meta_value>
		</wp:postmeta>
		<wp:postmeta>
			<wp:meta_key>_oembed_time_71ae0db7f6e61ffd19b757ea6a0c207c</wp:meta_key>
			<wp:meta_value><![CDATA[1524301210]]></wp:meta_value>
		</wp:postmeta>
	</item>
	<item>
		<title>black-electronics-ram</title>
		<link>http://dummy.xtemos.com/woodmart/demos/home-hardware/black-electronics-ram/</link>
		<pubDate>Sat, 21 Apr 2018 09:36:36 +0000</pubDate>
		<dc:creator><![CDATA[erwin]]></dc:creator>
		<guid isPermaLink="false">http://dummy.xtemos.com/woodmart/demos/wp-content/uploads/sites/2/2018/04/black-electronics-ram.svg</guid>
		<description></description>
		<content:encoded><![CDATA[]]></content:encoded>
		<excerpt:encoded><![CDATA[]]></excerpt:encoded>
		<wp:post_id>1466</wp:post_id>
		<wp:post_date>2018-04-21 09:36:36</wp:post_date>
		<wp:post_date_gmt>2018-04-21 09:36:36</wp:post_date_gmt>
		<wp:comment_status>open</wp:comment_status>
		<wp:ping_status>closed</wp:ping_status>
		<wp:post_name>black-electronics-ram</wp:post_name>
		<wp:status>inherit</wp:status>
		<wp:post_parent>1455</wp:post_parent>
		<wp:menu_order>0</wp:menu_order>
		<wp:post_type>attachment</wp:post_type>
		<wp:post_password></wp:post_password>
		<wp:is_sticky>0</wp:is_sticky>
		<wp:attachment_url>http://dummy.xtemos.com/woodmart/demos/wp-content/uploads/sites/2/2018/04/black-electronics-ram.svg</wp:attachment_url>
		<wp:postmeta>
			<wp:meta_key>_wp_attached_file</wp:meta_key>
			<wp:meta_value><![CDATA[2018/04/black-electronics-ram.svg]]></wp:meta_value>
		</wp:postmeta>
	</item>
	<item>
		<title>black-electronics-testimon-bg</title>
		<link>http://dummy.xtemos.com/woodmart/demos/home-hardware/black-electronics-testimon-bg/</link>
		<pubDate>Sat, 21 Apr 2018 09:35:25 +0000</pubDate>
		<dc:creator><![CDATA[erwin]]></dc:creator>
		<guid isPermaLink="false">http://dummy.xtemos.com/woodmart/demos/wp-content/uploads/sites/2/2018/04/black-electronics-testimon-bg.jpg</guid>
		<description></description>
		<content:encoded><![CDATA[]]></content:encoded>
		<excerpt:encoded><![CDATA[]]></excerpt:encoded>
		<wp:post_id>1464</wp:post_id>
		<wp:post_date>2018-04-21 09:35:25</wp:post_date>
		<wp:post_date_gmt>2018-04-21 09:35:25</wp:post_date_gmt>
		<wp:comment_status>open</wp:comment_status>
		<wp:ping_status>closed</wp:ping_status>
		<wp:post_name>black-electronics-testimon-bg</wp:post_name>
		<wp:status>inherit</wp:status>
		<wp:post_parent>1455</wp:post_parent>
		<wp:menu_order>0</wp:menu_order>
		<wp:post_type>attachment</wp:post_type>
		<wp:post_password></wp:post_password>
		<wp:is_sticky>0</wp:is_sticky>
		<wp:attachment_url>http://dummy.xtemos.com/woodmart/demos/wp-content/uploads/sites/2/2018/04/black-electronics-testimon-bg.jpg</wp:attachment_url>
		<wp:postmeta>
			<wp:meta_key>_wp_attached_file</wp:meta_key>
			<wp:meta_value><![CDATA[2018/04/black-electronics-testimon-bg.jpg]]></wp:meta_value>
		</wp:postmeta>
	</item>
	<item>
		<title>black-electronics-foo-bg</title>
		<link>http://dummy.xtemos.com/woodmart/demos/black-electronics-foo-bg/</link>
		<pubDate>Mon, 23 Apr 2018 06:31:24 +0000</pubDate>
		<dc:creator><![CDATA[erwin]]></dc:creator>
		<guid isPermaLink="false">http://dummy.xtemos.com/woodmart/demos/wp-content/uploads/sites/2/2018/04/black-electronics-foo-bg.jpg</guid>
		<description></description>
		<content:encoded><![CDATA[]]></content:encoded>
		<excerpt:encoded><![CDATA[]]></excerpt:encoded>
		<wp:post_id>1469</wp:post_id>
		<wp:post_date>2018-04-23 06:31:24</wp:post_date>
		<wp:post_date_gmt>2018-04-23 06:31:24</wp:post_date_gmt>
		<wp:comment_status>open</wp:comment_status>
		<wp:ping_status>closed</wp:ping_status>
		<wp:post_name>black-electronics-foo-bg</wp:post_name>
		<wp:status>inherit</wp:status>
		<wp:post_parent>0</wp:post_parent>
		<wp:menu_order>0</wp:menu_order>
		<wp:post_type>attachment</wp:post_type>
		<wp:post_password></wp:post_password>
		<wp:is_sticky>0</wp:is_sticky>
		<wp:attachment_url>http://dummy.xtemos.com/woodmart/demos/wp-content/uploads/sites/2/2018/04/black-electronics-foo-bg.jpg</wp:attachment_url>
		<wp:postmeta>
			<wp:meta_key>_wp_attached_file</wp:meta_key>
			<wp:meta_value><![CDATA[2018/04/black-electronics-foo-bg.jpg]]></wp:meta_value>
		</wp:postmeta>
	</item>
	<item>
		<title>black-electronics-360-bg</title>
		<link>http://dummy.xtemos.com/woodmart/demos/home-hardware/black-electronics-360-bg/</link>
		<pubDate>Sat, 21 Apr 2018 09:33:01 +0000</pubDate>
		<dc:creator><![CDATA[erwin]]></dc:creator>
		<guid isPermaLink="false">http://dummy.xtemos.com/woodmart/demos/wp-content/uploads/sites/2/2018/04/black-electronics-360-bg.jpg</guid>
		<description></description>
		<content:encoded><![CDATA[]]></content:encoded>
		<excerpt:encoded><![CDATA[]]></excerpt:encoded>
		<wp:post_id>1461</wp:post_id>
		<wp:post_date>2018-04-21 09:33:01</wp:post_date>
		<wp:post_date_gmt>2018-04-21 09:33:01</wp:post_date_gmt>
		<wp:comment_status>open</wp:comment_status>
		<wp:ping_status>closed</wp:ping_status>
		<wp:post_name>black-electronics-360-bg</wp:post_name>
		<wp:status>inherit</wp:status>
		<wp:post_parent>1455</wp:post_parent>
		<wp:menu_order>0</wp:menu_order>
		<wp:post_type>attachment</wp:post_type>
		<wp:post_password></wp:post_password>
		<wp:is_sticky>0</wp:is_sticky>
		<wp:attachment_url>http://dummy.xtemos.com/woodmart/demos/wp-content/uploads/sites/2/2018/04/black-electronics-360-bg.jpg</wp:attachment_url>
		<wp:postmeta>
			<wp:meta_key>_wp_attached_file</wp:meta_key>
			<wp:meta_value><![CDATA[2018/04/black-electronics-360-bg.jpg]]></wp:meta_value>
		</wp:postmeta>
	</item>
</channel>
</rss>
