<?xml version="1.0" encoding="UTF-8" ?>
<!-- This is a WordPress eXtended RSS file generated by WordPress as an export of your site. -->
<!-- It contains information about your site's posts, pages, comments, categories, and other content. -->
<!-- You may use this file to transfer that content from one site to another. -->
<!-- This file is not intended to serve as a complete backup of your site. -->

<!-- To import this information into a WordPress site follow these steps: -->
<!-- 1. Log in to that site as an administrator. -->
<!-- 2. Go to Tools: Import in the WordPress admin panel. -->
<!-- 3. Install the "WordPress" importer from the list. -->
<!-- 4. Activate & Run Importer. -->
<!-- 5. Upload this file using the form provided on that page. -->
<!-- 6. You will first be asked to map the authors in this export file to users -->
<!--    on the site. For each author, you may choose to map to an -->
<!--    existing user on the site or to create a new user. -->
<!-- 7. WordPress will then import each of the posts, pages, comments, categories, etc. -->
<!--    contained in this file into your site. -->

	<!-- generator="WordPress/5.4.6" created="2021-06-17 13:20" -->
<rss version="2.0"
	xmlns:excerpt="http://wordpress.org/export/1.2/excerpt/"
	xmlns:content="http://purl.org/rss/1.0/modules/content/"
	xmlns:wfw="http://wellformedweb.org/CommentAPI/"
	xmlns:dc="http://purl.org/dc/elements/1.1/"
	xmlns:wp="http://wordpress.org/export/1.2/"
>

<channel>
	<title>Woodmart dummy demos</title>
	<link>http://dummy.xtemos.com/woodmart-elementor/demos</link>
	<description>Just another Woodmart Dummy Content Sites site</description>
	<pubDate>Thu, 17 Jun 2021 13:20:11 +0000</pubDate>
	<language>en-US</language>
	<wp:wxr_version>1.2</wp:wxr_version>
	<wp:base_site_url>http://dummy.xtemos.com/woodmart-elementor/</wp:base_site_url>
	<wp:base_blog_url>http://dummy.xtemos.com/woodmart-elementor/demos</wp:base_blog_url>

		<wp:author><wp:author_id>4</wp:author_id><wp:author_login>zakhar</wp:author_login><wp:author_email>sdads@asdasd.asd</wp:author_email><wp:author_display_name><![CDATA[zakhar]]></wp:author_display_name><wp:author_first_name><![CDATA[]]></wp:author_first_name><wp:author_last_name><![CDATA[]]></wp:author_last_name></wp:author>

				
	<generator>https://wordpress.org/?v=5.4.6</generator>

		<item>
		<title>
				Home Beauty		</title>
		<link>http://dummy.xtemos.com/woodmart-elementor/demos/home-beauty/</link>
		<pubDate>Sun, 16 May 2021 06:15:14 +0000</pubDate>
		<dc:creator><![CDATA[zakhar]]></dc:creator>
		<guid isPermaLink="false">http://dummy.xtemos.com/woodmart-elementor/demos/?page_id=10575</guid>
		<description></description>
		<content:encoded><![CDATA[ 						 						
										 			

	
					
				
									
				View Large
								 			
									
											
									
											
									
				]]></content:encoded>
		<excerpt:encoded><![CDATA[]]></excerpt:encoded>
		<wp:post_id>10575</wp:post_id>
		<wp:post_date>2021-05-16 06:15:14</wp:post_date>
		<wp:post_date_gmt>2021-05-16 06:15:14</wp:post_date_gmt>
		<wp:comment_status>closed</wp:comment_status>
		<wp:ping_status>closed</wp:ping_status>
		<wp:post_name>home-beauty</wp:post_name>
		<wp:status>publish</wp:status>
		<wp:post_parent>0</wp:post_parent>
		<wp:menu_order>0</wp:menu_order>
		<wp:post_type>page</wp:post_type>
		<wp:post_password></wp:post_password>
		<wp:is_sticky>0</wp:is_sticky>
														<wp:postmeta>
			<wp:meta_key>_woodmart_mobile_content</wp:meta_key>
			<wp:meta_value><![CDATA[]]></wp:meta_value>
		</wp:postmeta>
							<wp:postmeta>
			<wp:meta_key>_woodmart_whb_header</wp:meta_key>
			<wp:meta_value><![CDATA[header_459219]]></wp:meta_value>
		</wp:postmeta>
							<wp:postmeta>
			<wp:meta_key>_woodmart_title_image</wp:meta_key>
			<wp:meta_value><![CDATA[]]></wp:meta_value>
		</wp:postmeta>
							<wp:postmeta>
			<wp:meta_key>_woodmart_title_bg_color</wp:meta_key>
			<wp:meta_value><![CDATA[]]></wp:meta_value>
		</wp:postmeta>
							<wp:postmeta>
			<wp:meta_key>_woodmart_page-title-size</wp:meta_key>
			<wp:meta_value><![CDATA[inherit]]></wp:meta_value>
		</wp:postmeta>
							<wp:postmeta>
			<wp:meta_key>_woodmart_main_layout</wp:meta_key>
			<wp:meta_value><![CDATA[full-width]]></wp:meta_value>
		</wp:postmeta>
							<wp:postmeta>
			<wp:meta_key>_woodmart_title_off</wp:meta_key>
			<wp:meta_value><![CDATA[on]]></wp:meta_value>
		</wp:postmeta>
							<wp:postmeta>
			<wp:meta_key>_elementor_edit_mode</wp:meta_key>
			<wp:meta_value><![CDATA[builder]]></wp:meta_value>
		</wp:postmeta>
							<wp:postmeta>
			<wp:meta_key>_elementor_template_type</wp:meta_key>
			<wp:meta_value><![CDATA[wp-page]]></wp:meta_value>
		</wp:postmeta>
							<wp:postmeta>
			<wp:meta_key>_elementor_version</wp:meta_key>
			<wp:meta_value><![CDATA[2.9.11]]></wp:meta_value>
		</wp:postmeta>
							<wp:postmeta>
			<wp:meta_key>_wp_page_template</wp:meta_key>
			<wp:meta_value><![CDATA[default]]></wp:meta_value>
		</wp:postmeta>
							<wp:postmeta>
			<wp:meta_key>_elementor_data</wp:meta_key>
			<wp:meta_value><![CDATA[[{"id":"9d817e1","elType":"section","settings":{"structure":"20","margin":{"unit":"px","top":"120","right":"0","bottom":"20","left":"0","isLinked":""},"gap":"extended","content_position":"middle","margin_mobile":{"unit":"px","top":"110","right":"0","bottom":"20","left":"0","isLinked":""},"reverse_order_mobile":"reverse-mobile"},"elements":[{"id":"ead6341","elType":"column","settings":{"_column_size":"50","_inline_size":"58","column_sticky_offset":"50","scroll_y":"-80","margin":{"unit":"%","top":"0","right":"0","bottom":"0","left":"15","isLinked":""},"_inline_size_tablet":"50","margin_tablet":{"unit":"px","top":"0","right":"0","bottom":"0","left":"0","isLinked":""}},"elements":[{"id":"1928f14","elType":"widget","settings":{"subtitle":"","title":"Find Your Next Hair and Beauty Experience","after_title":"","align":"left","title_typography_typography":"custom","title_typography_font_size":{"unit":"px","size":"64","sizes":[]},"title_typography_font_size_tablet":{"unit":"px","size":"36","sizes":[]},"title_typography_font_size_mobile":{"unit":"px","size":"32","sizes":[]},"scroll_y":"-80","title_typography_line_height":{"unit":"em","size":"1.2","sizes":[]},"_margin":{"unit":"px","top":"0","right":"0","bottom":"-10","left":"0","isLinked":""},"_animation":"wd-anim-slide-from-left","_animation_delay":"150"},"elements":[],"widgetType":"wd_title"},{"id":"55225b6","elType":"widget","settings":{"editor":"<p>Our skilled brow experts and professional makeup products lead the Industry and perfect your exceptional beauty.<\/p>","typography_typography":"custom","typography_font_size":{"unit":"px","size":"17","sizes":[]},"typography_font_size_tablet":{"unit":"px","size":"16","sizes":[]},"_margin":{"unit":"px","top":"0","right":"0","bottom":"15","left":"0","isLinked":""},"scroll_y":"-80","wd_content_width":{"unit":"px","size":"522","sizes":[]},"_animation":"wd-anim-slide-from-left","_animation_delay":"200"},"elements":[],"widgetType":"text-editor"},{"id":"66c3c49","elType":"widget","settings":{"text":"Subscribe now","color":"primary","size":"large","align":"left","scroll_y":"-80","_animation":"wd-anim-slide-from-left","_animation_delay":"300"},"elements":[],"widgetType":"wd_button"}],"isInner":""},{"id":"d97f61e","elType":"column","settings":{"_column_size":"50","_inline_size":"42","column_sticky_offset":"50","scroll_y":"-80","_inline_size_tablet":"50"},"elements":[{"id":"838535d","elType":"widget","settings":{"image":{"url":"http:\/\/dummy.xtemos.com\/woodmart-elementor\/demos\/wp-content\/uploads\/sites\/2\/2021\/05\/w-beauty-pic-opt.png","id":"10607"},"image_size":"full","scroll_y":"-80","align":"left","_animation":"wd-anim-slide-from-right","_animation_delay":"150"},"elements":[],"widgetType":"image"}],"isInner":""}],"isInner":""},{"id":"0c2e7ca","elType":"section","settings":{"gap":"extended","structure":"30","background_background":"classic","background_color":"#EBDDD9","margin":{"unit":"px","top":"0","right":"0","bottom":"120","left":"0","isLinked":""},"margin_tablet":{"unit":"px","top":"0","right":"0","bottom":"60","left":"0","isLinked":""},"margin_mobile":{"unit":"px","top":"0","right":"0","bottom":"40","left":"0","isLinked":""},"padding":{"unit":"px","top":"35","right":"30","bottom":"35","left":"30","isLinked":""}},"elements":[{"id":"269b050","elType":"column","settings":{"_column_size":"33","background_background":"classic","margin":{"unit":"%","top":"","right":"","bottom":"","left":"","isLinked":"1"},"column_sticky_offset":"50","scroll_y":"-80"},"elements":[{"id":"dd10956","elType":"widget","settings":{"icon_type":"icon","icon_text":"53","image":{"url":"http:\/\/dummy.xtemos.com\/woodmart-elementor\/demos\/wp-content\/uploads\/sites\/2\/2021\/05\/w-beauty-salon.svg","id":"10594"},"image_size":"custom","image_custom_dimension":{"width":"60","height":"60"},"subtitle":"","title":"Make-up &amp; Hair","content":"<p>Styling, hair cutting, all kinds of makeup<\/p>","btn_text":"","alignment":"left","image_alignment":"left","_margin":{"unit":"%","top":"0","right":"15","bottom":"0","left":"15","isLinked":""},"scroll_y":"-80","link":{"url":"","is_external":"","nofollow":"","custom_attributes":""},"_margin_tablet":{"unit":"px","top":"0","right":"0","bottom":"0","left":"0","isLinked":""}},"elements":[],"widgetType":"wd_infobox"}],"isInner":""},{"id":"bc0cde8","elType":"column","settings":{"_column_size":"33","background_background":"classic","column_sticky_offset":"50","scroll_y":"-80"},"elements":[{"id":"b1466ee","elType":"widget","settings":{"icon_type":"icon","icon_text":"53","image":{"url":"http:\/\/dummy.xtemos.com\/woodmart-elementor\/demos\/wp-content\/uploads\/sites\/2\/2021\/05\/w-beauty-nail.svg","id":"10585"},"image_size":"custom","image_custom_dimension":{"width":"60","height":"60"},"subtitle":"","title":"Manicure","content":"<p>Manicure, pedicure of any complexity<\/p>","btn_text":"","alignment":"left","image_alignment":"left","_margin":{"unit":"%","top":"0","right":"15","bottom":"0","left":"15","isLinked":""},"scroll_y":"-80","link":{"url":"","is_external":"","nofollow":"","custom_attributes":""},"_margin_tablet":{"unit":"px","top":"0","right":"0","bottom":"0","left":"0","isLinked":""}},"elements":[],"widgetType":"wd_infobox"}],"isInner":""},{"id":"2db595a","elType":"column","settings":{"_column_size":"33","background_background":"classic","column_sticky_offset":"50","scroll_y":"-80"},"elements":[{"id":"ab16eca","elType":"widget","settings":{"icon_type":"icon","icon_text":"53","image":{"url":"http:\/\/dummy.xtemos.com\/woodmart-elementor\/demos\/wp-content\/uploads\/sites\/2\/2021\/05\/w-beauty-mascara.svg","id":"10597"},"image_size":"custom","image_custom_dimension":{"width":"60","height":"60"},"subtitle":"","title":"Brows","content":"<p>Eyebrow lamination eyelash extension<\/p>","btn_text":"","alignment":"left","image_alignment":"left","_margin":{"unit":"%","top":"0","right":"15","bottom":"0","left":"15","isLinked":""},"scroll_y":"-80","link":{"url":"","is_external":"","nofollow":"","custom_attributes":""},"_margin_tablet":{"unit":"px","top":"0","right":"0","bottom":"0","left":"0","isLinked":""}},"elements":[],"widgetType":"wd_infobox"}],"isInner":""}],"isInner":""},{"id":"ec6a4e7","elType":"section","settings":{"margin":{"unit":"px","top":"0","right":"0","bottom":"120","left":"0","isLinked":""},"margin_tablet":{"unit":"px","top":"0","right":"0","bottom":"60","left":"0","isLinked":""},"margin_mobile":{"unit":"px","top":"0","right":"0","bottom":"40","left":"0","isLinked":""}},"elements":[{"id":"6820b31","elType":"column","settings":{"_column_size":"100","column_sticky_offset":"50","scroll_y":"-80"},"elements":[{"id":"2858e55","elType":"widget","settings":{"subtitle":"DIFFERENT DATA USING","title":"Prices for our services","after_title":"","color":"primary","size":"extra-large","subtitle_typography_typography":"custom","subtitle_typography_font_family":"Josefin Sans","subtitle_typography_font_size":{"unit":"px","size":"13","sizes":[]},"subtitle_typography_font_weight":"600","scroll_y":"-80"},"elements":[],"widgetType":"wd_title"},{"id":"a457e69","elType":"section","settings":{"gap":"extended","structure":"20"},"elements":[{"id":"06abcc4","elType":"column","settings":{"_column_size":"50","column_sticky_offset":"50","scroll_y":"-80"},"elements":[{"id":"88bf38b","elType":"widget","settings":{"title":"Express makeup","description":"Anyway, you still use Lorem Ipsum and rightly so, as it will always","price":"$40","scroll_y":"-80"},"elements":[],"widgetType":"wd_menu_price"},{"id":"83455a5","elType":"widget","settings":{"title":"Day makeup","description":"Even if your less into design and more into content strategy","price":"$55","scroll_y":"-80"},"elements":[],"widgetType":"wd_menu_price"},{"id":"8b7b08f","elType":"widget","settings":{"title":"Evening makeup","description":"But worse, what if the fish doesn't fit in the can, the foot's to big","price":"$75","scroll_y":"-80"},"elements":[],"widgetType":"wd_menu_price"},{"id":"5371882","elType":"widget","settings":{"title":"Self makeup","description":"You decided on a content management system, got a license","price":"$100","scroll_y":"-80","_margin_mobile":{"unit":"px","top":"0","right":"0","bottom":"-15","left":"0","isLinked":""}},"elements":[],"widgetType":"wd_menu_price"}],"isInner":"1"},{"id":"d79706e","elType":"column","settings":{"_column_size":"50","column_sticky_offset":"50","scroll_y":"-80"},"elements":[{"id":"c2bbdf7","elType":"widget","settings":{"title":"Hair styling","description":"You decided on a content management system, got a license","price":"$30","scroll_y":"-80"},"elements":[],"widgetType":"wd_menu_price"},{"id":"d6c6754","elType":"widget","settings":{"title":"Hair styling + head washing*","description":"But worse, what if the fish doesn't fit in the can, the foot's to big","price":"$40","scroll_y":"-80"},"elements":[],"widgetType":"wd_menu_price"},{"id":"14698e2","elType":"widget","settings":{"title":"Hair styling (brush) + head washing*","description":"Anyway, you still use Lorem Ipsum and rightly so, as it will always","price":"$45","scroll_y":"-80"},"elements":[],"widgetType":"wd_menu_price"},{"id":"ff72d50","elType":"widget","settings":{"title":"Head washing*","description":"Even if your less into design and more into content strategy","price":"$15","scroll_y":"-80"},"elements":[],"widgetType":"wd_menu_price"}],"isInner":"1"}],"isInner":"1"}],"isInner":""}],"isInner":""},{"id":"56858d7","elType":"section","settings":{"gap":"extended","content_position":"middle","structure":"20","margin":{"unit":"px","top":"0","right":"0","bottom":"80","left":"0","isLinked":""},"margin_tablet":{"unit":"px","top":"0","right":"0","bottom":"60","left":"0","isLinked":""},"margin_mobile":{"unit":"px","top":"0","right":"0","bottom":"40","left":"0","isLinked":""},"reverse_order_mobile":"reverse-mobile"},"elements":[{"id":"75018e8","elType":"column","settings":{"_column_size":"50","column_sticky_offset":"50","scroll_y":"-80"},"elements":[{"id":"e7b7bed","elType":"widget","settings":{"subtitle":"ALWAYS HAVE A PLACE IN THE WEB","title":"We are waiting for you in ours beauty studio","after_title":"","color":"primary","size":"extra-large","align":"left","width":{"unit":"%","size":"90","sizes":[]},"subtitle_typography_typography":"custom","subtitle_typography_font_family":"Josefin Sans","subtitle_typography_font_size":{"unit":"px","size":"13","sizes":[]},"subtitle_typography_font_weight":"600","_margin":{"unit":"px","top":"0","right":"0","bottom":"-10","left":"0","isLinked":""},"scroll_y":"-80","width_mobile":{"unit":"%","size":"100","sizes":[]},"_animation":"wd-anim-slide-from-bottom","_animation_delay":"0"},"elements":[],"widgetType":"wd_title"},{"id":"7c6a0fd","elType":"widget","settings":{"editor":"<p>Already have a style that you want to maintain? Or do you want to create a new bright image? Our masters are known for their beauty, have modern techniques of correction and care of appearance.<\/p><p>Therefore, you can safely entrust them not only the classic tasks but also the implementation of any idea of transformation!<\/p>","_margin":{"unit":"px","top":"0","right":"0","bottom":"15","left":"0","isLinked":""},"scroll_y":"-80","_animation":"wd-anim-slide-from-bottom","_animation_delay":"50"},"elements":[],"widgetType":"text-editor"},{"id":"a70c1cc","elType":"widget","settings":{"text":"Read more","color":"primary","align":"left","scroll_y":"-80","_animation":"wd-anim-slide-from-bottom","_animation_delay":"200"},"elements":[],"widgetType":"wd_button"}],"isInner":""},{"id":"2788240","elType":"column","settings":{"_column_size":"50","column_sticky_offset":"50","scroll_y":"-80"},"elements":[{"id":"9bad8e0","elType":"widget","settings":{"image":{"url":"http:\/\/dummy.xtemos.com\/woodmart-elementor\/demos\/wp-content\/uploads\/sites\/2\/2021\/05\/w-beauty-img-1-opt.png","id":"10605"},"image_size":"full","align":"left","scroll_y":"-80","_animation":"wd-anim-slide-from-right","_animation_delay":"0"},"elements":[],"widgetType":"image"}],"isInner":""}],"isInner":""},{"id":"b71b4b3","elType":"section","settings":{"wd_section_stretch":"stretch","background_background":"classic","background_color":"rgba(255, 255, 255, 0.5)","margin":{"unit":"px","top":"0","right":"0","bottom":"80","left":"0","isLinked":""},"margin_tablet":{"unit":"px","top":"0","right":"0","bottom":"60","left":"0","isLinked":""},"margin_mobile":{"unit":"px","top":"0","right":"0","bottom":"40","left":"0","isLinked":""},"padding":{"unit":"px","top":"80","right":"10","bottom":"80","left":"10","isLinked":""},"padding_tablet":{"unit":"px","top":"60","right":"10","bottom":"60","left":"10","isLinked":""},"padding_mobile":{"unit":"px","top":"40","right":"10","bottom":"40","left":"10","isLinked":""}},"elements":[{"id":"a89a302","elType":"column","settings":{"_column_size":"100","column_sticky_offset":"50","scroll_y":"-80"},"elements":[{"id":"ab61783","elType":"widget","settings":{"subtitle":"AMAZING FEATURES","title":"Our studio can offer you","after_title":"","color":"primary","size":"extra-large","align":"left","width":{"unit":"%","size":"90","sizes":[]},"subtitle_typography_typography":"custom","subtitle_typography_font_family":"Josefin Sans","subtitle_typography_font_size":{"unit":"px","size":"13","sizes":[]},"subtitle_typography_font_weight":"600","_margin":{"unit":"px","top":"0","right":"0","bottom":"10","left":"0","isLinked":""},"scroll_y":"-80"},"elements":[],"widgetType":"wd_title"},{"id":"fb171d0","elType":"section","settings":{"gap":"extended","structure":"40"},"elements":[{"id":"d6b4c0f","elType":"column","settings":{"_column_size":"25","column_sticky_offset":"50","scroll_y":"-80","_inline_size_tablet":"50"},"elements":[{"id":"18f35c3","elType":"widget","settings":{"icon_type":"icon","icon_text":"53","image":{"url":"http:\/\/dummy.xtemos.com\/woodmart-elementor\/demos\/wp-content\/uploads\/sites\/2\/2021\/05\/w-beauty-offer-1-1.svg","id":"11069"},"image_size":"custom","image_custom_dimension":{"width":"32","height":"32"},"subtitle":"","title":"Express make-up","content":"Light make-up that is applied for a maximum of 30 minutes. and emphasizes the natural","btn_text":"","link":{"url":"","is_external":"","nofollow":"","custom_attributes":""},"alignment":"left","_margin":{"unit":"px","top":"0","right":"0","bottom":"10","left":"0","isLinked":""},"scroll_y":"-80","_border_border":"solid","_border_width":{"unit":"px","top":"2","right":"2","bottom":"2","left":"2","isLinked":"1"},"_border_color":"rgba(16, 16, 16, 0.05)","box_bg_hover_color":"#FA6334","_border_hover_width":{"unit":"px","top":"2","right":"2","bottom":"2","left":"2","isLinked":"1"},"_border_hover_color":"#FA6334","_padding":{"unit":"px","top":"40","right":"20","bottom":"40","left":"20","isLinked":""}},"elements":[],"widgetType":"wd_infobox"},{"id":"c9373c7","elType":"widget","settings":{"icon_type":"icon","icon_text":"53","image":{"url":"http:\/\/dummy.xtemos.com\/woodmart-elementor\/demos\/wp-content\/uploads\/sites\/2\/2021\/05\/w-beauty-offer-5-1.svg","id":"11073"},"image_size":"custom","image_custom_dimension":{"width":"32","height":"32"},"subtitle":"","title":"Evening make-up","content":"<p>We focus on the eyes and lips to highlight them. We get a bright evening make-up<\/p>","btn_text":"","link":{"url":"","is_external":"","nofollow":"","custom_attributes":""},"alignment":"left","scroll_y":"-80","_border_border":"solid","_border_width":{"unit":"px","top":"2","right":"2","bottom":"2","left":"2","isLinked":"1"},"_border_color":"rgba(16, 16, 16, 0.05)","box_bg_hover_color":"#FA6334","_border_hover_width":{"unit":"px","top":"2","right":"2","bottom":"2","left":"2","isLinked":"1"},"_border_hover_color":"#FA6334","_margin":{"unit":"px","top":"0","right":"0","bottom":"10","left":"0","isLinked":""},"_padding":{"unit":"px","top":"40","right":"20","bottom":"40","left":"20","isLinked":""}},"elements":[],"widgetType":"wd_infobox"}],"isInner":"1"},{"id":"3c4f11e","elType":"column","settings":{"_column_size":"25","column_sticky_offset":"50","scroll_y":"-80","_inline_size_tablet":"50"},"elements":[{"id":"db20c99","elType":"widget","settings":{"icon_type":"icon","icon_text":"53","image":{"url":"http:\/\/dummy.xtemos.com\/woodmart-elementor\/demos\/wp-content\/uploads\/sites\/2\/2021\/05\/w-beauty-offer-2-1.svg","id":"11070"},"image_size":"custom","image_custom_dimension":{"width":"32","height":"32"},"subtitle":"","title":"Manicure","content":"<p>We use only high quality gels and varnishes so your manicure will be unsurpassed<\/p>","btn_text":"","link":{"url":"","is_external":"","nofollow":"","custom_attributes":""},"alignment":"left","_margin":{"unit":"px","top":"0","right":"0","bottom":"10","left":"0","isLinked":""},"scroll_y":"-80","_border_border":"solid","_border_width":{"unit":"px","top":"2","right":"2","bottom":"2","left":"2","isLinked":"1"},"_border_color":"rgba(16, 16, 16, 0.05)","box_bg_hover_color":"#FA6334","_border_hover_width":{"unit":"px","top":"2","right":"2","bottom":"2","left":"2","isLinked":"1"},"_border_hover_color":"#FA6334","_padding":{"unit":"px","top":"40","right":"20","bottom":"40","left":"20","isLinked":""}},"elements":[],"widgetType":"wd_infobox"},{"id":"c49c01d","elType":"widget","settings":{"icon_type":"icon","icon_text":"53","image":{"url":"http:\/\/dummy.xtemos.com\/woodmart-elementor\/demos\/wp-content\/uploads\/sites\/2\/2021\/05\/w-beauty-offer-6-1.svg","id":"11074"},"image_size":"custom","image_custom_dimension":{"width":"32","height":"32"},"subtitle":"","title":"Hair styling","content":"<p>Masters do styling on hairs. We get light styling that will be with you throughout day<\/p>","btn_text":"","link":{"url":"","is_external":"","nofollow":"","custom_attributes":""},"alignment":"left","scroll_y":"-80","_border_border":"solid","_border_width":{"unit":"px","top":"2","right":"2","bottom":"2","left":"2","isLinked":"1"},"_border_color":"rgba(16, 16, 16, 0.05)","box_bg_hover_color":"#FA6334","_border_hover_width":{"unit":"px","top":"2","right":"2","bottom":"2","left":"2","isLinked":"1"},"_border_hover_color":"#FA6334","_margin":{"unit":"px","top":"0","right":"0","bottom":"10","left":"0","isLinked":""},"_padding":{"unit":"px","top":"40","right":"20","bottom":"40","left":"20","isLinked":""}},"elements":[],"widgetType":"wd_infobox"}],"isInner":"1"},{"id":"69c56a6","elType":"column","settings":{"_column_size":"25","column_sticky_offset":"50","scroll_y":"-80","_inline_size_tablet":"50"},"elements":[{"id":"64d476d","elType":"widget","settings":{"icon_type":"icon","icon_text":"53","image":{"url":"http:\/\/dummy.xtemos.com\/woodmart-elementor\/demos\/wp-content\/uploads\/sites\/2\/2021\/05\/w-beauty-offer-3-1.svg","id":"11071"},"image_size":"custom","image_custom_dimension":{"width":"32","height":"32"},"subtitle":"","title":"High-end Cosmetics","content":"<p>Cosmetics that we have available only world brands and the highest quality<\/p>","btn_text":"","link":{"url":"","is_external":"","nofollow":"","custom_attributes":""},"alignment":"left","_margin":{"unit":"px","top":"0","right":"0","bottom":"10","left":"0","isLinked":""},"scroll_y":"-80","_border_border":"solid","_border_width":{"unit":"px","top":"2","right":"2","bottom":"2","left":"2","isLinked":"1"},"_border_color":"rgba(16, 16, 16, 0.05)","box_bg_hover_color":"#FA6334","_border_hover_width":{"unit":"px","top":"2","right":"2","bottom":"2","left":"2","isLinked":"1"},"_border_hover_color":"#FA6334","_padding":{"unit":"px","top":"40","right":"20","bottom":"40","left":"20","isLinked":""}},"elements":[],"widgetType":"wd_infobox"},{"id":"bc150db","elType":"widget","settings":{"icon_type":"icon","icon_text":"53","image":{"url":"http:\/\/dummy.xtemos.com\/woodmart-elementor\/demos\/wp-content\/uploads\/sites\/2\/2021\/05\/w-beauty-offer-7-1.svg","id":"11075"},"image_size":"custom","image_custom_dimension":{"width":"32","height":"32"},"subtitle":"","title":"Lamination of eyebrows","content":"<p>For unruly, asymmetrical brows where hair does not want to lie in one direction<\/p>","btn_text":"","link":{"url":"","is_external":"","nofollow":"","custom_attributes":""},"alignment":"left","scroll_y":"-80","_border_border":"solid","_border_width":{"unit":"px","top":"2","right":"2","bottom":"2","left":"2","isLinked":"1"},"_border_color":"rgba(16, 16, 16, 0.05)","box_bg_hover_color":"#FA6334","_border_hover_width":{"unit":"px","top":"2","right":"2","bottom":"2","left":"2","isLinked":"1"},"_border_hover_color":"#FA6334","_margin":{"unit":"px","top":"0","right":"0","bottom":"10","left":"0","isLinked":""},"_padding":{"unit":"px","top":"40","right":"20","bottom":"40","left":"20","isLinked":""}},"elements":[],"widgetType":"wd_infobox"}],"isInner":"1"},{"id":"0929424","elType":"column","settings":{"_column_size":"25","column_sticky_offset":"50","scroll_y":"-80","_inline_size_tablet":"50"},"elements":[{"id":"9eff2c4","elType":"widget","settings":{"icon_type":"icon","icon_text":"53","image":{"url":"http:\/\/dummy.xtemos.com\/woodmart-elementor\/demos\/wp-content\/uploads\/sites\/2\/2021\/05\/w-beauty-offer-4-1.svg","id":"11072"},"image_size":"custom","image_custom_dimension":{"width":"32","height":"32"},"subtitle":"","title":"Our team","content":"<p>We offer an extensive list of services. Just tell us what you need, and we take care<\/p>","btn_text":"","link":{"url":"","is_external":"","nofollow":"","custom_attributes":""},"alignment":"left","_margin":{"unit":"px","top":"0","right":"0","bottom":"10","left":"0","isLinked":""},"scroll_y":"-80","_border_border":"solid","_border_width":{"unit":"px","top":"2","right":"2","bottom":"2","left":"2","isLinked":"1"},"_border_color":"rgba(16, 16, 16, 0.05)","box_bg_hover_color":"#FA6334","_border_hover_width":{"unit":"px","top":"2","right":"2","bottom":"2","left":"2","isLinked":"1"},"_border_hover_color":"#FA6334","_padding":{"unit":"px","top":"40","right":"20","bottom":"40","left":"20","isLinked":""}},"elements":[],"widgetType":"wd_infobox"},{"id":"e0030ee","elType":"widget","settings":{"icon_type":"icon","icon_text":"53","image":{"url":"http:\/\/dummy.xtemos.com\/woodmart-elementor\/demos\/wp-content\/uploads\/sites\/2\/2021\/05\/w-beauty-offer-8-1.svg","id":"11076"},"image_size":"custom","image_custom_dimension":{"width":"32","height":"32"},"subtitle":"","title":"Eyelash extensions","content":"<p>This type of extension makes your look more open and emphasizes eyelashes<\/p>","btn_text":"","link":{"url":"","is_external":"","nofollow":"","custom_attributes":""},"alignment":"left","scroll_y":"-80","_border_border":"solid","_border_width":{"unit":"px","top":"2","right":"2","bottom":"2","left":"2","isLinked":"1"},"_border_color":"rgba(16, 16, 16, 0.05)","box_bg_hover_color":"#FA6334","_border_hover_width":{"unit":"px","top":"2","right":"2","bottom":"2","left":"2","isLinked":"1"},"_border_hover_color":"#FA6334","_margin":{"unit":"px","top":"0","right":"0","bottom":"10","left":"0","isLinked":""},"_padding":{"unit":"px","top":"40","right":"20","bottom":"40","left":"20","isLinked":""}},"elements":[],"widgetType":"wd_infobox"}],"isInner":"1"}],"isInner":"1"}],"isInner":""}],"isInner":""},{"id":"4f64cd3","elType":"section","settings":{"gap":"extended","structure":"20","margin":{"unit":"px","top":"0","right":"0","bottom":"80","left":"0","isLinked":""},"margin_tablet":{"unit":"px","top":"0","right":"0","bottom":"60","left":"0","isLinked":""},"margin_mobile":{"unit":"px","top":"0","right":"0","bottom":"40","left":"0","isLinked":""}},"elements":[{"id":"37095d9","elType":"column","settings":{"_column_size":"50","column_sticky_offset":"50","scroll_y":"-80"},"elements":[{"id":"be68965","elType":"widget","settings":{"image":{"url":"http:\/\/dummy.xtemos.com\/woodmart-elementor\/demos\/wp-content\/uploads\/sites\/2\/2021\/05\/w-beauty-offer-2-opt.png","id":"10606"},"image_size":"full","align":"left","scroll_y":"-80","_animation":"wd-anim-slide-from-left","_animation_delay":"0"},"elements":[],"widgetType":"image"}],"isInner":""},{"id":"3225c49","elType":"column","settings":{"_column_size":"50","column_sticky_offset":"50","scroll_y":"-80"},"elements":[{"id":"d821d04","elType":"widget","settings":{"subtitle":"OUR ADVANTAGES","title":"Why choose our studio","after_title":"","color":"primary","size":"extra-large","align":"left","width":{"unit":"%","size":"90","sizes":[]},"subtitle_typography_typography":"custom","subtitle_typography_font_family":"Josefin Sans","subtitle_typography_font_size":{"unit":"px","size":"13","sizes":[]},"subtitle_typography_font_weight":"600","_margin":{"unit":"px","top":"0","right":"0","bottom":"10","left":"0","isLinked":""},"scroll_y":"-80","_animation":"wd-anim-slide-from-right","_animation_delay":"0"},"elements":[],"widgetType":"wd_title"},{"id":"e9e43f2","elType":"widget","settings":{"icon_type":"icon","icon_text":"53","image":{"url":"http:\/\/dummy.xtemos.com\/woodmart-elementor\/demos\/wp-content\/uploads\/sites\/2\/2021\/05\/w-beauty-check.svg","id":"10596"},"image_size":"custom","image_custom_dimension":{"width":"32","height":"32"},"subtitle":"","title":"Comfortable service","content":"<p>Our studio has created ideal conditions for the convenience of visitors. We do not strive to save on the health of our clients, therefore we use only first-class equipment of high quality<\/p>","btn_text":"","link":{"url":"","is_external":"","nofollow":"","custom_attributes":""},"alignment":"left","image_alignment":"left","title_size":"large","_margin":{"unit":"px","top":"0","right":"0","bottom":"10","left":"0","isLinked":""},"scroll_y":"-80","_animation":"wd-anim-slide-from-right","_animation_delay":"50"},"elements":[],"widgetType":"wd_infobox"},{"id":"8578ea5","elType":"widget","settings":{"icon_type":"icon","icon_text":"53","image":{"url":"http:\/\/dummy.xtemos.com\/woodmart-elementor\/demos\/wp-content\/uploads\/sites\/2\/2021\/05\/w-beauty-check.svg","id":"10596"},"image_size":"custom","image_custom_dimension":{"width":"32","height":"32"},"subtitle":"","title":"Safe for you","content":"<p>Equipment and premises are disinfected and sterilized in accordance with SanPiN standards. At the end of the procedure, the client will receive advice on how to take care of her face during the period of skin regeneration.<\/p>","btn_text":"","link":{"url":"","is_external":"","nofollow":"","custom_attributes":""},"alignment":"left","image_alignment":"left","title_size":"large","_margin":{"unit":"px","top":"0","right":"0","bottom":"10","left":"0","isLinked":""},"scroll_y":"-80","_animation":"wd-anim-slide-from-right","_animation_delay":"100"},"elements":[],"widgetType":"wd_infobox"},{"id":"be34e52","elType":"widget","settings":{"icon_type":"icon","icon_text":"53","image":{"url":"http:\/\/dummy.xtemos.com\/woodmart-elementor\/demos\/wp-content\/uploads\/sites\/2\/2021\/05\/w-beauty-check.svg","id":"10596"},"image_size":"custom","image_custom_dimension":{"width":"32","height":"32"},"subtitle":"","title":"Continuous training of masters","content":"<p>Our employees regularly improve their qualifications. Permanent make-up techniques are constantly being improved, which is why we are developing together with the beauty industry<\/p>","btn_text":"","link":{"url":"","is_external":"","nofollow":"","custom_attributes":""},"alignment":"left","image_alignment":"left","title_size":"large","scroll_y":"-80","_animation":"wd-anim-slide-from-right","_animation_delay":"150"},"elements":[],"widgetType":"wd_infobox"}],"isInner":""}],"isInner":""},{"id":"2d057f0","elType":"section","settings":{"wd_section_stretch":"stretch","background_background":"classic","background_color":"#333333","margin":{"unit":"px","top":"0","right":"0","bottom":"-40","left":"0","isLinked":""},"padding":{"unit":"px","top":"80","right":"10","bottom":"80","left":"10","isLinked":""},"padding_tablet":{"unit":"px","top":"60","right":"10","bottom":"60","left":"10","isLinked":""},"padding_mobile":{"unit":"px","top":"40","right":"10","bottom":"40","left":"10","isLinked":""}},"elements":[{"id":"6d59b8f","elType":"column","settings":{"_column_size":"100","wd_color_scheme":"light","column_sticky_offset":"50","scroll_y":"-80"},"elements":[{"id":"7ece53c","elType":"widget","settings":{"subtitle":"OUR PORTFOLIO","title":"Our studio can offer you","after_title":"","color":"primary","size":"extra-large","align":"left","width":{"unit":"%","size":"90","sizes":[]},"subtitle_typography_typography":"custom","subtitle_typography_font_family":"Josefin Sans","subtitle_typography_font_size":{"unit":"px","size":"13","sizes":[]},"subtitle_typography_font_weight":"600","_margin":{"unit":"px","top":"0","right":"0","bottom":"10","left":"0","isLinked":""},"scroll_y":"-80"},"elements":[],"widgetType":"wd_title"},{"id":"7867333","elType":"widget","settings":{"posts_per_page":"5","pagination":"disable","image_size":"custom","image_size_custom":{"width":"280","height":"360"},"scroll_y":"-80","layout":"carousel","slides_per_view":{"unit":"px","size":"4","sizes":[]},"hide_pagination_control":"yes"},"elements":[],"widgetType":"wd_portfolio"}],"isInner":""}],"isInner":""}]]]></wp:meta_value>
		</wp:postmeta>
							<wp:postmeta>
			<wp:meta_key>_elementor_controls_usage</wp:meta_key>
			<wp:meta_value><![CDATA[a:9:{s:8:"wd_title";a:3:{s:5:"count";i:6;s:15:"control_percent";i:4;s:8:"controls";a:3:{s:7:"content";a:1:{s:23:"general_content_section";a:3:{s:8:"subtitle";i:6;s:5:"title";i:6;s:11:"after_title";i:6;}}s:5:"style";a:3:{s:21:"general_style_section";a:5:{s:5:"align";i:5;s:5:"color";i:5;s:4:"size";i:5;s:5:"width";i:4;s:12:"width_mobile";i:1;}s:19:"title_style_section";a:5:{s:27:"title_typography_typography";i:1;s:26:"title_typography_font_size";i:1;s:33:"title_typography_font_size_tablet";i:1;s:33:"title_typography_font_size_mobile";i:1;s:28:"title_typography_line_height";i:1;}s:22:"subtitle_style_section";a:4:{s:30:"subtitle_typography_typography";i:5;s:31:"subtitle_typography_font_family";i:5;s:29:"subtitle_typography_font_size";i:5;s:31:"subtitle_typography_font_weight";i:5;}}s:8:"advanced";a:3:{s:8:"wd_extra";a:1:{s:8:"scroll_y";i:6;}s:14:"_section_style";a:1:{s:7:"_margin";i:5;}s:15:"section_effects";a:2:{s:10:"_animation";i:3;s:16:"_animation_delay";i:3;}}}}s:11:"text-editor";a:3:{s:5:"count";i:2;s:15:"control_percent";i:2;s:8:"controls";a:3:{s:7:"content";a:1:{s:14:"section_editor";a:1:{s:6:"editor";i:2;}}s:5:"style";a:1:{s:13:"section_style";a:4:{s:21:"typography_typography";i:1;s:20:"typography_font_size";i:1;s:27:"typography_font_size_tablet";i:1;s:16:"wd_content_width";i:1;}}s:8:"advanced";a:3:{s:14:"_section_style";a:1:{s:7:"_margin";i:2;}s:8:"wd_extra";a:1:{s:8:"scroll_y";i:2;}s:15:"section_effects";a:2:{s:10:"_animation";i:2;s:16:"_animation_delay";i:2;}}}}s:9:"wd_button";a:3:{s:5:"count";i:2;s:15:"control_percent";i:2;s:8:"controls";a:3:{s:7:"content";a:1:{s:23:"general_content_section";a:1:{s:4:"text";i:1;}}s:5:"style";a:1:{s:21:"general_style_section";a:3:{s:5:"color";i:2;s:4:"size";i:1;s:5:"align";i:2;}}s:8:"advanced";a:2:{s:8:"wd_extra";a:1:{s:8:"scroll_y";i:2;}s:15:"section_effects";a:2:{s:10:"_animation";i:2;s:16:"_animation_delay";i:2;}}}}s:6:"column";a:3:{s:5:"count";i:18;s:15:"control_percent";i:1;s:8:"controls";a:3:{s:6:"layout";a:1:{s:6:"layout";a:2:{s:12:"_inline_size";i:2;s:19:"_inline_size_tablet";i:6;}}s:8:"advanced";a:2:{s:8:"wd_extra";a:2:{s:20:"column_sticky_offset";i:18;s:8:"scroll_y";i:18;}s:16:"section_advanced";a:2:{s:6:"margin";i:2;s:13:"margin_tablet";i:1;}}s:5:"style";a:2:{s:13:"section_style";a:1:{s:21:"background_background";i:3;}s:14:"wd_extra_style";a:1:{s:15:"wd_color_scheme";i:1;}}}}s:5:"image";a:3:{s:5:"count";i:3;s:15:"control_percent";i:2;s:8:"controls";a:2:{s:7:"content";a:1:{s:13:"section_image";a:3:{s:5:"image";i:3;s:10:"image_size";i:3;s:5:"align";i:3;}}s:8:"advanced";a:2:{s:8:"wd_extra";a:1:{s:8:"scroll_y";i:3;}s:15:"section_effects";a:2:{s:10:"_animation";i:3;s:16:"_animation_delay";i:3;}}}}s:7:"section";a:3:{s:5:"count";i:9;s:15:"control_percent";i:2;s:8:"controls";a:3:{s:6:"layout";a:3:{s:17:"section_structure";a:1:{s:9:"structure";i:6;}s:14:"section_layout";a:2:{s:3:"gap";i:6;s:16:"content_position";i:2;}s:15:"wd_extra_layout";a:1:{s:18:"wd_section_stretch";i:2;}}s:8:"advanced";a:2:{s:16:"section_advanced";a:6:{s:6:"margin";i:7;s:13:"margin_mobile";i:6;s:13:"margin_tablet";i:5;s:7:"padding";i:3;s:14:"padding_tablet";i:2;s:14:"padding_mobile";i:2;}s:19:"_section_responsive";a:1:{s:20:"reverse_order_mobile";i:2;}}s:5:"style";a:1:{s:18:"section_background";a:2:{s:21:"background_background";i:3;s:16:"background_color";i:3;}}}}s:10:"wd_infobox";a:3:{s:5:"count";i:14;s:15:"control_percent";i:4;s:8:"controls";a:3:{s:7:"content";a:2:{s:20:"icon_content_section";a:4:{s:9:"icon_type";i:14;s:5:"image";i:14;s:10:"image_size";i:14;s:22:"image_custom_dimension";i:14;}s:15:"content_section";a:5:{s:8:"subtitle";i:14;s:5:"title";i:14;s:7:"content";i:14;s:8:"btn_text";i:14;s:4:"link";i:14;}}s:5:"style";a:2:{s:21:"general_style_section";a:3:{s:9:"alignment";i:14;s:15:"image_alignment";i:6;s:10:"title_size";i:3;}s:19:"hover_style_section";a:1:{s:18:"box_bg_hover_color";i:8;}}s:8:"advanced";a:4:{s:14:"_section_style";a:3:{s:7:"_margin";i:13;s:14:"_margin_tablet";i:3;s:8:"_padding";i:8;}s:8:"wd_extra";a:1:{s:8:"scroll_y";i:14;}s:15:"_section_border";a:5:{s:14:"_border_border";i:8;s:13:"_border_width";i:8;s:13:"_border_color";i:8;s:19:"_border_hover_width";i:8;s:19:"_border_hover_color";i:8;}s:15:"section_effects";a:2:{s:10:"_animation";i:3;s:16:"_animation_delay";i:3;}}}}s:13:"wd_menu_price";a:3:{s:5:"count";i:8;s:15:"control_percent";i:2;s:8:"controls";a:2:{s:7:"content";a:1:{s:23:"general_content_section";a:3:{s:5:"title";i:8;s:11:"description";i:8;s:5:"price";i:8;}}s:8:"advanced";a:2:{s:8:"wd_extra";a:1:{s:8:"scroll_y";i:8;}s:14:"_section_style";a:1:{s:14:"_margin_mobile";i:1;}}}}s:12:"wd_portfolio";a:3:{s:5:"count";i:1;s:15:"control_percent";i:4;s:8:"controls";a:2:{s:5:"style";a:2:{s:21:"general_style_section";a:5:{s:14:"posts_per_page";i:1;s:10:"pagination";i:1;s:10:"image_size";i:1;s:17:"image_size_custom";i:1;s:6:"layout";i:1;}s:22:"carousel_style_section";a:2:{s:15:"slides_per_view";i:1;s:23:"hide_pagination_control";i:1;}}s:8:"advanced";a:1:{s:8:"wd_extra";a:1:{s:8:"scroll_y";i:1;}}}}}]]></wp:meta_value>
		</wp:postmeta>
						</item>
					<item>
		<title>
				w-beauty-nail		</title>
		<link>http://dummy.xtemos.com/woodmart-elementor/demos/w-beauty-nail/</link>
		<pubDate>Mon, 17 May 2021 11:07:48 +0000</pubDate>
		<dc:creator><![CDATA[zakhar]]></dc:creator>
		<guid isPermaLink="false">http://dummy.xtemos.com/woodmart-elementor/demos/wp-content/uploads/sites/2/2021/05/w-beauty-nail.svg</guid>
		<description></description>
		<content:encoded><![CDATA[]]></content:encoded>
		<excerpt:encoded><![CDATA[]]></excerpt:encoded>
		<wp:post_id>10585</wp:post_id>
		<wp:post_date>2021-05-17 11:07:48</wp:post_date>
		<wp:post_date_gmt>2021-05-17 11:07:48</wp:post_date_gmt>
		<wp:comment_status>open</wp:comment_status>
		<wp:ping_status>closed</wp:ping_status>
		<wp:post_name>w-beauty-nail</wp:post_name>
		<wp:status>inherit</wp:status>
		<wp:post_parent>0</wp:post_parent>
		<wp:menu_order>0</wp:menu_order>
		<wp:post_type>attachment</wp:post_type>
		<wp:post_password></wp:post_password>
		<wp:is_sticky>0</wp:is_sticky>
						<wp:attachment_url>http://dummy.xtemos.com/woodmart-elementor/demos/wp-content/uploads/sites/2/2021/05/w-beauty-nail.svg</wp:attachment_url>
												<wp:postmeta>
			<wp:meta_key>_wp_attached_file</wp:meta_key>
			<wp:meta_value><![CDATA[2021/05/w-beauty-nail.svg]]></wp:meta_value>
		</wp:postmeta>
						</item>
					<item>
		<title>
				w-beauty-salon		</title>
		<link>http://dummy.xtemos.com/woodmart-elementor/demos/w-beauty-salon/</link>
		<pubDate>Mon, 17 May 2021 11:07:59 +0000</pubDate>
		<dc:creator><![CDATA[zakhar]]></dc:creator>
		<guid isPermaLink="false">http://dummy.xtemos.com/woodmart-elementor/demos/wp-content/uploads/sites/2/2021/05/w-beauty-salon.svg</guid>
		<description></description>
		<content:encoded><![CDATA[]]></content:encoded>
		<excerpt:encoded><![CDATA[]]></excerpt:encoded>
		<wp:post_id>10594</wp:post_id>
		<wp:post_date>2021-05-17 11:07:59</wp:post_date>
		<wp:post_date_gmt>2021-05-17 11:07:59</wp:post_date_gmt>
		<wp:comment_status>open</wp:comment_status>
		<wp:ping_status>closed</wp:ping_status>
		<wp:post_name>w-beauty-salon</wp:post_name>
		<wp:status>inherit</wp:status>
		<wp:post_parent>0</wp:post_parent>
		<wp:menu_order>0</wp:menu_order>
		<wp:post_type>attachment</wp:post_type>
		<wp:post_password></wp:post_password>
		<wp:is_sticky>0</wp:is_sticky>
						<wp:attachment_url>http://dummy.xtemos.com/woodmart-elementor/demos/wp-content/uploads/sites/2/2021/05/w-beauty-salon.svg</wp:attachment_url>
												<wp:postmeta>
			<wp:meta_key>_wp_attached_file</wp:meta_key>
			<wp:meta_value><![CDATA[2021/05/w-beauty-salon.svg]]></wp:meta_value>
		</wp:postmeta>
						</item>
					<item>
		<title>
				w-beauty-cellphone		</title>
		<link>http://dummy.xtemos.com/woodmart-elementor/demos/w-beauty-cellphone/</link>
		<pubDate>Mon, 17 May 2021 11:08:01 +0000</pubDate>
		<dc:creator><![CDATA[zakhar]]></dc:creator>
		<guid isPermaLink="false">http://dummy.xtemos.com/woodmart-elementor/demos/wp-content/uploads/sites/2/2021/05/w-beauty-cellphone.svg</guid>
		<description></description>
		<content:encoded><![CDATA[]]></content:encoded>
		<excerpt:encoded><![CDATA[]]></excerpt:encoded>
		<wp:post_id>10595</wp:post_id>
		<wp:post_date>2021-05-17 11:08:01</wp:post_date>
		<wp:post_date_gmt>2021-05-17 11:08:01</wp:post_date_gmt>
		<wp:comment_status>open</wp:comment_status>
		<wp:ping_status>closed</wp:ping_status>
		<wp:post_name>w-beauty-cellphone</wp:post_name>
		<wp:status>inherit</wp:status>
		<wp:post_parent>0</wp:post_parent>
		<wp:menu_order>0</wp:menu_order>
		<wp:post_type>attachment</wp:post_type>
		<wp:post_password></wp:post_password>
		<wp:is_sticky>0</wp:is_sticky>
						<wp:attachment_url>http://dummy.xtemos.com/woodmart-elementor/demos/wp-content/uploads/sites/2/2021/05/w-beauty-cellphone.svg</wp:attachment_url>
												<wp:postmeta>
			<wp:meta_key>_wp_attached_file</wp:meta_key>
			<wp:meta_value><![CDATA[2021/05/w-beauty-cellphone.svg]]></wp:meta_value>
		</wp:postmeta>
						</item>
					<item>
		<title>
				w-beauty-check		</title>
		<link>http://dummy.xtemos.com/woodmart-elementor/demos/w-beauty-check/</link>
		<pubDate>Mon, 17 May 2021 11:08:02 +0000</pubDate>
		<dc:creator><![CDATA[zakhar]]></dc:creator>
		<guid isPermaLink="false">http://dummy.xtemos.com/woodmart-elementor/demos/wp-content/uploads/sites/2/2021/05/w-beauty-check.svg</guid>
		<description></description>
		<content:encoded><![CDATA[]]></content:encoded>
		<excerpt:encoded><![CDATA[]]></excerpt:encoded>
		<wp:post_id>10596</wp:post_id>
		<wp:post_date>2021-05-17 11:08:02</wp:post_date>
		<wp:post_date_gmt>2021-05-17 11:08:02</wp:post_date_gmt>
		<wp:comment_status>open</wp:comment_status>
		<wp:ping_status>closed</wp:ping_status>
		<wp:post_name>w-beauty-check</wp:post_name>
		<wp:status>inherit</wp:status>
		<wp:post_parent>0</wp:post_parent>
		<wp:menu_order>0</wp:menu_order>
		<wp:post_type>attachment</wp:post_type>
		<wp:post_password></wp:post_password>
		<wp:is_sticky>0</wp:is_sticky>
						<wp:attachment_url>http://dummy.xtemos.com/woodmart-elementor/demos/wp-content/uploads/sites/2/2021/05/w-beauty-check.svg</wp:attachment_url>
												<wp:postmeta>
			<wp:meta_key>_wp_attached_file</wp:meta_key>
			<wp:meta_value><![CDATA[2021/05/w-beauty-check.svg]]></wp:meta_value>
		</wp:postmeta>
						</item>
					<item>
		<title>
				w-beauty-mascara		</title>
		<link>http://dummy.xtemos.com/woodmart-elementor/demos/w-beauty-mascara/</link>
		<pubDate>Mon, 17 May 2021 11:08:03 +0000</pubDate>
		<dc:creator><![CDATA[zakhar]]></dc:creator>
		<guid isPermaLink="false">http://dummy.xtemos.com/woodmart-elementor/demos/wp-content/uploads/sites/2/2021/05/w-beauty-mascara.svg</guid>
		<description></description>
		<content:encoded><![CDATA[]]></content:encoded>
		<excerpt:encoded><![CDATA[]]></excerpt:encoded>
		<wp:post_id>10597</wp:post_id>
		<wp:post_date>2021-05-17 11:08:03</wp:post_date>
		<wp:post_date_gmt>2021-05-17 11:08:03</wp:post_date_gmt>
		<wp:comment_status>open</wp:comment_status>
		<wp:ping_status>closed</wp:ping_status>
		<wp:post_name>w-beauty-mascara</wp:post_name>
		<wp:status>inherit</wp:status>
		<wp:post_parent>0</wp:post_parent>
		<wp:menu_order>0</wp:menu_order>
		<wp:post_type>attachment</wp:post_type>
		<wp:post_password></wp:post_password>
		<wp:is_sticky>0</wp:is_sticky>
						<wp:attachment_url>http://dummy.xtemos.com/woodmart-elementor/demos/wp-content/uploads/sites/2/2021/05/w-beauty-mascara.svg</wp:attachment_url>
												<wp:postmeta>
			<wp:meta_key>_wp_attached_file</wp:meta_key>
			<wp:meta_value><![CDATA[2021/05/w-beauty-mascara.svg]]></wp:meta_value>
		</wp:postmeta>
						</item>
					<item>
		<title>
				w-beauty-header-logo		</title>
		<link>http://dummy.xtemos.com/woodmart-elementor/demos/w-beauty-header-logo/</link>
		<pubDate>Mon, 17 May 2021 11:08:25 +0000</pubDate>
		<dc:creator><![CDATA[zakhar]]></dc:creator>
		<guid isPermaLink="false">http://dummy.xtemos.com/woodmart-elementor/demos/wp-content/uploads/sites/2/2021/05/w-beauty-header-logo.svg</guid>
		<description></description>
		<content:encoded><![CDATA[]]></content:encoded>
		<excerpt:encoded><![CDATA[]]></excerpt:encoded>
		<wp:post_id>10599</wp:post_id>
		<wp:post_date>2021-05-17 11:08:25</wp:post_date>
		<wp:post_date_gmt>2021-05-17 11:08:25</wp:post_date_gmt>
		<wp:comment_status>open</wp:comment_status>
		<wp:ping_status>closed</wp:ping_status>
		<wp:post_name>w-beauty-header-logo</wp:post_name>
		<wp:status>inherit</wp:status>
		<wp:post_parent>0</wp:post_parent>
		<wp:menu_order>0</wp:menu_order>
		<wp:post_type>attachment</wp:post_type>
		<wp:post_password></wp:post_password>
		<wp:is_sticky>0</wp:is_sticky>
						<wp:attachment_url>http://dummy.xtemos.com/woodmart-elementor/demos/wp-content/uploads/sites/2/2021/05/w-beauty-header-logo.svg</wp:attachment_url>
												<wp:postmeta>
			<wp:meta_key>_wp_attached_file</wp:meta_key>
			<wp:meta_value><![CDATA[2021/05/w-beauty-header-logo.svg]]></wp:meta_value>
		</wp:postmeta>
						</item>
					<item>
		<title>
				w-beauty-img-1-opt		</title>
		<link>http://dummy.xtemos.com/woodmart-elementor/demos/home-beauty/w-beauty-img-1-opt/</link>
		<pubDate>Mon, 17 May 2021 11:10:08 +0000</pubDate>
		<dc:creator><![CDATA[zakhar]]></dc:creator>
		<guid isPermaLink="false">http://dummy.xtemos.com/woodmart-elementor/demos/wp-content/uploads/sites/2/2021/05/w-beauty-img-1-opt.png</guid>
		<description></description>
		<content:encoded><![CDATA[]]></content:encoded>
		<excerpt:encoded><![CDATA[]]></excerpt:encoded>
		<wp:post_id>10605</wp:post_id>
		<wp:post_date>2021-05-17 11:10:08</wp:post_date>
		<wp:post_date_gmt>2021-05-17 11:10:08</wp:post_date_gmt>
		<wp:comment_status>open</wp:comment_status>
		<wp:ping_status>closed</wp:ping_status>
		<wp:post_name>w-beauty-img-1-opt</wp:post_name>
		<wp:status>inherit</wp:status>
		<wp:post_parent>10575</wp:post_parent>
		<wp:menu_order>0</wp:menu_order>
		<wp:post_type>attachment</wp:post_type>
		<wp:post_password></wp:post_password>
		<wp:is_sticky>0</wp:is_sticky>
						<wp:attachment_url>http://dummy.xtemos.com/woodmart-elementor/demos/wp-content/uploads/sites/2/2021/05/w-beauty-img-1-opt.png</wp:attachment_url>
												<wp:postmeta>
			<wp:meta_key>_wp_attached_file</wp:meta_key>
			<wp:meta_value><![CDATA[2021/05/w-beauty-img-1-opt.png]]></wp:meta_value>
		</wp:postmeta>
						</item>
					<item>
		<title>
				w-beauty-offer-2-opt		</title>
		<link>http://dummy.xtemos.com/woodmart-elementor/demos/home-beauty/w-beauty-offer-2-opt/</link>
		<pubDate>Mon, 17 May 2021 11:10:10 +0000</pubDate>
		<dc:creator><![CDATA[zakhar]]></dc:creator>
		<guid isPermaLink="false">http://dummy.xtemos.com/woodmart-elementor/demos/wp-content/uploads/sites/2/2021/05/w-beauty-offer-2-opt.png</guid>
		<description></description>
		<content:encoded><![CDATA[]]></content:encoded>
		<excerpt:encoded><![CDATA[]]></excerpt:encoded>
		<wp:post_id>10606</wp:post_id>
		<wp:post_date>2021-05-17 11:10:10</wp:post_date>
		<wp:post_date_gmt>2021-05-17 11:10:10</wp:post_date_gmt>
		<wp:comment_status>open</wp:comment_status>
		<wp:ping_status>closed</wp:ping_status>
		<wp:post_name>w-beauty-offer-2-opt</wp:post_name>
		<wp:status>inherit</wp:status>
		<wp:post_parent>10575</wp:post_parent>
		<wp:menu_order>0</wp:menu_order>
		<wp:post_type>attachment</wp:post_type>
		<wp:post_password></wp:post_password>
		<wp:is_sticky>0</wp:is_sticky>
						<wp:attachment_url>http://dummy.xtemos.com/woodmart-elementor/demos/wp-content/uploads/sites/2/2021/05/w-beauty-offer-2-opt.png</wp:attachment_url>
												<wp:postmeta>
			<wp:meta_key>_wp_attached_file</wp:meta_key>
			<wp:meta_value><![CDATA[2021/05/w-beauty-offer-2-opt.png]]></wp:meta_value>
		</wp:postmeta>
						</item>
					<item>
		<title>
				w-beauty-pic-opt		</title>
		<link>http://dummy.xtemos.com/woodmart-elementor/demos/home-beauty/w-beauty-pic-opt/</link>
		<pubDate>Mon, 17 May 2021 11:10:12 +0000</pubDate>
		<dc:creator><![CDATA[zakhar]]></dc:creator>
		<guid isPermaLink="false">http://dummy.xtemos.com/woodmart-elementor/demos/wp-content/uploads/sites/2/2021/05/w-beauty-pic-opt.png</guid>
		<description></description>
		<content:encoded><![CDATA[]]></content:encoded>
		<excerpt:encoded><![CDATA[]]></excerpt:encoded>
		<wp:post_id>10607</wp:post_id>
		<wp:post_date>2021-05-17 11:10:12</wp:post_date>
		<wp:post_date_gmt>2021-05-17 11:10:12</wp:post_date_gmt>
		<wp:comment_status>open</wp:comment_status>
		<wp:ping_status>closed</wp:ping_status>
		<wp:post_name>w-beauty-pic-opt</wp:post_name>
		<wp:status>inherit</wp:status>
		<wp:post_parent>10575</wp:post_parent>
		<wp:menu_order>0</wp:menu_order>
		<wp:post_type>attachment</wp:post_type>
		<wp:post_password></wp:post_password>
		<wp:is_sticky>0</wp:is_sticky>
						<wp:attachment_url>http://dummy.xtemos.com/woodmart-elementor/demos/wp-content/uploads/sites/2/2021/05/w-beauty-pic-opt.png</wp:attachment_url>
												<wp:postmeta>
			<wp:meta_key>_wp_attached_file</wp:meta_key>
			<wp:meta_value><![CDATA[2021/05/w-beauty-pic-opt.png]]></wp:meta_value>
		</wp:postmeta>
						</item>
					<item>
		<title>
				Contact form beauty		</title>
		<link>http://dummy.xtemos.com/woodmart-elementor/demos/?post_type=wpcf7_contact_form&#038;p=10661</link>
		<pubDate>Mon, 17 May 2021 12:22:18 +0000</pubDate>
		<dc:creator><![CDATA[zakhar]]></dc:creator>
		<guid isPermaLink="false">http://dummy.xtemos.com/woodmart-elementor/demos/?post_type=wpcf7_contact_form&#038;p=10661</guid>
		<description></description>
		<content:encoded><![CDATA[<div class="row">
<p class="col-lg-3">[text* Yor name placeholder ="Yor name"]</p>
<p class="col-lg-3">[text* Your phone number placeholder ="Your phone number"]</p>
<div>  
<p>
            Express make-up
            Manicure
            High-end Cosmetics
            Evening make-up
            Hair styling
            Lamination of eyebrows
            Eyelash extensions
        
</p>
</div>          
<p class="col-lg-auto">[submit class:btn class:btn-color-primary"Online booking"]</p>
</div>
1
Woodmart dummy demos "[your-subject]"
Woodmart dummy demos 
se@as.as
From: [your-name] 
Subject: [your-subject]

Message Body:
[your-message]

-- 
This e-mail was sent from a contact form on Woodmart dummy demos (http://dummy.xtemos.com/woodmart-elementor/demos)
Reply-To: [your-email]




Woodmart dummy demos "[your-subject]"
Woodmart dummy demos 
[your-email]
Message Body:
[your-message]

-- 
This e-mail was sent from a contact form on Woodmart dummy demos (http://dummy.xtemos.com/woodmart-elementor/demos)
Reply-To: se@as.as



Thank you for your message. It has been sent.
There was an error trying to send your message. Please try again later.
One or more fields have an error. Please check and try again.
There was an error trying to send your message. Please try again later.
You must accept the terms and conditions before sending your message.
The field is required.
The field is too long.
The field is too short.
The date format is incorrect.
The date is before the earliest one allowed.
The date is after the latest one allowed.
There was an unknown error uploading the file.
You are not allowed to upload files of this type.
The file is too big.
There was an error uploading the file.
The number format is invalid.
The number is smaller than the minimum allowed.
The number is larger than the maximum allowed.
The answer to the quiz is incorrect.
The e-mail address entered is invalid.
The URL is invalid.
The telephone number is invalid.]]></content:encoded>
		<excerpt:encoded><![CDATA[]]></excerpt:encoded>
		<wp:post_id>10661</wp:post_id>
		<wp:post_date>2021-05-17 12:22:18</wp:post_date>
		<wp:post_date_gmt>2021-05-17 12:22:18</wp:post_date_gmt>
		<wp:comment_status>closed</wp:comment_status>
		<wp:ping_status>closed</wp:ping_status>
		<wp:post_name>contact-form-beauty</wp:post_name>
		<wp:status>publish</wp:status>
		<wp:post_parent>0</wp:post_parent>
		<wp:menu_order>0</wp:menu_order>
		<wp:post_type>wpcf7_contact_form</wp:post_type>
		<wp:post_password></wp:post_password>
		<wp:is_sticky>0</wp:is_sticky>
														<wp:postmeta>
			<wp:meta_key>_form</wp:meta_key>
			<wp:meta_value><![CDATA[<div class="row">
<p class="col-lg-3">[text* Yor name placeholder ="Yor name"]</p>
<p class="col-lg-3">[text* Your phone number placeholder ="Your phone number"]</p>
<div class="col-lg-3"">  
<p><select class="form-control" id="Select service">
            <option>Express make-up</option>
            <option>Manicure</option>
            <option>High-end Cosmetics</option>
            <option>Evening make-up</option>
            <option>Hair styling</option>
            <option>Lamination of eyebrows</option>
            <option>Eyelash extensions</option>
        </select>
</p>
</div>          
<p class="col-lg-auto">[submit class:btn class:btn-color-primary"Online booking"]</p>
</div>]]></wp:meta_value>
		</wp:postmeta>
							<wp:postmeta>
			<wp:meta_key>_mail</wp:meta_key>
			<wp:meta_value><![CDATA[a:9:{s:6:"active";b:1;s:7:"subject";s:37:"Woodmart dummy demos "[your-subject]"";s:6:"sender";s:49:"Woodmart dummy demos <wordpress@dummy.xtemos.com>";s:9:"recipient";s:8:"se@as.as";s:4:"body";s:207:"From: [your-name] <[your-email]>
Subject: [your-subject]

Message Body:
[your-message]

-- 
This e-mail was sent from a contact form on Woodmart dummy demos (http://dummy.xtemos.com/woodmart-elementor/demos)";s:18:"additional_headers";s:22:"Reply-To: [your-email]";s:11:"attachments";s:0:"";s:8:"use_html";b:0;s:13:"exclude_blank";b:0;}]]></wp:meta_value>
		</wp:postmeta>
							<wp:postmeta>
			<wp:meta_key>_mail_2</wp:meta_key>
			<wp:meta_value><![CDATA[a:9:{s:6:"active";b:0;s:7:"subject";s:37:"Woodmart dummy demos "[your-subject]"";s:6:"sender";s:49:"Woodmart dummy demos <wordpress@dummy.xtemos.com>";s:9:"recipient";s:12:"[your-email]";s:4:"body";s:149:"Message Body:
[your-message]

-- 
This e-mail was sent from a contact form on Woodmart dummy demos (http://dummy.xtemos.com/woodmart-elementor/demos)";s:18:"additional_headers";s:18:"Reply-To: se@as.as";s:11:"attachments";s:0:"";s:8:"use_html";b:0;s:13:"exclude_blank";b:0;}]]></wp:meta_value>
		</wp:postmeta>
							<wp:postmeta>
			<wp:meta_key>_messages</wp:meta_key>
			<wp:meta_value><![CDATA[a:22:{s:12:"mail_sent_ok";s:45:"Thank you for your message. It has been sent.";s:12:"mail_sent_ng";s:71:"There was an error trying to send your message. Please try again later.";s:16:"validation_error";s:61:"One or more fields have an error. Please check and try again.";s:4:"spam";s:71:"There was an error trying to send your message. Please try again later.";s:12:"accept_terms";s:69:"You must accept the terms and conditions before sending your message.";s:16:"invalid_required";s:22:"The field is required.";s:16:"invalid_too_long";s:22:"The field is too long.";s:17:"invalid_too_short";s:23:"The field is too short.";s:12:"invalid_date";s:29:"The date format is incorrect.";s:14:"date_too_early";s:44:"The date is before the earliest one allowed.";s:13:"date_too_late";s:41:"The date is after the latest one allowed.";s:13:"upload_failed";s:46:"There was an unknown error uploading the file.";s:24:"upload_file_type_invalid";s:49:"You are not allowed to upload files of this type.";s:21:"upload_file_too_large";s:20:"The file is too big.";s:23:"upload_failed_php_error";s:38:"There was an error uploading the file.";s:14:"invalid_number";s:29:"The number format is invalid.";s:16:"number_too_small";s:47:"The number is smaller than the minimum allowed.";s:16:"number_too_large";s:46:"The number is larger than the maximum allowed.";s:23:"quiz_answer_not_correct";s:36:"The answer to the quiz is incorrect.";s:13:"invalid_email";s:38:"The e-mail address entered is invalid.";s:11:"invalid_url";s:19:"The URL is invalid.";s:11:"invalid_tel";s:32:"The telephone number is invalid.";}]]></wp:meta_value>
		</wp:postmeta>
							<wp:postmeta>
			<wp:meta_key>_additional_settings</wp:meta_key>
			<wp:meta_value><![CDATA[]]></wp:meta_value>
		</wp:postmeta>
							<wp:postmeta>
			<wp:meta_key>_locale</wp:meta_key>
			<wp:meta_value><![CDATA[en_US]]></wp:meta_value>
		</wp:postmeta>
							<wp:postmeta>
			<wp:meta_key>_config_errors</wp:meta_key>
			<wp:meta_value><![CDATA[a:1:{s:23:"mail.additional_headers";a:1:{i:0;a:2:{s:4:"code";i:102;s:4:"args";a:3:{s:7:"message";s:51:"Invalid mailbox syntax is used in the %name% field.";s:6:"params";a:1:{s:4:"name";s:8:"Reply-To";}s:4:"link";s:68:"https://contactform7.com/configuration-errors/invalid-mailbox-syntax";}}}}]]></wp:meta_value>
		</wp:postmeta>
						</item>
					<item>
		<title>
				Footer Beauty		</title>
		<link>http://dummy.xtemos.com/woodmart-elementor/demos/?cms_block=footer-beauty</link>
		<pubDate>Mon, 17 May 2021 12:22:58 +0000</pubDate>
		<dc:creator><![CDATA[zakhar]]></dc:creator>
		<guid isPermaLink="false">http://dummy.xtemos.com/woodmart-elementor/demos/?post_type=cms_block&#038;p=10662</guid>
		<description></description>
		<content:encoded><![CDATA[ 					
				We are waiting in our studio 
						 					
											
						631 E Mountain St, Pasadena, CA 91106, United States					
									
]]></content:encoded>
		<excerpt:encoded><![CDATA[]]></excerpt:encoded>
		<wp:post_id>10662</wp:post_id>
		<wp:post_date>2021-05-17 12:22:58</wp:post_date>
		<wp:post_date_gmt>2021-05-17 12:22:58</wp:post_date_gmt>
		<wp:comment_status>closed</wp:comment_status>
		<wp:ping_status>closed</wp:ping_status>
		<wp:post_name>footer-beauty</wp:post_name>
		<wp:status>publish</wp:status>
		<wp:post_parent>0</wp:post_parent>
		<wp:menu_order>0</wp:menu_order>
		<wp:post_type>cms_block</wp:post_type>
		<wp:post_password></wp:post_password>
		<wp:is_sticky>0</wp:is_sticky>
														<wp:postmeta>
			<wp:meta_key>_wp_page_template</wp:meta_key>
			<wp:meta_value><![CDATA[default]]></wp:meta_value>
		</wp:postmeta>
							<wp:postmeta>
			<wp:meta_key>_elementor_edit_mode</wp:meta_key>
			<wp:meta_value><![CDATA[builder]]></wp:meta_value>
		</wp:postmeta>
							<wp:postmeta>
			<wp:meta_key>_elementor_template_type</wp:meta_key>
			<wp:meta_value><![CDATA[wp-post]]></wp:meta_value>
		</wp:postmeta>
							<wp:postmeta>
			<wp:meta_key>_elementor_version</wp:meta_key>
			<wp:meta_value><![CDATA[2.9.11]]></wp:meta_value>
		</wp:postmeta>
							<wp:postmeta>
			<wp:meta_key>_elementor_data</wp:meta_key>
			<wp:meta_value><![CDATA[[{"id":"fc085bd","elType":"section","settings":{"content_position":"middle","wd_section_stretch":"stretch","background_background":"classic","margin":{"unit":"px","top":"-40","right":"0","bottom":"-40","left":"0","isLinked":""},"padding":{"unit":"px","top":"55","right":"10","bottom":"0","left":"10","isLinked":""}},"elements":[{"id":"5ad73f2","elType":"column","settings":{"_column_size":"100","align":"space-between","column_sticky_offset":"50","scroll_y":"-80"},"elements":[{"id":"987d6e0","elType":"section","settings":{"gap":"extended","structure":"30","border_border":"solid","border_width":{"unit":"px","top":"0","right":"0","bottom":"1","left":"0","isLinked":""},"border_color":"rgba(16, 16, 16, 0.05)","margin":{"unit":"px","top":"0","right":"0","bottom":"30","left":"0","isLinked":""},"padding":{"unit":"px","top":"0","right":"0","bottom":"50","left":"0","isLinked":""}},"elements":[{"id":"83a48cf","elType":"column","settings":{"_column_size":"33","column_sticky_offset":"50","scroll_y":"-80"},"elements":[{"id":"9ae4e0b","elType":"widget","settings":{"subtitle":"","title":"We are waiting in our studio","after_title":"","size":"small","align":"left","scroll_y":"-80"},"elements":[],"widgetType":"wd_title"},{"id":"dfd6b05","elType":"widget","settings":{"list_items":[{"list_content":"631 E Mountain St, Pasadena, CA 91106, United States","_id":"a3c3139","link":{"url":"","is_external":"","nofollow":"","custom_attributes":""}}],"list_type":"without","size":"extra-large","scroll_y":"-80"},"elements":[],"widgetType":"wd_list"}],"isInner":"1"},{"id":"5802dc8","elType":"column","settings":{"_column_size":"33","column_sticky_offset":"50","scroll_y":"-80"},"elements":[{"id":"7955127","elType":"widget","settings":{"subtitle":"","title":"Contact with us","after_title":"","size":"small","align":"left","scroll_y":"-80"},"elements":[],"widgetType":"wd_title"},{"id":"e4be81f","elType":"widget","settings":{"list_items":[{"list_content":"xtemos@gmail.com","_id":"a3c3139","link":{"url":"#","is_external":"","nofollow":"","custom_attributes":""}}],"list_type":"without","size":"extra-large","scroll_y":"-80","color_scheme":"custom","text_color_hover":"#4E4E4E"},"elements":[],"widgetType":"wd_list"}],"isInner":"1"},{"id":"6043d42","elType":"column","settings":{"_column_size":"33","column_sticky_offset":"50","scroll_y":"-80"},"elements":[{"id":"eec1b9e","elType":"widget","settings":{"subtitle":"","title":"Social links","after_title":"","size":"small","align":"left","scroll_y":"-80"},"elements":[],"widgetType":"wd_title"},{"id":"9a2a58d","elType":"widget","settings":{"list_items":[{"list_content":"Facebook","_id":"a3c3139","link":{"url":"#","is_external":"","nofollow":"","custom_attributes":""}},{"list_content":"Instagram","_id":"ddc7a19","link":{"url":"#","is_external":"","nofollow":"","custom_attributes":""}}],"list_type":"without","size":"extra-large","scroll_y":"-80","color_scheme":"custom","text_color_hover":"#4E4E4E"},"elements":[],"widgetType":"wd_list"}],"isInner":"1"}],"isInner":"1"},{"id":"536e4ba","elType":"widget","settings":{"image":{"url":"http:\/\/dummy.xtemos.com\/woodmart-elementor\/demos\/wp-content\/uploads\/sites\/2\/2021\/05\/w-beauty-header-logo.svg","id":"10599"},"image_size":"custom","image_custom_dimension":{"width":"205","height":"60"},"align":"left","_margin":{"unit":"px","top":"0","right":"0","bottom":"20","left":"0","isLinked":""},"scroll_y":"-80","_element_width":"auto"},"elements":[],"widgetType":"image"},{"id":"cf2e743","elType":"widget","settings":{"editor":"<p><a href=\"https:\/\/woodmart.xtemos.com\/\"><strong>WOODMART<\/strong><\/a> Created By <a href=\"http:\/\/xtemos.com\"><strong><span style=\"color: #cd3e3e\">X<\/span>TEMOS STUDIO<\/strong><\/a>\u00a0Copyright <i class=\"fa fa-copyright\"><\/i> 2021<\/p>","typography_typography":"custom","typography_font_size":{"unit":"px","size":"12","sizes":[]},"_margin":{"unit":"px","top":"0","right":"0","bottom":"20","left":"0","isLinked":""},"scroll_y":"-80","_element_width":"auto"},"elements":[],"widgetType":"text-editor"}],"isInner":""}],"isInner":""}]]]></wp:meta_value>
		</wp:postmeta>
							<wp:postmeta>
			<wp:meta_key>_elementor_controls_usage</wp:meta_key>
			<wp:meta_value><![CDATA[a:6:{s:8:"wd_title";a:3:{s:5:"count";i:3;s:15:"control_percent";i:2;s:8:"controls";a:3:{s:7:"content";a:1:{s:23:"general_content_section";a:3:{s:8:"subtitle";i:3;s:5:"title";i:3;s:11:"after_title";i:3;}}s:5:"style";a:1:{s:21:"general_style_section";a:2:{s:4:"size";i:3;s:5:"align";i:3;}}s:8:"advanced";a:1:{s:8:"wd_extra";a:1:{s:8:"scroll_y";i:3;}}}}s:7:"wd_list";a:3:{s:5:"count";i:3;s:15:"control_percent";i:3;s:8:"controls";a:3:{s:7:"content";a:2:{s:23:"general_content_section";a:1:{s:10:"list_items";i:3;}s:20:"icon_content_section";a:1:{s:9:"list_type";i:3;}}s:5:"style";a:1:{s:21:"general_style_section";a:3:{s:4:"size";i:3;s:12:"color_scheme";i:2;s:16:"text_color_hover";i:2;}}s:8:"advanced";a:1:{s:8:"wd_extra";a:1:{s:8:"scroll_y";i:3;}}}}s:6:"column";a:3:{s:5:"count";i:4;s:15:"control_percent";i:1;s:8:"controls";a:2:{s:8:"advanced";a:1:{s:8:"wd_extra";a:2:{s:20:"column_sticky_offset";i:4;s:8:"scroll_y";i:4;}}s:6:"layout";a:1:{s:6:"layout";a:1:{s:5:"align";i:1;}}}}s:7:"section";a:3:{s:5:"count";i:2;s:15:"control_percent";i:1;s:8:"controls";a:3:{s:6:"layout";a:3:{s:14:"section_layout";a:2:{s:3:"gap";i:1;s:16:"content_position";i:1;}s:17:"section_structure";a:1:{s:9:"structure";i:1;}s:15:"wd_extra_layout";a:1:{s:18:"wd_section_stretch";i:1;}}s:5:"style";a:2:{s:14:"section_border";a:3:{s:13:"border_border";i:1;s:12:"border_width";i:1;s:12:"border_color";i:1;}s:18:"section_background";a:1:{s:21:"background_background";i:1;}}s:8:"advanced";a:1:{s:16:"section_advanced";a:2:{s:6:"margin";i:2;s:7:"padding";i:2;}}}}s:5:"image";a:3:{s:5:"count";i:1;s:15:"control_percent";i:3;s:8:"controls";a:2:{s:7:"content";a:1:{s:13:"section_image";a:4:{s:5:"image";i:1;s:10:"image_size";i:1;s:22:"image_custom_dimension";i:1;s:5:"align";i:1;}}s:8:"advanced";a:3:{s:14:"_section_style";a:1:{s:7:"_margin";i:1;}s:8:"wd_extra";a:1:{s:8:"scroll_y";i:1;}s:17:"_section_position";a:1:{s:14:"_element_width";i:1;}}}}s:11:"text-editor";a:3:{s:5:"count";i:1;s:15:"control_percent";i:2;s:8:"controls";a:3:{s:7:"content";a:1:{s:14:"section_editor";a:1:{s:6:"editor";i:1;}}s:5:"style";a:1:{s:13:"section_style";a:2:{s:21:"typography_typography";i:1;s:20:"typography_font_size";i:1;}}s:8:"advanced";a:3:{s:14:"_section_style";a:1:{s:7:"_margin";i:1;}s:8:"wd_extra";a:1:{s:8:"scroll_y";i:1;}s:17:"_section_position";a:1:{s:14:"_element_width";i:1;}}}}}]]></wp:meta_value>
		</wp:postmeta>
						</item>
					<item>
		<title>
				Header popup Beauty		</title>
		<link>http://dummy.xtemos.com/woodmart-elementor/demos/?cms_block=header-popup-beauty</link>
		<pubDate>Tue, 18 May 2021 14:21:41 +0000</pubDate>
		<dc:creator><![CDATA[zakhar]]></dc:creator>
		<guid isPermaLink="false">http://dummy.xtemos.com/woodmart-elementor/demos/?post_type=cms_block&#038;p=10972</guid>
		<description></description>
		<content:encoded><![CDATA[ 							
			
					Online booking				
							
					.elementor-10975 .elementor-element.elementor-element-cb8488a:not(.elementor-motion-effect]]></content:encoded>
		<excerpt:encoded><![CDATA[]]></excerpt:encoded>
		<wp:post_id>10972</wp:post_id>
		<wp:post_date>2021-05-18 14:21:41</wp:post_date>
		<wp:post_date_gmt>2021-05-18 14:21:41</wp:post_date_gmt>
		<wp:comment_status>closed</wp:comment_status>
		<wp:ping_status>closed</wp:ping_status>
		<wp:post_name>header-popup-beauty</wp:post_name>
		<wp:status>publish</wp:status>
		<wp:post_parent>0</wp:post_parent>
		<wp:menu_order>0</wp:menu_order>
		<wp:post_type>cms_block</wp:post_type>
		<wp:post_password></wp:post_password>
		<wp:is_sticky>0</wp:is_sticky>
														<wp:postmeta>
			<wp:meta_key>_wp_page_template</wp:meta_key>
			<wp:meta_value><![CDATA[default]]></wp:meta_value>
		</wp:postmeta>
							<wp:postmeta>
			<wp:meta_key>_elementor_edit_mode</wp:meta_key>
			<wp:meta_value><![CDATA[builder]]></wp:meta_value>
		</wp:postmeta>
							<wp:postmeta>
			<wp:meta_key>_elementor_template_type</wp:meta_key>
			<wp:meta_value><![CDATA[wp-post]]></wp:meta_value>
		</wp:postmeta>
							<wp:postmeta>
			<wp:meta_key>_elementor_version</wp:meta_key>
			<wp:meta_value><![CDATA[2.9.11]]></wp:meta_value>
		</wp:postmeta>
							<wp:postmeta>
			<wp:meta_key>_elementor_data</wp:meta_key>
			<wp:meta_value><![CDATA[[{"id":"f681ec2","elType":"section","settings":[],"elements":[{"id":"1481b4e","elType":"column","settings":{"_column_size":"100","column_sticky_offset":"50","scroll_y":"-80"},"elements":[{"id":"e81da01","elType":"widget","settings":{"popup_id":"popup-beauty","text":"Online booking","color":"primary","size":"large","scroll_y":"-80","content":"10975","width":{"unit":"px","size":"540","sizes":[]}},"elements":[],"widgetType":"wd_popup"}],"isInner":""}],"isInner":""}]]]></wp:meta_value>
		</wp:postmeta>
							<wp:postmeta>
			<wp:meta_key>_elementor_controls_usage</wp:meta_key>
			<wp:meta_value><![CDATA[a:3:{s:8:"wd_popup";a:3:{s:5:"count";i:1;s:15:"control_percent";i:3;s:8:"controls";a:3:{s:7:"content";a:2:{s:23:"general_content_section";a:2:{s:8:"popup_id";i:1;s:7:"content";i:1;}s:22:"button_content_section";a:1:{s:4:"text";i:1;}}s:5:"style";a:2:{s:20:"button_style_section";a:2:{s:5:"color";i:1;s:4:"size";i:1;}s:21:"general_style_section";a:1:{s:5:"width";i:1;}}s:8:"advanced";a:1:{s:8:"wd_extra";a:1:{s:8:"scroll_y";i:1;}}}}s:6:"column";a:3:{s:5:"count";i:1;s:15:"control_percent";i:1;s:8:"controls";a:1:{s:8:"advanced";a:1:{s:8:"wd_extra";a:2:{s:20:"column_sticky_offset";i:1;s:8:"scroll_y";i:1;}}}}s:7:"section";a:3:{s:5:"count";i:1;s:15:"control_percent";i:0;s:8:"controls";a:0:{}}}]]></wp:meta_value>
		</wp:postmeta>
						</item>
					<item>
		<title>
				Popup Beauty		</title>
		<link>http://dummy.xtemos.com/woodmart-elementor/demos/?cms_block=popup-beauty</link>
		<pubDate>Tue, 18 May 2021 14:23:22 +0000</pubDate>
		<dc:creator><![CDATA[zakhar]]></dc:creator>
		<guid isPermaLink="false">http://dummy.xtemos.com/woodmart-elementor/demos/?post_type=cms_block&#038;p=10975</guid>
		<description></description>
		<content:encoded><![CDATA[											
						 					
				
					Subscribe Now and Get Discount 10%				
					Be the first to learn about our latest trends				








   ]]></content:encoded>
		<excerpt:encoded><![CDATA[]]></excerpt:encoded>
		<wp:post_id>10975</wp:post_id>
		<wp:post_date>2021-05-18 14:23:22</wp:post_date>
		<wp:post_date_gmt>2021-05-18 14:23:22</wp:post_date_gmt>
		<wp:comment_status>closed</wp:comment_status>
		<wp:ping_status>closed</wp:ping_status>
		<wp:post_name>popup-beauty</wp:post_name>
		<wp:status>publish</wp:status>
		<wp:post_parent>0</wp:post_parent>
		<wp:menu_order>0</wp:menu_order>
		<wp:post_type>cms_block</wp:post_type>
		<wp:post_password></wp:post_password>
		<wp:is_sticky>0</wp:is_sticky>
														<wp:postmeta>
			<wp:meta_key>_wp_page_template</wp:meta_key>
			<wp:meta_value><![CDATA[default]]></wp:meta_value>
		</wp:postmeta>
							<wp:postmeta>
			<wp:meta_key>_elementor_edit_mode</wp:meta_key>
			<wp:meta_value><![CDATA[builder]]></wp:meta_value>
		</wp:postmeta>
							<wp:postmeta>
			<wp:meta_key>_elementor_template_type</wp:meta_key>
			<wp:meta_value><![CDATA[wp-post]]></wp:meta_value>
		</wp:postmeta>
							<wp:postmeta>
			<wp:meta_key>_elementor_version</wp:meta_key>
			<wp:meta_value><![CDATA[2.9.11]]></wp:meta_value>
		</wp:postmeta>
							<wp:postmeta>
			<wp:meta_key>_elementor_data</wp:meta_key>
			<wp:meta_value><![CDATA[[{"id":"cb8488a","elType":"section","settings":{"gap":"no","background_background":"classic","background_color":"#EFE6E3","margin":{"unit":"px","top":"-30","right":"-30","bottom":"-30","left":"-30","isLinked":"1"}},"elements":[{"id":"cbeede2","elType":"column","settings":{"_column_size":"100","column_sticky_offset":"50","scroll_y":"-80"},"elements":[{"id":"294b70c","elType":"widget","settings":{"image":{"url":"http:\/\/dummy.xtemos.com\/woodmart-elementor\/demos\/wp-content\/uploads\/sites\/2\/2021\/05\/w-beauty-popup.jpg","id":"10980"},"image_size":"full","scroll_y":"-80"},"elements":[],"widgetType":"image"},{"id":"7cd2234","elType":"section","settings":{"margin":{"unit":"px","top":"0","right":"0","bottom":"0","left":"0","isLinked":""},"padding":{"unit":"px","top":"20","right":"40","bottom":"10","left":"40","isLinked":""}},"elements":[{"id":"c860d0f","elType":"column","settings":{"_column_size":"100","column_sticky_offset":"50","scroll_y":"-80"},"elements":[{"id":"8bde09a","elType":"widget","settings":{"subtitle":"","title":"Subscribe Now and Get Discount 10%","after_title":"<p>Be the first to learn about our latest trends<\/p>","size":"large","align":"left","scroll_y":"-80","_margin":{"unit":"px","top":"0","right":"0","bottom":"10","left":"0","isLinked":""}},"elements":[],"widgetType":"wd_title"},{"id":"775c65d","elType":"widget","settings":{"scroll_y":"-80","form_id":"10985"},"elements":[],"widgetType":"wd_contact_form_7"}],"isInner":"1"}],"isInner":"1"}],"isInner":""}],"isInner":""}]]]></wp:meta_value>
		</wp:postmeta>
							<wp:postmeta>
			<wp:meta_key>_elementor_controls_usage</wp:meta_key>
			<wp:meta_value><![CDATA[a:5:{s:5:"image";a:3:{s:5:"count";i:1;s:15:"control_percent";i:1;s:8:"controls";a:2:{s:7:"content";a:1:{s:13:"section_image";a:2:{s:5:"image";i:1;s:10:"image_size";i:1;}}s:8:"advanced";a:1:{s:8:"wd_extra";a:1:{s:8:"scroll_y";i:1;}}}}s:8:"wd_title";a:3:{s:5:"count";i:1;s:15:"control_percent";i:2;s:8:"controls";a:3:{s:7:"content";a:1:{s:23:"general_content_section";a:3:{s:8:"subtitle";i:1;s:5:"title";i:1;s:11:"after_title";i:1;}}s:5:"style";a:1:{s:21:"general_style_section";a:2:{s:4:"size";i:1;s:5:"align";i:1;}}s:8:"advanced";a:2:{s:8:"wd_extra";a:1:{s:8:"scroll_y";i:1;}s:14:"_section_style";a:1:{s:7:"_margin";i:1;}}}}s:17:"wd_contact_form_7";a:3:{s:5:"count";i:1;s:15:"control_percent";i:1;s:8:"controls";a:2:{s:8:"advanced";a:1:{s:8:"wd_extra";a:1:{s:8:"scroll_y";i:1;}}s:7:"content";a:1:{s:23:"general_content_section";a:1:{s:7:"form_id";i:1;}}}}s:6:"column";a:3:{s:5:"count";i:2;s:15:"control_percent";i:1;s:8:"controls";a:1:{s:8:"advanced";a:1:{s:8:"wd_extra";a:2:{s:20:"column_sticky_offset";i:2;s:8:"scroll_y";i:2;}}}}s:7:"section";a:3:{s:5:"count";i:2;s:15:"control_percent";i:1;s:8:"controls";a:3:{s:8:"advanced";a:1:{s:16:"section_advanced";a:2:{s:6:"margin";i:2;s:7:"padding";i:1;}}s:6:"layout";a:1:{s:14:"section_layout";a:1:{s:3:"gap";i:1;}}s:5:"style";a:1:{s:18:"section_background";a:2:{s:21:"background_background";i:1;s:16:"background_color";i:1;}}}}}]]></wp:meta_value>
		</wp:postmeta>
						</item>
					<item>
		<title>
				w-beauty-popup		</title>
		<link>http://dummy.xtemos.com/woodmart-elementor/demos/?attachment_id=10980</link>
		<pubDate>Tue, 18 May 2021 14:25:18 +0000</pubDate>
		<dc:creator><![CDATA[zakhar]]></dc:creator>
		<guid isPermaLink="false">http://dummy.xtemos.com/woodmart-elementor/demos/wp-content/uploads/sites/2/2021/05/w-beauty-popup.jpg</guid>
		<description></description>
		<content:encoded><![CDATA[]]></content:encoded>
		<excerpt:encoded><![CDATA[]]></excerpt:encoded>
		<wp:post_id>10980</wp:post_id>
		<wp:post_date>2021-05-18 14:25:18</wp:post_date>
		<wp:post_date_gmt>2021-05-18 14:25:18</wp:post_date_gmt>
		<wp:comment_status>open</wp:comment_status>
		<wp:ping_status>closed</wp:ping_status>
		<wp:post_name>w-beauty-popup</wp:post_name>
		<wp:status>inherit</wp:status>
		<wp:post_parent>10975</wp:post_parent>
		<wp:menu_order>0</wp:menu_order>
		<wp:post_type>attachment</wp:post_type>
		<wp:post_password></wp:post_password>
		<wp:is_sticky>0</wp:is_sticky>
						<wp:attachment_url>http://dummy.xtemos.com/woodmart-elementor/demos/wp-content/uploads/sites/2/2021/05/w-beauty-popup.jpg</wp:attachment_url>
												<wp:postmeta>
			<wp:meta_key>_wp_attached_file</wp:meta_key>
			<wp:meta_value><![CDATA[2021/05/w-beauty-popup.jpg]]></wp:meta_value>
		</wp:postmeta>
						</item>
					<item>
		<title>
				Contact form popup beauty		</title>
		<link>http://dummy.xtemos.com/woodmart-elementor/demos/?post_type=wpcf7_contact_form&#038;p=10985</link>
		<pubDate>Tue, 18 May 2021 14:29:34 +0000</pubDate>
		<dc:creator><![CDATA[zakhar]]></dc:creator>
		<guid isPermaLink="false">http://dummy.xtemos.com/woodmart-elementor/demos/?post_type=wpcf7_contact_form&#038;p=10985</guid>
		<description></description>
		<content:encoded><![CDATA[<div class="row">
<p class="col-lg-12">[text* Yor name placeholder ="Yor name"]</p>
<div>  
<p>
            Express make-up
            Manicure
            High-end Cosmetics
            Evening make-up
            Hair styling
            Lamination of eyebrows
            Eyelash extensions
        
</p>
</div>
<p class="col-lg-12">[text* Your phone number placeholder ="Your phone number"]</p>          
<p class="col-lg-auto">[submit class:btn class:btn-color-primary"Online booking"]</p>
</div>
1
Woodmart dummy demos "[your-subject]"
Woodmart dummy demos 
se@as.as
From: [your-name] 
Subject: [your-subject]

Message Body:
[your-message]

-- 
This e-mail was sent from a contact form on Woodmart dummy demos (http://dummy.xtemos.com/woodmart-elementor/demos)
Reply-To: [your-email]




Woodmart dummy demos "[your-subject]"
Woodmart dummy demos 
[your-email]
Message Body:
[your-message]

-- 
This e-mail was sent from a contact form on Woodmart dummy demos (http://dummy.xtemos.com/woodmart-elementor/demos)
Reply-To: se@as.as



Thank you for your message. It has been sent.
There was an error trying to send your message. Please try again later.
One or more fields have an error. Please check and try again.
There was an error trying to send your message. Please try again later.
You must accept the terms and conditions before sending your message.
The field is required.
The field is too long.
The field is too short.
The date format is incorrect.
The date is before the earliest one allowed.
The date is after the latest one allowed.
There was an unknown error uploading the file.
You are not allowed to upload files of this type.
The file is too big.
There was an error uploading the file.
The number format is invalid.
The number is smaller than the minimum allowed.
The number is larger than the maximum allowed.
The answer to the quiz is incorrect.
The e-mail address entered is invalid.
The URL is invalid.
The telephone number is invalid.]]></content:encoded>
		<excerpt:encoded><![CDATA[]]></excerpt:encoded>
		<wp:post_id>10985</wp:post_id>
		<wp:post_date>2021-05-18 14:29:34</wp:post_date>
		<wp:post_date_gmt>2021-05-18 14:29:34</wp:post_date_gmt>
		<wp:comment_status>closed</wp:comment_status>
		<wp:ping_status>closed</wp:ping_status>
		<wp:post_name>contact-form-popup-beauty</wp:post_name>
		<wp:status>publish</wp:status>
		<wp:post_parent>0</wp:post_parent>
		<wp:menu_order>0</wp:menu_order>
		<wp:post_type>wpcf7_contact_form</wp:post_type>
		<wp:post_password></wp:post_password>
		<wp:is_sticky>0</wp:is_sticky>
														<wp:postmeta>
			<wp:meta_key>_form</wp:meta_key>
			<wp:meta_value><![CDATA[<div class="row">
<p class="col-lg-12">[text* Yor name placeholder ="Yor name"]</p>
<div class="col-lg-12"">  
<p><select class="form-control" id="Select service">
            <option>Express make-up</option>
            <option>Manicure</option>
            <option>High-end Cosmetics</option>
            <option>Evening make-up</option>
            <option>Hair styling</option>
            <option>Lamination of eyebrows</option>
            <option>Eyelash extensions</option>
        </select>
</p>
</div>
<p class="col-lg-12">[text* Your phone number placeholder ="Your phone number"]</p>          
<p class="col-lg-auto">[submit class:btn class:btn-color-primary"Online booking"]</p>
</div>]]></wp:meta_value>
		</wp:postmeta>
							<wp:postmeta>
			<wp:meta_key>_mail</wp:meta_key>
			<wp:meta_value><![CDATA[a:9:{s:6:"active";b:1;s:7:"subject";s:37:"Woodmart dummy demos "[your-subject]"";s:6:"sender";s:49:"Woodmart dummy demos <wordpress@dummy.xtemos.com>";s:9:"recipient";s:8:"se@as.as";s:4:"body";s:207:"From: [your-name] <[your-email]>
Subject: [your-subject]

Message Body:
[your-message]

-- 
This e-mail was sent from a contact form on Woodmart dummy demos (http://dummy.xtemos.com/woodmart-elementor/demos)";s:18:"additional_headers";s:22:"Reply-To: [your-email]";s:11:"attachments";s:0:"";s:8:"use_html";b:0;s:13:"exclude_blank";b:0;}]]></wp:meta_value>
		</wp:postmeta>
							<wp:postmeta>
			<wp:meta_key>_mail_2</wp:meta_key>
			<wp:meta_value><![CDATA[a:9:{s:6:"active";b:0;s:7:"subject";s:37:"Woodmart dummy demos "[your-subject]"";s:6:"sender";s:49:"Woodmart dummy demos <wordpress@dummy.xtemos.com>";s:9:"recipient";s:12:"[your-email]";s:4:"body";s:149:"Message Body:
[your-message]

-- 
This e-mail was sent from a contact form on Woodmart dummy demos (http://dummy.xtemos.com/woodmart-elementor/demos)";s:18:"additional_headers";s:18:"Reply-To: se@as.as";s:11:"attachments";s:0:"";s:8:"use_html";b:0;s:13:"exclude_blank";b:0;}]]></wp:meta_value>
		</wp:postmeta>
							<wp:postmeta>
			<wp:meta_key>_messages</wp:meta_key>
			<wp:meta_value><![CDATA[a:22:{s:12:"mail_sent_ok";s:45:"Thank you for your message. It has been sent.";s:12:"mail_sent_ng";s:71:"There was an error trying to send your message. Please try again later.";s:16:"validation_error";s:61:"One or more fields have an error. Please check and try again.";s:4:"spam";s:71:"There was an error trying to send your message. Please try again later.";s:12:"accept_terms";s:69:"You must accept the terms and conditions before sending your message.";s:16:"invalid_required";s:22:"The field is required.";s:16:"invalid_too_long";s:22:"The field is too long.";s:17:"invalid_too_short";s:23:"The field is too short.";s:12:"invalid_date";s:29:"The date format is incorrect.";s:14:"date_too_early";s:44:"The date is before the earliest one allowed.";s:13:"date_too_late";s:41:"The date is after the latest one allowed.";s:13:"upload_failed";s:46:"There was an unknown error uploading the file.";s:24:"upload_file_type_invalid";s:49:"You are not allowed to upload files of this type.";s:21:"upload_file_too_large";s:20:"The file is too big.";s:23:"upload_failed_php_error";s:38:"There was an error uploading the file.";s:14:"invalid_number";s:29:"The number format is invalid.";s:16:"number_too_small";s:47:"The number is smaller than the minimum allowed.";s:16:"number_too_large";s:46:"The number is larger than the maximum allowed.";s:23:"quiz_answer_not_correct";s:36:"The answer to the quiz is incorrect.";s:13:"invalid_email";s:38:"The e-mail address entered is invalid.";s:11:"invalid_url";s:19:"The URL is invalid.";s:11:"invalid_tel";s:32:"The telephone number is invalid.";}]]></wp:meta_value>
		</wp:postmeta>
							<wp:postmeta>
			<wp:meta_key>_additional_settings</wp:meta_key>
			<wp:meta_value><![CDATA[]]></wp:meta_value>
		</wp:postmeta>
							<wp:postmeta>
			<wp:meta_key>_locale</wp:meta_key>
			<wp:meta_value><![CDATA[en_US]]></wp:meta_value>
		</wp:postmeta>
							<wp:postmeta>
			<wp:meta_key>_config_errors</wp:meta_key>
			<wp:meta_value><![CDATA[a:1:{s:23:"mail.additional_headers";a:1:{i:0;a:2:{s:4:"code";i:102;s:4:"args";a:3:{s:7:"message";s:51:"Invalid mailbox syntax is used in the %name% field.";s:6:"params";a:1:{s:4:"name";s:8:"Reply-To";}s:4:"link";s:68:"https://contactform7.com/configuration-errors/invalid-mailbox-syntax";}}}}]]></wp:meta_value>
		</wp:postmeta>
						</item>
					<item>
		<title>
				w-beauty-offer-1		</title>
		<link>http://dummy.xtemos.com/woodmart-elementor/demos/home-beauty/w-beauty-offer-1-2/</link>
		<pubDate>Thu, 20 May 2021 12:12:26 +0000</pubDate>
		<dc:creator><![CDATA[zakhar]]></dc:creator>
		<guid isPermaLink="false">http://dummy.xtemos.com/woodmart-elementor/demos/wp-content/uploads/sites/2/2021/05/w-beauty-offer-1-1.svg</guid>
		<description></description>
		<content:encoded><![CDATA[]]></content:encoded>
		<excerpt:encoded><![CDATA[]]></excerpt:encoded>
		<wp:post_id>11069</wp:post_id>
		<wp:post_date>2021-05-20 12:12:26</wp:post_date>
		<wp:post_date_gmt>2021-05-20 12:12:26</wp:post_date_gmt>
		<wp:comment_status>open</wp:comment_status>
		<wp:ping_status>closed</wp:ping_status>
		<wp:post_name>w-beauty-offer-1-2</wp:post_name>
		<wp:status>inherit</wp:status>
		<wp:post_parent>10575</wp:post_parent>
		<wp:menu_order>0</wp:menu_order>
		<wp:post_type>attachment</wp:post_type>
		<wp:post_password></wp:post_password>
		<wp:is_sticky>0</wp:is_sticky>
						<wp:attachment_url>http://dummy.xtemos.com/woodmart-elementor/demos/wp-content/uploads/sites/2/2021/05/w-beauty-offer-1-1.svg</wp:attachment_url>
												<wp:postmeta>
			<wp:meta_key>_wp_attached_file</wp:meta_key>
			<wp:meta_value><![CDATA[2021/05/w-beauty-offer-1-1.svg]]></wp:meta_value>
		</wp:postmeta>
						</item>
					<item>
		<title>
				w-beauty-offer-2		</title>
		<link>http://dummy.xtemos.com/woodmart-elementor/demos/home-beauty/w-beauty-offer-2-2/</link>
		<pubDate>Thu, 20 May 2021 12:12:26 +0000</pubDate>
		<dc:creator><![CDATA[zakhar]]></dc:creator>
		<guid isPermaLink="false">http://dummy.xtemos.com/woodmart-elementor/demos/wp-content/uploads/sites/2/2021/05/w-beauty-offer-2-1.svg</guid>
		<description></description>
		<content:encoded><![CDATA[]]></content:encoded>
		<excerpt:encoded><![CDATA[]]></excerpt:encoded>
		<wp:post_id>11070</wp:post_id>
		<wp:post_date>2021-05-20 12:12:26</wp:post_date>
		<wp:post_date_gmt>2021-05-20 12:12:26</wp:post_date_gmt>
		<wp:comment_status>open</wp:comment_status>
		<wp:ping_status>closed</wp:ping_status>
		<wp:post_name>w-beauty-offer-2-2</wp:post_name>
		<wp:status>inherit</wp:status>
		<wp:post_parent>10575</wp:post_parent>
		<wp:menu_order>0</wp:menu_order>
		<wp:post_type>attachment</wp:post_type>
		<wp:post_password></wp:post_password>
		<wp:is_sticky>0</wp:is_sticky>
						<wp:attachment_url>http://dummy.xtemos.com/woodmart-elementor/demos/wp-content/uploads/sites/2/2021/05/w-beauty-offer-2-1.svg</wp:attachment_url>
												<wp:postmeta>
			<wp:meta_key>_wp_attached_file</wp:meta_key>
			<wp:meta_value><![CDATA[2021/05/w-beauty-offer-2-1.svg]]></wp:meta_value>
		</wp:postmeta>
						</item>
					<item>
		<title>
				w-beauty-offer-3		</title>
		<link>http://dummy.xtemos.com/woodmart-elementor/demos/home-beauty/w-beauty-offer-3-2/</link>
		<pubDate>Thu, 20 May 2021 12:12:27 +0000</pubDate>
		<dc:creator><![CDATA[zakhar]]></dc:creator>
		<guid isPermaLink="false">http://dummy.xtemos.com/woodmart-elementor/demos/wp-content/uploads/sites/2/2021/05/w-beauty-offer-3-1.svg</guid>
		<description></description>
		<content:encoded><![CDATA[]]></content:encoded>
		<excerpt:encoded><![CDATA[]]></excerpt:encoded>
		<wp:post_id>11071</wp:post_id>
		<wp:post_date>2021-05-20 12:12:27</wp:post_date>
		<wp:post_date_gmt>2021-05-20 12:12:27</wp:post_date_gmt>
		<wp:comment_status>open</wp:comment_status>
		<wp:ping_status>closed</wp:ping_status>
		<wp:post_name>w-beauty-offer-3-2</wp:post_name>
		<wp:status>inherit</wp:status>
		<wp:post_parent>10575</wp:post_parent>
		<wp:menu_order>0</wp:menu_order>
		<wp:post_type>attachment</wp:post_type>
		<wp:post_password></wp:post_password>
		<wp:is_sticky>0</wp:is_sticky>
						<wp:attachment_url>http://dummy.xtemos.com/woodmart-elementor/demos/wp-content/uploads/sites/2/2021/05/w-beauty-offer-3-1.svg</wp:attachment_url>
												<wp:postmeta>
			<wp:meta_key>_wp_attached_file</wp:meta_key>
			<wp:meta_value><![CDATA[2021/05/w-beauty-offer-3-1.svg]]></wp:meta_value>
		</wp:postmeta>
						</item>
					<item>
		<title>
				w-beauty-offer-4		</title>
		<link>http://dummy.xtemos.com/woodmart-elementor/demos/home-beauty/w-beauty-offer-4-2/</link>
		<pubDate>Thu, 20 May 2021 12:12:28 +0000</pubDate>
		<dc:creator><![CDATA[zakhar]]></dc:creator>
		<guid isPermaLink="false">http://dummy.xtemos.com/woodmart-elementor/demos/wp-content/uploads/sites/2/2021/05/w-beauty-offer-4-1.svg</guid>
		<description></description>
		<content:encoded><![CDATA[]]></content:encoded>
		<excerpt:encoded><![CDATA[]]></excerpt:encoded>
		<wp:post_id>11072</wp:post_id>
		<wp:post_date>2021-05-20 12:12:28</wp:post_date>
		<wp:post_date_gmt>2021-05-20 12:12:28</wp:post_date_gmt>
		<wp:comment_status>open</wp:comment_status>
		<wp:ping_status>closed</wp:ping_status>
		<wp:post_name>w-beauty-offer-4-2</wp:post_name>
		<wp:status>inherit</wp:status>
		<wp:post_parent>10575</wp:post_parent>
		<wp:menu_order>0</wp:menu_order>
		<wp:post_type>attachment</wp:post_type>
		<wp:post_password></wp:post_password>
		<wp:is_sticky>0</wp:is_sticky>
						<wp:attachment_url>http://dummy.xtemos.com/woodmart-elementor/demos/wp-content/uploads/sites/2/2021/05/w-beauty-offer-4-1.svg</wp:attachment_url>
												<wp:postmeta>
			<wp:meta_key>_wp_attached_file</wp:meta_key>
			<wp:meta_value><![CDATA[2021/05/w-beauty-offer-4-1.svg]]></wp:meta_value>
		</wp:postmeta>
						</item>
					<item>
		<title>
				w-beauty-offer-5		</title>
		<link>http://dummy.xtemos.com/woodmart-elementor/demos/home-beauty/w-beauty-offer-5-2/</link>
		<pubDate>Thu, 20 May 2021 12:12:29 +0000</pubDate>
		<dc:creator><![CDATA[zakhar]]></dc:creator>
		<guid isPermaLink="false">http://dummy.xtemos.com/woodmart-elementor/demos/wp-content/uploads/sites/2/2021/05/w-beauty-offer-5-1.svg</guid>
		<description></description>
		<content:encoded><![CDATA[]]></content:encoded>
		<excerpt:encoded><![CDATA[]]></excerpt:encoded>
		<wp:post_id>11073</wp:post_id>
		<wp:post_date>2021-05-20 12:12:29</wp:post_date>
		<wp:post_date_gmt>2021-05-20 12:12:29</wp:post_date_gmt>
		<wp:comment_status>open</wp:comment_status>
		<wp:ping_status>closed</wp:ping_status>
		<wp:post_name>w-beauty-offer-5-2</wp:post_name>
		<wp:status>inherit</wp:status>
		<wp:post_parent>10575</wp:post_parent>
		<wp:menu_order>0</wp:menu_order>
		<wp:post_type>attachment</wp:post_type>
		<wp:post_password></wp:post_password>
		<wp:is_sticky>0</wp:is_sticky>
						<wp:attachment_url>http://dummy.xtemos.com/woodmart-elementor/demos/wp-content/uploads/sites/2/2021/05/w-beauty-offer-5-1.svg</wp:attachment_url>
												<wp:postmeta>
			<wp:meta_key>_wp_attached_file</wp:meta_key>
			<wp:meta_value><![CDATA[2021/05/w-beauty-offer-5-1.svg]]></wp:meta_value>
		</wp:postmeta>
						</item>
					<item>
		<title>
				w-beauty-offer-6		</title>
		<link>http://dummy.xtemos.com/woodmart-elementor/demos/home-beauty/w-beauty-offer-6-2/</link>
		<pubDate>Thu, 20 May 2021 12:12:29 +0000</pubDate>
		<dc:creator><![CDATA[zakhar]]></dc:creator>
		<guid isPermaLink="false">http://dummy.xtemos.com/woodmart-elementor/demos/wp-content/uploads/sites/2/2021/05/w-beauty-offer-6-1.svg</guid>
		<description></description>
		<content:encoded><![CDATA[]]></content:encoded>
		<excerpt:encoded><![CDATA[]]></excerpt:encoded>
		<wp:post_id>11074</wp:post_id>
		<wp:post_date>2021-05-20 12:12:29</wp:post_date>
		<wp:post_date_gmt>2021-05-20 12:12:29</wp:post_date_gmt>
		<wp:comment_status>open</wp:comment_status>
		<wp:ping_status>closed</wp:ping_status>
		<wp:post_name>w-beauty-offer-6-2</wp:post_name>
		<wp:status>inherit</wp:status>
		<wp:post_parent>10575</wp:post_parent>
		<wp:menu_order>0</wp:menu_order>
		<wp:post_type>attachment</wp:post_type>
		<wp:post_password></wp:post_password>
		<wp:is_sticky>0</wp:is_sticky>
						<wp:attachment_url>http://dummy.xtemos.com/woodmart-elementor/demos/wp-content/uploads/sites/2/2021/05/w-beauty-offer-6-1.svg</wp:attachment_url>
												<wp:postmeta>
			<wp:meta_key>_wp_attached_file</wp:meta_key>
			<wp:meta_value><![CDATA[2021/05/w-beauty-offer-6-1.svg]]></wp:meta_value>
		</wp:postmeta>
						</item>
					<item>
		<title>
				w-beauty-offer-7		</title>
		<link>http://dummy.xtemos.com/woodmart-elementor/demos/home-beauty/w-beauty-offer-7-2/</link>
		<pubDate>Thu, 20 May 2021 12:12:30 +0000</pubDate>
		<dc:creator><![CDATA[zakhar]]></dc:creator>
		<guid isPermaLink="false">http://dummy.xtemos.com/woodmart-elementor/demos/wp-content/uploads/sites/2/2021/05/w-beauty-offer-7-1.svg</guid>
		<description></description>
		<content:encoded><![CDATA[]]></content:encoded>
		<excerpt:encoded><![CDATA[]]></excerpt:encoded>
		<wp:post_id>11075</wp:post_id>
		<wp:post_date>2021-05-20 12:12:30</wp:post_date>
		<wp:post_date_gmt>2021-05-20 12:12:30</wp:post_date_gmt>
		<wp:comment_status>open</wp:comment_status>
		<wp:ping_status>closed</wp:ping_status>
		<wp:post_name>w-beauty-offer-7-2</wp:post_name>
		<wp:status>inherit</wp:status>
		<wp:post_parent>10575</wp:post_parent>
		<wp:menu_order>0</wp:menu_order>
		<wp:post_type>attachment</wp:post_type>
		<wp:post_password></wp:post_password>
		<wp:is_sticky>0</wp:is_sticky>
						<wp:attachment_url>http://dummy.xtemos.com/woodmart-elementor/demos/wp-content/uploads/sites/2/2021/05/w-beauty-offer-7-1.svg</wp:attachment_url>
												<wp:postmeta>
			<wp:meta_key>_wp_attached_file</wp:meta_key>
			<wp:meta_value><![CDATA[2021/05/w-beauty-offer-7-1.svg]]></wp:meta_value>
		</wp:postmeta>
						</item>
					<item>
		<title>
				w-beauty-offer-8		</title>
		<link>http://dummy.xtemos.com/woodmart-elementor/demos/home-beauty/w-beauty-offer-8-2/</link>
		<pubDate>Thu, 20 May 2021 12:12:31 +0000</pubDate>
		<dc:creator><![CDATA[zakhar]]></dc:creator>
		<guid isPermaLink="false">http://dummy.xtemos.com/woodmart-elementor/demos/wp-content/uploads/sites/2/2021/05/w-beauty-offer-8-1.svg</guid>
		<description></description>
		<content:encoded><![CDATA[]]></content:encoded>
		<excerpt:encoded><![CDATA[]]></excerpt:encoded>
		<wp:post_id>11076</wp:post_id>
		<wp:post_date>2021-05-20 12:12:31</wp:post_date>
		<wp:post_date_gmt>2021-05-20 12:12:31</wp:post_date_gmt>
		<wp:comment_status>open</wp:comment_status>
		<wp:ping_status>closed</wp:ping_status>
		<wp:post_name>w-beauty-offer-8-2</wp:post_name>
		<wp:status>inherit</wp:status>
		<wp:post_parent>10575</wp:post_parent>
		<wp:menu_order>0</wp:menu_order>
		<wp:post_type>attachment</wp:post_type>
		<wp:post_password></wp:post_password>
		<wp:is_sticky>0</wp:is_sticky>
						<wp:attachment_url>http://dummy.xtemos.com/woodmart-elementor/demos/wp-content/uploads/sites/2/2021/05/w-beauty-offer-8-1.svg</wp:attachment_url>
												<wp:postmeta>
			<wp:meta_key>_wp_attached_file</wp:meta_key>
			<wp:meta_value><![CDATA[2021/05/w-beauty-offer-8-1.svg]]></wp:meta_value>
		</wp:postmeta>
						</item>
					<item>
		<title>
				Prefooter beauty		</title>
		<link>http://dummy.xtemos.com/woodmart-elementor/demos/?cms_block=prefooter-beauty</link>
		<pubDate>Mon, 14 Jun 2021 16:45:21 +0000</pubDate>
		<dc:creator><![CDATA[zakhar]]></dc:creator>
		<guid isPermaLink="false">http://dummy.xtemos.com/woodmart-elementor/demos/?post_type=cms_block&#038;p=11470</guid>
		<description></description>
		<content:encoded><![CDATA[ 					
				Need a perfect makeup and hairstyling? 
					Book now or leave your phone number, and we will call you back!				









       ]]></content:encoded>
		<excerpt:encoded><![CDATA[]]></excerpt:encoded>
		<wp:post_id>11470</wp:post_id>
		<wp:post_date>2021-06-14 16:45:21</wp:post_date>
		<wp:post_date_gmt>2021-06-14 16:45:21</wp:post_date_gmt>
		<wp:comment_status>closed</wp:comment_status>
		<wp:ping_status>closed</wp:ping_status>
		<wp:post_name>prefooter-beauty</wp:post_name>
		<wp:status>publish</wp:status>
		<wp:post_parent>0</wp:post_parent>
		<wp:menu_order>0</wp:menu_order>
		<wp:post_type>cms_block</wp:post_type>
		<wp:post_password></wp:post_password>
		<wp:is_sticky>0</wp:is_sticky>
														<wp:postmeta>
			<wp:meta_key>_wp_page_template</wp:meta_key>
			<wp:meta_value><![CDATA[default]]></wp:meta_value>
		</wp:postmeta>
							<wp:postmeta>
			<wp:meta_key>_elementor_edit_mode</wp:meta_key>
			<wp:meta_value><![CDATA[builder]]></wp:meta_value>
		</wp:postmeta>
							<wp:postmeta>
			<wp:meta_key>_elementor_template_type</wp:meta_key>
			<wp:meta_value><![CDATA[wp-post]]></wp:meta_value>
		</wp:postmeta>
							<wp:postmeta>
			<wp:meta_key>_elementor_version</wp:meta_key>
			<wp:meta_value><![CDATA[2.9.11]]></wp:meta_value>
		</wp:postmeta>
							<wp:postmeta>
			<wp:meta_key>_elementor_data</wp:meta_key>
			<wp:meta_value><![CDATA[[{"id":"3dda67b","elType":"section","settings":{"wd_section_stretch":"stretch","background_background":"classic","background_color":"#EFE6E3","padding":{"unit":"px","top":"70","right":"10","bottom":"50","left":"10","isLinked":""},"margin":{"unit":"px","top":"0","right":"0","bottom":"-40","left":"0","isLinked":""}},"elements":[{"id":"2c7cca3","elType":"column","settings":{"_column_size":"100","column_sticky_offset":"50","scroll_y":"-80"},"elements":[{"id":"31fffc4","elType":"widget","settings":{"subtitle":"","title":"Need a perfect makeup and hairstyling?","after_title":"<p>Book now or leave your phone number, and we will call you back!<\/p>","size":"extra-large","align":"left","_margin":{"unit":"px","top":"0","right":"0","bottom":"10","left":"0","isLinked":""},"scroll_y":"-80"},"elements":[],"widgetType":"wd_title"},{"id":"b1168b5","elType":"widget","settings":{"form_id":"10661","scroll_y":"-80"},"elements":[],"widgetType":"wd_contact_form_7"}],"isInner":""}],"isInner":""}]]]></wp:meta_value>
		</wp:postmeta>
							<wp:postmeta>
			<wp:meta_key>_elementor_controls_usage</wp:meta_key>
			<wp:meta_value><![CDATA[a:4:{s:8:"wd_title";a:3:{s:5:"count";i:1;s:15:"control_percent";i:2;s:8:"controls";a:3:{s:7:"content";a:1:{s:23:"general_content_section";a:3:{s:8:"subtitle";i:1;s:5:"title";i:1;s:11:"after_title";i:1;}}s:5:"style";a:1:{s:21:"general_style_section";a:2:{s:4:"size";i:1;s:5:"align";i:1;}}s:8:"advanced";a:2:{s:14:"_section_style";a:1:{s:7:"_margin";i:1;}s:8:"wd_extra";a:1:{s:8:"scroll_y";i:1;}}}}s:17:"wd_contact_form_7";a:3:{s:5:"count";i:1;s:15:"control_percent";i:1;s:8:"controls";a:2:{s:7:"content";a:1:{s:23:"general_content_section";a:1:{s:7:"form_id";i:1;}}s:8:"advanced";a:1:{s:8:"wd_extra";a:1:{s:8:"scroll_y";i:1;}}}}s:6:"column";a:3:{s:5:"count";i:1;s:15:"control_percent";i:1;s:8:"controls";a:1:{s:8:"advanced";a:1:{s:8:"wd_extra";a:2:{s:20:"column_sticky_offset";i:1;s:8:"scroll_y";i:1;}}}}s:7:"section";a:3:{s:5:"count";i:1;s:15:"control_percent";i:1;s:8:"controls";a:3:{s:6:"layout";a:1:{s:15:"wd_extra_layout";a:1:{s:18:"wd_section_stretch";i:1;}}s:5:"style";a:1:{s:18:"section_background";a:2:{s:21:"background_background";i:1;s:16:"background_color";i:1;}}s:8:"advanced";a:1:{s:16:"section_advanced";a:2:{s:7:"padding";i:1;s:6:"margin";i:1;}}}}}]]></wp:meta_value>
		</wp:postmeta>
						</item>
				</channel>
</rss>
	