{
    "text-font": {
        "font-family": "Lato",
        "font-weight": "400",
        "font-size": "16"
    },
    "primary-font": {
        "font-family": "Josefin Sans",
        "font-weight": "600"
    },
    "post-titles-font": {
        "font-family": "Josefin Sans",
        "font-weight": "600"
    },
    "widget-titles-font": {
        "font-family": "Josefin Sans",
        "font-weight": "600"
    },
    "navigation-font": {
        "font-family": "Josefin Sans",
        "font-weight": "600"
    },
    "secondary-font": {
        "font-family": "Josefin Sans",
        "font-weight": "600"
    },
    "primary-color": "#fa6334",
    "btns_shop_bg": "#fa6334",
    "btns_shop_bg_hover": "#e45a2f",
    "btns_accent_bg": "#fa6334",
    "btns_accent_bg_hover": "#e45a2f",
    "pages-background": {
        "background-color": "#efe6e3",
        "background-repeat": "",
        "background-size": "",
        "background-attachment": "",
        "background-position": "",
        "background-image": "",
        "media": {
            "id": "",
            "height": "",
            "width": "",
            "thumbnail": ""
        }
    },
    "footer-bar-bg": {
        "background-color": "#ebddd9",
        "background-repeat": "",
        "background-size": "cover",
        "background-position": "center",
        "background-image": ""
    },
    "footer-layout": "1",
    "disable_copyrights": "0",
    "sticky_toolbar": "0",
    "prefooter_area": "[html_block id=\"11470\"]"
}