<?xml version="1.0" encoding="UTF-8" ?>
<!-- This is a WordPress eXtended RSS file generated by WordPress as an export of your site. -->
<!-- It contains information about your site's posts, pages, comments, categories, and other content. -->
<!-- You may use this file to transfer that content from one site to another. -->
<!-- This file is not intended to serve as a complete backup of your site. -->

<!-- To import this information into a WordPress site follow these steps: -->
<!-- 1. Log in to that site as an administrator. -->
<!-- 2. Go to Tools: Import in the WordPress admin panel. -->
<!-- 3. Install the "WordPress" importer from the list. -->
<!-- 4. Activate & Run Importer. -->
<!-- 5. Upload this file using the form provided on that page. -->
<!-- 6. You will first be asked to map the authors in this export file to users -->
<!--    on the site. For each author, you may choose to map to an -->
<!--    existing user on the site or to create a new user. -->
<!-- 7. WordPress will then import each of the posts, pages, comments, categories, etc. -->
<!--    contained in this file into your site. -->

	<!-- generator="WordPress/5.4.2" created="2020-07-15 12:13" -->
<rss version="2.0"
	xmlns:excerpt="http://wordpress.org/export/1.2/excerpt/"
	xmlns:content="http://purl.org/rss/1.0/modules/content/"
	xmlns:wfw="http://wellformedweb.org/CommentAPI/"
	xmlns:dc="http://purl.org/dc/elements/1.1/"
	xmlns:wp="http://wordpress.org/export/1.2/"
>

<channel>
	<title>Woodmart dummy demos</title>
	<link>http://dummy.xtemos.com/woodmart-elementor/demos</link>
	<description>Just another Woodmart Dummy Content Sites site</description>
	<pubDate>Wed, 15 Jul 2020 12:13:34 +0000</pubDate>
	<language>en-US</language>
	<wp:wxr_version>1.2</wp:wxr_version>
	<wp:base_site_url>http://dummy.xtemos.com/woodmart-elementor/</wp:base_site_url>
	<wp:base_blog_url>http://dummy.xtemos.com/woodmart-elementor/demos</wp:base_blog_url>

		<wp:author><wp:author_id>2</wp:author_id><wp:author_login>erwin</wp:author_login><wp:author_email>ss@asas.as</wp:author_email><wp:author_display_name><![CDATA[erwin]]></wp:author_display_name><wp:author_first_name><![CDATA[]]></wp:author_first_name><wp:author_last_name><![CDATA[]]></wp:author_last_name></wp:author>

				
	<generator>https://wordpress.org/?v=5.4.2</generator>

		<item>
		<title>
				wood-gallery-placeholder-5		</title>
		<link>http://dummy.xtemos.com/woodmart-elementor/demos/home-base/wood-gallery-placeholder-5/</link>
		<pubDate>Wed, 14 Jun 2017 11:33:22 +0000</pubDate>
		<dc:creator><![CDATA[admin]]></dc:creator>
		<guid isPermaLink="false">http://dummy.xtemos.com/woodmart-elementor/demos/wp-content/uploads/sites/2/2017/06/wood-gallery-placeholder-5.jpg</guid>
		<description></description>
		<content:encoded><![CDATA[]]></content:encoded>
		<excerpt:encoded><![CDATA[]]></excerpt:encoded>
		<wp:post_id>77</wp:post_id>
		<wp:post_date>2017-06-14 11:33:22</wp:post_date>
		<wp:post_date_gmt>2017-06-14 11:33:22</wp:post_date_gmt>
		<wp:comment_status>open</wp:comment_status>
		<wp:ping_status>closed</wp:ping_status>
		<wp:post_name>wood-gallery-placeholder-5</wp:post_name>
		<wp:status>inherit</wp:status>
		<wp:post_parent>57</wp:post_parent>
		<wp:menu_order>0</wp:menu_order>
		<wp:post_type>attachment</wp:post_type>
		<wp:post_password></wp:post_password>
		<wp:is_sticky>0</wp:is_sticky>
						<wp:attachment_url>http://dummy.xtemos.com/woodmart-elementor/demos/wp-content/uploads/sites/2/2017/06/wood-gallery-placeholder-5.jpg</wp:attachment_url>
												<wp:postmeta>
			<wp:meta_key>_wp_attached_file</wp:meta_key>
			<wp:meta_value><![CDATA[2017/06/wood-gallery-placeholder-5.jpg]]></wp:meta_value>
		</wp:postmeta>
						</item>
					<item>
		<title>
				wood-gallery-placeholder		</title>
		<link>http://dummy.xtemos.com/woodmart-elementor/demos/home-base/wood-gallery-placeholder/</link>
		<pubDate>Wed, 14 Jun 2017 11:33:24 +0000</pubDate>
		<dc:creator><![CDATA[admin]]></dc:creator>
		<guid isPermaLink="false">http://dummy.xtemos.com/woodmart-elementor/demos/wp-content/uploads/sites/2/2017/06/wood-gallery-placeholder.jpg</guid>
		<description></description>
		<content:encoded><![CDATA[]]></content:encoded>
		<excerpt:encoded><![CDATA[]]></excerpt:encoded>
		<wp:post_id>78</wp:post_id>
		<wp:post_date>2017-06-14 11:33:24</wp:post_date>
		<wp:post_date_gmt>2017-06-14 11:33:24</wp:post_date_gmt>
		<wp:comment_status>open</wp:comment_status>
		<wp:ping_status>closed</wp:ping_status>
		<wp:post_name>wood-gallery-placeholder</wp:post_name>
		<wp:status>inherit</wp:status>
		<wp:post_parent>57</wp:post_parent>
		<wp:menu_order>0</wp:menu_order>
		<wp:post_type>attachment</wp:post_type>
		<wp:post_password></wp:post_password>
		<wp:is_sticky>0</wp:is_sticky>
						<wp:attachment_url>http://dummy.xtemos.com/woodmart-elementor/demos/wp-content/uploads/sites/2/2017/06/wood-gallery-placeholder.jpg</wp:attachment_url>
												<wp:postmeta>
			<wp:meta_key>_wp_attached_file</wp:meta_key>
			<wp:meta_value><![CDATA[2017/06/wood-gallery-placeholder.jpg]]></wp:meta_value>
		</wp:postmeta>
						</item>
					<item>
		<title>
				wood-gallery-placeholder-2		</title>
		<link>http://dummy.xtemos.com/woodmart-elementor/demos/home-base/wood-gallery-placeholder-2/</link>
		<pubDate>Wed, 14 Jun 2017 11:33:26 +0000</pubDate>
		<dc:creator><![CDATA[admin]]></dc:creator>
		<guid isPermaLink="false">http://dummy.xtemos.com/woodmart-elementor/demos/wp-content/uploads/sites/2/2017/06/wood-gallery-placeholder-2.jpg</guid>
		<description></description>
		<content:encoded><![CDATA[]]></content:encoded>
		<excerpt:encoded><![CDATA[]]></excerpt:encoded>
		<wp:post_id>79</wp:post_id>
		<wp:post_date>2017-06-14 11:33:26</wp:post_date>
		<wp:post_date_gmt>2017-06-14 11:33:26</wp:post_date_gmt>
		<wp:comment_status>open</wp:comment_status>
		<wp:ping_status>closed</wp:ping_status>
		<wp:post_name>wood-gallery-placeholder-2</wp:post_name>
		<wp:status>inherit</wp:status>
		<wp:post_parent>57</wp:post_parent>
		<wp:menu_order>0</wp:menu_order>
		<wp:post_type>attachment</wp:post_type>
		<wp:post_password></wp:post_password>
		<wp:is_sticky>0</wp:is_sticky>
						<wp:attachment_url>http://dummy.xtemos.com/woodmart-elementor/demos/wp-content/uploads/sites/2/2017/06/wood-gallery-placeholder-2.jpg</wp:attachment_url>
												<wp:postmeta>
			<wp:meta_key>_wp_attached_file</wp:meta_key>
			<wp:meta_value><![CDATA[2017/06/wood-gallery-placeholder-2.jpg]]></wp:meta_value>
		</wp:postmeta>
						</item>
					<item>
		<title>
				wood-gallery-placeholder-3		</title>
		<link>http://dummy.xtemos.com/woodmart-elementor/demos/home-base/wood-gallery-placeholder-3/</link>
		<pubDate>Wed, 14 Jun 2017 11:33:28 +0000</pubDate>
		<dc:creator><![CDATA[admin]]></dc:creator>
		<guid isPermaLink="false">http://dummy.xtemos.com/woodmart-elementor/demos/wp-content/uploads/sites/2/2017/06/wood-gallery-placeholder-3.jpg</guid>
		<description></description>
		<content:encoded><![CDATA[]]></content:encoded>
		<excerpt:encoded><![CDATA[]]></excerpt:encoded>
		<wp:post_id>80</wp:post_id>
		<wp:post_date>2017-06-14 11:33:28</wp:post_date>
		<wp:post_date_gmt>2017-06-14 11:33:28</wp:post_date_gmt>
		<wp:comment_status>open</wp:comment_status>
		<wp:ping_status>closed</wp:ping_status>
		<wp:post_name>wood-gallery-placeholder-3</wp:post_name>
		<wp:status>inherit</wp:status>
		<wp:post_parent>57</wp:post_parent>
		<wp:menu_order>0</wp:menu_order>
		<wp:post_type>attachment</wp:post_type>
		<wp:post_password></wp:post_password>
		<wp:is_sticky>0</wp:is_sticky>
						<wp:attachment_url>http://dummy.xtemos.com/woodmart-elementor/demos/wp-content/uploads/sites/2/2017/06/wood-gallery-placeholder-3.jpg</wp:attachment_url>
												<wp:postmeta>
			<wp:meta_key>_wp_attached_file</wp:meta_key>
			<wp:meta_value><![CDATA[2017/06/wood-gallery-placeholder-3.jpg]]></wp:meta_value>
		</wp:postmeta>
						</item>
					<item>
		<title>
				wood-gallery-placeholder-4		</title>
		<link>http://dummy.xtemos.com/woodmart-elementor/demos/home-base/wood-gallery-placeholder-4/</link>
		<pubDate>Wed, 14 Jun 2017 11:33:30 +0000</pubDate>
		<dc:creator><![CDATA[admin]]></dc:creator>
		<guid isPermaLink="false">http://dummy.xtemos.com/woodmart-elementor/demos/wp-content/uploads/sites/2/2017/06/wood-gallery-placeholder-4.jpg</guid>
		<description></description>
		<content:encoded><![CDATA[]]></content:encoded>
		<excerpt:encoded><![CDATA[]]></excerpt:encoded>
		<wp:post_id>81</wp:post_id>
		<wp:post_date>2017-06-14 11:33:30</wp:post_date>
		<wp:post_date_gmt>2017-06-14 11:33:30</wp:post_date_gmt>
		<wp:comment_status>open</wp:comment_status>
		<wp:ping_status>closed</wp:ping_status>
		<wp:post_name>wood-gallery-placeholder-4</wp:post_name>
		<wp:status>inherit</wp:status>
		<wp:post_parent>57</wp:post_parent>
		<wp:menu_order>0</wp:menu_order>
		<wp:post_type>attachment</wp:post_type>
		<wp:post_password></wp:post_password>
		<wp:is_sticky>0</wp:is_sticky>
						<wp:attachment_url>http://dummy.xtemos.com/woodmart-elementor/demos/wp-content/uploads/sites/2/2017/06/wood-gallery-placeholder-4.jpg</wp:attachment_url>
												<wp:postmeta>
			<wp:meta_key>_wp_attached_file</wp:meta_key>
			<wp:meta_value><![CDATA[2017/06/wood-gallery-placeholder-4.jpg]]></wp:meta_value>
		</wp:postmeta>
						</item>
					<item>
		<title>
				wood-portfolio-placeholder		</title>
		<link>http://dummy.xtemos.com/woodmart-elementor/demos/wood-portfolio-placeholder/</link>
		<pubDate>Wed, 14 Jun 2017 14:02:43 +0000</pubDate>
		<dc:creator><![CDATA[admin]]></dc:creator>
		<guid isPermaLink="false">http://dummy.xtemos.com/woodmart-elementor/demos/wp-content/uploads/sites/2/2017/06/wood-portfolio-placeholder.jpg</guid>
		<description></description>
		<content:encoded><![CDATA[]]></content:encoded>
		<excerpt:encoded><![CDATA[]]></excerpt:encoded>
		<wp:post_id>117</wp:post_id>
		<wp:post_date>2017-06-14 14:02:43</wp:post_date>
		<wp:post_date_gmt>2017-06-14 14:02:43</wp:post_date_gmt>
		<wp:comment_status>open</wp:comment_status>
		<wp:ping_status>closed</wp:ping_status>
		<wp:post_name>wood-portfolio-placeholder</wp:post_name>
		<wp:status>inherit</wp:status>
		<wp:post_parent>0</wp:post_parent>
		<wp:menu_order>0</wp:menu_order>
		<wp:post_type>attachment</wp:post_type>
		<wp:post_password></wp:post_password>
		<wp:is_sticky>0</wp:is_sticky>
						<wp:attachment_url>http://dummy.xtemos.com/woodmart-elementor/demos/wp-content/uploads/sites/2/2017/06/wood-portfolio-placeholder.jpg</wp:attachment_url>
												<wp:postmeta>
			<wp:meta_key>_wp_attached_file</wp:meta_key>
			<wp:meta_value><![CDATA[2017/06/wood-portfolio-placeholder.jpg]]></wp:meta_value>
		</wp:postmeta>
						</item>
					<item>
		<title>
				wood-testimonials-placeholder		</title>
		<link>http://dummy.xtemos.com/woodmart-elementor/demos/2017/06/16/the-big-design-wall-likes-pictures/wood-testimonials-placeholder/</link>
		<pubDate>Fri, 16 Jun 2017 07:53:52 +0000</pubDate>
		<dc:creator><![CDATA[admin]]></dc:creator>
		<guid isPermaLink="false">http://dummy.xtemos.com/woodmart-elementor/demos/wp-content/uploads/sites/2/2017/06/wood-testimonials-placeholder.jpg</guid>
		<description></description>
		<content:encoded><![CDATA[]]></content:encoded>
		<excerpt:encoded><![CDATA[]]></excerpt:encoded>
		<wp:post_id>229</wp:post_id>
		<wp:post_date>2017-06-16 07:53:52</wp:post_date>
		<wp:post_date_gmt>2017-06-16 07:53:52</wp:post_date_gmt>
		<wp:comment_status>open</wp:comment_status>
		<wp:ping_status>closed</wp:ping_status>
		<wp:post_name>wood-testimonials-placeholder</wp:post_name>
		<wp:status>inherit</wp:status>
		<wp:post_parent>226</wp:post_parent>
		<wp:menu_order>0</wp:menu_order>
		<wp:post_type>attachment</wp:post_type>
		<wp:post_password></wp:post_password>
		<wp:is_sticky>0</wp:is_sticky>
						<wp:attachment_url>http://dummy.xtemos.com/woodmart-elementor/demos/wp-content/uploads/sites/2/2017/06/wood-testimonials-placeholder.jpg</wp:attachment_url>
												<wp:postmeta>
			<wp:meta_key>_wp_attached_file</wp:meta_key>
			<wp:meta_value><![CDATA[2017/06/wood-testimonials-placeholder.jpg]]></wp:meta_value>
		</wp:postmeta>
						</item>
					<item>
		<title>
				Home Handmade		</title>
		<link>http://dummy.xtemos.com/woodmart-elementor/demos/home-handmade/</link>
		<pubDate>Fri, 22 Sep 2017 13:49:17 +0000</pubDate>
		<dc:creator><![CDATA[erwin]]></dc:creator>
		<guid isPermaLink="false">http://dummy.xtemos.com/woodmart-elementor/demos/?page_id=1006</guid>
		<description></description>
		<content:encoded><![CDATA[ 						

		
							
						
													
				
					22				
					Jun				
				
							Furniture
							
					Minimalist J]]></content:encoded>
		<excerpt:encoded><![CDATA[]]></excerpt:encoded>
		<wp:post_id>1006</wp:post_id>
		<wp:post_date>2017-09-22 13:49:17</wp:post_date>
		<wp:post_date_gmt>2017-09-22 13:49:17</wp:post_date_gmt>
		<wp:comment_status>closed</wp:comment_status>
		<wp:ping_status>closed</wp:ping_status>
		<wp:post_name>home-handmade</wp:post_name>
		<wp:status>publish</wp:status>
		<wp:post_parent>0</wp:post_parent>
		<wp:menu_order>0</wp:menu_order>
		<wp:post_type>page</wp:post_type>
		<wp:post_password></wp:post_password>
		<wp:is_sticky>0</wp:is_sticky>
														<wp:postmeta>
			<wp:meta_key>_wp_page_template</wp:meta_key>
			<wp:meta_value><![CDATA[default]]></wp:meta_value>
		</wp:postmeta>
							<wp:postmeta>
			<wp:meta_key>_woodmart_main_layout</wp:meta_key>
			<wp:meta_value><![CDATA[full-width]]></wp:meta_value>
		</wp:postmeta>
							<wp:postmeta>
			<wp:meta_key>_woodmart_header_color_scheme</wp:meta_key>
			<wp:meta_value><![CDATA[inherit]]></wp:meta_value>
		</wp:postmeta>
							<wp:postmeta>
			<wp:meta_key>_woodmart_title_off</wp:meta_key>
			<wp:meta_value><![CDATA[on]]></wp:meta_value>
		</wp:postmeta>
							<wp:postmeta>
			<wp:meta_key>_woodmart_prefooter_off</wp:meta_key>
			<wp:meta_value><![CDATA[on]]></wp:meta_value>
		</wp:postmeta>
							<wp:postmeta>
			<wp:meta_key>_elementor_data</wp:meta_key>
			<wp:meta_value><![CDATA[[{"id":"9194816","elType":"section","settings":{"structure":"20","margin":{"unit":"px","top":"-20","right":"0","bottom":"55","left":"0","isLinked":""}},"elements":[{"id":"2577304","elType":"column","settings":{"_column_size":"50","_inline_size_tablet":"100","column_sticky_offset":"50","scroll_y":"-80"},"elements":[{"id":"6756053","elType":"widget","settings":{"align":"left","image_size":"full","title":"Porta\r\nConsectetur\r\nImperdiet\r\nFrigilla","subtitle":"<strong>MATTIS LAOREET SAPIEN<\/strong>","content":"","btn_text":"Read more","btn_position":"static","hover":"zoom","woodmart_color_scheme":"dark","image_custom_dimension":[],"image":{"id":"81","url":"#"},"content_spacing":"medium","btn_color":"primary","btn_style":"link","btn_size":"large","subtitle_color":"primary","title_size":"custom","title_typography_typography":"custom","title_typography_font_weight":"400","title_typography_font_size":{"size":"42","unit":"px"},"title_typography_font_size_tablet":{"size":"42","unit":"px"},"title_typography_font_size_mobile":{"size":"26","unit":"px"},"title_tablet_text_size":"42","title_mobile_text_size":"26","subtitle_desktop_text_size":"16","subtitle_tablet_text_size":"14","subtitle_mobile_text_size":"14","scroll_y":"-80"},"elements":[],"widgetType":"wd_banner"}],"isInner":""},{"id":"7198421","elType":"column","settings":{"_column_size":"50","_inline_size_tablet":"100","column_sticky_offset":"50","scroll_y":"-80"},"elements":[{"id":"1215850","elType":"widget","settings":{"align":"left","image_size":"custom","title":"Feugiat\r\nScelerisque\r\nImperdiet","subtitle":"<strong>SEMPER<\/strong>","content":"","btn_text":"read more","btn_position":"static","hover":"zoom","woodmart_color_scheme":"dark","image_custom_dimension":{"width":"700","height":"336"},"image":{"id":"81","url":"#"},"btn_color":"primary","btn_style":"link","subtitle_color":"primary","title_size":"large","title_typography_typography":"custom","title_typography_font_weight":"400","scroll_y":"-80"},"elements":[],"widgetType":"wd_banner"},{"id":"4632090","elType":"section","settings":{"structure":"20","margin":{"unit":"px","top":"-10","right":"0","bottom":"0","left":"0","isLinked":""}},"elements":[{"id":"4900875","elType":"column","settings":{"_column_size":"60","_inline_size":"57.016","column_sticky_offset":"50","scroll_y":"-80"},"elements":[{"id":"4352529","elType":"widget","settings":{"align":"left","image_size":"custom","title":"Adipiscing\r\nSodales","subtitle":"<strong>SEMPER<\/strong>","content":"","btn_text":"read more","btn_position":"static","hover":"zoom","woodmart_color_scheme":"dark","image_custom_dimension":{"width":"700","height":"599"},"image":{"id":"81","url":"#"},"btn_color":"primary","btn_style":"link","subtitle_color":"primary","title_size":"large","title_typography_typography":"custom","title_typography_font_weight":"400","image_type":"background","image_height":{"unit":"px","size":"285","sizes":[]},"scroll_y":"-80"},"elements":[],"widgetType":"wd_banner"}],"isInner":"1"},{"id":"1067391","elType":"column","settings":{"_column_size":"40","_inline_size":"42","hide_mobile":"hidden-phone","column_sticky_offset":"50","scroll_y":"-80"},"elements":[{"id":"7796981","elType":"widget","settings":{"align":"left","image_size":"custom","title":"","subtitle":"","content":"","btn_text":"","hover":"zoom","woodmart_color_scheme":"dark","image_custom_dimension":{"width":"700","height":"860"},"image":{"id":"81","url":"#"},"title_typography_typography":"custom","title_typography_font_weight":"400","image_type":"background","image_height":{"unit":"px","size":"285","sizes":[]},"scroll_y":"-80"},"elements":[],"widgetType":"wd_banner"}],"isInner":""}],"isInner":"1"}],"isInner":""}],"isInner":""},{"id":"6703145","elType":"section","settings":{"background_position":"left bottom","woodmart_disable_overflow":"1","background_repeat":"no-repeat","margin":{"unit":"px","top":"0","right":"0","bottom":"55","left":"0","isLinked":""}},"elements":[{"id":"1076972","elType":"column","settings":{"_column_size":"100","column_sticky_offset":"50","scroll_y":"-80"},"elements":[{"id":"4221953","elType":"widget","settings":{"subtitle":"<strong>WOODEN ACCESSORIES<\/strong>","after_title":"Visit our shop to see amazing creations from our designers.","image_size":"custom","color":"primary","size":"medium","title":"FEATURED PRODUCTS","scroll_y":"-80"},"elements":[],"widgetType":"wd_title"},{"id":"3733429","elType":"widget","settings":{"title":"","color":"#79b38a","tabs_items":[{"_id":"3727330","image_size":"custom","title":"BEST SELLERS","items_per_page":"8","pagination":"arrows","columns":{"size":"4","unit":"px","sizes":[]},"orderby":"date","order":"ASC","post_type":"product","include":"","taxonomies":"","offset":"","query_type":"OR","meta_key":"","exclude":"","image":{"url":"","id":""},"image_custom_dimension":{"width":"","height":""}},{"_id":"6501878","image_size":"custom","title":"FEATURED","post_type":"product","items_per_page":"8","pagination":"arrows","columns":{"size":"4","unit":"px","sizes":[]},"orderby":"date","order":"DESC","include":"","taxonomies":"","offset":"","query_type":"OR","meta_key":"","exclude":"","image":{"url":"","id":""},"image_custom_dimension":{"width":"","height":""}},{"_id":"4023945","image_size":"custom","title":"SALES","items_per_page":"8","pagination":"arrows","columns":{"size":"4","unit":"px","sizes":[]},"orderby":"date","order":"DESC","post_type":"product","include":"","taxonomies":"","offset":"","query_type":"OR","meta_key":"","exclude":"","image":{"url":"","id":""},"image_custom_dimension":{"width":"","height":""}}],"scroll_y":"-80","items_per_page":"8","pagination":"arrows"},"elements":[],"widgetType":"wd_products_tabs"}],"isInner":""}],"isInner":""},{"id":"2686357","elType":"section","settings":{"background_position":"left bottom","woodmart_disable_overflow":"1","background_repeat":"no-repeat","margin":{"unit":"px","top":"0","right":"0","bottom":"60","left":"0","isLinked":""}},"elements":[{"id":"9358512","elType":"column","settings":{"_column_size":"100","column_sticky_offset":"50","scroll_y":"-80"},"elements":[{"id":"1814191","elType":"widget","settings":{"subtitle":"<strong>WOODEN ACCESSORIES<\/strong>","after_title":"Visit our shop to see amazing creations from our designers.","image_size":"custom","color":"primary","size":"medium","title":"FEATURED CATEGORIES","scroll_y":"-80"},"elements":[],"widgetType":"wd_title"},{"id":"579943","elType":"widget","settings":{"orderby":"date","style":"carousel","categories_design":"replace-title","spacing":"20","slides_per_view":{"size":"3","unit":"px","sizes":[]},"ids":[""],"number":"4","scroll_y":"-80"},"elements":[],"widgetType":"wd_product_categories"}],"isInner":""}],"isInner":""},{"id":"b529888","elType":"section","settings":{"margin":{"unit":"px","top":"0","right":"0","bottom":"10","left":"0","isLinked":""}},"elements":[{"id":"113dacf","elType":"column","settings":{"_column_size":"100","column_sticky_offset":"50","scroll_y":"-80"},"elements":[{"id":"1844110","elType":"widget","settings":{"subtitle":"<strong>WOODEN ACCESSORIES<\/strong>","after_title":"Visit our shop to see amazing creations from our designers.","image_size":"custom","color":"primary","size":"medium","title":"HAND MADE SERVICE","scroll_y":"-80"},"elements":[],"widgetType":"wd_title"}],"isInner":""}],"isInner":""},{"id":"6692990","elType":"section","settings":{"content_position":"top","structure":"40","gap":"extended","margin":{"unit":"px","top":"0","right":"0","bottom":"60","left":"0","isLinked":""},"margin_tablet":{"unit":"px","top":"0","right":"0","bottom":"75","left":"0","isLinked":""}},"elements":[{"id":"8708403","elType":"column","settings":{"_column_size":"25","_inline_size_tablet":"50","_inline_size_mobile":"100","column_sticky_offset":"50","scroll_y":"-80"},"elements":[{"id":"1295646","elType":"widget","settings":{"icon_type":"icon","btn_text":"CLICK ME","image_size":"custom","subtitle":"","title":"Ullamcorper","icon_style":"with-bg","image":{"id":"1007","url":"#"},"btn_color":"primary","btn_size":"small","style":"border","no_svg_animation":"yes","new_styles":"yes","image_custom_dimension":{"width":"60","height":"60"},"content":"Lorem ipsum dolor sit amet, consectetur adipiscing elit, sed do eiusmod tempor.","icon_text":"53","scroll_y":"-80"},"elements":[],"widgetType":"wd_infobox"}],"isInner":""},{"id":"6291676","elType":"column","settings":{"_column_size":"25","_inline_size_tablet":"50","_inline_size_mobile":"100","column_sticky_offset":"50","scroll_y":"-80"},"elements":[{"id":"7213303","elType":"widget","settings":{"icon_type":"icon","btn_text":"CLICK ME","image_size":"custom","subtitle":"","title":"Tempor","icon_style":"with-bg","image":{"id":"1007","url":"#"},"btn_color":"primary","btn_size":"small","style":"border","no_svg_animation":"yes","new_styles":"yes","image_custom_dimension":{"width":"60","height":"60"},"content":"Lorem ipsum dolor sit amet, consectetur adipiscing elit, sed do eiusmod tempor.","icon_text":"53","scroll_y":"-80"},"elements":[],"widgetType":"wd_infobox"}],"isInner":""},{"id":"8132988","elType":"column","settings":{"_column_size":"25","_inline_size_tablet":"50","_inline_size_mobile":"100","column_sticky_offset":"50","scroll_y":"-80"},"elements":[{"id":"4625537","elType":"widget","settings":{"icon_type":"icon","btn_text":"CLICK ME","image_size":"custom","subtitle":"","title":"Dictumst","icon_style":"with-bg","image":{"id":"1007","url":"#"},"btn_color":"primary","btn_size":"small","style":"border","no_svg_animation":"yes","new_styles":"yes","image_custom_dimension":{"width":"60","height":"60"},"content":"Lorem ipsum dolor sit amet, consectetur adipiscing elit, sed do eiusmod tempor.","icon_text":"53","scroll_y":"-80"},"elements":[],"widgetType":"wd_infobox"}],"isInner":""},{"id":"6097225","elType":"column","settings":{"_column_size":"25","_inline_size_tablet":"50","_inline_size_mobile":"100","column_sticky_offset":"50","scroll_y":"-80"},"elements":[{"id":"3501996","elType":"widget","settings":{"icon_type":"icon","btn_text":"CLICK ME","image_size":"custom","subtitle":"","title":"Consectetur","icon_style":"with-bg","image":{"id":"1007","url":"#"},"btn_color":"primary","btn_size":"small","style":"border","no_svg_animation":"yes","new_styles":"yes","image_custom_dimension":{"width":"60","height":"60"},"content":"Lorem ipsum dolor sit amet, consectetur adipiscing elit, sed do eiusmod tempor.","icon_text":"53","scroll_y":"-80"},"elements":[],"widgetType":"wd_infobox"}],"isInner":""}],"isInner":""},{"id":"1055825","elType":"section","settings":{"background_position":"left bottom","woodmart_disable_overflow":"1","background_repeat":"no-repeat","margin":{"unit":"px","top":"0","right":"0","bottom":"55","left":"0","isLinked":""}},"elements":[{"id":"4063677","elType":"column","settings":{"_column_size":"100","column_sticky_offset":"50","scroll_y":"-80"},"elements":[{"id":"3458278","elType":"widget","settings":{"subtitle":"<strong>WOODEN ACCESSORIES<\/strong>","after_title":"Visit our shop to see amazing creations from our designers.","image_size":"custom","color":"primary","size":"medium","title":"HAND MADE MAGAZINE","scroll_y":"-80"},"elements":[],"widgetType":"wd_title"},{"id":"3337749","elType":"widget","settings":{"blog_spacing":"20","items_per_page":"4","blog_design":"carousel","slides_per_view":{"size":"3","unit":"px","sizes":[]},"img_size":"full","scroll_y":"-80"},"elements":[],"widgetType":"wd_blog"}],"isInner":""}],"isInner":""},{"id":"5842462","elType":"section","settings":{"content_position":"middle","structure":"20","margin":{"unit":"px","top":"0","right":"0","bottom":"60","left":"0","isLinked":""}},"elements":[{"id":"7029274","elType":"column","settings":{"_column_size":"50","column_sticky_offset":"50","scroll_y":"-80","padding":{"unit":"%","top":"0","right":"6","bottom":"0","left":"6","isLinked":""}},"elements":[{"id":"7868900","elType":"widget","settings":{"subtitle":"<strong>WOODEN ACCESSORIES<\/strong>","after_title":"","image_size":"custom","style":"simple","color":"primary","title":"WHAT THEY SAY ABOUT US","scroll_y":"-80"},"elements":[],"widgetType":"wd_title"},{"id":"577641","elType":"widget","settings":{"stars_rating":"no","slides_per_view":{"size":"1","unit":"px","sizes":[]},"items_repeater":[{"_id":"9088841","name":"Elsa Nora","title":"Happy Customer","image":{"id":"229","url":""},"el_class":"text-larger","content":"Fringilla iaculis ante torquent a diam a vestibulum diam nisi augue dictumst parturient a vestibulum tortor viverra inceptos adipiscing nec a ullamcorper.Ullamcorper aliquam rutrum.","image_size":"thumbnail","image_custom_dimension":{"width":"","height":""}},{"_id":"5111036","name":"Colombo Nicomede","title":"Happy Customer","image":{"id":"229","url":""},"el_class":"text-larger","content":"Imperdiet a in a magna cursus tristique sed eros sed scelerisque purus netus ridiculus a gravida non fusce maecenas adipiscing suspendisse netus sed a rutrum odio nisi integer susp.","image_size":"thumbnail","image_custom_dimension":{"width":"","height":""}},{"_id":"6888283","name":"Walter Leone","title":"Happy Customer","image":{"id":"229","url":""},"el_class":"text-larger","content":"Faucibus nisi class consectetur habitant aenean id accumsan scelerisque\u00a0libero nam sodales consequat nulla parturient hac a a nam condimentum. Accumsan a nunc lectus condimentum nasdiam.","image_size":"thumbnail","image_custom_dimension":{"width":"","height":""}}],"scroll_y":"-80","text_size":"medium","_padding_mobile":{"unit":"px","top":"0","right":"15","bottom":"0","left":"15","isLinked":""}},"elements":[],"widgetType":"wd_testimonials"}],"isInner":""},{"id":"5960689","elType":"column","settings":{"_column_size":"50","column_sticky_offset":"50","scroll_y":"-80"},"elements":[{"id":"2533608","elType":"widget","settings":{"data_source":"images","size":"large","per_row":{"size":"3","unit":"px","sizes":[]},"spacing":"1","hide_mask":"1","username":"milosroom","number":{"size":"6","unit":"px","sizes":[]},"content":"\r\n<h4 style=\"text-align: center;margin-bottom: 0\"><strong>INSTAGRAM<\/strong><\/h4>\r\n<h6 style=\"text-align: center;margin-bottom: 10px\"><span style=\"color: #c4c4c4\">@NAME_ACCOUNT<\/span><\/h6>\r\n<p style=\"text-align: center\">Lorem ipsum dolor sit amet, consectetur adipiscing elit, sed do eiusmod tempor.<\/p>\r\n","scroll_y":"-80","images":[{"id":"117","url":"http:\/\/dummy.xtemos.com\/woodmart-elementor\/demos\/wp-content\/uploads\/sites\/2\/2017\/06\/wood-portfolio-placeholder.jpg"},{"id":"81","url":"http:\/\/dummy.xtemos.com\/woodmart-elementor\/demos\/wp-content\/uploads\/sites\/2\/2017\/06\/wood-gallery-placeholder-4.jpg"},{"id":"80","url":"http:\/\/dummy.xtemos.com\/woodmart-elementor\/demos\/wp-content\/uploads\/sites\/2\/2017\/06\/wood-gallery-placeholder-3.jpg"},{"id":"79","url":"http:\/\/dummy.xtemos.com\/woodmart-elementor\/demos\/wp-content\/uploads\/sites\/2\/2017\/06\/wood-gallery-placeholder-2.jpg"},{"id":"78","url":"http:\/\/dummy.xtemos.com\/woodmart-elementor\/demos\/wp-content\/uploads\/sites\/2\/2017\/06\/wood-gallery-placeholder.jpg"},{"id":"77","url":"http:\/\/dummy.xtemos.com\/woodmart-elementor\/demos\/wp-content\/uploads\/sites\/2\/2017\/06\/wood-gallery-placeholder-5.jpg"}],"images_size":"full","images_likes":"1000-10000","images_comments":"0-1000"},"elements":[],"widgetType":"wd_instagram"}],"isInner":""}],"isInner":""},{"id":"3583230","elType":"section","settings":{"wd_section_stretch":"stretch","content_position":"middle","background_background":"classic","background_color":"#f9f9f9","background_image":{"url":"http:\/\/dummy.xtemos.com\/woodmart-elementor\/demos\/wp-content\/uploads\/sites\/2\/2017\/06\/wood-main-bg.jpg?id=44","id":""},"margin":{"unit":"px","top":"0","right":"0","bottom":"-40","left":"0","isLinked":""},"padding":{"unit":"px","top":"130","right":"30","bottom":"130","left":"30","isLinked":""},"padding_tablet":{"unit":"px","top":"110","right":"15","bottom":"110","left":"15","isLinked":""}},"elements":[{"id":"5387954","elType":"column","settings":{"_column_size":"100","column_sticky_offset":"50","scroll_y":"-80"},"elements":[{"id":"2cc6934","elType":"widget","settings":{"subtitle":"LAOREET IN VITAE AMET","title":"HEY YOU, SIGN UP AND\nCONNECT TO WOODMART!","after_title":"","width_tablet":{"unit":"%","size":"100","sizes":[]},"width_mobile":{"unit":"%","size":"100","sizes":[]},"size":"large","color":"primary","subtitle_typography_typography":"custom","subtitle_typography_font_size":{"unit":"px","size":"16","sizes":[]},"subtitle_typography_font_weight":"600","title_typography_typography":"custom","title_typography_font_size_tablet":{"unit":"px","size":"24","sizes":[]},"title_typography_font_size_mobile":{"unit":"px","size":"20","sizes":[]},"scroll_y":"-80"},"elements":[],"widgetType":"wd_title"},{"id":"e2b6264","elType":"widget","settings":{"form_id":"74","content_width":{"unit":"px","size":"400","sizes":[]},"scroll_y":"-80"},"elements":[],"widgetType":"wd_mailchimp"},{"id":"3390902","elType":"widget","settings":{"typography_typography":"custom","align":"left","editor":"<p style=\"text-align: center\">Will be used in accordance with our \u00a0<span style=\"color: #ffffff\"><strong><a href=\"#\">Privacy Policy<\/a><\/strong><\/span><\/p>\n","scroll_y":"-80"},"elements":[],"widgetType":"text-editor"},{"id":"566633","elType":"widget","settings":{"size":"small","style":"bordered","scroll_y":"-80"},"elements":[],"widgetType":"wd_social_buttons"}],"isInner":""}],"isInner":""}]]]></wp:meta_value>
		</wp:postmeta>
							<wp:postmeta>
			<wp:meta_key>_elementor_edit_mode</wp:meta_key>
			<wp:meta_value><![CDATA[builder]]></wp:meta_value>
		</wp:postmeta>
							<wp:postmeta>
			<wp:meta_key>_elementor_version</wp:meta_key>
			<wp:meta_value><![CDATA[2.9.11]]></wp:meta_value>
		</wp:postmeta>
							<wp:postmeta>
			<wp:meta_key>_elementor_template_type</wp:meta_key>
			<wp:meta_value><![CDATA[wp-page]]></wp:meta_value>
		</wp:postmeta>
							<wp:postmeta>
			<wp:meta_key>_elementor_controls_usage</wp:meta_key>
			<wp:meta_value><![CDATA[a:13:{s:9:"wd_banner";a:3:{s:5:"count";i:4;s:15:"control_percent";i:5;s:8:"controls";a:3:{s:7:"content";a:2:{s:21:"image_content_section";a:5:{s:10:"image_size";i:4;s:22:"image_custom_dimension";i:4;s:5:"image";i:4;s:10:"image_type";i:2;s:12:"image_height";i:2;}s:15:"content_section";a:4:{s:5:"title";i:4;s:8:"subtitle";i:4;s:7:"content";i:4;s:8:"btn_text";i:3;}}s:5:"style";a:4:{s:20:"button_style_section";a:4:{s:12:"btn_position";i:3;s:9:"btn_color";i:3;s:9:"btn_style";i:3;s:8:"btn_size";i:1;}s:21:"general_style_section";a:3:{s:5:"hover";i:4;s:21:"woodmart_color_scheme";i:4;s:10:"title_size";i:3;}s:22:"subtitle_style_section";a:1:{s:14:"subtitle_color";i:3;}s:19:"title_style_section";a:5:{s:27:"title_typography_typography";i:4;s:28:"title_typography_font_weight";i:4;s:26:"title_typography_font_size";i:1;s:33:"title_typography_font_size_tablet";i:1;s:33:"title_typography_font_size_mobile";i:1;}}s:8:"advanced";a:1:{s:8:"wd_extra";a:1:{s:8:"scroll_y";i:4;}}}}s:6:"column";a:3:{s:5:"count";i:15;s:15:"control_percent";i:1;s:8:"controls";a:2:{s:6:"layout";a:1:{s:6:"layout";a:3:{s:19:"_inline_size_tablet";i:6;s:12:"_inline_size";i:2;s:19:"_inline_size_mobile";i:4;}}s:8:"advanced";a:3:{s:8:"wd_extra";a:2:{s:20:"column_sticky_offset";i:15;s:8:"scroll_y";i:15;}s:19:"_section_responsive";a:1:{s:11:"hide_mobile";i:1;}s:16:"section_advanced";a:1:{s:7:"padding";i:1;}}}}s:7:"section";a:3:{s:5:"count";i:9;s:15:"control_percent";i:2;s:8:"controls";a:3:{s:6:"layout";a:3:{s:17:"section_structure";a:1:{s:9:"structure";i:4;}s:14:"section_layout";a:2:{s:16:"content_position";i:3;s:3:"gap";i:1;}s:15:"wd_extra_layout";a:1:{s:18:"wd_section_stretch";i:1;}}s:8:"advanced";a:1:{s:16:"section_advanced";a:4:{s:6:"margin";i:9;s:13:"margin_tablet";i:1;s:7:"padding";i:1;s:14:"padding_tablet";i:1;}}s:5:"style";a:1:{s:18:"section_background";a:5:{s:19:"background_position";i:3;s:17:"background_repeat";i:3;s:21:"background_background";i:1;s:16:"background_color";i:1;s:16:"background_image";i:1;}}}}s:8:"wd_title";a:3:{s:5:"count";i:6;s:15:"control_percent";i:5;s:8:"controls";a:3:{s:7:"content";a:1:{s:23:"general_content_section";a:3:{s:8:"subtitle";i:6;s:11:"after_title";i:6;s:5:"title";i:6;}}s:5:"style";a:3:{s:19:"title_style_section";a:4:{s:10:"image_size";i:5;s:27:"title_typography_typography";i:1;s:33:"title_typography_font_size_tablet";i:1;s:33:"title_typography_font_size_mobile";i:1;}s:21:"general_style_section";a:5:{s:5:"color";i:6;s:4:"size";i:5;s:5:"style";i:1;s:12:"width_tablet";i:1;s:12:"width_mobile";i:1;}s:22:"subtitle_style_section";a:3:{s:30:"subtitle_typography_typography";i:1;s:29:"subtitle_typography_font_size";i:1;s:31:"subtitle_typography_font_weight";i:1;}}s:8:"advanced";a:1:{s:8:"wd_extra";a:1:{s:8:"scroll_y";i:6;}}}}s:16:"wd_products_tabs";a:3:{s:5:"count";i:1;s:15:"control_percent";i:3;s:8:"controls";a:3:{s:7:"content";a:2:{s:23:"general_content_section";a:1:{s:5:"title";i:1;}s:20:"tabs_content_section";a:1:{s:10:"tabs_items";i:1;}}s:5:"style";a:2:{s:21:"heading_style_section";a:1:{s:5:"color";i:1;}s:29:"products_layout_style_section";a:2:{s:14:"items_per_page";i:1;s:10:"pagination";i:1;}}s:8:"advanced";a:1:{s:8:"wd_extra";a:1:{s:8:"scroll_y";i:1;}}}}s:21:"wd_product_categories";a:3:{s:5:"count";i:1;s:15:"control_percent";i:4;s:8:"controls";a:3:{s:7:"content";a:1:{s:23:"general_content_section";a:3:{s:7:"orderby";i:1;s:3:"ids";i:1;s:6:"number";i:1;}}s:5:"style";a:3:{s:20:"layout_style_section";a:2:{s:5:"style";i:1;s:7:"spacing";i:1;}s:20:"design_style_section";a:1:{s:17:"categories_design";i:1;}s:22:"carousel_style_section";a:1:{s:15:"slides_per_view";i:1;}}s:8:"advanced";a:1:{s:8:"wd_extra";a:1:{s:8:"scroll_y";i:1;}}}}s:10:"wd_infobox";a:3:{s:5:"count";i:4;s:15:"control_percent";i:3;s:8:"controls";a:3:{s:7:"content";a:2:{s:20:"icon_content_section";a:4:{s:9:"icon_type";i:4;s:10:"image_size";i:4;s:5:"image";i:4;s:22:"image_custom_dimension";i:4;}s:15:"content_section";a:4:{s:8:"btn_text";i:4;s:8:"subtitle";i:4;s:5:"title";i:4;s:7:"content";i:4;}}s:5:"style";a:3:{s:18:"icon_style_section";a:1:{s:10:"icon_style";i:4;}s:22:"button_content_section";a:2:{s:9:"btn_color";i:4;s:8:"btn_size";i:4;}s:21:"general_style_section";a:1:{s:5:"style";i:4;}}s:8:"advanced";a:1:{s:8:"wd_extra";a:1:{s:8:"scroll_y";i:4;}}}}s:7:"wd_blog";a:3:{s:5:"count";i:1;s:15:"control_percent";i:3;s:8:"controls";a:2:{s:5:"style";a:2:{s:21:"general_style_section";a:4:{s:12:"blog_spacing";i:1;s:14:"items_per_page";i:1;s:11:"blog_design";i:1;s:8:"img_size";i:1;}s:22:"carousel_style_section";a:1:{s:15:"slides_per_view";i:1;}}s:8:"advanced";a:1:{s:8:"wd_extra";a:1:{s:8:"scroll_y";i:1;}}}}s:15:"wd_testimonials";a:3:{s:5:"count";i:1;s:15:"control_percent";i:3;s:8:"controls";a:3:{s:5:"style";a:2:{s:21:"general_style_section";a:2:{s:12:"stars_rating";i:1;s:9:"text_size";i:1;}s:22:"carousel_style_section";a:1:{s:15:"slides_per_view";i:1;}}s:7:"content";a:1:{s:23:"general_content_section";a:1:{s:14:"items_repeater";i:1;}}s:8:"advanced";a:2:{s:8:"wd_extra";a:1:{s:8:"scroll_y";i:1;}s:14:"_section_style";a:1:{s:15:"_padding_mobile";i:1;}}}}s:12:"wd_instagram";a:3:{s:5:"count";i:1;s:15:"control_percent";i:5;s:8:"controls";a:3:{s:7:"content";a:3:{s:23:"general_content_section";a:3:{s:11:"data_source";i:1;s:4:"size";i:1;s:8:"username";i:1;}s:15:"content_section";a:1:{s:7:"content";i:1;}s:14:"images_section";a:2:{s:6:"images";i:1;s:11:"images_size";i:1;}}s:5:"style";a:1:{s:22:"layout_content_section";a:4:{s:7:"per_row";i:1;s:7:"spacing";i:1;s:9:"hide_mask";i:1;s:6:"number";i:1;}}s:8:"advanced";a:1:{s:8:"wd_extra";a:1:{s:8:"scroll_y";i:1;}}}}s:12:"wd_mailchimp";a:3:{s:5:"count";i:1;s:15:"control_percent";i:2;s:8:"controls";a:3:{s:7:"content";a:1:{s:23:"general_content_section";a:1:{s:7:"form_id";i:1;}}s:5:"style";a:1:{s:21:"general_style_section";a:1:{s:13:"content_width";i:1;}}s:8:"advanced";a:1:{s:8:"wd_extra";a:1:{s:8:"scroll_y";i:1;}}}}s:11:"text-editor";a:3:{s:5:"count";i:1;s:15:"control_percent";i:2;s:8:"controls";a:3:{s:5:"style";a:1:{s:13:"section_style";a:2:{s:21:"typography_typography";i:1;s:5:"align";i:1;}}s:7:"content";a:1:{s:14:"section_editor";a:1:{s:6:"editor";i:1;}}s:8:"advanced";a:1:{s:8:"wd_extra";a:1:{s:8:"scroll_y";i:1;}}}}s:17:"wd_social_buttons";a:3:{s:5:"count";i:1;s:15:"control_percent";i:2;s:8:"controls";a:2:{s:5:"style";a:1:{s:21:"general_style_section";a:2:{s:4:"size";i:1;s:5:"style";i:1;}}s:8:"advanced";a:1:{s:8:"wd_extra";a:1:{s:8:"scroll_y";i:1;}}}}}]]></wp:meta_value>
		</wp:postmeta>
							<wp:postmeta>
			<wp:meta_key>wd_page_css_files</wp:meta_key>
			<wp:meta_value><![CDATA[a:22:{i:0;s:12:"wp-gutenberg";i:1;s:5:"wpcf7";i:2;s:5:"mc4wp";i:3;s:17:"revolution-slider";i:4;s:14:"elementor-base";i:5;s:13:"wpbakery-base";i:6;s:13:"notices-fixed";i:7;s:16:"woocommerce-base";i:8;s:8:"info-box";i:9;s:9:"mfp-popup";i:10;s:13:"section-title";i:11;s:6:"banner";i:12;s:12:"product-tabs";i:13;s:12:"product-loop";i:14;s:17:"add-to-cart-popup";i:15;s:15:"categories-loop";i:16;s:12:"owl-carousel";i:17;s:9:"blog-base";i:18;s:12:"social-icons";i:19;s:11:"testimonial";i:20;s:9:"instagram";i:21;s:10:"scroll-top";}]]></wp:meta_value>
		</wp:postmeta>
						</item>
					<item>
		<title>
				shackle		</title>
		<link>http://dummy.xtemos.com/woodmart-elementor/demos/home-handmade/shackle/</link>
		<pubDate>Fri, 22 Sep 2017 13:46:26 +0000</pubDate>
		<dc:creator><![CDATA[erwin]]></dc:creator>
		<guid isPermaLink="false">http://dummy.xtemos.com/woodmart-elementor/demos/wp-content/uploads/sites/2/2017/09/shackle.svg</guid>
		<description></description>
		<content:encoded><![CDATA[]]></content:encoded>
		<excerpt:encoded><![CDATA[]]></excerpt:encoded>
		<wp:post_id>1007</wp:post_id>
		<wp:post_date>2017-09-22 13:46:26</wp:post_date>
		<wp:post_date_gmt>2017-09-22 13:46:26</wp:post_date_gmt>
		<wp:comment_status>open</wp:comment_status>
		<wp:ping_status>closed</wp:ping_status>
		<wp:post_name>shackle</wp:post_name>
		<wp:status>inherit</wp:status>
		<wp:post_parent>1006</wp:post_parent>
		<wp:menu_order>0</wp:menu_order>
		<wp:post_type>attachment</wp:post_type>
		<wp:post_password></wp:post_password>
		<wp:is_sticky>0</wp:is_sticky>
						<wp:attachment_url>http://dummy.xtemos.com/woodmart-elementor/demos/wp-content/uploads/sites/2/2017/09/shackle.svg</wp:attachment_url>
												<wp:postmeta>
			<wp:meta_key>_wp_attached_file</wp:meta_key>
			<wp:meta_value><![CDATA[2017/09/shackle.svg]]></wp:meta_value>
		</wp:postmeta>
							<wp:postmeta>
			<wp:meta_key>_elementor_inline_svg</wp:meta_key>
			<wp:meta_value><![CDATA[<?xml version="1.0" encoding="iso-8859-1"?>
<!-- Generator: Adobe Illustrator 19.0.0, SVG Export Plug-In . SVG Version: 6.00 Build 0)  -->
<svg xmlns="http://www.w3.org/2000/svg" xmlns:xlink="http://www.w3.org/1999/xlink" version="1.1" id="Capa_1" x="0px" y="0px" viewBox="0 0 510.991 510.991" style="enable-background:new 0 0 510.991 510.991;" xml:space="preserve" width="512px" height="512px">
<g>
	<path d="M262.957,288.246c0.025-0.249,0.038-0.5,0.038-0.756v-9.223c18.205-3.515,32-19.561,32-38.777s-13.795-35.262-32-38.777   v-9.723h0.5c8.547,0,15.5-6.953,15.5-15.5v-56c0-8.547-6.953-15.5-15.5-15.5h-0.5v-9.116c0-13.99-7.497-26.827-20.054-34.339   c-9.309-5.569-13.734-16.134-11.272-26.916c1.996-8.744,9.212-15.96,17.956-17.956c7.665-1.749,15.169-0.096,21.131,4.658   c5.872,4.683,9.24,11.669,9.24,19.168c0,4.142,3.358,7.5,7.5,7.5s7.5-3.358,7.5-7.5c0-12.09-5.426-23.351-14.888-30.896   c-9.464-7.547-21.791-10.301-33.822-7.555c-14.462,3.302-25.939,14.779-29.241,29.242c-3.873,16.967,3.439,34.298,18.196,43.126   c7.987,4.778,12.755,12.803,12.755,21.467v9.116h-0.5c-8.547,0-15.5,6.953-15.5,15.5v56c0,8.547,6.953,15.5,15.5,15.5h0.5v9.723   c-18.205,3.515-32,19.561-32,38.777s13.795,35.262,32,38.777v9.223c0,0.255,0.013,0.507,0.038,0.756   c-58.015,3.853-104.038,52.271-104.038,111.244c0,61.481,50.019,111.5,111.5,111.5s111.5-50.019,111.5-111.5   C366.995,340.517,320.972,292.099,262.957,288.246z M246.995,175.491v-56c0-0.276,0.224-0.5,0.5-0.5h16c0.276,0,0.5,0.224,0.5,0.5   v56c0,0.276-0.224,0.5-0.5,0.5h-16C247.219,175.991,246.995,175.766,246.995,175.491z M230.995,239.491   c0-13.509,10.991-24.5,24.5-24.5c13.509,0,24.5,10.991,24.5,24.5s-10.991,24.5-24.5,24.5   C241.986,263.991,230.995,253,230.995,239.491z M255.495,495.991c-53.21,0-96.5-43.29-96.5-96.5s43.29-96.5,96.5-96.5   s96.5,43.29,96.5,96.5S308.706,495.991,255.495,495.991z" fill="#79b38a"/>
	<path d="M315.743,407.139c-2.724-1.573-9.539-4.589-17.653-7.648c8.114-3.059,14.929-6.075,17.653-7.648   c11.221-6.479,15.08-20.88,8.602-32.102c-3.139-5.436-8.206-9.325-14.27-10.949c-6.062-1.624-12.396-0.792-17.832,2.348   c-2.816,1.626-8.785,5.979-15.427,11.425c1.402-8.525,2.18-15.875,2.18-19.074c0-12.958-10.542-23.5-23.5-23.5   c-12.958,0-23.5,10.542-23.5,23.5c0,3.198,0.778,10.549,2.18,19.074c-6.641-5.445-12.61-9.798-15.428-11.425   c-5.436-3.138-11.768-3.973-17.832-2.348c-6.063,1.625-11.131,5.513-14.27,10.95c-6.479,11.221-2.62,25.622,8.602,32.101   c2.724,1.573,9.538,4.589,17.651,7.648c-7.971,2.997-14.756,5.977-17.651,7.649c-11.221,6.479-15.08,20.88-8.602,32.102   c3.139,5.436,8.206,9.325,14.27,10.949c2.024,0.542,4.079,0.811,6.121,0.811c4.072,0,8.091-1.068,11.711-3.159   c2.816-1.626,8.785-5.979,15.427-11.425c-1.402,8.525-2.18,15.875-2.18,19.074c0,12.958,10.542,23.5,23.5,23.5   c12.958,0,23.5-10.542,23.5-23.5c0-3.198-0.778-10.55-2.18-19.075c6.687,5.481,12.667,9.833,15.427,11.427   c3.622,2.091,7.64,3.159,11.712,3.159c2.041,0,4.096-0.269,6.121-0.811c6.063-1.625,11.131-5.513,14.27-10.95   C330.823,428.019,326.964,413.618,315.743,407.139z M246.995,399.491c0-4.687,3.813-8.5,8.5-8.5c4.687,0,8.5,3.813,8.5,8.5   s-3.813,8.5-8.5,8.5C250.808,407.991,246.995,404.178,246.995,399.491z M299.743,364.129c1.967-1.136,4.258-1.438,6.45-0.849   c2.193,0.587,4.026,1.994,5.162,3.96c2.343,4.059,0.947,9.268-3.111,11.612c-3.411,1.969-17.83,8.002-30.96,11.847   c-0.83-2.05-1.942-3.956-3.286-5.672C283.814,375.66,296.292,366.122,299.743,364.129z M255.495,334.991c4.687,0,8.5,3.813,8.5,8.5   c0,3.893-1.988,19.437-5.221,32.734c-1.072-0.15-2.166-0.234-3.279-0.234c-1.113,0-2.207,0.083-3.279,0.234   c-3.233-13.297-5.221-28.842-5.221-32.734C246.995,338.804,250.808,334.991,255.495,334.991z M199.636,367.241   c1.135-1.966,2.968-3.373,5.162-3.96c2.193-0.588,4.483-0.287,6.45,0.849c3.454,1.994,15.93,11.531,25.746,20.897   c-1.345,1.716-2.456,3.622-3.286,5.673c-13.13-3.845-27.549-9.878-30.96-11.847C198.689,376.508,197.293,371.299,199.636,367.241z    M211.248,434.852c-1.967,1.136-4.258,1.437-6.45,0.849c-2.193-0.587-4.026-1.994-5.162-3.96   c-2.343-4.059-0.947-9.268,3.111-11.612c3.511-2.027,17.949-8.034,30.961-11.846c0.83,2.05,1.941,3.955,3.286,5.671   C227.177,423.321,214.699,432.859,211.248,434.852z M255.495,463.991c-4.687,0-8.5-3.813-8.5-8.5   c0-3.893,1.988-19.437,5.221-32.734c1.072,0.15,2.166,0.234,3.279,0.234c1.113,0,2.207-0.083,3.279-0.234   c3.233,13.297,5.221,28.842,5.221,32.734C263.995,460.178,260.182,463.991,255.495,463.991z M311.354,431.741   c-1.135,1.966-2.968,3.373-5.162,3.96c-2.193,0.588-4.483,0.287-6.45-0.849c-3.358-1.939-15.845-11.447-25.746-20.898   c1.345-1.716,2.456-3.622,3.286-5.672c13.13,3.845,27.549,9.878,30.96,11.847C312.301,422.473,313.697,427.682,311.354,431.741z" fill="#79b38a"/>
</g>
<g>
</g>
<g>
</g>
<g>
</g>
<g>
</g>
<g>
</g>
<g>
</g>
<g>
</g>
<g>
</g>
<g>
</g>
<g>
</g>
<g>
</g>
<g>
</g>
<g>
</g>
<g>
</g>
<g>
</g>
</svg>
]]></wp:meta_value>
		</wp:postmeta>
						</item>
					<item>
		<title>
				header-handmade		</title>
		<link>http://dummy.xtemos.com/woodmart-elementor/demos/?cms_block=header-handmade</link>
		<pubDate>Fri, 22 Sep 2017 14:09:15 +0000</pubDate>
		<dc:creator><![CDATA[erwin]]></dc:creator>
		<guid isPermaLink="false">http://dummy.xtemos.com/woodmart-elementor/demos/?post_type=cms_block&#038;p=1009</guid>
		<description></description>
		<content:encoded><![CDATA[

































						<strong>Call toll-free<br />
</strong>
<p>+73 099 321 312</p>
						<strong>Any questions </strong>
<p>hand@made.com</p>]]></content:encoded>
		<excerpt:encoded><![CDATA[]]></excerpt:encoded>
		<wp:post_id>1009</wp:post_id>
		<wp:post_date>2017-09-22 14:09:15</wp:post_date>
		<wp:post_date_gmt>2017-09-22 14:09:15</wp:post_date_gmt>
		<wp:comment_status>closed</wp:comment_status>
		<wp:ping_status>closed</wp:ping_status>
		<wp:post_name>header-handmade</wp:post_name>
		<wp:status>publish</wp:status>
		<wp:post_parent>0</wp:post_parent>
		<wp:menu_order>0</wp:menu_order>
		<wp:post_type>cms_block</wp:post_type>
		<wp:post_password></wp:post_password>
		<wp:is_sticky>0</wp:is_sticky>
														<wp:postmeta>
			<wp:meta_key>_elementor_data</wp:meta_key>
			<wp:meta_value><![CDATA[[{"id":"788688","elType":"section","settings":[],"elements":[{"id":"7435101","elType":"column","settings":{"_column_size":"100","_inline_size":"","column_sticky_offset":"50","scroll_y":"-80"},"elements":[{"id":"358882","elType":"widget","settings":{"icon_type":"icon","alignment":"left","btn_text":"","image_size":"custom","subtitle":"","title":"","image":{"id":"1010","url":"#"},"btn_style":"link","title_size":"small","image_alignment":"left","info_box_inline":"yes","_border_color":"#eaeaea","image_custom_dimension":{"width":"34","height":"34"},"content":"\r\n<div style=\"color: #333333\"><strong>Call toll-free\r\n<\/strong><\/div>\r\n+73 099 321 312","icon_text":"53","_margin":{"unit":"px","top":"0","right":"40","bottom":"0","left":"0","isLinked":""},"_padding":{"unit":"px","top":"0","right":"10","bottom":"0","left":"10","isLinked":""},"scroll_y":"-80","_element_width":"auto"},"elements":[],"widgetType":"wd_infobox"},{"id":"5517035","elType":"widget","settings":{"alignment":"left","btn_text":"","image_size":"custom","subtitle":"","title":"","btn_style":"link","title_size":"small","image_alignment":"left","info_box_inline":"yes","content":"\r\n<div style=\"color: #333333\"><strong>Any questions <\/strong><\/div>\r\nhand@made.com","icon_text":"","scroll_y":"-80","_element_width":"auto"},"elements":[],"widgetType":"wd_infobox"}],"isInner":""}],"isInner":""}]]]></wp:meta_value>
		</wp:postmeta>
							<wp:postmeta>
			<wp:meta_key>_elementor_edit_mode</wp:meta_key>
			<wp:meta_value><![CDATA[builder]]></wp:meta_value>
		</wp:postmeta>
							<wp:postmeta>
			<wp:meta_key>_elementor_version</wp:meta_key>
			<wp:meta_value><![CDATA[2.9.11]]></wp:meta_value>
		</wp:postmeta>
							<wp:postmeta>
			<wp:meta_key>_wp_page_template</wp:meta_key>
			<wp:meta_value><![CDATA[default]]></wp:meta_value>
		</wp:postmeta>
							<wp:postmeta>
			<wp:meta_key>_elementor_template_type</wp:meta_key>
			<wp:meta_value><![CDATA[wp-post]]></wp:meta_value>
		</wp:postmeta>
							<wp:postmeta>
			<wp:meta_key>_elementor_controls_usage</wp:meta_key>
			<wp:meta_value><![CDATA[a:3:{s:10:"wd_infobox";a:3:{s:5:"count";i:2;s:15:"control_percent";i:3;s:8:"controls";a:3:{s:7:"content";a:2:{s:20:"icon_content_section";a:5:{s:9:"icon_type";i:1;s:10:"image_size";i:2;s:5:"image";i:1;s:22:"image_custom_dimension";i:1;s:9:"icon_text";i:1;}s:23:"general_content_section";a:4:{s:8:"btn_text";i:2;s:8:"subtitle";i:2;s:5:"title";i:2;s:7:"content";i:2;}}s:5:"style";a:2:{s:21:"general_style_section";a:3:{s:9:"alignment";i:2;s:10:"title_size";i:2;s:15:"image_alignment";i:2;}s:22:"button_content_section";a:1:{s:9:"btn_style";i:2;}}s:8:"advanced";a:4:{s:15:"_section_border";a:1:{s:13:"_border_color";i:1;}s:14:"_section_style";a:2:{s:7:"_margin";i:1;s:8:"_padding";i:1;}s:8:"wd_extra";a:1:{s:8:"scroll_y";i:2;}s:17:"_section_position";a:1:{s:14:"_element_width";i:2;}}}}s:6:"column";a:3:{s:5:"count";i:1;s:15:"control_percent";i:1;s:8:"controls";a:1:{s:8:"advanced";a:1:{s:8:"wd_extra";a:2:{s:20:"column_sticky_offset";i:1;s:8:"scroll_y";i:1;}}}}s:7:"section";a:3:{s:5:"count";i:1;s:15:"control_percent";i:0;s:8:"controls";a:0:{}}}]]></wp:meta_value>
		</wp:postmeta>
						</item>
					<item>
		<title>
				handmade-technology		</title>
		<link>http://dummy.xtemos.com/woodmart-elementor/demos/handmade-technology/</link>
		<pubDate>Fri, 22 Sep 2017 14:09:05 +0000</pubDate>
		<dc:creator><![CDATA[erwin]]></dc:creator>
		<guid isPermaLink="false">http://dummy.xtemos.com/woodmart-elementor/demos/wp-content/uploads/sites/2/2017/06/handmade-technology.svg</guid>
		<description></description>
		<content:encoded><![CDATA[]]></content:encoded>
		<excerpt:encoded><![CDATA[]]></excerpt:encoded>
		<wp:post_id>1010</wp:post_id>
		<wp:post_date>2017-09-22 14:09:05</wp:post_date>
		<wp:post_date_gmt>2017-09-22 14:09:05</wp:post_date_gmt>
		<wp:comment_status>open</wp:comment_status>
		<wp:ping_status>closed</wp:ping_status>
		<wp:post_name>handmade-technology</wp:post_name>
		<wp:status>inherit</wp:status>
		<wp:post_parent>0</wp:post_parent>
		<wp:menu_order>0</wp:menu_order>
		<wp:post_type>attachment</wp:post_type>
		<wp:post_password></wp:post_password>
		<wp:is_sticky>0</wp:is_sticky>
						<wp:attachment_url>http://dummy.xtemos.com/woodmart-elementor/demos/wp-content/uploads/sites/2/2017/06/handmade-technology.svg</wp:attachment_url>
												<wp:postmeta>
			<wp:meta_key>_wp_attached_file</wp:meta_key>
			<wp:meta_value><![CDATA[2017/06/handmade-technology.svg]]></wp:meta_value>
		</wp:postmeta>
						</item>
					<item>
		<title>
				Pre footer - handmade		</title>
		<link>http://dummy.xtemos.com/woodmart-elementor/demos/?cms_block=pre-footer-handmade</link>
		<pubDate>Wed, 28 Feb 2018 09:04:27 +0000</pubDate>
		<dc:creator><![CDATA[erwin]]></dc:creator>
		<guid isPermaLink="false">http://dummy.xtemos.com/woodmart-elementor/demos/?post_type=cms_block&#038;p=1381</guid>
		<description></description>
		<content:encoded><![CDATA[ 					
					LAOREET IN VITAE AMET				
				
					Hey you, sign up and connect to Woodmart!				
			]]></content:encoded>
		<excerpt:encoded><![CDATA[]]></excerpt:encoded>
		<wp:post_id>1381</wp:post_id>
		<wp:post_date>2018-02-28 09:04:27</wp:post_date>
		<wp:post_date_gmt>2018-02-28 09:04:27</wp:post_date_gmt>
		<wp:comment_status>closed</wp:comment_status>
		<wp:ping_status>closed</wp:ping_status>
		<wp:post_name>pre-footer-handmade</wp:post_name>
		<wp:status>publish</wp:status>
		<wp:post_parent>0</wp:post_parent>
		<wp:menu_order>0</wp:menu_order>
		<wp:post_type>cms_block</wp:post_type>
		<wp:post_password></wp:post_password>
		<wp:is_sticky>0</wp:is_sticky>
														<wp:postmeta>
			<wp:meta_key>_elementor_data</wp:meta_key>
			<wp:meta_value><![CDATA[[{"id":"4633297","elType":"section","settings":{"wd_section_stretch":"stretch","content_position":"middle","background_background":"classic","background_color":"#f9f9f9","background_image":{"url":"http:\/\/dummy.xtemos.com\/woodmart-elementor\/demos\/wp-content\/uploads\/sites\/2\/2017\/06\/wood-main-bg.jpg?id=44","id":""},"el_class":"mobile-bg-img-hidden","structure":"20","margin":{"unit":"px","top":"0","right":"0","bottom":"-40","left":"0","isLinked":""},"padding":{"unit":"px","top":"30","right":"15","bottom":"30","left":"15","isLinked":""}},"elements":[{"id":"3659002","elType":"column","settings":{"_column_size":"50","column_sticky_offset":"50","scroll_y":"-80"},"elements":[{"id":"5e97c9d","elType":"widget","settings":{"subtitle":"LAOREET IN VITAE AMET","title":"Hey you, sign up and connect to <u>Woodmart!<\/u>","after_title":"","align":"left","color":"primary","subtitle_typography_typography":"custom","subtitle_typography_font_weight":"600","title_color":"#2D2A2A","title_typography_typography":"custom","title_typography_font_size":{"unit":"px","size":"28","sizes":[]},"scroll_y":"-80","title_decoration_style":"colored"},"elements":[],"widgetType":"wd_title"}],"isInner":""},{"id":"1009182","elType":"column","settings":{"_column_size":"50","column_sticky_offset":"50","scroll_y":"-80"},"elements":[{"id":"a48ef3f","elType":"widget","settings":{"form_id":"74","content_width":{"unit":"px","size":"400","sizes":[]},"scroll_y":"-80"},"elements":[],"widgetType":"wd_mailchimp"}],"isInner":""}],"isInner":""}]]]></wp:meta_value>
		</wp:postmeta>
							<wp:postmeta>
			<wp:meta_key>_elementor_edit_mode</wp:meta_key>
			<wp:meta_value><![CDATA[builder]]></wp:meta_value>
		</wp:postmeta>
							<wp:postmeta>
			<wp:meta_key>_elementor_version</wp:meta_key>
			<wp:meta_value><![CDATA[2.9.11]]></wp:meta_value>
		</wp:postmeta>
							<wp:postmeta>
			<wp:meta_key>_wp_page_template</wp:meta_key>
			<wp:meta_value><![CDATA[default]]></wp:meta_value>
		</wp:postmeta>
							<wp:postmeta>
			<wp:meta_key>_elementor_template_type</wp:meta_key>
			<wp:meta_value><![CDATA[wp-post]]></wp:meta_value>
		</wp:postmeta>
							<wp:postmeta>
			<wp:meta_key>_elementor_controls_usage</wp:meta_key>
			<wp:meta_value><![CDATA[a:4:{s:8:"wd_title";a:3:{s:5:"count";i:1;s:15:"control_percent";i:4;s:8:"controls";a:3:{s:7:"content";a:1:{s:23:"general_content_section";a:3:{s:8:"subtitle";i:1;s:5:"title";i:1;s:11:"after_title";i:1;}}s:5:"style";a:3:{s:21:"general_style_section";a:2:{s:5:"align";i:1;s:5:"color";i:1;}s:22:"subtitle_style_section";a:2:{s:30:"subtitle_typography_typography";i:1;s:31:"subtitle_typography_font_weight";i:1;}s:19:"title_style_section";a:4:{s:11:"title_color";i:1;s:27:"title_typography_typography";i:1;s:26:"title_typography_font_size";i:1;s:22:"title_decoration_style";i:1;}}s:8:"advanced";a:1:{s:8:"wd_extra";a:1:{s:8:"scroll_y";i:1;}}}}s:6:"column";a:3:{s:5:"count";i:2;s:15:"control_percent";i:1;s:8:"controls";a:1:{s:8:"advanced";a:1:{s:8:"wd_extra";a:2:{s:20:"column_sticky_offset";i:2;s:8:"scroll_y";i:2;}}}}s:12:"wd_mailchimp";a:3:{s:5:"count";i:1;s:15:"control_percent";i:2;s:8:"controls";a:3:{s:7:"content";a:1:{s:23:"general_content_section";a:1:{s:7:"form_id";i:1;}}s:5:"style";a:1:{s:21:"general_style_section";a:1:{s:13:"content_width";i:1;}}s:8:"advanced";a:1:{s:8:"wd_extra";a:1:{s:8:"scroll_y";i:1;}}}}s:7:"section";a:3:{s:5:"count";i:1;s:15:"control_percent";i:2;s:8:"controls";a:3:{s:6:"layout";a:3:{s:15:"wd_extra_layout";a:1:{s:18:"wd_section_stretch";i:1;}s:14:"section_layout";a:1:{s:16:"content_position";i:1;}s:17:"section_structure";a:1:{s:9:"structure";i:1;}}s:5:"style";a:1:{s:18:"section_background";a:3:{s:21:"background_background";i:1;s:16:"background_color";i:1;s:16:"background_image";i:1;}}s:8:"advanced";a:1:{s:16:"section_advanced";a:2:{s:6:"margin";i:1;s:7:"padding";i:1;}}}}}]]></wp:meta_value>
		</wp:postmeta>
						</item>
				</channel>
</rss>
	