<?xml version="1.0" encoding="UTF-8" ?>
<!-- This is a WordPress eXtended RSS file generated by WordPress as an export of your site. -->
<!-- It contains information about your site's posts, pages, comments, categories, and other content. -->
<!-- You may use this file to transfer that content from one site to another. -->
<!-- This file is not intended to serve as a complete backup of your site. -->

<!-- To import this information into a WordPress site follow these steps: -->
<!-- 1. Log in to that site as an administrator. -->
<!-- 2. Go to Tools: Import in the WordPress admin panel. -->
<!-- 3. Install the "WordPress" importer from the list. -->
<!-- 4. Activate & Run Importer. -->
<!-- 5. Upload this file using the form provided on that page. -->
<!-- 6. You will first be asked to map the authors in this export file to users -->
<!--    on the site. For each author, you may choose to map to an -->
<!--    existing user on the site or to create a new user. -->
<!-- 7. WordPress will then import each of the posts, pages, comments, categories, etc. -->
<!--    contained in this file into your site. -->

<!-- generator="WordPress/4.8" created="2017-09-29 07:13" -->
<rss version="2.0"
	xmlns:excerpt="http://wordpress.org/export/1.2/excerpt/"
	xmlns:content="http://purl.org/rss/1.0/modules/content/"
	xmlns:wfw="http://wellformedweb.org/CommentAPI/"
	xmlns:dc="http://purl.org/dc/elements/1.1/"
	xmlns:wp="http://wordpress.org/export/1.2/"
>

<channel>
	<title>Woodmart dummy demos</title>
	<link>http://dummy.xtemos.com/woodmart/demos</link>
	<description>Just another Woodmart Dummy Content Sites site</description>
	<pubDate>Fri, 29 Sep 2017 07:13:34 +0000</pubDate>
	<language>en-US</language>
	<wp:wxr_version>1.2</wp:wxr_version>
	<wp:base_site_url>http://dummy.xtemos.com/woodmart/</wp:base_site_url>
	<wp:base_blog_url>http://dummy.xtemos.com/woodmart/demos</wp:base_blog_url>

	<wp:author><wp:author_id>1</wp:author_id><wp:author_login>admin</wp:author_login><wp:author_email>se@as.as</wp:author_email><wp:author_display_name><![CDATA[admin]]></wp:author_display_name><wp:author_first_name><![CDATA[]]></wp:author_first_name><wp:author_last_name><![CDATA[]]></wp:author_last_name></wp:author>
	<wp:author><wp:author_id>2</wp:author_id><wp:author_login>erwin</wp:author_login><wp:author_email>ss@asas.as</wp:author_email><wp:author_display_name><![CDATA[erwin]]></wp:author_display_name><wp:author_first_name><![CDATA[]]></wp:author_first_name><wp:author_last_name><![CDATA[]]></wp:author_last_name></wp:author>


	<generator>https://wordpress.org/?v=4.8</generator>

	<item>
		<title>wood-gallery-placeholder-5</title>
		<link>http://dummy.xtemos.com/woodmart/demos/home-base/wood-gallery-placeholder-5/</link>
		<pubDate>Wed, 14 Jun 2017 11:33:22 +0000</pubDate>
		<dc:creator><![CDATA[admin]]></dc:creator>
		<guid isPermaLink="false">http://dummy.xtemos.com/woodmart/demos/wp-content/uploads/sites/2/2017/06/wood-gallery-placeholder-5.jpg</guid>
		<description></description>
		<content:encoded><![CDATA[]]></content:encoded>
		<excerpt:encoded><![CDATA[]]></excerpt:encoded>
		<wp:post_id>77</wp:post_id>
		<wp:post_date>2017-06-14 11:33:22</wp:post_date>
		<wp:post_date_gmt>2017-06-14 11:33:22</wp:post_date_gmt>
		<wp:comment_status>open</wp:comment_status>
		<wp:ping_status>closed</wp:ping_status>
		<wp:post_name>wood-gallery-placeholder-5</wp:post_name>
		<wp:status>inherit</wp:status>
		<wp:post_parent>57</wp:post_parent>
		<wp:menu_order>0</wp:menu_order>
		<wp:post_type>attachment</wp:post_type>
		<wp:post_password></wp:post_password>
		<wp:is_sticky>0</wp:is_sticky>
		<wp:attachment_url>http://dummy.xtemos.com/woodmart/demos/wp-content/uploads/sites/2/2017/06/wood-gallery-placeholder-5.jpg</wp:attachment_url>
		<wp:postmeta>
			<wp:meta_key>_wp_attached_file</wp:meta_key>
			<wp:meta_value><![CDATA[2017/06/wood-gallery-placeholder-5.jpg]]></wp:meta_value>
		</wp:postmeta>
	</item>
	<item>
		<title>wood-gallery-placeholder</title>
		<link>http://dummy.xtemos.com/woodmart/demos/home-base/wood-gallery-placeholder/</link>
		<pubDate>Wed, 14 Jun 2017 11:33:24 +0000</pubDate>
		<dc:creator><![CDATA[admin]]></dc:creator>
		<guid isPermaLink="false">http://dummy.xtemos.com/woodmart/demos/wp-content/uploads/sites/2/2017/06/wood-gallery-placeholder.jpg</guid>
		<description></description>
		<content:encoded><![CDATA[]]></content:encoded>
		<excerpt:encoded><![CDATA[]]></excerpt:encoded>
		<wp:post_id>78</wp:post_id>
		<wp:post_date>2017-06-14 11:33:24</wp:post_date>
		<wp:post_date_gmt>2017-06-14 11:33:24</wp:post_date_gmt>
		<wp:comment_status>open</wp:comment_status>
		<wp:ping_status>closed</wp:ping_status>
		<wp:post_name>wood-gallery-placeholder</wp:post_name>
		<wp:status>inherit</wp:status>
		<wp:post_parent>57</wp:post_parent>
		<wp:menu_order>0</wp:menu_order>
		<wp:post_type>attachment</wp:post_type>
		<wp:post_password></wp:post_password>
		<wp:is_sticky>0</wp:is_sticky>
		<wp:attachment_url>http://dummy.xtemos.com/woodmart/demos/wp-content/uploads/sites/2/2017/06/wood-gallery-placeholder.jpg</wp:attachment_url>
		<wp:postmeta>
			<wp:meta_key>_wp_attached_file</wp:meta_key>
			<wp:meta_value><![CDATA[2017/06/wood-gallery-placeholder.jpg]]></wp:meta_value>
		</wp:postmeta>
	</item>
	<item>
		<title>wood-gallery-placeholder-2</title>
		<link>http://dummy.xtemos.com/woodmart/demos/home-base/wood-gallery-placeholder-2/</link>
		<pubDate>Wed, 14 Jun 2017 11:33:26 +0000</pubDate>
		<dc:creator><![CDATA[admin]]></dc:creator>
		<guid isPermaLink="false">http://dummy.xtemos.com/woodmart/demos/wp-content/uploads/sites/2/2017/06/wood-gallery-placeholder-2.jpg</guid>
		<description></description>
		<content:encoded><![CDATA[]]></content:encoded>
		<excerpt:encoded><![CDATA[]]></excerpt:encoded>
		<wp:post_id>79</wp:post_id>
		<wp:post_date>2017-06-14 11:33:26</wp:post_date>
		<wp:post_date_gmt>2017-06-14 11:33:26</wp:post_date_gmt>
		<wp:comment_status>open</wp:comment_status>
		<wp:ping_status>closed</wp:ping_status>
		<wp:post_name>wood-gallery-placeholder-2</wp:post_name>
		<wp:status>inherit</wp:status>
		<wp:post_parent>57</wp:post_parent>
		<wp:menu_order>0</wp:menu_order>
		<wp:post_type>attachment</wp:post_type>
		<wp:post_password></wp:post_password>
		<wp:is_sticky>0</wp:is_sticky>
		<wp:attachment_url>http://dummy.xtemos.com/woodmart/demos/wp-content/uploads/sites/2/2017/06/wood-gallery-placeholder-2.jpg</wp:attachment_url>
		<wp:postmeta>
			<wp:meta_key>_wp_attached_file</wp:meta_key>
			<wp:meta_value><![CDATA[2017/06/wood-gallery-placeholder-2.jpg]]></wp:meta_value>
		</wp:postmeta>
	</item>
	<item>
		<title>wood-gallery-placeholder-3</title>
		<link>http://dummy.xtemos.com/woodmart/demos/home-base/wood-gallery-placeholder-3/</link>
		<pubDate>Wed, 14 Jun 2017 11:33:28 +0000</pubDate>
		<dc:creator><![CDATA[admin]]></dc:creator>
		<guid isPermaLink="false">http://dummy.xtemos.com/woodmart/demos/wp-content/uploads/sites/2/2017/06/wood-gallery-placeholder-3.jpg</guid>
		<description></description>
		<content:encoded><![CDATA[]]></content:encoded>
		<excerpt:encoded><![CDATA[]]></excerpt:encoded>
		<wp:post_id>80</wp:post_id>
		<wp:post_date>2017-06-14 11:33:28</wp:post_date>
		<wp:post_date_gmt>2017-06-14 11:33:28</wp:post_date_gmt>
		<wp:comment_status>open</wp:comment_status>
		<wp:ping_status>closed</wp:ping_status>
		<wp:post_name>wood-gallery-placeholder-3</wp:post_name>
		<wp:status>inherit</wp:status>
		<wp:post_parent>57</wp:post_parent>
		<wp:menu_order>0</wp:menu_order>
		<wp:post_type>attachment</wp:post_type>
		<wp:post_password></wp:post_password>
		<wp:is_sticky>0</wp:is_sticky>
		<wp:attachment_url>http://dummy.xtemos.com/woodmart/demos/wp-content/uploads/sites/2/2017/06/wood-gallery-placeholder-3.jpg</wp:attachment_url>
		<wp:postmeta>
			<wp:meta_key>_wp_attached_file</wp:meta_key>
			<wp:meta_value><![CDATA[2017/06/wood-gallery-placeholder-3.jpg]]></wp:meta_value>
		</wp:postmeta>
	</item>
	<item>
		<title>wood-gallery-placeholder-4</title>
		<link>http://dummy.xtemos.com/woodmart/demos/home-base/wood-gallery-placeholder-4/</link>
		<pubDate>Wed, 14 Jun 2017 11:33:30 +0000</pubDate>
		<dc:creator><![CDATA[admin]]></dc:creator>
		<guid isPermaLink="false">http://dummy.xtemos.com/woodmart/demos/wp-content/uploads/sites/2/2017/06/wood-gallery-placeholder-4.jpg</guid>
		<description></description>
		<content:encoded><![CDATA[]]></content:encoded>
		<excerpt:encoded><![CDATA[]]></excerpt:encoded>
		<wp:post_id>81</wp:post_id>
		<wp:post_date>2017-06-14 11:33:30</wp:post_date>
		<wp:post_date_gmt>2017-06-14 11:33:30</wp:post_date_gmt>
		<wp:comment_status>open</wp:comment_status>
		<wp:ping_status>closed</wp:ping_status>
		<wp:post_name>wood-gallery-placeholder-4</wp:post_name>
		<wp:status>inherit</wp:status>
		<wp:post_parent>57</wp:post_parent>
		<wp:menu_order>0</wp:menu_order>
		<wp:post_type>attachment</wp:post_type>
		<wp:post_password></wp:post_password>
		<wp:is_sticky>0</wp:is_sticky>
		<wp:attachment_url>http://dummy.xtemos.com/woodmart/demos/wp-content/uploads/sites/2/2017/06/wood-gallery-placeholder-4.jpg</wp:attachment_url>
		<wp:postmeta>
			<wp:meta_key>_wp_attached_file</wp:meta_key>
			<wp:meta_value><![CDATA[2017/06/wood-gallery-placeholder-4.jpg]]></wp:meta_value>
		</wp:postmeta>
	</item>
	<item>
		<title>wood-portfolio-placeholder</title>
		<link>http://dummy.xtemos.com/woodmart/demos/wood-portfolio-placeholder/</link>
		<pubDate>Wed, 14 Jun 2017 14:02:43 +0000</pubDate>
		<dc:creator><![CDATA[admin]]></dc:creator>
		<guid isPermaLink="false">http://dummy.xtemos.com/woodmart/demos/wp-content/uploads/sites/2/2017/06/wood-portfolio-placeholder.jpg</guid>
		<description></description>
		<content:encoded><![CDATA[]]></content:encoded>
		<excerpt:encoded><![CDATA[]]></excerpt:encoded>
		<wp:post_id>117</wp:post_id>
		<wp:post_date>2017-06-14 14:02:43</wp:post_date>
		<wp:post_date_gmt>2017-06-14 14:02:43</wp:post_date_gmt>
		<wp:comment_status>open</wp:comment_status>
		<wp:ping_status>closed</wp:ping_status>
		<wp:post_name>wood-portfolio-placeholder</wp:post_name>
		<wp:status>inherit</wp:status>
		<wp:post_parent>0</wp:post_parent>
		<wp:menu_order>0</wp:menu_order>
		<wp:post_type>attachment</wp:post_type>
		<wp:post_password></wp:post_password>
		<wp:is_sticky>0</wp:is_sticky>
		<wp:attachment_url>http://dummy.xtemos.com/woodmart/demos/wp-content/uploads/sites/2/2017/06/wood-portfolio-placeholder.jpg</wp:attachment_url>
		<wp:postmeta>
			<wp:meta_key>_wp_attached_file</wp:meta_key>
			<wp:meta_value><![CDATA[2017/06/wood-portfolio-placeholder.jpg]]></wp:meta_value>
		</wp:postmeta>
	</item>
	<item>
		<title>wood-testimonials-placeholder</title>
		<link>http://dummy.xtemos.com/woodmart/demos/2017/06/16/the-big-design-wall-likes-pictures/wood-testimonials-placeholder/</link>
		<pubDate>Fri, 16 Jun 2017 07:53:52 +0000</pubDate>
		<dc:creator><![CDATA[admin]]></dc:creator>
		<guid isPermaLink="false">http://dummy.xtemos.com/woodmart/demos/wp-content/uploads/sites/2/2017/06/wood-testimonials-placeholder.jpg</guid>
		<description></description>
		<content:encoded><![CDATA[]]></content:encoded>
		<excerpt:encoded><![CDATA[]]></excerpt:encoded>
		<wp:post_id>229</wp:post_id>
		<wp:post_date>2017-06-16 07:53:52</wp:post_date>
		<wp:post_date_gmt>2017-06-16 07:53:52</wp:post_date_gmt>
		<wp:comment_status>open</wp:comment_status>
		<wp:ping_status>closed</wp:ping_status>
		<wp:post_name>wood-testimonials-placeholder</wp:post_name>
		<wp:status>inherit</wp:status>
		<wp:post_parent>226</wp:post_parent>
		<wp:menu_order>0</wp:menu_order>
		<wp:post_type>attachment</wp:post_type>
		<wp:post_password></wp:post_password>
		<wp:is_sticky>0</wp:is_sticky>
		<wp:attachment_url>http://dummy.xtemos.com/woodmart/demos/wp-content/uploads/sites/2/2017/06/wood-testimonials-placeholder.jpg</wp:attachment_url>
		<wp:postmeta>
			<wp:meta_key>_wp_attached_file</wp:meta_key>
			<wp:meta_value><![CDATA[2017/06/wood-testimonials-placeholder.jpg]]></wp:meta_value>
		</wp:postmeta>
	</item>
	<item>
		<title>Home Handmade</title>
		<link>http://dummy.xtemos.com/woodmart/demos/home-handmade/</link>
		<pubDate>Fri, 22 Sep 2017 13:49:17 +0000</pubDate>
		<dc:creator><![CDATA[erwin]]></dc:creator>
		<guid isPermaLink="false">http://dummy.xtemos.com/woodmart/demos/?page_id=1006</guid>
		<description></description>
		<content:encoded><![CDATA[[vc_row css=".vc_custom_1504510759347{margin-top: -10px !important;margin-right: -10px !important;margin-bottom: 8vh !important;margin-left: -10px !important;}"][vc_column css=".vc_custom_1505912362200{margin-bottom: 20px !important;padding-top: 0px !important;padding-right: 10px !important;padding-left: 10px !important;}" offset="vc_col-md-6"][promo_banner image="81" woodmart_color_scheme="dark" title_size="custom" font_weight="400" subtitle_color="primary" btn_position="static" btn_color="primary" btn_size="large" btn_style="link" content_spacing="medium" img_size="full" title="Porta
Consectetur
Imperdiet
Frigilla" subtitle="<strong>MATTIS LAOREET SAPIEN</strong>" btn_text="Read more" title_desktop_text_size="42" title_tablet_text_size="42" title_mobile_text_size="26" subtitle_desktop_text_size="16" subtitle_tablet_text_size="14" subtitle_mobile_text_size="14"][/promo_banner][/vc_column][vc_column css=".vc_custom_1505911763176{padding-top: 0px !important;padding-right: 10px !important;padding-left: 10px !important;}" offset="vc_col-md-6"][promo_banner image="81" woodmart_color_scheme="dark" title_size="large" font_weight="400" subtitle_color="primary" btn_position="static" btn_color="primary" btn_style="link" img_size="700x336" title="Feugiat
Scelerisque
Imperdiet" subtitle="<strong>SEMPER</strong>" btn_text="read more"][/promo_banner][vc_row_inner css=".vc_custom_1504510834126{margin-top: 20px !important;margin-right: -10px !important;margin-left: -10px !important;}"][vc_column_inner width="7/12" css=".vc_custom_1504510730590{padding-top: 0px !important;padding-right: 10px !important;padding-left: 10px !important;}"][promo_banner image="81" woodmart_color_scheme="dark" title_size="large" font_weight="400" subtitle_color="primary" btn_position="static" btn_color="primary" btn_style="link" img_size="700x599" title="Adipiscing
Sodales" subtitle="<strong>SEMPER</strong>" btn_text="read more"][/promo_banner][/vc_column_inner][vc_column_inner width="5/12" css=".vc_custom_1505912884303{padding-top: 0px !important;padding-right: 10px !important;padding-left: 10px !important;}" offset="vc_hidden-xs"][promo_banner image="81" woodmart_color_scheme="dark" font_weight="400" img_size="700x860"][/promo_banner][/vc_column_inner][/vc_row_inner][/vc_column][/vc_row][vc_row woodmart_bg_position="left-bottom" woodmart_disable_overflow="1" css=".vc_custom_1505907859058{margin-bottom: 4vh !important;background-position: 0 0 !important;background-repeat: no-repeat !important;}"][vc_column 0="" css=".vc_custom_1496220834961{padding-top: 0px !important;}"][woodmart_title size="medium" color="primary" title="FEATURED PRODUCTS" subtitle="<strong>WOODEN ACCESSORIES</strong>" after_title="Visit our shop to see amazing creations from our designers." css=".vc_custom_1505907570545{margin-bottom: 10px !important;}"][products_tabs color="#79b38a"][products_tab items_per_page="8" pagination="arrows" orderby="date" order="ASC" title="BEST SELLERS" columns="4"][products_tab post_type="bestselling" items_per_page="8" pagination="arrows" orderby="date" order="DESC" title="FEATURED" columns="4"][products_tab items_per_page="8" pagination="arrows" orderby="date" order="DESC" title="SALES" columns="4"][/products_tabs][/vc_column][/vc_row][vc_row woodmart_bg_position="left-bottom" woodmart_disable_overflow="1" css=".vc_custom_1504590248624{margin-bottom: 5vh !important;background-position: 0 0 !important;background-repeat: no-repeat !important;}"][vc_column 0="" css=".vc_custom_1496220834961{padding-top: 0px !important;}"][woodmart_title size="medium" color="primary" title="FEATURED CATEGORIES" subtitle="<strong>WOODEN ACCESSORIES</strong>" after_title="Visit our shop to see amazing creations from our designers." css=".vc_custom_1504590142508{margin-bottom: 25px !important;}"][woodmart_categories orderby="date" order="" style="carousel" spacing="20" categories_design="replace-title" slides_per_view="3" ids="" number="4"][/vc_column][/vc_row][vc_row content_placement="top" css=".vc_custom_1504590262373{margin-bottom: 8vh !important;}"][vc_column css=".vc_custom_1504590037037{padding-top: 0px !important;}"][woodmart_title size="medium" color="primary" title="HAND MADE SERVICE" subtitle="<strong>WOODEN ACCESSORIES</strong>" after_title="Visit our shop to see amazing creations from our designers." css=".vc_custom_1504535343858{margin-bottom: 35px !important;}"][/vc_column][vc_column width="1/2" css=".vc_custom_1505912562268{padding-top: 0px !important;}" offset="vc_col-md-3 vc_col-xs-12"][woodmart_info_box icon_style="with-bg" image="1007" style="border" alignment="center" btn_position="static" btn_color="primary" btn_size="small" no_svg_animation="yes" new_styles="yes" link="http://#" img_size="60x60" btn_text="CLICK ME" title="Ullamcorper"]Lorem ipsum dolor sit amet, consectetur adipiscing elit, sed do eiusmod tempor.[/woodmart_info_box][/vc_column][vc_column width="1/2" css=".vc_custom_1505912572650{padding-top: 0px !important;}" offset="vc_col-md-3 vc_col-xs-12"][woodmart_info_box icon_style="with-bg" image="1007" style="border" alignment="center" btn_position="static" btn_color="primary" btn_size="small" no_svg_animation="yes" new_styles="yes" link="http://#" img_size="60x60" btn_text="CLICK ME" title="Tempor"]Lorem ipsum dolor sit amet, consectetur adipiscing elit, sed do eiusmod tempor.[/woodmart_info_box][/vc_column][vc_column width="1/2" css=".vc_custom_1505912591567{padding-top: 0px !important;}" offset="vc_col-md-3 vc_col-xs-12"][woodmart_info_box icon_style="with-bg" image="1007" style="border" alignment="center" btn_position="static" btn_color="primary" btn_size="small" no_svg_animation="yes" new_styles="yes" link="http://#" img_size="60x60" btn_text="CLICK ME" title="Dictumst"]Lorem ipsum dolor sit amet, consectetur adipiscing elit, sed do eiusmod tempor.[/woodmart_info_box][/vc_column][vc_column width="1/2" css=".vc_custom_1505912637696{padding-top: 0px !important;}" offset="vc_col-md-3 vc_col-xs-12"][woodmart_info_box icon_style="with-bg" image="1007" style="border" alignment="center" btn_position="static" btn_color="primary" btn_size="small" no_svg_animation="yes" new_styles="yes" link="http://#" img_size="60x60" btn_text="CLICK ME" title="Consectetur"]Lorem ipsum dolor sit amet, consectetur adipiscing elit, sed do eiusmod tempor.[/woodmart_info_box][/vc_column][/vc_row][vc_row woodmart_bg_position="left-bottom" woodmart_disable_overflow="1" css=".vc_custom_1506087172810{margin-bottom: 5vh !important;background-position: 0 0 !important;background-repeat: no-repeat !important;}"][vc_column 0="" css=".vc_custom_1496220834961{padding-top: 0px !important;}"][woodmart_title size="medium" color="primary" title="HAND MADE MAGAZINE" subtitle="<strong>WOODEN ACCESSORIES</strong>" after_title="Visit our shop to see amazing creations from our designers." css=".vc_custom_1504592410575{margin-bottom: 25px !important;}"][woodmart_blog items_per_page="4" blog_design="carousel" parts_title="1" parts_meta="1" parts_text="1" parts_btn="1" slides_per_view="3" img_size="full"][/vc_column][/vc_row][vc_row content_placement="middle" css=".vc_custom_1504535587979{margin-bottom: 5vh !important;}"][vc_column width="1/2" css=".vc_custom_1504535399482{margin-bottom: 4vh !important;padding-top: 0px !important;padding-right: 7% !important;padding-left: 7% !important;}"][woodmart_title color="primary" style="simple" title="WHAT THEY SAY ABOUT US" css=".vc_custom_1504535369056{margin-bottom: 10px !important;}" subtitle="<strong>WOODEN ACCESSORIES</strong>"][testimonials slides_per_view="1"][testimonial image="229" name="Elsa Nora" title="Happy Customer" el_class="text-larger"]Fringilla iaculis ante torquent a diam a vestibulum diam nisi augue dictumst parturient a vestibulum tortor viverra inceptos adipiscing nec a ullamcorper.Ullamcorper aliquam rutrum.[/testimonial][testimonial image="229" name="Colombo Nicomede" title="Happy Customer" el_class="text-larger"]Imperdiet a in a magna cursus tristique sed eros sed scelerisque purus netus ridiculus a gravida non fusce maecenas adipiscing suspendisse netus sed a rutrum odio nisi integer susp.[/testimonial][testimonial image="229" name="Walter Leone" title="Happy Customer" el_class="text-larger"]Faucibus nisi class consectetur habitant aenean id accumsan scelerisque libero nam sodales consequat nulla parturient hac a a nam condimentum. Accumsan a nunc lectus condimentum nasdiam.[/testimonial][/testimonials][/vc_column][vc_column width="1/2" css=".vc_custom_1504535581267{margin-bottom: 5vh !important;padding-top: 0px !important;}"][woodmart_instagram data_source="images" images="117,81,80,79,78,77" per_row="3" spacing="1" hide_mask="1" username="milosroom" images_size="full" images_link="https://www.instagram.com/milosroom/" rounded="0"]
<h4 style="text-align: center;margin-bottom: 0"><strong>INSTAGRAM</strong></h4>
<h6 style="text-align: center;margin-bottom: 10px"><span style="color: #c4c4c4">@NAME_ACCOUNT</span></h6>
<p style="text-align: center">Lorem ipsum dolor sit amet, consectetur adipiscing elit, sed do eiusmod tempor.</p>
[/woodmart_instagram][/vc_column][/vc_row][vc_row full_width="stretch_row" content_placement="middle" css=".vc_custom_1506088087909{margin-bottom: -40px !important;padding-top: 15vh !important;padding-bottom: 15vh !important;background: #f9f9f9 url(http://dummy.xtemos.com/woodmart/demos/wp-content/uploads/sites/2/2017/06/wood-main-bg.jpg?id=44) !important;background-position: center !important;background-repeat: no-repeat !important;background-size: cover !important;}"][vc_column css=".vc_custom_1506081843137{padding-top: 0px !important;}"][vc_custom_heading text="<strong>LAOREET IN VITAE AMET</strong>" font_container="tag:div|font_size:16px|text_align:center|color:%2379b38a" use_theme_fonts="yes" css=".vc_custom_1506082961769{margin-bottom: 15px !important;}"][woodmart_responsive_text_block size="custom" color_scheme="custom" content_width="80" desktop_text_size="36" tablet_text_size="24" mobile_text_size="20" color="#2d2a2a"]
<p style="text-align: center">HEY YOU, SIGN UP AND
CONNECT TO WOODMART!</p>
[/woodmart_responsive_text_block][vc_column_text css=".vc_custom_1504531842190{margin-bottom: 0px !important;}"][mc4wp_form id="74"][/vc_column_text][vc_column_text css=".vc_custom_1504531896477{margin-bottom: 20px !important;}"]
<p style="text-align: center">Will be used in accordance with our  <span style="color: #ffffff"><strong><a href="#">Privacy Policy</a></strong></span></p>
[/vc_column_text][social_buttons size="small" style="bordered"][/vc_column][/vc_row]]]></content:encoded>
		<excerpt:encoded><![CDATA[]]></excerpt:encoded>
		<wp:post_id>1006</wp:post_id>
		<wp:post_date>2017-09-22 13:49:17</wp:post_date>
		<wp:post_date_gmt>2017-09-22 13:49:17</wp:post_date_gmt>
		<wp:comment_status>closed</wp:comment_status>
		<wp:ping_status>closed</wp:ping_status>
		<wp:post_name>home-handmade</wp:post_name>
		<wp:status>publish</wp:status>
		<wp:post_parent>0</wp:post_parent>
		<wp:menu_order>0</wp:menu_order>
		<wp:post_type>page</wp:post_type>
		<wp:post_password></wp:post_password>
		<wp:is_sticky>0</wp:is_sticky>
		<wp:postmeta>
			<wp:meta_key>_wp_page_template</wp:meta_key>
			<wp:meta_value><![CDATA[default]]></wp:meta_value>
		</wp:postmeta>
		<wp:postmeta>
			<wp:meta_key>_wpb_shortcodes_custom_css</wp:meta_key>
			<wp:meta_value><![CDATA[.vc_custom_1504510759347{margin-top: -10px !important;margin-right: -10px !important;margin-bottom: 8vh !important;margin-left: -10px !important;}.vc_custom_1505907859058{margin-bottom: 4vh !important;background-position: 0 0 !important;background-repeat: no-repeat !important;}.vc_custom_1504590248624{margin-bottom: 5vh !important;background-position: 0 0 !important;background-repeat: no-repeat !important;}.vc_custom_1504590262373{margin-bottom: 8vh !important;}.vc_custom_1506087172810{margin-bottom: 5vh !important;background-position: 0 0 !important;background-repeat: no-repeat !important;}.vc_custom_1504535587979{margin-bottom: 5vh !important;}.vc_custom_1506088087909{margin-bottom: -40px !important;padding-top: 15vh !important;padding-bottom: 15vh !important;background: #f9f9f9 url(http://dummy.xtemos.com/woodmart/demos/wp-content/uploads/sites/2/2017/06/wood-main-bg.jpg?id=44) !important;background-position: center !important;background-repeat: no-repeat !important;background-size: cover !important;}.vc_custom_1505912362200{margin-bottom: 20px !important;padding-top: 0px !important;padding-right: 10px !important;padding-left: 10px !important;}.vc_custom_1505911763176{padding-top: 0px !important;padding-right: 10px !important;padding-left: 10px !important;}.vc_custom_1504510834126{margin-top: 20px !important;margin-right: -10px !important;margin-left: -10px !important;}.vc_custom_1504510730590{padding-top: 0px !important;padding-right: 10px !important;padding-left: 10px !important;}.vc_custom_1505912884303{padding-top: 0px !important;padding-right: 10px !important;padding-left: 10px !important;}.vc_custom_1496220834961{padding-top: 0px !important;}.vc_custom_1505907570545{margin-bottom: 10px !important;}.vc_custom_1496220834961{padding-top: 0px !important;}.vc_custom_1504590142508{margin-bottom: 25px !important;}.vc_custom_1504590037037{padding-top: 0px !important;}.vc_custom_1505912562268{padding-top: 0px !important;}.vc_custom_1505912572650{padding-top: 0px !important;}.vc_custom_1505912591567{padding-top: 0px !important;}.vc_custom_1505912637696{padding-top: 0px !important;}.vc_custom_1504535343858{margin-bottom: 35px !important;}.vc_custom_1496220834961{padding-top: 0px !important;}.vc_custom_1504592410575{margin-bottom: 25px !important;}.vc_custom_1504535399482{margin-bottom: 4vh !important;padding-top: 0px !important;padding-right: 7% !important;padding-left: 7% !important;}.vc_custom_1504535581267{margin-bottom: 5vh !important;padding-top: 0px !important;}.vc_custom_1504535369056{margin-bottom: 10px !important;}.vc_custom_1506081843137{padding-top: 0px !important;}.vc_custom_1506082961769{margin-bottom: 15px !important;}.vc_custom_1504531842190{margin-bottom: 0px !important;}.vc_custom_1504531896477{margin-bottom: 20px !important;}]]></wp:meta_value>
		</wp:postmeta>
		<wp:postmeta>
			<wp:meta_key>_woodmart_main_layout</wp:meta_key>
			<wp:meta_value><![CDATA[full-width]]></wp:meta_value>
		</wp:postmeta>
		<wp:postmeta>
			<wp:meta_key>_woodmart_header_color_scheme</wp:meta_key>
			<wp:meta_value><![CDATA[inherit]]></wp:meta_value>
		</wp:postmeta>
		<wp:postmeta>
			<wp:meta_key>_woodmart_title_off</wp:meta_key>
			<wp:meta_value><![CDATA[on]]></wp:meta_value>
		</wp:postmeta>
		<wp:postmeta>
			<wp:meta_key>_woodmart_prefooter_off</wp:meta_key>
			<wp:meta_value><![CDATA[on]]></wp:meta_value>
		</wp:postmeta>
		<wp:postmeta>
			<wp:meta_key>rs_page_bg_color</wp:meta_key>
			<wp:meta_value><![CDATA[#ffffff]]></wp:meta_value>
		</wp:postmeta>
		<wp:postmeta>
			<wp:meta_key>_woodmart_mobile_content</wp:meta_key>
			<wp:meta_value><![CDATA[]]></wp:meta_value>
		</wp:postmeta>
		<wp:postmeta>
			<wp:meta_key>_woodmart_whb_header</wp:meta_key>
			<wp:meta_value><![CDATA[none]]></wp:meta_value>
		</wp:postmeta>
		<wp:postmeta>
			<wp:meta_key>_woodmart_title_image</wp:meta_key>
			<wp:meta_value><![CDATA[]]></wp:meta_value>
		</wp:postmeta>
		<wp:postmeta>
			<wp:meta_key>_woodmart_title_bg_color</wp:meta_key>
			<wp:meta_value><![CDATA[]]></wp:meta_value>
		</wp:postmeta>
		<wp:postmeta>
			<wp:meta_key>_woodmart_page-title-size</wp:meta_key>
			<wp:meta_value><![CDATA[inherit]]></wp:meta_value>
		</wp:postmeta>
		<wp:postmeta>
			<wp:meta_key>wd_page_css_files</wp:meta_key>
			<wp:meta_value><![CDATA[a:23:{i:0;s:12:"wp-gutenberg";i:1;s:5:"wpcf7";i:2;s:5:"mc4wp";i:3;s:17:"revolution-slider";i:4;s:17:"woo-yith-wishlist";i:5;s:13:"wpbakery-base";i:6;s:13:"notices-fixed";i:7;s:16:"woocommerce-base";i:8;s:12:"social-icons";i:9;s:6:"banner";i:10;s:13:"section-title";i:11;s:12:"product-tabs";i:12;s:12:"product-loop";i:13;s:17:"add-to-cart-popup";i:14;s:9:"mfp-popup";i:15;s:15:"categories-loop";i:16;s:12:"owl-carousel";i:17;s:8:"info-box";i:18;s:9:"blog-base";i:19;s:11:"testimonial";i:20;s:9:"instagram";i:21;s:15:"responsive-text";i:22;s:10:"scroll-top";}]]></wp:meta_value>
		</wp:postmeta>
	</item>
	<item>
		<title>shackle</title>
		<link>http://dummy.xtemos.com/woodmart/demos/home-handmade/shackle/</link>
		<pubDate>Fri, 22 Sep 2017 13:46:26 +0000</pubDate>
		<dc:creator><![CDATA[erwin]]></dc:creator>
		<guid isPermaLink="false">http://dummy.xtemos.com/woodmart/demos/wp-content/uploads/sites/2/2017/09/shackle.svg</guid>
		<description></description>
		<content:encoded><![CDATA[]]></content:encoded>
		<excerpt:encoded><![CDATA[]]></excerpt:encoded>
		<wp:post_id>1007</wp:post_id>
		<wp:post_date>2017-09-22 13:46:26</wp:post_date>
		<wp:post_date_gmt>2017-09-22 13:46:26</wp:post_date_gmt>
		<wp:comment_status>open</wp:comment_status>
		<wp:ping_status>closed</wp:ping_status>
		<wp:post_name>shackle</wp:post_name>
		<wp:status>inherit</wp:status>
		<wp:post_parent>1006</wp:post_parent>
		<wp:menu_order>0</wp:menu_order>
		<wp:post_type>attachment</wp:post_type>
		<wp:post_password></wp:post_password>
		<wp:is_sticky>0</wp:is_sticky>
		<wp:attachment_url>http://dummy.xtemos.com/woodmart/demos/wp-content/uploads/sites/2/2017/09/shackle.svg</wp:attachment_url>
		<wp:postmeta>
			<wp:meta_key>_wp_attached_file</wp:meta_key>
			<wp:meta_value><![CDATA[2017/09/shackle.svg]]></wp:meta_value>
		</wp:postmeta>
	</item>
	<item>
		<title>header-handmade</title>
		<link>http://dummy.xtemos.com/woodmart/demos/?cms_block=header-handmade</link>
		<pubDate>Fri, 22 Sep 2017 14:09:15 +0000</pubDate>
		<dc:creator><![CDATA[erwin]]></dc:creator>
		<guid isPermaLink="false">http://dummy.xtemos.com/woodmart/demos/?post_type=cms_block&#038;p=1009</guid>
		<description></description>
		<content:encoded><![CDATA[[vc_row][vc_column][woodmart_info_box image="1010" btn_position="static" btn_style="link" title_size="small" image_alignment="left" info_box_inline="yes" css=".vc_custom_1506092980121{margin-right: 20px !important;margin-bottom: 0px !important;border-right-width: 1px !important;padding-right: 20px !important;border-right-color: #eaeaea !important;border-right-style: solid !important;}" link="url:https%3A%2F%2Fwoodmart.xtemos.com%2Ffaqs-two%2F%3Fdemo%3Dwatch|||" img_size="34x34"]
<div style="color: #333333"><strong>Call toll-free
</strong></div>
+73 099 321 312[/woodmart_info_box][woodmart_info_box icon_type="text" btn_position="static" btn_style="link" title_size="small" image_alignment="left" info_box_inline="yes" css=".vc_custom_1506093034264{margin-bottom: 0px !important;}" link="url:https%3A%2F%2Fwoodmart.xtemos.com%2Ffaqs-two%2F%3Fdemo%3Dwatch|||"]
<div style="color: #333333"><strong>Any questions </strong></div>
hand@made.com[/woodmart_info_box][/vc_column][/vc_row]]]></content:encoded>
		<excerpt:encoded><![CDATA[]]></excerpt:encoded>
		<wp:post_id>1009</wp:post_id>
		<wp:post_date>2017-09-22 14:09:15</wp:post_date>
		<wp:post_date_gmt>2017-09-22 14:09:15</wp:post_date_gmt>
		<wp:comment_status>closed</wp:comment_status>
		<wp:ping_status>closed</wp:ping_status>
		<wp:post_name>header-handmade</wp:post_name>
		<wp:status>publish</wp:status>
		<wp:post_parent>0</wp:post_parent>
		<wp:menu_order>0</wp:menu_order>
		<wp:post_type>cms_block</wp:post_type>
		<wp:post_password></wp:post_password>
		<wp:is_sticky>0</wp:is_sticky>
		<wp:postmeta>
			<wp:meta_key>_wpb_shortcodes_custom_css</wp:meta_key>
			<wp:meta_value><![CDATA[.vc_custom_1506092980121{margin-right: 20px !important;margin-bottom: 0px !important;border-right-width: 1px !important;padding-right: 20px !important;border-right-color: #eaeaea !important;border-right-style: solid !important;}.vc_custom_1506093034264{margin-bottom: 0px !important;}]]></wp:meta_value>
		</wp:postmeta>
	</item>
	<item>
		<title>Pre footer - handmade</title>
		<link>http://dummy.xtemos.com/woodmart/demos/?cms_block=pre-footer-handmade</link>
		<pubDate>Wed, 28 Feb 2018 09:04:27 +0000</pubDate>
		<dc:creator><![CDATA[erwin]]></dc:creator>
		<guid isPermaLink="false">http://dummy.xtemos.com/woodmart/demos/?post_type=cms_block&#038;p=1381</guid>
		<description></description>
		<content:encoded><![CDATA[[vc_row full_width="stretch_row" content_placement="middle" css=".vc_custom_1519804091050{margin-bottom: -40px !important;padding-top: 30px !important;padding-bottom: 30px !important;background: #f9f9f9 url(http://dummy.xtemos.com/woodmart/demos/wp-content/uploads/sites/2/2017/06/wood-main-bg.jpg?id=44) !important;background-position: center !important;background-repeat: no-repeat !important;background-size: cover !important;}" el_class="mobile-bg-img-hidden"][vc_column width="1/2" css=".vc_custom_1505995642838{margin-bottom: 0px !important;padding-top: 10px !important;padding-bottom: 10px !important;}"][vc_custom_heading text="<strong>LAOREET IN VITAE AMET</strong>" font_container="tag:p|text_align:left|color:%237ab38b" use_theme_fonts="yes" css=".vc_custom_1505998051536{margin-bottom: 5px !important;}"][woodmart_responsive_text_block size="custom" font_weight="400" align="left" color_scheme="custom" css=".vc_custom_1505998453050{margin-bottom: 0px !important;}" color="#2d2a2a" desktop_text_size="28"]Hey you, sign up and connect to <span class="color-primary">Woodmart!</span>[/woodmart_responsive_text_block][/vc_column][vc_column width="1/2" css=".vc_custom_1505995637634{margin-bottom: 0px !important;padding-top: 10px !important;padding-bottom: 10px !important;}"][vc_column_text css=".vc_custom_1505996137671{margin-top: 20px !important;margin-bottom: 0px !important;}"][mc4wp_form id="74"][/vc_column_text][/vc_column][/vc_row]]]></content:encoded>
		<excerpt:encoded><![CDATA[]]></excerpt:encoded>
		<wp:post_id>1381</wp:post_id>
		<wp:post_date>2018-02-28 09:04:27</wp:post_date>
		<wp:post_date_gmt>2018-02-28 09:04:27</wp:post_date_gmt>
		<wp:comment_status>closed</wp:comment_status>
		<wp:ping_status>closed</wp:ping_status>
		<wp:post_name>pre-footer-handmade</wp:post_name>
		<wp:status>publish</wp:status>
		<wp:post_parent>0</wp:post_parent>
		<wp:menu_order>0</wp:menu_order>
		<wp:post_type>cms_block</wp:post_type>
		<wp:post_password></wp:post_password>
		<wp:is_sticky>0</wp:is_sticky>
		<wp:postmeta>
			<wp:meta_key>_wpb_shortcodes_custom_css</wp:meta_key>
			<wp:meta_value><![CDATA[.vc_custom_1519804091050{margin-bottom: -40px !important;padding-top: 30px !important;padding-bottom: 30px !important;background: #f9f9f9 url(http://dummy.xtemos.com/woodmart/demos/wp-content/uploads/sites/2/2017/06/wood-main-bg.jpg?id=44) !important;background-position: center !important;background-repeat: no-repeat !important;background-size: cover !important;}.vc_custom_1505995642838{margin-bottom: 0px !important;padding-top: 10px !important;padding-bottom: 10px !important;}.vc_custom_1505995637634{margin-bottom: 0px !important;padding-top: 10px !important;padding-bottom: 10px !important;}.vc_custom_1505998051536{margin-bottom: 5px !important;}.vc_custom_1505998453050{margin-bottom: 0px !important;}.vc_custom_1505996137671{margin-top: 20px !important;margin-bottom: 0px !important;}]]></wp:meta_value>
		</wp:postmeta>
	</item>
	<item>
		<title>handmade-technology</title>
		<link>http://dummy.xtemos.com/woodmart/demos/handmade-technology/</link>
		<pubDate>Fri, 22 Sep 2017 14:09:05 +0000</pubDate>
		<dc:creator><![CDATA[erwin]]></dc:creator>
		<guid isPermaLink="false">http://dummy.xtemos.com/woodmart/demos/wp-content/uploads/sites/2/2017/06/handmade-technology.svg</guid>
		<description></description>
		<content:encoded><![CDATA[]]></content:encoded>
		<excerpt:encoded><![CDATA[]]></excerpt:encoded>
		<wp:post_id>1010</wp:post_id>
		<wp:post_date>2017-09-22 14:09:05</wp:post_date>
		<wp:post_date_gmt>2017-09-22 14:09:05</wp:post_date_gmt>
		<wp:comment_status>open</wp:comment_status>
		<wp:ping_status>closed</wp:ping_status>
		<wp:post_name>handmade-technology</wp:post_name>
		<wp:status>inherit</wp:status>
		<wp:post_parent>0</wp:post_parent>
		<wp:menu_order>0</wp:menu_order>
		<wp:post_type>attachment</wp:post_type>
		<wp:post_password></wp:post_password>
		<wp:is_sticky>0</wp:is_sticky>
		<wp:attachment_url>http://dummy.xtemos.com/woodmart/demos/wp-content/uploads/sites/2/2017/06/handmade-technology.svg</wp:attachment_url>
		<wp:postmeta>
			<wp:meta_key>_wp_attached_file</wp:meta_key>
			<wp:meta_value><![CDATA[2017/06/handmade-technology.svg]]></wp:meta_value>
		</wp:postmeta>
	</item>
</channel>
</rss>
