<?xml version="1.0" encoding="UTF-8" ?>
<!-- This is a WordPress eXtended RSS file generated by WordPress as an export of your site. -->
<!-- It contains information about your site's posts, pages, comments, categories, and other content. -->
<!-- You may use this file to transfer that content from one site to another. -->
<!-- This file is not intended to serve as a complete backup of your site. -->

<!-- To import this information into a WordPress site follow these steps: -->
<!-- 1. Log in to that site as an administrator. -->
<!-- 2. Go to Tools: Import in the WordPress admin panel. -->
<!-- 3. Install the "WordPress" importer from the list. -->
<!-- 4. Activate & Run Importer. -->
<!-- 5. Upload this file using the form provided on that page. -->
<!-- 6. You will first be asked to map the authors in this export file to users -->
<!--    on the site. For each author, you may choose to map to an -->
<!--    existing user on the site or to create a new user. -->
<!-- 7. WordPress will then import each of the posts, pages, comments, categories, etc. -->
<!--    contained in this file into your site. -->

	<!-- generator="WordPress/5.4.4" created="2021-03-24 17:07" -->
<rss version="2.0"
	xmlns:excerpt="http://wordpress.org/export/1.2/excerpt/"
	xmlns:content="http://purl.org/rss/1.0/modules/content/"
	xmlns:wfw="http://wellformedweb.org/CommentAPI/"
	xmlns:dc="http://purl.org/dc/elements/1.1/"
	xmlns:wp="http://wordpress.org/export/1.2/"
>

<channel>
	<title>Woodmart dummy demos</title>
	<link>http://dummy.xtemos.com/woodmart-elementor/demos</link>
	<description>Just another Woodmart Dummy Content Sites site</description>
	<pubDate>Wed, 24 Mar 2021 17:07:21 +0000</pubDate>
	<language>en-US</language>
	<wp:wxr_version>1.2</wp:wxr_version>
	<wp:base_site_url>http://dummy.xtemos.com/woodmart-elementor/</wp:base_site_url>
	<wp:base_blog_url>http://dummy.xtemos.com/woodmart-elementor/demos</wp:base_blog_url>

		<wp:author><wp:author_id>4</wp:author_id><wp:author_login>zakhar</wp:author_login><wp:author_email>sdads@asdasd.asd</wp:author_email><wp:author_display_name><![CDATA[zakhar]]></wp:author_display_name><wp:author_first_name><![CDATA[]]></wp:author_first_name><wp:author_last_name><![CDATA[]]></wp:author_last_name></wp:author>

				
	<generator>https://wordpress.org/?v=5.4.4</generator>

		<item>
		<title>
				wood-main-bg		</title>
		<link>http://dummy.xtemos.com/woodmart-elementor/demos/?attachment_id=44</link>
		<pubDate>Wed, 14 Jun 2017 08:07:10 +0000</pubDate>
		<dc:creator><![CDATA[admin]]></dc:creator>
		<guid isPermaLink="false">http://dummy.xtemos.com/woodmart-elementor/demos/wp-content/uploads/sites/2/2017/06/wood-main-bg.jpg</guid>
		<description></description>
		<content:encoded><![CDATA[]]></content:encoded>
		<excerpt:encoded><![CDATA[]]></excerpt:encoded>
		<wp:post_id>44</wp:post_id>
		<wp:post_date>2017-06-14 08:07:10</wp:post_date>
		<wp:post_date_gmt>2017-06-14 08:07:10</wp:post_date_gmt>
		<wp:comment_status>open</wp:comment_status>
		<wp:ping_status>closed</wp:ping_status>
		<wp:post_name>wood-main-bg</wp:post_name>
		<wp:status>inherit</wp:status>
		<wp:post_parent>42</wp:post_parent>
		<wp:menu_order>0</wp:menu_order>
		<wp:post_type>attachment</wp:post_type>
		<wp:post_password></wp:post_password>
		<wp:is_sticky>0</wp:is_sticky>
						<wp:attachment_url>http://dummy.xtemos.com/woodmart-elementor/demos/wp-content/uploads/sites/2/2017/06/wood-main-bg.jpg</wp:attachment_url>
												<wp:postmeta>
			<wp:meta_key>_wp_attached_file</wp:meta_key>
			<wp:meta_value><![CDATA[2017/06/wood-main-bg.jpg]]></wp:meta_value>
		</wp:postmeta>
						</item>
					<item>
		<title>
				wood-gallery-placeholder-5		</title>
		<link>http://dummy.xtemos.com/woodmart-elementor/demos/home-base/wood-gallery-placeholder-5/</link>
		<pubDate>Wed, 14 Jun 2017 11:33:22 +0000</pubDate>
		<dc:creator><![CDATA[admin]]></dc:creator>
		<guid isPermaLink="false">http://dummy.xtemos.com/woodmart-elementor/demos/wp-content/uploads/sites/2/2017/06/wood-gallery-placeholder-5.jpg</guid>
		<description></description>
		<content:encoded><![CDATA[]]></content:encoded>
		<excerpt:encoded><![CDATA[]]></excerpt:encoded>
		<wp:post_id>77</wp:post_id>
		<wp:post_date>2017-06-14 11:33:22</wp:post_date>
		<wp:post_date_gmt>2017-06-14 11:33:22</wp:post_date_gmt>
		<wp:comment_status>open</wp:comment_status>
		<wp:ping_status>closed</wp:ping_status>
		<wp:post_name>wood-gallery-placeholder-5</wp:post_name>
		<wp:status>inherit</wp:status>
		<wp:post_parent>57</wp:post_parent>
		<wp:menu_order>0</wp:menu_order>
		<wp:post_type>attachment</wp:post_type>
		<wp:post_password></wp:post_password>
		<wp:is_sticky>0</wp:is_sticky>
						<wp:attachment_url>http://dummy.xtemos.com/woodmart-elementor/demos/wp-content/uploads/sites/2/2017/06/wood-gallery-placeholder-5.jpg</wp:attachment_url>
												<wp:postmeta>
			<wp:meta_key>_wp_attached_file</wp:meta_key>
			<wp:meta_value><![CDATA[2017/06/wood-gallery-placeholder-5.jpg]]></wp:meta_value>
		</wp:postmeta>
						</item>
					<item>
		<title>
				glass-shopping-bag		</title>
		<link>http://dummy.xtemos.com/woodmart-elementor/demos/glass-shopping-bag/</link>
		<pubDate>Fri, 22 Jun 2018 10:03:44 +0000</pubDate>
		<dc:creator><![CDATA[erwin]]></dc:creator>
		<guid isPermaLink="false">http://dummy.xtemos.com/woodmart-elementor/demos/wp-content/uploads/sites/2/2018/06/glass-shopping-bag.svg</guid>
		<description></description>
		<content:encoded><![CDATA[]]></content:encoded>
		<excerpt:encoded><![CDATA[]]></excerpt:encoded>
		<wp:post_id>1600</wp:post_id>
		<wp:post_date>2018-06-22 10:03:44</wp:post_date>
		<wp:post_date_gmt>2018-06-22 10:03:44</wp:post_date_gmt>
		<wp:comment_status>open</wp:comment_status>
		<wp:ping_status>closed</wp:ping_status>
		<wp:post_name>glass-shopping-bag</wp:post_name>
		<wp:status>inherit</wp:status>
		<wp:post_parent>0</wp:post_parent>
		<wp:menu_order>0</wp:menu_order>
		<wp:post_type>attachment</wp:post_type>
		<wp:post_password></wp:post_password>
		<wp:is_sticky>0</wp:is_sticky>
						<wp:attachment_url>http://dummy.xtemos.com/woodmart-elementor/demos/wp-content/uploads/sites/2/2018/06/glass-shopping-bag.svg</wp:attachment_url>
												<wp:postmeta>
			<wp:meta_key>_wp_attached_file</wp:meta_key>
			<wp:meta_value><![CDATA[2018/06/glass-shopping-bag.svg]]></wp:meta_value>
		</wp:postmeta>
						</item>
					<item>
		<title>
				glasses-search		</title>
		<link>http://dummy.xtemos.com/woodmart-elementor/demos/glasses-search/</link>
		<pubDate>Fri, 22 Jun 2018 10:03:45 +0000</pubDate>
		<dc:creator><![CDATA[erwin]]></dc:creator>
		<guid isPermaLink="false">http://dummy.xtemos.com/woodmart-elementor/demos/wp-content/uploads/sites/2/2018/06/glasses-search.svg</guid>
		<description></description>
		<content:encoded><![CDATA[]]></content:encoded>
		<excerpt:encoded><![CDATA[]]></excerpt:encoded>
		<wp:post_id>1601</wp:post_id>
		<wp:post_date>2018-06-22 10:03:45</wp:post_date>
		<wp:post_date_gmt>2018-06-22 10:03:45</wp:post_date_gmt>
		<wp:comment_status>open</wp:comment_status>
		<wp:ping_status>closed</wp:ping_status>
		<wp:post_name>glasses-search</wp:post_name>
		<wp:status>inherit</wp:status>
		<wp:post_parent>0</wp:post_parent>
		<wp:menu_order>0</wp:menu_order>
		<wp:post_type>attachment</wp:post_type>
		<wp:post_password></wp:post_password>
		<wp:is_sticky>0</wp:is_sticky>
						<wp:attachment_url>http://dummy.xtemos.com/woodmart-elementor/demos/wp-content/uploads/sites/2/2018/06/glasses-search.svg</wp:attachment_url>
												<wp:postmeta>
			<wp:meta_key>_wp_attached_file</wp:meta_key>
			<wp:meta_value><![CDATA[2018/06/glasses-search.svg]]></wp:meta_value>
		</wp:postmeta>
						</item>
					<item>
		<title>
				glasses-wish-list		</title>
		<link>http://dummy.xtemos.com/woodmart-elementor/demos/glasses-wish-list/</link>
		<pubDate>Fri, 22 Jun 2018 10:03:46 +0000</pubDate>
		<dc:creator><![CDATA[erwin]]></dc:creator>
		<guid isPermaLink="false">http://dummy.xtemos.com/woodmart-elementor/demos/wp-content/uploads/sites/2/2018/06/glasses-wish-list.svg</guid>
		<description></description>
		<content:encoded><![CDATA[]]></content:encoded>
		<excerpt:encoded><![CDATA[]]></excerpt:encoded>
		<wp:post_id>1602</wp:post_id>
		<wp:post_date>2018-06-22 10:03:46</wp:post_date>
		<wp:post_date_gmt>2018-06-22 10:03:46</wp:post_date_gmt>
		<wp:comment_status>open</wp:comment_status>
		<wp:ping_status>closed</wp:ping_status>
		<wp:post_name>glasses-wish-list</wp:post_name>
		<wp:status>inherit</wp:status>
		<wp:post_parent>0</wp:post_parent>
		<wp:menu_order>0</wp:menu_order>
		<wp:post_type>attachment</wp:post_type>
		<wp:post_password></wp:post_password>
		<wp:is_sticky>0</wp:is_sticky>
						<wp:attachment_url>http://dummy.xtemos.com/woodmart-elementor/demos/wp-content/uploads/sites/2/2018/06/glasses-wish-list.svg</wp:attachment_url>
												<wp:postmeta>
			<wp:meta_key>_wp_attached_file</wp:meta_key>
			<wp:meta_value><![CDATA[2018/06/glasses-wish-list.svg]]></wp:meta_value>
		</wp:postmeta>
						</item>
					<item>
		<title>
				glass-menu		</title>
		<link>http://dummy.xtemos.com/woodmart-elementor/demos/glass-menu/</link>
		<pubDate>Fri, 22 Jun 2018 10:03:47 +0000</pubDate>
		<dc:creator><![CDATA[erwin]]></dc:creator>
		<guid isPermaLink="false">http://dummy.xtemos.com/woodmart-elementor/demos/wp-content/uploads/sites/2/2018/06/glass-menu.svg</guid>
		<description></description>
		<content:encoded><![CDATA[]]></content:encoded>
		<excerpt:encoded><![CDATA[]]></excerpt:encoded>
		<wp:post_id>1603</wp:post_id>
		<wp:post_date>2018-06-22 10:03:47</wp:post_date>
		<wp:post_date_gmt>2018-06-22 10:03:47</wp:post_date_gmt>
		<wp:comment_status>open</wp:comment_status>
		<wp:ping_status>closed</wp:ping_status>
		<wp:post_name>glass-menu</wp:post_name>
		<wp:status>inherit</wp:status>
		<wp:post_parent>0</wp:post_parent>
		<wp:menu_order>0</wp:menu_order>
		<wp:post_type>attachment</wp:post_type>
		<wp:post_password></wp:post_password>
		<wp:is_sticky>0</wp:is_sticky>
						<wp:attachment_url>http://dummy.xtemos.com/woodmart-elementor/demos/wp-content/uploads/sites/2/2018/06/glass-menu.svg</wp:attachment_url>
												<wp:postmeta>
			<wp:meta_key>_wp_attached_file</wp:meta_key>
			<wp:meta_value><![CDATA[2018/06/glass-menu.svg]]></wp:meta_value>
		</wp:postmeta>
						</item>
					<item>
		<title>
				hkgroteskpro-semibold		</title>
		<link>http://dummy.xtemos.com/woodmart-elementor/demos/hkgroteskpro-semibold/</link>
		<pubDate>Fri, 22 Jun 2018 10:10:59 +0000</pubDate>
		<dc:creator><![CDATA[erwin]]></dc:creator>
		<guid isPermaLink="false">http://dummy.xtemos.com/woodmart-elementor/demos/wp-content/uploads/sites/2/2018/06/hkgroteskpro-semibold.svg</guid>
		<description></description>
		<content:encoded><![CDATA[]]></content:encoded>
		<excerpt:encoded><![CDATA[]]></excerpt:encoded>
		<wp:post_id>1606</wp:post_id>
		<wp:post_date>2018-06-22 10:10:59</wp:post_date>
		<wp:post_date_gmt>2018-06-22 10:10:59</wp:post_date_gmt>
		<wp:comment_status>open</wp:comment_status>
		<wp:ping_status>closed</wp:ping_status>
		<wp:post_name>hkgroteskpro-semibold</wp:post_name>
		<wp:status>inherit</wp:status>
		<wp:post_parent>0</wp:post_parent>
		<wp:menu_order>0</wp:menu_order>
		<wp:post_type>attachment</wp:post_type>
		<wp:post_password></wp:post_password>
		<wp:is_sticky>0</wp:is_sticky>
						<wp:attachment_url>http://dummy.xtemos.com/woodmart-elementor/demos/wp-content/uploads/sites/2/2018/06/hkgroteskpro-semibold.svg</wp:attachment_url>
												<wp:postmeta>
			<wp:meta_key>_wp_attached_file</wp:meta_key>
			<wp:meta_value><![CDATA[2018/06/hkgroteskpro-semibold.svg]]></wp:meta_value>
		</wp:postmeta>
						</item>
					<item>
		<title>
				hkgroteskpro-medium		</title>
		<link>http://dummy.xtemos.com/woodmart-elementor/demos/hkgroteskpro-medium-4/</link>
		<pubDate>Fri, 22 Jun 2018 12:35:09 +0000</pubDate>
		<dc:creator><![CDATA[erwin]]></dc:creator>
		<guid isPermaLink="false">http://dummy.xtemos.com/woodmart-elementor/demos/wp-content/uploads/sites/2/2018/06/hkgroteskpro-medium.woff</guid>
		<description></description>
		<content:encoded><![CDATA[]]></content:encoded>
		<excerpt:encoded><![CDATA[]]></excerpt:encoded>
		<wp:post_id>1619</wp:post_id>
		<wp:post_date>2018-06-22 12:35:09</wp:post_date>
		<wp:post_date_gmt>2018-06-22 12:35:09</wp:post_date_gmt>
		<wp:comment_status>open</wp:comment_status>
		<wp:ping_status>closed</wp:ping_status>
		<wp:post_name>hkgroteskpro-medium-4</wp:post_name>
		<wp:status>inherit</wp:status>
		<wp:post_parent>0</wp:post_parent>
		<wp:menu_order>0</wp:menu_order>
		<wp:post_type>attachment</wp:post_type>
		<wp:post_password></wp:post_password>
		<wp:is_sticky>0</wp:is_sticky>
						<wp:attachment_url>http://dummy.xtemos.com/woodmart-elementor/demos/wp-content/uploads/sites/2/2018/06/hkgroteskpro-medium.woff</wp:attachment_url>
												<wp:postmeta>
			<wp:meta_key>_wp_attached_file</wp:meta_key>
			<wp:meta_value><![CDATA[2018/06/hkgroteskpro-medium.woff]]></wp:meta_value>
		</wp:postmeta>
						</item>
					<item>
		<title>
				hkgroteskpro-medium		</title>
		<link>http://dummy.xtemos.com/woodmart-elementor/demos/hkgroteskpro-medium-5/</link>
		<pubDate>Fri, 22 Jun 2018 12:35:10 +0000</pubDate>
		<dc:creator><![CDATA[erwin]]></dc:creator>
		<guid isPermaLink="false">http://dummy.xtemos.com/woodmart-elementor/demos/wp-content/uploads/sites/2/2018/06/hkgroteskpro-medium.woff2</guid>
		<description></description>
		<content:encoded><![CDATA[]]></content:encoded>
		<excerpt:encoded><![CDATA[]]></excerpt:encoded>
		<wp:post_id>1620</wp:post_id>
		<wp:post_date>2018-06-22 12:35:10</wp:post_date>
		<wp:post_date_gmt>2018-06-22 12:35:10</wp:post_date_gmt>
		<wp:comment_status>open</wp:comment_status>
		<wp:ping_status>closed</wp:ping_status>
		<wp:post_name>hkgroteskpro-medium-5</wp:post_name>
		<wp:status>inherit</wp:status>
		<wp:post_parent>0</wp:post_parent>
		<wp:menu_order>0</wp:menu_order>
		<wp:post_type>attachment</wp:post_type>
		<wp:post_password></wp:post_password>
		<wp:is_sticky>0</wp:is_sticky>
						<wp:attachment_url>http://dummy.xtemos.com/woodmart-elementor/demos/wp-content/uploads/sites/2/2018/06/hkgroteskpro-medium.woff2</wp:attachment_url>
												<wp:postmeta>
			<wp:meta_key>_wp_attached_file</wp:meta_key>
			<wp:meta_value><![CDATA[2018/06/hkgroteskpro-medium.woff2]]></wp:meta_value>
		</wp:postmeta>
						</item>
					<item>
		<title>
				hkgroteskpro-regular		</title>
		<link>http://dummy.xtemos.com/woodmart-elementor/demos/hkgroteskpro-regular-4/</link>
		<pubDate>Fri, 22 Jun 2018 12:35:20 +0000</pubDate>
		<dc:creator><![CDATA[erwin]]></dc:creator>
		<guid isPermaLink="false">http://dummy.xtemos.com/woodmart-elementor/demos/wp-content/uploads/sites/2/2018/06/hkgroteskpro-regular.woff</guid>
		<description></description>
		<content:encoded><![CDATA[]]></content:encoded>
		<excerpt:encoded><![CDATA[]]></excerpt:encoded>
		<wp:post_id>1621</wp:post_id>
		<wp:post_date>2018-06-22 12:35:20</wp:post_date>
		<wp:post_date_gmt>2018-06-22 12:35:20</wp:post_date_gmt>
		<wp:comment_status>open</wp:comment_status>
		<wp:ping_status>closed</wp:ping_status>
		<wp:post_name>hkgroteskpro-regular-4</wp:post_name>
		<wp:status>inherit</wp:status>
		<wp:post_parent>0</wp:post_parent>
		<wp:menu_order>0</wp:menu_order>
		<wp:post_type>attachment</wp:post_type>
		<wp:post_password></wp:post_password>
		<wp:is_sticky>0</wp:is_sticky>
						<wp:attachment_url>http://dummy.xtemos.com/woodmart-elementor/demos/wp-content/uploads/sites/2/2018/06/hkgroteskpro-regular.woff</wp:attachment_url>
												<wp:postmeta>
			<wp:meta_key>_wp_attached_file</wp:meta_key>
			<wp:meta_value><![CDATA[2018/06/hkgroteskpro-regular.woff]]></wp:meta_value>
		</wp:postmeta>
						</item>
					<item>
		<title>
				hkgroteskpro-regular		</title>
		<link>http://dummy.xtemos.com/woodmart-elementor/demos/hkgroteskpro-regular-5/</link>
		<pubDate>Fri, 22 Jun 2018 12:35:21 +0000</pubDate>
		<dc:creator><![CDATA[erwin]]></dc:creator>
		<guid isPermaLink="false">http://dummy.xtemos.com/woodmart-elementor/demos/wp-content/uploads/sites/2/2018/06/hkgroteskpro-regular.woff2</guid>
		<description></description>
		<content:encoded><![CDATA[]]></content:encoded>
		<excerpt:encoded><![CDATA[]]></excerpt:encoded>
		<wp:post_id>1622</wp:post_id>
		<wp:post_date>2018-06-22 12:35:21</wp:post_date>
		<wp:post_date_gmt>2018-06-22 12:35:21</wp:post_date_gmt>
		<wp:comment_status>open</wp:comment_status>
		<wp:ping_status>closed</wp:ping_status>
		<wp:post_name>hkgroteskpro-regular-5</wp:post_name>
		<wp:status>inherit</wp:status>
		<wp:post_parent>0</wp:post_parent>
		<wp:menu_order>0</wp:menu_order>
		<wp:post_type>attachment</wp:post_type>
		<wp:post_password></wp:post_password>
		<wp:is_sticky>0</wp:is_sticky>
						<wp:attachment_url>http://dummy.xtemos.com/woodmart-elementor/demos/wp-content/uploads/sites/2/2018/06/hkgroteskpro-regular.woff2</wp:attachment_url>
												<wp:postmeta>
			<wp:meta_key>_wp_attached_file</wp:meta_key>
			<wp:meta_value><![CDATA[2018/06/hkgroteskpro-regular.woff2]]></wp:meta_value>
		</wp:postmeta>
						</item>
					<item>
		<title>
				hkgroteskpro-semibold		</title>
		<link>http://dummy.xtemos.com/woodmart-elementor/demos/hkgroteskpro-semibold-2/</link>
		<pubDate>Fri, 22 Jun 2018 12:35:32 +0000</pubDate>
		<dc:creator><![CDATA[erwin]]></dc:creator>
		<guid isPermaLink="false">http://dummy.xtemos.com/woodmart-elementor/demos/wp-content/uploads/sites/2/2018/06/hkgroteskpro-semibold.woff</guid>
		<description></description>
		<content:encoded><![CDATA[]]></content:encoded>
		<excerpt:encoded><![CDATA[]]></excerpt:encoded>
		<wp:post_id>1623</wp:post_id>
		<wp:post_date>2018-06-22 12:35:32</wp:post_date>
		<wp:post_date_gmt>2018-06-22 12:35:32</wp:post_date_gmt>
		<wp:comment_status>open</wp:comment_status>
		<wp:ping_status>closed</wp:ping_status>
		<wp:post_name>hkgroteskpro-semibold-2</wp:post_name>
		<wp:status>inherit</wp:status>
		<wp:post_parent>0</wp:post_parent>
		<wp:menu_order>0</wp:menu_order>
		<wp:post_type>attachment</wp:post_type>
		<wp:post_password></wp:post_password>
		<wp:is_sticky>0</wp:is_sticky>
						<wp:attachment_url>http://dummy.xtemos.com/woodmart-elementor/demos/wp-content/uploads/sites/2/2018/06/hkgroteskpro-semibold.woff</wp:attachment_url>
												<wp:postmeta>
			<wp:meta_key>_wp_attached_file</wp:meta_key>
			<wp:meta_value><![CDATA[2018/06/hkgroteskpro-semibold.woff]]></wp:meta_value>
		</wp:postmeta>
						</item>
					<item>
		<title>
				hkgroteskpro-semibold		</title>
		<link>http://dummy.xtemos.com/woodmart-elementor/demos/hkgroteskpro-semibold-3/</link>
		<pubDate>Fri, 22 Jun 2018 12:35:34 +0000</pubDate>
		<dc:creator><![CDATA[erwin]]></dc:creator>
		<guid isPermaLink="false">http://dummy.xtemos.com/woodmart-elementor/demos/wp-content/uploads/sites/2/2018/06/hkgroteskpro-semibold.woff2</guid>
		<description></description>
		<content:encoded><![CDATA[]]></content:encoded>
		<excerpt:encoded><![CDATA[]]></excerpt:encoded>
		<wp:post_id>1624</wp:post_id>
		<wp:post_date>2018-06-22 12:35:34</wp:post_date>
		<wp:post_date_gmt>2018-06-22 12:35:34</wp:post_date_gmt>
		<wp:comment_status>open</wp:comment_status>
		<wp:ping_status>closed</wp:ping_status>
		<wp:post_name>hkgroteskpro-semibold-3</wp:post_name>
		<wp:status>inherit</wp:status>
		<wp:post_parent>0</wp:post_parent>
		<wp:menu_order>0</wp:menu_order>
		<wp:post_type>attachment</wp:post_type>
		<wp:post_password></wp:post_password>
		<wp:is_sticky>0</wp:is_sticky>
						<wp:attachment_url>http://dummy.xtemos.com/woodmart-elementor/demos/wp-content/uploads/sites/2/2018/06/hkgroteskpro-semibold.woff2</wp:attachment_url>
												<wp:postmeta>
			<wp:meta_key>_wp_attached_file</wp:meta_key>
			<wp:meta_value><![CDATA[2018/06/hkgroteskpro-semibold.woff2]]></wp:meta_value>
		</wp:postmeta>
						</item>
					<item>
		<title>
				Home Fashion-minimalism		</title>
		<link>http://dummy.xtemos.com/woodmart-elementor/demos/home-fashion-minimalism/</link>
		<pubDate>Mon, 13 Jan 2020 12:02:51 +0000</pubDate>
		<dc:creator><![CDATA[zakhar]]></dc:creator>
		<guid isPermaLink="false">http://dummy.xtemos.com/woodmart-elementor/demos/?page_id=2611</guid>
		<description></description>
		<content:encoded><![CDATA[
		
							
						
													
				
					22				
					Jun				
				
							Furniture
							
					Minimalist Japanese-]]></content:encoded>
		<excerpt:encoded><![CDATA[]]></excerpt:encoded>
		<wp:post_id>2611</wp:post_id>
		<wp:post_date>2020-01-13 12:02:51</wp:post_date>
		<wp:post_date_gmt>2020-01-13 12:02:51</wp:post_date_gmt>
		<wp:comment_status>closed</wp:comment_status>
		<wp:ping_status>closed</wp:ping_status>
		<wp:post_name>home-fashion-minimalism</wp:post_name>
		<wp:status>publish</wp:status>
		<wp:post_parent>0</wp:post_parent>
		<wp:menu_order>0</wp:menu_order>
		<wp:post_type>page</wp:post_type>
		<wp:post_password></wp:post_password>
		<wp:is_sticky>0</wp:is_sticky>
														<wp:postmeta>
			<wp:meta_key>_wp_page_template</wp:meta_key>
			<wp:meta_value><![CDATA[default]]></wp:meta_value>
		</wp:postmeta>
							<wp:postmeta>
			<wp:meta_key>_woodmart_whb_header</wp:meta_key>
			<wp:meta_value><![CDATA[none]]></wp:meta_value>
		</wp:postmeta>
							<wp:postmeta>
			<wp:meta_key>_woodmart_main_layout</wp:meta_key>
			<wp:meta_value><![CDATA[full-width]]></wp:meta_value>
		</wp:postmeta>
							<wp:postmeta>
			<wp:meta_key>_oembed_71ae0db7f6e61ffd19b757ea6a0c207c</wp:meta_key>
			<wp:meta_value><![CDATA[{{unknown}}]]></wp:meta_value>
		</wp:postmeta>
							<wp:postmeta>
			<wp:meta_key>_woodmart_title_off</wp:meta_key>
			<wp:meta_value><![CDATA[on]]></wp:meta_value>
		</wp:postmeta>
							<wp:postmeta>
			<wp:meta_key>_woodmart_title_image</wp:meta_key>
			<wp:meta_value><![CDATA[]]></wp:meta_value>
		</wp:postmeta>
							<wp:postmeta>
			<wp:meta_key>_woodmart_title_bg_color</wp:meta_key>
			<wp:meta_value><![CDATA[]]></wp:meta_value>
		</wp:postmeta>
							<wp:postmeta>
			<wp:meta_key>_woodmart_page-title-size</wp:meta_key>
			<wp:meta_value><![CDATA[inherit]]></wp:meta_value>
		</wp:postmeta>
							<wp:postmeta>
			<wp:meta_key>_woodmart_product_design</wp:meta_key>
			<wp:meta_value><![CDATA[]]></wp:meta_value>
		</wp:postmeta>
							<wp:postmeta>
			<wp:meta_key>_woodmart_single_product_style</wp:meta_key>
			<wp:meta_value><![CDATA[]]></wp:meta_value>
		</wp:postmeta>
							<wp:postmeta>
			<wp:meta_key>_woodmart_thums_position</wp:meta_key>
			<wp:meta_value><![CDATA[]]></wp:meta_value>
		</wp:postmeta>
							<wp:postmeta>
			<wp:meta_key>_woodmart_product-background</wp:meta_key>
			<wp:meta_value><![CDATA[]]></wp:meta_value>
		</wp:postmeta>
							<wp:postmeta>
			<wp:meta_key>_woodmart_extra_content</wp:meta_key>
			<wp:meta_value><![CDATA[]]></wp:meta_value>
		</wp:postmeta>
							<wp:postmeta>
			<wp:meta_key>_woodmart_extra_position</wp:meta_key>
			<wp:meta_value><![CDATA[]]></wp:meta_value>
		</wp:postmeta>
							<wp:postmeta>
			<wp:meta_key>bg_color</wp:meta_key>
			<wp:meta_value><![CDATA[]]></wp:meta_value>
		</wp:postmeta>
							<wp:postmeta>
			<wp:meta_key>bg_image_tablet</wp:meta_key>
			<wp:meta_value><![CDATA[]]></wp:meta_value>
		</wp:postmeta>
							<wp:postmeta>
			<wp:meta_key>bg_image_mobile</wp:meta_key>
			<wp:meta_value><![CDATA[]]></wp:meta_value>
		</wp:postmeta>
							<wp:postmeta>
			<wp:meta_key>vertical_align</wp:meta_key>
			<wp:meta_value><![CDATA[]]></wp:meta_value>
		</wp:postmeta>
							<wp:postmeta>
			<wp:meta_key>horizontal_align</wp:meta_key>
			<wp:meta_value><![CDATA[]]></wp:meta_value>
		</wp:postmeta>
							<wp:postmeta>
			<wp:meta_key>_woodmart_prefooter_off</wp:meta_key>
			<wp:meta_value><![CDATA[on]]></wp:meta_value>
		</wp:postmeta>
							<wp:postmeta>
			<wp:meta_key>_oembed_41d231915f438cef3feeac5961f9d645</wp:meta_key>
			<wp:meta_value><![CDATA[<iframe title="CUBE Actionteam - Enduro World Series 2018 Round 4 - Petzen - Jamnica, Austria/Slovenia" width="500" height="281" src="https://www.youtube.com/embed/qBYvCKemaE8?feature=oembed" frameborder="0" allow="accelerometer; autoplay; encrypted-media; gyroscope; picture-in-picture" allowfullscreen></iframe>]]></wp:meta_value>
		</wp:postmeta>
							<wp:postmeta>
			<wp:meta_key>_oembed_time_41d231915f438cef3feeac5961f9d645</wp:meta_key>
			<wp:meta_value><![CDATA[1578938452]]></wp:meta_value>
		</wp:postmeta>
							<wp:postmeta>
			<wp:meta_key>_oembed_dadf0c92fc93482be9655d01b4a9b56a</wp:meta_key>
			<wp:meta_value><![CDATA[{{unknown}}]]></wp:meta_value>
		</wp:postmeta>
							<wp:postmeta>
			<wp:meta_key>_oembed_dacd8901830de23f7564e3e16adc7c1e</wp:meta_key>
			<wp:meta_value><![CDATA[<iframe title="Placeholder Video" width="500" height="281" src="https://www.youtube.com/embed/ScMzIvxBSi4?feature=oembed" frameborder="0" allow="accelerometer; autoplay; encrypted-media; gyroscope; picture-in-picture" allowfullscreen></iframe>]]></wp:meta_value>
		</wp:postmeta>
							<wp:postmeta>
			<wp:meta_key>_oembed_time_dacd8901830de23f7564e3e16adc7c1e</wp:meta_key>
			<wp:meta_value><![CDATA[1579091966]]></wp:meta_value>
		</wp:postmeta>
							<wp:postmeta>
			<wp:meta_key>_elementor_data</wp:meta_key>
			<wp:meta_value><![CDATA[[{"id":"3246534","elType":"section","settings":{"wd_section_stretch":"stretch_row_content","mobile_bg_img_hidden":"no","tablet_bg_img_hidden":"no","woodmart_parallax":"0","woodmart_gradient_switch":"no","row_reverse_mobile":"0","row_reverse_tablet":"0","woodmart_disable_overflow":"0","gap":"no","margin":{"unit":"px","top":"-40","right":"0","bottom":"0","left":"0","isLinked":""}},"elements":[{"id":"2932935","elType":"column","settings":{"_column_size":"100","mobile_bg_img_hidden":"no","tablet_bg_img_hidden":"no","woodmart_parallax":"0","parallax_scroll":"no","mobile_reset_margin":"no","tablet_reset_margin":"no","column_sticky_offset":"50","scroll_y":"-80"},"elements":[{"id":"b5091e4","elType":"widget","settings":{"revslidertitle":"Fashion Minimalism","shortcode":"[rev_slider alias=\"fashion-minimalism\"][\/rev_slider]","scroll_y":"-80"},"elements":[],"widgetType":"slider_revolution"}],"isInner":""}],"isInner":""},{"id":"7986341","elType":"section","settings":{"wd_section_stretch":"stretch-content","mobile_bg_img_hidden":"no","tablet_bg_img_hidden":"no","woodmart_parallax":"0","woodmart_gradient_switch":"no","row_reverse_mobile":"0","row_reverse_tablet":"0","woodmart_disable_overflow":"0","structure":"30","margin":{"unit":"px","top":"0","right":"0","bottom":"80","left":"0","isLinked":""},"margin_tablet":{"unit":"px","top":"0","right":"0","bottom":"60","left":"0","isLinked":""},"margin_mobile":{"unit":"px","top":"0","right":"0","bottom":"40","left":"0","isLinked":""}},"elements":[{"id":"2194052","elType":"column","settings":{"_column_size":"33","mobile_bg_img_hidden":"no","tablet_bg_img_hidden":"no","woodmart_parallax":"0","parallax_scroll":"no","mobile_reset_margin":"no","tablet_reset_margin":"no","_inline_size_tablet":"50","_inline_size_mobile":"100","margin":{"unit":"px","top":"100","right":"0","bottom":"0","left":"0","isLinked":""},"margin_tablet":{"unit":"px","top":"60","right":"0","bottom":"0","left":"0","isLinked":""},"margin_mobile":{"unit":"px","top":"40","right":"0","bottom":"0","left":"0","isLinked":""},"padding":{"unit":"%","top":"0","right":"10","bottom":"0","left":"10","isLinked":""},"column_sticky_offset":"50","scroll_y":"-80"},"elements":[{"id":"8424820","elType":"widget","settings":{"align":"left","image_size":"custom","image":{"id":"77","url":"#"},"image_custom_dimension":{"width":"480","height":"520"},"onclick":"custom_link","parallax_scroll":"no","_margin":{"unit":"px","top":"0","right":"0","bottom":"-90","left":"50","isLinked":""},"scroll_y":"-80"},"elements":[],"widgetType":"image"},{"id":"2488816","elType":"widget","settings":{"icon_type":"icon","alignment":"left","btn_text":"View more","image_size":"custom","subtitle":"","title":"Discount Sweaters","image":{"id":"10102","url":"http:\/\/dummy.xtemos.com\/woodmart-elementor\/demos\/wp-content\/uploads\/sites\/2\/2021\/03\/rectangle-black.svg"},"title_typography_typography":"custom","title_typography_font_weight":"300","btn_color":"primary","btn_style":"link","woodmart_css_id":"5e1cad4504486","title_typography_font_size":{"size":"34","unit":"px"},"title_typography_font_size_mobile":{"size":"28","unit":"px"},"info_box_inline":"no","image_custom_dimension":{"width":"30","height":"9"},"woodmart_empty_space":"","content":"Anyway, you still use Lorem Ipsum and rightly so, as it will always have a place in the web workers.","icon_text":"53","_padding":{"unit":"%","top":"0","right":"20","bottom":"0","left":"0","isLinked":""},"scroll_y":"-80"},"elements":[],"widgetType":"wd_infobox"}],"isInner":""},{"id":"883319","elType":"column","settings":{"_column_size":"33","mobile_bg_img_hidden":"no","tablet_bg_img_hidden":"no","woodmart_parallax":"0","parallax_scroll":"no","mobile_reset_margin":"no","tablet_reset_margin":"no","_inline_size_tablet":"50","_inline_size_mobile":"100","margin":{"unit":"px","top":"200","right":"0","bottom":"0","left":"0","isLinked":""},"margin_tablet":{"unit":"px","top":"100","right":"0","bottom":"0","left":"0","isLinked":""},"margin_mobile":{"unit":"px","top":"40","right":"0","bottom":"0","left":"0","isLinked":""},"padding":{"unit":"%","top":"0","right":"10","bottom":"0","left":"10","isLinked":""},"column_sticky_offset":"50","scroll_y":"-80"},"elements":[{"id":"486183","elType":"widget","settings":{"align":"left","image_size":"custom","image":{"id":"77","url":"#"},"image_custom_dimension":{"width":"410","height":"520"},"onclick":"custom_link","parallax_scroll":"no","_margin":{"unit":"px","top":"0","right":"0","bottom":"-90","left":"50","isLinked":""},"scroll_y":"-80"},"elements":[],"widgetType":"image"},{"id":"8856095","elType":"widget","settings":{"icon_type":"icon","alignment":"left","btn_text":"View more","image_size":"custom","subtitle":"","title":"Jewelry","image":{"id":"10102","url":"http:\/\/dummy.xtemos.com\/woodmart-elementor\/demos\/wp-content\/uploads\/sites\/2\/2021\/03\/rectangle-black.svg"},"title_typography_typography":"custom","title_typography_font_weight":"300","btn_color":"primary","btn_style":"link","woodmart_css_id":"5e1cabd12248b","title_typography_font_size":{"size":"34","unit":"px"},"title_typography_font_size_mobile":{"size":"28","unit":"px"},"info_box_inline":"no","image_custom_dimension":{"width":"30","height":"9"},"content":"Have a place in the web workers toolbox, as things happen, not always the way you like it always.","icon_text":"53","_padding":{"unit":"%","top":"0","right":"20","bottom":"0","left":"0","isLinked":""},"scroll_y":"-80"},"elements":[],"widgetType":"wd_infobox"}],"isInner":""},{"id":"9058510","elType":"column","settings":{"_column_size":"33","mobile_bg_img_hidden":"no","tablet_bg_img_hidden":"no","woodmart_parallax":"0","parallax_scroll":"no","mobile_reset_margin":"no","tablet_reset_margin":"no","_inline_size_tablet":"100","_inline_size_mobile":"100","hide_tablet":"hidden-tablet","margin_mobile":{"unit":"px","top":"40","right":"0","bottom":"0","left":"0","isLinked":""},"padding":{"unit":"%","top":"0","right":"10","bottom":"0","left":"10","isLinked":""},"column_sticky_offset":"50","scroll_y":"-80"},"elements":[{"id":"2036287","elType":"widget","settings":{"align":"left","image_size":"custom","image":{"id":"77","url":"#"},"image_custom_dimension":{"width":"480","height":"520"},"onclick":"custom_link","parallax_scroll":"no","_margin":{"unit":"px","top":"0","right":"0","bottom":"-90","left":"50","isLinked":""},"scroll_y":"-80"},"elements":[],"widgetType":"image"},{"id":"540165","elType":"widget","settings":{"icon_type":"icon","alignment":"left","btn_text":"View more","image_size":"custom","subtitle":"","title":"Our Accessories","image":{"id":"10102","url":"http:\/\/dummy.xtemos.com\/woodmart-elementor\/demos\/wp-content\/uploads\/sites\/2\/2021\/03\/rectangle-black.svg"},"title_typography_typography":"custom","title_typography_font_weight":"300","btn_color":"primary","btn_style":"link","woodmart_css_id":"5e1cabdd977ab","title_typography_font_size":{"size":"34","unit":"px"},"title_typography_font_size_mobile":{"size":"28","unit":"px"},"info_box_inline":"no","image_custom_dimension":{"width":"30","height":"9"},"content":"Even if your less into design and more into content strategy you may find some redeeming value.","icon_text":"53","_padding":{"unit":"%","top":"0","right":"20","bottom":"0","left":"0","isLinked":""},"scroll_y":"-80"},"elements":[],"widgetType":"wd_infobox"}],"isInner":""}],"isInner":""},{"id":"d519089","elType":"section","settings":{"margin":{"unit":"px","top":"0","right":"0","bottom":"80","left":"0","isLinked":""},"margin_tablet":{"unit":"px","top":"0","right":"0","bottom":"60","left":"0","isLinked":""},"margin_mobile":{"unit":"px","top":"0","right":"0","bottom":"40","left":"0","isLinked":""}},"elements":[{"id":"d6de5b7","elType":"column","settings":{"_column_size":"100","column_sticky_offset":"50","scroll_y":"-80"},"elements":[{"id":"6cf8bbf","elType":"section","settings":{"margin":{"unit":"px","top":"0","right":"0","bottom":"20","left":"0","isLinked":""}},"elements":[{"id":"fcec9a2","elType":"column","settings":{"_column_size":"100","content_position":"bottom","align":"space-between","column_sticky_offset":"50","scroll_y":"-80"},"elements":[{"id":"2564032","elType":"widget","settings":{"subtitle":"","after_title":"","image_size":"custom","title_typography_typography":"custom","title_typography_font_weight":"300","align":"left","woodmart_css_id":"5e1c22bb65c8d","title":"Best Sellers","title_typography_font_size":{"size":"34","unit":"px"},"title_typography_font_size_mobile":{"size":"28","unit":"px"},"width":{"size":"","unit":"%"},"size":"large","title_typography_line_height":{"unit":"em","size":"1","sizes":[]},"scroll_y":"-80","_element_width":"auto"},"elements":[],"widgetType":"wd_title"},{"id":"7549572","elType":"widget","settings":{"color":"primary","style":"link","align":"right","woodmart_css_id":"5e185743ea7e4","text":"See all products","_element_width":"auto","scroll_y":"-80"},"elements":[],"widgetType":"wd_button"}],"isInner":"1"}],"isInner":"1"},{"id":"6167803","elType":"widget","settings":{"title":"","items_per_page":"10","columns":{"size":"5","unit":"px","sizes":[]},"scroll_y":"-80"},"elements":[],"widgetType":"wd_products"}],"isInner":""}],"isInner":""},{"id":"3514909","elType":"section","settings":{"mobile_bg_img_hidden":"no","tablet_bg_img_hidden":"no","woodmart_parallax":"0","woodmart_gradient_switch":"no","row_reverse_mobile":"0","row_reverse_tablet":"0","woodmart_disable_overflow":"0","structure":"30","margin":{"unit":"px","top":"0","right":"0","bottom":"160","left":"0","isLinked":""},"margin_tablet":{"unit":"px","top":"0","right":"0","bottom":"60","left":"0","isLinked":""},"margin_mobile":{"unit":"px","top":"0","right":"0","bottom":"40","left":"0","isLinked":""}},"elements":[{"id":"3662127","elType":"column","settings":{"_column_size":"33","mobile_bg_img_hidden":"no","tablet_bg_img_hidden":"no","woodmart_parallax":"0","parallax_scroll":"no","mobile_reset_margin":"no","tablet_reset_margin":"no","_inline_size_tablet":"50","_inline_size_mobile":"100","column_sticky_offset":"50","scroll_y":"-80"},"elements":[{"id":"1932673","elType":"widget","settings":{"order":"ASC","spacing":"20","ids":[],"columns":{"size":"1","unit":"px","sizes":[]},"scroll_y":"-80","number":"1"},"elements":[],"widgetType":"wd_product_categories"}],"isInner":""},{"id":"2248519","elType":"column","settings":{"_column_size":"33","mobile_bg_img_hidden":"no","tablet_bg_img_hidden":"no","woodmart_parallax":"0","parallax_scroll":"no","mobile_reset_margin":"no","tablet_reset_margin":"no","_inline_size_tablet":"50","_inline_size_mobile":"100","column_sticky_offset":"50","scroll_y":"-80"},"elements":[{"id":"1988042","elType":"widget","settings":{"order":"ASC","style":"masonry","spacing":"20","ids":[],"columns":{"size":"1","unit":"px","sizes":[]},"scroll_y":"-80","number":"1"},"elements":[],"widgetType":"wd_product_categories"}],"isInner":""},{"id":"5154235","elType":"column","settings":{"_column_size":"33","mobile_bg_img_hidden":"no","tablet_bg_img_hidden":"no","woodmart_parallax":"0","parallax_scroll":"no","mobile_reset_margin":"no","tablet_reset_margin":"no","_inline_size_tablet":"100","_inline_size_mobile":"100","hide_tablet":"hidden-tablet","column_sticky_offset":"50","scroll_y":"-80"},"elements":[{"id":"233553","elType":"widget","settings":{"order":"ASC","spacing":"0","ids":[],"columns":{"size":"1","unit":"px","sizes":[]},"scroll_y":"-80","number":"1"},"elements":[],"widgetType":"wd_product_categories"}],"isInner":""}],"isInner":""},{"id":"d0ca336","elType":"section","settings":{"structure":"20","margin":{"unit":"px","top":"0","right":"0","bottom":"80","left":"0","isLinked":""},"margin_tablet":{"unit":"px","top":"0","right":"0","bottom":"60","left":"0","isLinked":""},"margin_mobile":{"unit":"px","top":"0","right":"0","bottom":"40","left":"0","isLinked":""}},"elements":[{"id":"2478e14","elType":"column","settings":{"_column_size":"50","column_sticky_offset":"50","scroll_y":"-80"},"elements":[{"id":"ce9192e","elType":"widget","settings":{"align":"left","image_size":"custom","image":{"id":"77","url":"#"},"image_custom_dimension":{"width":"245","height":"345"},"parallax_scroll":"no","scroll_y":"-80","_element_width":"auto","_position":"absolute","_offset_orientation_h":"end","_offset_x_end":{"unit":"px","size":"-60","sizes":[]},"_offset_y":{"unit":"px","size":"-80","sizes":[]},"hide_tablet":"hidden-tablet","hide_mobile":"hidden-phone"},"elements":[],"widgetType":"image"},{"id":"3844466","elType":"widget","settings":{"subtitle":"Effect if in up no depend","after_title":"To short sentences, to many headings, images too large for the proposed design, or too small, or they fit in but it reasons iffy for the folks in looks the meeting quite.","image_size":"custom","title_typography_typography":"custom","title_typography_font_weight":"300","align":"left","woodmart_css_id":"5e1c2527391ef","title":"Style too own\ncivil out along tips","title_typography_font_size":{"size":"48","unit":"px"},"title_typography_font_size_tablet":{"size":"34","unit":"px"},"title_typography_font_size_mobile":{"size":"28","unit":"px"},"width":{"size":"65","unit":"%"},"after_font_size":"eyJwYXJhbV90eXBlIjoid29vZG1hcnRfcmVzcG9uc2l2ZV9zaXplIiwiY3NzX2FyZ3MiOnsiZm9udC1zaXplIjpbIiAudGl0bGUtYWZ0ZXJfdGl0bGUiXX0sInNlbGVjdG9yX2lkIjoiNWUxYzI1MjczOTFlZiIsImRhdGEiOnsibW9iaWxlIjoiMTVweCJ9fQ==","subtitle_typography_typography":"custom","subtitle_typography_font_size_mobile":{"size":"13","unit":"px"},"width_tablet":{"unit":"%","size":"100","sizes":[]},"scroll_y":"-80"},"elements":[],"widgetType":"wd_title"},{"id":"f7f1771","elType":"widget","settings":{"style":"bordered","align":"left","woodmart_css_id":"5e17597aa25d3","text":"View More","scroll_y":"-80"},"elements":[],"widgetType":"wd_button"}],"isInner":""},{"id":"6d99cb3","elType":"column","settings":{"_column_size":"50","column_sticky_offset":"50","scroll_y":"-80"},"elements":[{"id":"0db8e72","elType":"widget","settings":{"video_type":"vimeo","link":"https:\/\/www.youtube.com\/watch?v=ScMzIvxBSi4","align":"right","image_overlay":{"id":"77","url":"#"},"show_image_overlay":"yes","img_size":"full","youtube_url":"https:\/\/www.youtube.com\/watch?v=XHOmBV4js_E","vimeo_url":"https:\/\/vimeo.com\/235215203","dailymotion_url":"https:\/\/www.dailymotion.com\/video\/x6tqhqb","scroll_y":"-80","wd_theme_style":"theme-style"},"elements":[],"widgetType":"video"}],"isInner":""}],"isInner":""},{"id":"2078426","elType":"section","settings":{"equal_height":"yes","content_position":"middle","mobile_bg_img_hidden":"no","tablet_bg_img_hidden":"no","woodmart_parallax":"0","woodmart_gradient_switch":"no","row_reverse_mobile":"0","row_reverse_tablet":"0","woodmart_disable_overflow":"0","structure":"20","custom_height":{"unit":"px","size":"420","sizes":[]},"margin":{"unit":"px","top":"0","right":"0","bottom":"80","left":"0","isLinked":""},"margin_tablet":{"unit":"px","top":"0","right":"0","bottom":"60","left":"0","isLinked":""},"margin_mobile":{"unit":"px","top":"0","right":"0","bottom":"40","left":"0","isLinked":""}},"elements":[{"id":"3848499","elType":"column","settings":{"_column_size":"50","_inline_size":"58","hide_mobile":"hidden-phone","hide_tablet":"hidden-tablet","mobile_bg_img_hidden":"no","tablet_bg_img_hidden":"no","woodmart_parallax":"0","parallax_scroll":"no","mobile_reset_margin":"no","tablet_reset_margin":"no","background_background":"classic","background_image":{"url":"http:\/\/dummy.xtemos.com\/woodmart-elementor\/demos\/wp-content\/uploads\/sites\/2\/2017\/06\/wood-main-bg.jpg","id":"44"},"background_size":"cover","background_repeat":"no-repeat","background_color":"#23A455","margin":{"unit":"px","top":"10","right":"10","bottom":"10","left":"10","isLinked":"1"},"column_sticky_offset":"50","scroll_y":"-80"},"elements":[{"id":"e1f8e57","elType":"widget","settings":{"scroll_y":"-80"},"elements":[],"widgetType":"spacer"}],"isInner":""},{"id":"108378","elType":"column","settings":{"_column_size":"50","_inline_size":"42","_inline_size_tablet":"100","_inline_size_mobile":"100","mobile_bg_img_hidden":"no","tablet_bg_img_hidden":"no","woodmart_parallax":"0","parallax_scroll":"no","mobile_reset_margin":"no","tablet_reset_margin":"no","background_background":"classic","background_color":"#f1f6f2","margin":{"unit":"px","top":"10","right":"10","bottom":"10","left":"10","isLinked":"1"},"padding":{"unit":"px","top":"80","right":"25","bottom":"80","left":"25","isLinked":""},"padding_tablet":{"unit":"px","top":"60","right":"25","bottom":"60","left":"25","isLinked":""},"padding_mobile":{"unit":"px","top":"40","right":"25","bottom":"40","left":"25","isLinked":""},"column_sticky_offset":"50","scroll_y":"-80"},"elements":[{"id":"2702698","elType":"widget","settings":{"subtitle":"","after_title":"","image_size":"custom","title_typography_typography":"custom","title_typography_font_weight":"300","woodmart_css_id":"5e1c22d61e8d7","title":"Join Our\nNewslatter Now","title_typography_font_size":{"size":"34","unit":"px"},"title_typography_font_size_mobile":{"size":"28","unit":"px"},"width":{"size":"60","unit":"%"},"width_mobile":{"unit":"%","size":"100","sizes":[]},"scroll_y":"-80"},"elements":[],"widgetType":"wd_title"},{"id":"1495455","elType":"widget","settings":{"typography_typography":"custom","wd_content_align":"center","font":"text","size":"custom","woodmart_css_id":"5e19cc3c685bc","wd_content_width":{"size":"360","unit":"px"},"inline":"no","typography_font_size":{"size":"16","unit":"px"},"editor":"<p>A client that's unhappy for a reason is a problem, a client that's unhappy though can't.<\/p>\n","scroll_y":"-80","wd_content_width_tablet":{"unit":"%","size":"100","sizes":[]}},"elements":[],"widgetType":"text-editor"},{"id":"765c19a","elType":"widget","settings":{"form_id":"74","content_width":{"unit":"px","size":"380","sizes":[]},"scroll_y":"-80"},"elements":[],"widgetType":"wd_mailchimp"},{"id":"7996538","elType":"widget","settings":{"typography_typography":"custom","wd_content_align":"center","font":"text","size":"custom","woodmart_css_id":"5e1874ca41f2f","wd_content_width":{"size":"100","unit":"%"},"inline":"no","typography_font_size":{"size":"14","unit":"px"},"editor":"<p>Will be used in accordance with our <strong><a href=\"#\">Privacy Policy<\/a><\/strong><\/p>","scroll_y":"-80"},"elements":[],"widgetType":"text-editor"}],"isInner":""}],"isInner":""},{"id":"3605615","elType":"section","settings":{"mobile_bg_img_hidden":"no","tablet_bg_img_hidden":"no","woodmart_parallax":"0","woodmart_gradient_switch":"no","row_reverse_mobile":"0","row_reverse_tablet":"0","woodmart_disable_overflow":"0","border_border":"solid","border_width":{"unit":"px","top":"0","right":"0","bottom":"1","left":"0","isLinked":""},"border_color":"#E5E5E5","margin":{"unit":"px","top":"0","right":"0","bottom":"80","left":"0","isLinked":""},"margin_tablet":{"unit":"px","top":"0","right":"0","bottom":"60","left":"0","isLinked":""},"margin_mobile":{"unit":"px","top":"0","right":"0","bottom":"40","left":"0","isLinked":""},"padding":{"unit":"px","top":"0","right":"15","bottom":"80","left":"15","isLinked":""},"padding_tablet":{"unit":"px","top":"0","right":"15","bottom":"60","left":"15","isLinked":""},"padding_mobile":{"unit":"px","top":"0","right":"15","bottom":"40","left":"15","isLinked":""}},"elements":[{"id":"7335987","elType":"column","settings":{"_column_size":"100","mobile_bg_img_hidden":"no","tablet_bg_img_hidden":"no","woodmart_parallax":"0","parallax_scroll":"no","mobile_reset_margin":"no","tablet_reset_margin":"no","border_color":"#61CE70","column_sticky_offset":"50","scroll_y":"-80"},"elements":[{"id":"8873372","elType":"widget","settings":{"subtitle":"","after_title":"Commercial publishing platforms and content management systems that you can show different text, different the web workers toolbox.","image_size":"custom","title_typography_typography":"custom","title_typography_font_weight":"300","woodmart_css_id":"5e1c2f79271c8","title":"Our New Article","title_typography_font_size":{"size":"34","unit":"px"},"title_typography_font_size_mobile":{"size":"28","unit":"px"},"width":{"size":"40","unit":"%"},"width_tablet":{"unit":"%","size":"62","sizes":[]},"width_mobile":{"unit":"%","size":"100","sizes":[]},"scroll_y":"-80"},"elements":[],"widgetType":"wd_title"},{"id":"7617338","elType":"widget","settings":{"blog_spacing":"20","items_per_page":"5","blog_design":"carousel","slides_per_view":{"size":"4","unit":"px","sizes":[]},"hide_pagination_control":"yes","scroll_y":"-80","_border_color":"#E5E5E5"},"elements":[],"widgetType":"wd_blog"}],"isInner":""}],"isInner":""},{"id":"6444500","elType":"section","settings":{"mobile_bg_img_hidden":"no","tablet_bg_img_hidden":"no","woodmart_parallax":"0","woodmart_gradient_switch":"no","row_reverse_mobile":"0","row_reverse_tablet":"0","woodmart_disable_overflow":"0","structure":"40","margin":{"unit":"px","top":"0","right":"0","bottom":"40","left":"0","isLinked":""},"margin_tablet":{"unit":"px","top":"0","right":"0","bottom":"20","left":"0","isLinked":""},"margin_mobile":{"unit":"px","top":"0","right":"0","bottom":"0","left":"0","isLinked":""}},"elements":[{"id":"616160","elType":"column","settings":{"_column_size":"25","mobile_bg_img_hidden":"no","tablet_bg_img_hidden":"no","woodmart_parallax":"0","parallax_scroll":"no","mobile_reset_margin":"no","tablet_reset_margin":"no","_inline_size_tablet":"50","_inline_size_mobile":"100","column_sticky_offset":"50","scroll_y":"-80"},"elements":[{"id":"1257739","elType":"widget","settings":{"icon_type":"icon","btn_text":"","image_size":"custom","subtitle":"","title":"Free Shipping","btn_position":"hover","image":{"id":"2638","url":"#"},"woodmart_css_id":"5e1c6598b9ce7","info_box_inline":"no","image_custom_dimension":{"width":"60","height":"60"},"content":"Rigid proponents of content strategy may shun the use of dummy copy.","icon_text":"53","scroll_y":"-80"},"elements":[],"widgetType":"wd_infobox"}],"isInner":""},{"id":"6883735","elType":"column","settings":{"_column_size":"25","mobile_bg_img_hidden":"no","tablet_bg_img_hidden":"no","woodmart_parallax":"0","parallax_scroll":"no","mobile_reset_margin":"no","tablet_reset_margin":"no","_inline_size_tablet":"50","_inline_size_mobile":"100","column_sticky_offset":"50","scroll_y":"-80"},"elements":[{"id":"12810","elType":"widget","settings":{"icon_type":"icon","btn_text":"","image_size":"custom","subtitle":"","title":"Support Team","btn_position":"hover","image":{"id":"2638","url":"#"},"woodmart_css_id":"5e1c65ad0da65","info_box_inline":"no","image_custom_dimension":{"width":"60","height":"60"},"content":"Designers might want to ask them to provide style sheets with the decks.","icon_text":"53","scroll_y":"-80"},"elements":[],"widgetType":"wd_infobox"}],"isInner":""},{"id":"4266645","elType":"column","settings":{"_column_size":"25","mobile_bg_img_hidden":"no","tablet_bg_img_hidden":"no","woodmart_parallax":"0","parallax_scroll":"no","mobile_reset_margin":"no","tablet_reset_margin":"no","_inline_size_tablet":"50","_inline_size_mobile":"100","column_sticky_offset":"50","scroll_y":"-80"},"elements":[{"id":"6171547","elType":"widget","settings":{"icon_type":"icon","btn_text":"","image_size":"custom","subtitle":"","title":"Online Payments","btn_position":"hover","image":{"id":"2638","url":"#"},"woodmart_css_id":"5e1c65baa735a","info_box_inline":"no","image_custom_dimension":{"width":"60","height":"60"},"content":"Fake data can ensure a nice looking layout but it doesn\u2019t reflect what.","icon_text":"53","scroll_y":"-80"},"elements":[],"widgetType":"wd_infobox"}],"isInner":""},{"id":"7252735","elType":"column","settings":{"_column_size":"25","mobile_bg_img_hidden":"no","tablet_bg_img_hidden":"no","woodmart_parallax":"0","parallax_scroll":"no","mobile_reset_margin":"no","tablet_reset_margin":"no","_inline_size_tablet":"50","_inline_size_mobile":"100","column_sticky_offset":"50","scroll_y":"-80"},"elements":[{"id":"4290522","elType":"widget","settings":{"icon_type":"icon","btn_text":"","image_size":"custom","subtitle":"","title":"Safe &amp; Secure","btn_position":"hover","image":{"id":"2638","url":"#"},"woodmart_css_id":"5e1c65c3a19c6","info_box_inline":"no","image_custom_dimension":{"width":"60","height":"60"},"content":"When it's about controlling hundreds of articles, product pages for web.","icon_text":"53","scroll_y":"-80"},"elements":[],"widgetType":"wd_infobox"}],"isInner":""}],"isInner":""}]]]></wp:meta_value>
		</wp:postmeta>
							<wp:postmeta>
			<wp:meta_key>_elementor_edit_mode</wp:meta_key>
			<wp:meta_value><![CDATA[builder]]></wp:meta_value>
		</wp:postmeta>
							<wp:postmeta>
			<wp:meta_key>_elementor_version</wp:meta_key>
			<wp:meta_value><![CDATA[2.9.11]]></wp:meta_value>
		</wp:postmeta>
							<wp:postmeta>
			<wp:meta_key>_elementor_template_type</wp:meta_key>
			<wp:meta_value><![CDATA[wp-page]]></wp:meta_value>
		</wp:postmeta>
							<wp:postmeta>
			<wp:meta_key>_elementor_controls_usage</wp:meta_key>
			<wp:meta_value><![CDATA[a:14:{s:17:"slider_revolution";a:3:{s:5:"count";i:1;s:15:"control_percent";i:2;s:8:"controls";a:2:{s:7:"content";a:1:{s:15:"content_section";a:2:{s:14:"revslidertitle";i:1;s:9:"shortcode";i:1;}}s:8:"advanced";a:1:{s:8:"wd_extra";a:1:{s:8:"scroll_y";i:1;}}}}s:6:"column";a:3:{s:5:"count";i:18;s:15:"control_percent";i:1;s:8:"controls";a:3:{s:8:"advanced";a:3:{s:8:"wd_extra";a:2:{s:20:"column_sticky_offset";i:18;s:8:"scroll_y";i:18;}s:16:"section_advanced";a:6:{s:6:"margin";i:4;s:13:"margin_tablet";i:2;s:13:"margin_mobile";i:3;s:7:"padding";i:4;s:14:"padding_tablet";i:1;s:14:"padding_mobile";i:1;}s:19:"_section_responsive";a:2:{s:11:"hide_tablet";i:3;s:11:"hide_mobile";i:1;}}s:6:"layout";a:1:{s:6:"layout";a:5:{s:19:"_inline_size_tablet";i:11;s:19:"_inline_size_mobile";i:11;s:16:"content_position";i:1;s:5:"align";i:1;s:12:"_inline_size";i:2;}}s:5:"style";a:2:{s:13:"section_style";a:5:{s:21:"background_background";i:2;s:16:"background_image";i:1;s:15:"background_size";i:1;s:17:"background_repeat";i:1;s:16:"background_color";i:2;}s:14:"section_border";a:1:{s:12:"border_color";i:1;}}}}s:7:"section";a:3:{s:5:"count";i:9;s:15:"control_percent";i:1;s:8:"controls";a:3:{s:6:"layout";a:3:{s:15:"wd_extra_layout";a:1:{s:18:"wd_section_stretch";i:2;}s:14:"section_layout";a:3:{s:3:"gap";i:1;s:16:"content_position";i:1;s:13:"custom_height";i:1;}s:17:"section_structure";a:1:{s:9:"structure";i:5;}}s:8:"advanced";a:1:{s:16:"section_advanced";a:6:{s:6:"margin";i:9;s:13:"margin_tablet";i:7;s:13:"margin_mobile";i:7;s:7:"padding";i:1;s:14:"padding_tablet";i:1;s:14:"padding_mobile";i:1;}}s:5:"style";a:1:{s:14:"section_border";a:3:{s:13:"border_border";i:1;s:12:"border_width";i:1;s:12:"border_color";i:1;}}}}s:5:"image";a:3:{s:5:"count";i:4;s:15:"control_percent";i:5;s:8:"controls";a:2:{s:7:"content";a:1:{s:13:"section_image";a:4:{s:5:"align";i:4;s:10:"image_size";i:4;s:5:"image";i:4;s:22:"image_custom_dimension";i:4;}}s:8:"advanced";a:4:{s:14:"_section_style";a:1:{s:7:"_margin";i:3;}s:8:"wd_extra";a:1:{s:8:"scroll_y";i:4;}s:17:"_section_position";a:5:{s:14:"_element_width";i:1;s:9:"_position";i:1;s:21:"_offset_orientation_h";i:1;s:13:"_offset_x_end";i:1;s:9:"_offset_y";i:1;}s:19:"_section_responsive";a:2:{s:11:"hide_tablet";i:1;s:11:"hide_mobile";i:1;}}}}s:10:"wd_infobox";a:3:{s:5:"count";i:7;s:15:"control_percent";i:3;s:8:"controls";a:3:{s:7:"content";a:2:{s:20:"icon_content_section";a:4:{s:9:"icon_type";i:7;s:10:"image_size";i:7;s:5:"image";i:7;s:22:"image_custom_dimension";i:7;}s:15:"content_section";a:4:{s:8:"btn_text";i:7;s:8:"subtitle";i:7;s:5:"title";i:7;s:7:"content";i:7;}}s:5:"style";a:3:{s:21:"general_style_section";a:1:{s:9:"alignment";i:3;}s:19:"title_style_section";a:4:{s:27:"title_typography_typography";i:3;s:28:"title_typography_font_weight";i:3;s:26:"title_typography_font_size";i:3;s:33:"title_typography_font_size_mobile";i:3;}s:22:"button_content_section";a:3:{s:9:"btn_color";i:3;s:9:"btn_style";i:3;s:12:"btn_position";i:4;}}s:8:"advanced";a:2:{s:14:"_section_style";a:1:{s:8:"_padding";i:3;}s:8:"wd_extra";a:1:{s:8:"scroll_y";i:7;}}}}s:8:"wd_title";a:3:{s:5:"count";i:4;s:15:"control_percent";i:4;s:8:"controls";a:3:{s:7:"content";a:1:{s:23:"general_content_section";a:3:{s:8:"subtitle";i:4;s:11:"after_title";i:4;s:5:"title";i:4;}}s:5:"style";a:3:{s:19:"title_style_section";a:7:{s:10:"image_size";i:4;s:27:"title_typography_typography";i:4;s:28:"title_typography_font_weight";i:4;s:26:"title_typography_font_size";i:4;s:33:"title_typography_font_size_mobile";i:4;s:28:"title_typography_line_height";i:1;s:33:"title_typography_font_size_tablet";i:1;}s:21:"general_style_section";a:5:{s:5:"align";i:2;s:5:"width";i:4;s:4:"size";i:1;s:12:"width_tablet";i:2;s:12:"width_mobile";i:2;}s:22:"subtitle_style_section";a:2:{s:30:"subtitle_typography_typography";i:1;s:36:"subtitle_typography_font_size_mobile";i:1;}}s:8:"advanced";a:2:{s:8:"wd_extra";a:1:{s:8:"scroll_y";i:4;}s:17:"_section_position";a:1:{s:14:"_element_width";i:1;}}}}s:9:"wd_button";a:3:{s:5:"count";i:2;s:15:"control_percent";i:2;s:8:"controls";a:3:{s:5:"style";a:1:{s:21:"general_style_section";a:3:{s:5:"color";i:1;s:5:"style";i:2;s:5:"align";i:2;}}s:7:"content";a:1:{s:23:"general_content_section";a:1:{s:4:"text";i:2;}}s:8:"advanced";a:2:{s:17:"_section_position";a:1:{s:14:"_element_width";i:1;}s:8:"wd_extra";a:1:{s:8:"scroll_y";i:2;}}}}s:11:"wd_products";a:3:{s:5:"count";i:1;s:15:"control_percent";i:1;s:8:"controls";a:2:{s:5:"style";a:1:{s:20:"layout_style_section";a:2:{s:14:"items_per_page";i:1;s:7:"columns";i:1;}}s:8:"advanced";a:1:{s:8:"wd_extra";a:1:{s:8:"scroll_y";i:1;}}}}s:21:"wd_product_categories";a:3:{s:5:"count";i:3;s:15:"control_percent";i:3;s:8:"controls";a:3:{s:7:"content";a:1:{s:23:"general_content_section";a:3:{s:5:"order";i:3;s:3:"ids";i:3;s:6:"number";i:3;}}s:5:"style";a:1:{s:20:"layout_style_section";a:3:{s:7:"spacing";i:3;s:7:"columns";i:3;s:5:"style";i:1;}}s:8:"advanced";a:1:{s:8:"wd_extra";a:1:{s:8:"scroll_y";i:3;}}}}s:5:"video";a:3:{s:5:"count";i:1;s:15:"control_percent";i:2;s:8:"controls";a:3:{s:7:"content";a:2:{s:13:"section_video";a:1:{s:10:"video_type";i:1;}s:21:"section_image_overlay";a:2:{s:13:"image_overlay";i:1;s:18:"show_image_overlay";i:1;}}s:8:"advanced";a:1:{s:8:"wd_extra";a:1:{s:8:"scroll_y";i:1;}}s:5:"style";a:1:{s:19:"section_video_style";a:1:{s:14:"wd_theme_style";i:1;}}}}s:6:"spacer";a:3:{s:5:"count";i:1;s:15:"control_percent";i:1;s:8:"controls";a:1:{s:8:"advanced";a:1:{s:8:"wd_extra";a:1:{s:8:"scroll_y";i:1;}}}}s:11:"text-editor";a:3:{s:5:"count";i:2;s:15:"control_percent";i:2;s:8:"controls";a:3:{s:5:"style";a:1:{s:13:"section_style";a:5:{s:21:"typography_typography";i:2;s:16:"wd_content_align";i:2;s:16:"wd_content_width";i:2;s:20:"typography_font_size";i:2;s:23:"wd_content_width_tablet";i:1;}}s:7:"content";a:1:{s:14:"section_editor";a:1:{s:6:"editor";i:2;}}s:8:"advanced";a:1:{s:8:"wd_extra";a:1:{s:8:"scroll_y";i:2;}}}}s:12:"wd_mailchimp";a:3:{s:5:"count";i:1;s:15:"control_percent";i:2;s:8:"controls";a:3:{s:7:"content";a:1:{s:23:"general_content_section";a:1:{s:7:"form_id";i:1;}}s:5:"style";a:1:{s:21:"general_style_section";a:1:{s:13:"content_width";i:1;}}s:8:"advanced";a:1:{s:8:"wd_extra";a:1:{s:8:"scroll_y";i:1;}}}}s:7:"wd_blog";a:3:{s:5:"count";i:1;s:15:"control_percent";i:3;s:8:"controls";a:2:{s:5:"style";a:2:{s:21:"general_style_section";a:3:{s:12:"blog_spacing";i:1;s:14:"items_per_page";i:1;s:11:"blog_design";i:1;}s:22:"carousel_style_section";a:2:{s:15:"slides_per_view";i:1;s:23:"hide_pagination_control";i:1;}}s:8:"advanced";a:2:{s:8:"wd_extra";a:1:{s:8:"scroll_y";i:1;}s:15:"_section_border";a:1:{s:13:"_border_color";i:1;}}}}}]]></wp:meta_value>
		</wp:postmeta>
						</item>
					<item>
		<title>
				w-mf-infobox-1		</title>
		<link>http://dummy.xtemos.com/woodmart-elementor/demos/home-fashion-minimalism/w-mf-infobox-1/</link>
		<pubDate>Mon, 13 Jan 2020 12:42:13 +0000</pubDate>
		<dc:creator><![CDATA[zakhar]]></dc:creator>
		<guid isPermaLink="false">http://dummy.xtemos.com/woodmart-elementor/demos/wp-content/uploads/sites/2/2020/01/w-mf-infobox-1.svg</guid>
		<description></description>
		<content:encoded><![CDATA[]]></content:encoded>
		<excerpt:encoded><![CDATA[]]></excerpt:encoded>
		<wp:post_id>2638</wp:post_id>
		<wp:post_date>2020-01-13 12:42:13</wp:post_date>
		<wp:post_date_gmt>2020-01-13 12:42:13</wp:post_date_gmt>
		<wp:comment_status>open</wp:comment_status>
		<wp:ping_status>closed</wp:ping_status>
		<wp:post_name>w-mf-infobox-1</wp:post_name>
		<wp:status>inherit</wp:status>
		<wp:post_parent>2611</wp:post_parent>
		<wp:menu_order>0</wp:menu_order>
		<wp:post_type>attachment</wp:post_type>
		<wp:post_password></wp:post_password>
		<wp:is_sticky>0</wp:is_sticky>
						<wp:attachment_url>http://dummy.xtemos.com/woodmart-elementor/demos/wp-content/uploads/sites/2/2020/01/w-mf-infobox-1.svg</wp:attachment_url>
												<wp:postmeta>
			<wp:meta_key>_wp_attached_file</wp:meta_key>
			<wp:meta_value><![CDATA[2020/01/w-mf-infobox-1.svg]]></wp:meta_value>
		</wp:postmeta>
						</item>
					<item>
		<title>
				HKGroteskPro-Light		</title>
		<link>http://dummy.xtemos.com/woodmart-elementor/demos/hkgroteskpro-light/</link>
		<pubDate>Mon, 13 Jan 2020 12:57:00 +0000</pubDate>
		<dc:creator><![CDATA[zakhar]]></dc:creator>
		<guid isPermaLink="false">http://dummy.xtemos.com/woodmart-elementor/demos/wp-content/uploads/sites/2/2020/01/HKGroteskPro-Light.ttf</guid>
		<description></description>
		<content:encoded><![CDATA[]]></content:encoded>
		<excerpt:encoded><![CDATA[]]></excerpt:encoded>
		<wp:post_id>2640</wp:post_id>
		<wp:post_date>2020-01-13 12:57:00</wp:post_date>
		<wp:post_date_gmt>2020-01-13 12:57:00</wp:post_date_gmt>
		<wp:comment_status>open</wp:comment_status>
		<wp:ping_status>closed</wp:ping_status>
		<wp:post_name>hkgroteskpro-light</wp:post_name>
		<wp:status>inherit</wp:status>
		<wp:post_parent>0</wp:post_parent>
		<wp:menu_order>0</wp:menu_order>
		<wp:post_type>attachment</wp:post_type>
		<wp:post_password></wp:post_password>
		<wp:is_sticky>0</wp:is_sticky>
						<wp:attachment_url>http://dummy.xtemos.com/woodmart-elementor/demos/wp-content/uploads/sites/2/2020/01/HKGroteskPro-Light.ttf</wp:attachment_url>
												<wp:postmeta>
			<wp:meta_key>_wp_attached_file</wp:meta_key>
			<wp:meta_value><![CDATA[2020/01/HKGroteskPro-Light.ttf]]></wp:meta_value>
		</wp:postmeta>
						</item>
					<item>
		<title>
				HKGroteskPro-Light		</title>
		<link>http://dummy.xtemos.com/woodmart-elementor/demos/hkgroteskpro-light-2/</link>
		<pubDate>Mon, 13 Jan 2020 12:57:01 +0000</pubDate>
		<dc:creator><![CDATA[zakhar]]></dc:creator>
		<guid isPermaLink="false">http://dummy.xtemos.com/woodmart-elementor/demos/wp-content/uploads/sites/2/2020/01/HKGroteskPro-Light.woff</guid>
		<description></description>
		<content:encoded><![CDATA[]]></content:encoded>
		<excerpt:encoded><![CDATA[]]></excerpt:encoded>
		<wp:post_id>2641</wp:post_id>
		<wp:post_date>2020-01-13 12:57:01</wp:post_date>
		<wp:post_date_gmt>2020-01-13 12:57:01</wp:post_date_gmt>
		<wp:comment_status>open</wp:comment_status>
		<wp:ping_status>closed</wp:ping_status>
		<wp:post_name>hkgroteskpro-light-2</wp:post_name>
		<wp:status>inherit</wp:status>
		<wp:post_parent>0</wp:post_parent>
		<wp:menu_order>0</wp:menu_order>
		<wp:post_type>attachment</wp:post_type>
		<wp:post_password></wp:post_password>
		<wp:is_sticky>0</wp:is_sticky>
						<wp:attachment_url>http://dummy.xtemos.com/woodmart-elementor/demos/wp-content/uploads/sites/2/2020/01/HKGroteskPro-Light.woff</wp:attachment_url>
												<wp:postmeta>
			<wp:meta_key>_wp_attached_file</wp:meta_key>
			<wp:meta_value><![CDATA[2020/01/HKGroteskPro-Light.woff]]></wp:meta_value>
		</wp:postmeta>
						</item>
					<item>
		<title>
				HKGroteskPro-Light		</title>
		<link>http://dummy.xtemos.com/woodmart-elementor/demos/hkgroteskpro-light-3/</link>
		<pubDate>Mon, 13 Jan 2020 12:57:04 +0000</pubDate>
		<dc:creator><![CDATA[zakhar]]></dc:creator>
		<guid isPermaLink="false">http://dummy.xtemos.com/woodmart-elementor/demos/wp-content/uploads/sites/2/2020/01/HKGroteskPro-Light.woff2</guid>
		<description></description>
		<content:encoded><![CDATA[]]></content:encoded>
		<excerpt:encoded><![CDATA[]]></excerpt:encoded>
		<wp:post_id>2642</wp:post_id>
		<wp:post_date>2020-01-13 12:57:04</wp:post_date>
		<wp:post_date_gmt>2020-01-13 12:57:04</wp:post_date_gmt>
		<wp:comment_status>open</wp:comment_status>
		<wp:ping_status>closed</wp:ping_status>
		<wp:post_name>hkgroteskpro-light-3</wp:post_name>
		<wp:status>inherit</wp:status>
		<wp:post_parent>0</wp:post_parent>
		<wp:menu_order>0</wp:menu_order>
		<wp:post_type>attachment</wp:post_type>
		<wp:post_password></wp:post_password>
		<wp:is_sticky>0</wp:is_sticky>
						<wp:attachment_url>http://dummy.xtemos.com/woodmart-elementor/demos/wp-content/uploads/sites/2/2020/01/HKGroteskPro-Light.woff2</wp:attachment_url>
												<wp:postmeta>
			<wp:meta_key>_wp_attached_file</wp:meta_key>
			<wp:meta_value><![CDATA[2020/01/HKGroteskPro-Light.woff2]]></wp:meta_value>
		</wp:postmeta>
						</item>
					<item>
		<title>
				HKGroteskPro-Light		</title>
		<link>http://dummy.xtemos.com/woodmart-elementor/demos/hkgroteskpro-light-4/</link>
		<pubDate>Mon, 13 Jan 2020 12:57:05 +0000</pubDate>
		<dc:creator><![CDATA[zakhar]]></dc:creator>
		<guid isPermaLink="false">http://dummy.xtemos.com/woodmart-elementor/demos/wp-content/uploads/sites/2/2020/01/HKGroteskPro-Light.eot</guid>
		<description></description>
		<content:encoded><![CDATA[]]></content:encoded>
		<excerpt:encoded><![CDATA[]]></excerpt:encoded>
		<wp:post_id>2643</wp:post_id>
		<wp:post_date>2020-01-13 12:57:05</wp:post_date>
		<wp:post_date_gmt>2020-01-13 12:57:05</wp:post_date_gmt>
		<wp:comment_status>open</wp:comment_status>
		<wp:ping_status>closed</wp:ping_status>
		<wp:post_name>hkgroteskpro-light-4</wp:post_name>
		<wp:status>inherit</wp:status>
		<wp:post_parent>0</wp:post_parent>
		<wp:menu_order>0</wp:menu_order>
		<wp:post_type>attachment</wp:post_type>
		<wp:post_password></wp:post_password>
		<wp:is_sticky>0</wp:is_sticky>
						<wp:attachment_url>http://dummy.xtemos.com/woodmart-elementor/demos/wp-content/uploads/sites/2/2020/01/HKGroteskPro-Light.eot</wp:attachment_url>
												<wp:postmeta>
			<wp:meta_key>_wp_attached_file</wp:meta_key>
			<wp:meta_value><![CDATA[2020/01/HKGroteskPro-Light.eot]]></wp:meta_value>
		</wp:postmeta>
						</item>
					<item>
		<title>
				HKGroteskPro-Light		</title>
		<link>http://dummy.xtemos.com/woodmart-elementor/demos/hkgroteskpro-light-5/</link>
		<pubDate>Mon, 13 Jan 2020 12:57:06 +0000</pubDate>
		<dc:creator><![CDATA[zakhar]]></dc:creator>
		<guid isPermaLink="false">http://dummy.xtemos.com/woodmart-elementor/demos/wp-content/uploads/sites/2/2020/01/HKGroteskPro-Light.svg</guid>
		<description></description>
		<content:encoded><![CDATA[]]></content:encoded>
		<excerpt:encoded><![CDATA[]]></excerpt:encoded>
		<wp:post_id>2644</wp:post_id>
		<wp:post_date>2020-01-13 12:57:06</wp:post_date>
		<wp:post_date_gmt>2020-01-13 12:57:06</wp:post_date_gmt>
		<wp:comment_status>open</wp:comment_status>
		<wp:ping_status>closed</wp:ping_status>
		<wp:post_name>hkgroteskpro-light-5</wp:post_name>
		<wp:status>inherit</wp:status>
		<wp:post_parent>0</wp:post_parent>
		<wp:menu_order>0</wp:menu_order>
		<wp:post_type>attachment</wp:post_type>
		<wp:post_password></wp:post_password>
		<wp:is_sticky>0</wp:is_sticky>
						<wp:attachment_url>http://dummy.xtemos.com/woodmart-elementor/demos/wp-content/uploads/sites/2/2020/01/HKGroteskPro-Light.svg</wp:attachment_url>
												<wp:postmeta>
			<wp:meta_key>_wp_attached_file</wp:meta_key>
			<wp:meta_value><![CDATA[2020/01/HKGroteskPro-Light.svg]]></wp:meta_value>
		</wp:postmeta>
						</item>
					<item>
		<title>
				Promo popup 5 Fashion Minimalism		</title>
		<link>http://dummy.xtemos.com/woodmart-elementor/demos/?cms_block=promo-popup-5-fashion-minimalism</link>
		<pubDate>Mon, 13 Jan 2020 16:02:58 +0000</pubDate>
		<dc:creator><![CDATA[zakhar]]></dc:creator>
		<guid isPermaLink="false">http://dummy.xtemos.com/woodmart-elementor/demos/?post_type=cms_block&#038;p=2647</guid>
		<description></description>
		<content:encoded><![CDATA[CURABITUR ALIQUET QUAM POSUERE				
				
					Do You Like the Theme?
Share With Your Friends!				
									
						Facebook
					
									
		]]></content:encoded>
		<excerpt:encoded><![CDATA[]]></excerpt:encoded>
		<wp:post_id>2647</wp:post_id>
		<wp:post_date>2020-01-13 16:02:58</wp:post_date>
		<wp:post_date_gmt>2020-01-13 16:02:58</wp:post_date_gmt>
		<wp:comment_status>closed</wp:comment_status>
		<wp:ping_status>closed</wp:ping_status>
		<wp:post_name>promo-popup-5-fashion-minimalism</wp:post_name>
		<wp:status>publish</wp:status>
		<wp:post_parent>0</wp:post_parent>
		<wp:menu_order>0</wp:menu_order>
		<wp:post_type>cms_block</wp:post_type>
		<wp:post_password></wp:post_password>
		<wp:is_sticky>0</wp:is_sticky>
														<wp:postmeta>
			<wp:meta_key>_elementor_data</wp:meta_key>
			<wp:meta_value><![CDATA[[{"id":"7954899","elType":"section","settings":{"content_position":"middle","background_size":"cover","background_repeat":"no-repeat","mobile_bg_img_hidden":"no","tablet_bg_img_hidden":"no","woodmart_parallax":"0","woodmart_gradient_switch":"no","row_reverse_mobile":"0","row_reverse_tablet":"0","woodmart_disable_overflow":"0","structure":"20"},"elements":[{"id":"5221470","elType":"column","settings":{"_column_size":"60","_inline_size":"","column_sticky_offset":"50","scroll_y":"-80"},"elements":[{"id":"31682","elType":"widget","settings":{"subtitle":"CURABITUR ALIQUET QUAM POSUERE","after_title":"","image_size":"custom","title_typography_typography":"custom","title_typography_font_weight":"400","align":"left","title":"Do You Like the Theme?<br \/>\r\nShare With Your Friends!","woodmart_css_id":"5baa43ca67584","title_typography_font_size":{"size":"38","unit":"px"},"title_typography_font_size_tablet":{"size":"28","unit":"px"},"title_typography_font_size_mobile":{"size":"22","unit":"px"},"width":{"size":"","unit":"%"},"subtitle_typography_typography":"custom","subtitle_typography_font_size":{"size":"14","unit":"px"},"subtitle_typography_font_size_tablet":{"size":"12","unit":"px"},"title_typography_line_height":{"unit":"px","size":"48","sizes":[]},"title_typography_line_height_tablet":{"unit":"px","size":"38","sizes":[]},"title_typography_line_height_mobile":{"unit":"px","size":"32","sizes":[]},"_margin":{"unit":"px","top":"0","right":"0","bottom":"5","left":"0","isLinked":""},"scroll_y":"-80"},"elements":[],"widgetType":"wd_title"},{"id":"1642404","elType":"widget","settings":{"size":"small","align":"left","style":"colored","scroll_y":"-80"},"elements":[],"widgetType":"wd_social_buttons"},{"id":"380967","elType":"widget","settings":{"typography_typography":"custom","align":"left","editor":"<\/p>\n<p>Will be used in accordance with our\u00a0Privacy Policy<\/p>\n<p>\n","scroll_y":"-80"},"elements":[],"widgetType":"text-editor"}],"isInner":""},{"id":"5307603","elType":"column","settings":{"_column_size":"40","_inline_size":"","column_sticky_offset":"50","scroll_y":"-80"},"elements":[{"id":"efe71fa","elType":"widget","settings":{"image_size":"full","align":"center","_margin":{"unit":"px","top":"0","right":"0","bottom":"-20","left":"0","isLinked":""},"scroll_y":"-80"},"elements":[],"widgetType":"image"},{"id":"6746655","elType":"widget","settings":{"align":"center","image_size":"full","image":{"id":"2646","url":"#"},"image_custom_dimension":[],"parallax_scroll":"no","scroll_y":"-80"},"elements":[],"widgetType":"image"}],"isInner":""}],"isInner":""}]]]></wp:meta_value>
		</wp:postmeta>
							<wp:postmeta>
			<wp:meta_key>_elementor_edit_mode</wp:meta_key>
			<wp:meta_value><![CDATA[builder]]></wp:meta_value>
		</wp:postmeta>
							<wp:postmeta>
			<wp:meta_key>_elementor_version</wp:meta_key>
			<wp:meta_value><![CDATA[2.9.11]]></wp:meta_value>
		</wp:postmeta>
							<wp:postmeta>
			<wp:meta_key>_elementor_template_type</wp:meta_key>
			<wp:meta_value><![CDATA[wp-post]]></wp:meta_value>
		</wp:postmeta>
							<wp:postmeta>
			<wp:meta_key>_wp_page_template</wp:meta_key>
			<wp:meta_value><![CDATA[default]]></wp:meta_value>
		</wp:postmeta>
							<wp:postmeta>
			<wp:meta_key>_elementor_controls_usage</wp:meta_key>
			<wp:meta_value><![CDATA[a:6:{s:8:"wd_title";a:3:{s:5:"count";i:1;s:15:"control_percent";i:6;s:8:"controls";a:3:{s:7:"content";a:1:{s:23:"general_content_section";a:3:{s:8:"subtitle";i:1;s:11:"after_title";i:1;s:5:"title";i:1;}}s:5:"style";a:3:{s:19:"title_style_section";a:9:{s:10:"image_size";i:1;s:27:"title_typography_typography";i:1;s:28:"title_typography_font_weight";i:1;s:26:"title_typography_font_size";i:1;s:33:"title_typography_font_size_tablet";i:1;s:33:"title_typography_font_size_mobile";i:1;s:28:"title_typography_line_height";i:1;s:35:"title_typography_line_height_tablet";i:1;s:35:"title_typography_line_height_mobile";i:1;}s:21:"general_style_section";a:2:{s:5:"align";i:1;s:5:"width";i:1;}s:22:"subtitle_style_section";a:3:{s:30:"subtitle_typography_typography";i:1;s:29:"subtitle_typography_font_size";i:1;s:36:"subtitle_typography_font_size_tablet";i:1;}}s:8:"advanced";a:2:{s:14:"_section_style";a:1:{s:7:"_margin";i:1;}s:8:"wd_extra";a:1:{s:8:"scroll_y";i:1;}}}}s:17:"wd_social_buttons";a:3:{s:5:"count";i:1;s:15:"control_percent";i:2;s:8:"controls";a:2:{s:5:"style";a:1:{s:21:"general_style_section";a:3:{s:4:"size";i:1;s:5:"align";i:1;s:5:"style";i:1;}}s:8:"advanced";a:1:{s:8:"wd_extra";a:1:{s:8:"scroll_y";i:1;}}}}s:11:"text-editor";a:3:{s:5:"count";i:1;s:15:"control_percent";i:2;s:8:"controls";a:3:{s:5:"style";a:1:{s:13:"section_style";a:2:{s:21:"typography_typography";i:1;s:5:"align";i:1;}}s:7:"content";a:1:{s:14:"section_editor";a:1:{s:6:"editor";i:1;}}s:8:"advanced";a:1:{s:8:"wd_extra";a:1:{s:8:"scroll_y";i:1;}}}}s:6:"column";a:3:{s:5:"count";i:2;s:15:"control_percent";i:1;s:8:"controls";a:1:{s:8:"advanced";a:1:{s:8:"wd_extra";a:2:{s:20:"column_sticky_offset";i:2;s:8:"scroll_y";i:2;}}}}s:5:"image";a:3:{s:5:"count";i:2;s:15:"control_percent";i:2;s:8:"controls";a:2:{s:7:"content";a:1:{s:13:"section_image";a:4:{s:10:"image_size";i:2;s:5:"align";i:2;s:5:"image";i:1;s:22:"image_custom_dimension";i:1;}}s:8:"advanced";a:2:{s:14:"_section_style";a:1:{s:7:"_margin";i:1;}s:8:"wd_extra";a:1:{s:8:"scroll_y";i:2;}}}}s:7:"section";a:3:{s:5:"count";i:1;s:15:"control_percent";i:1;s:8:"controls";a:2:{s:6:"layout";a:2:{s:14:"section_layout";a:1:{s:16:"content_position";i:1;}s:17:"section_structure";a:1:{s:9:"structure";i:1;}}s:5:"style";a:1:{s:18:"section_background";a:2:{s:15:"background_size";i:1;s:17:"background_repeat";i:1;}}}}}]]></wp:meta_value>
		</wp:postmeta>
						</item>
					<item>
		<title>
				rectangle-black		</title>
		<link>http://dummy.xtemos.com/woodmart-elementor/demos/rectangle-black-2/</link>
		<pubDate>Wed, 24 Mar 2021 17:06:07 +0000</pubDate>
		<dc:creator><![CDATA[zakhar]]></dc:creator>
		<guid isPermaLink="false">http://dummy.xtemos.com/woodmart-elementor/demos/wp-content/uploads/sites/2/2021/03/rectangle-black.svg</guid>
		<description></description>
		<content:encoded><![CDATA[]]></content:encoded>
		<excerpt:encoded><![CDATA[]]></excerpt:encoded>
		<wp:post_id>10102</wp:post_id>
		<wp:post_date>2021-03-24 17:06:07</wp:post_date>
		<wp:post_date_gmt>2021-03-24 17:06:07</wp:post_date_gmt>
		<wp:comment_status>open</wp:comment_status>
		<wp:ping_status>closed</wp:ping_status>
		<wp:post_name>rectangle-black-2</wp:post_name>
		<wp:status>inherit</wp:status>
		<wp:post_parent>0</wp:post_parent>
		<wp:menu_order>0</wp:menu_order>
		<wp:post_type>attachment</wp:post_type>
		<wp:post_password></wp:post_password>
		<wp:is_sticky>0</wp:is_sticky>
						<wp:attachment_url>http://dummy.xtemos.com/woodmart-elementor/demos/wp-content/uploads/sites/2/2021/03/rectangle-black.svg</wp:attachment_url>
												<wp:postmeta>
			<wp:meta_key>_wp_attached_file</wp:meta_key>
			<wp:meta_value><![CDATA[2021/03/rectangle-black.svg]]></wp:meta_value>
		</wp:postmeta>
						</item>
				</channel>
</rss>
	