<?xml version="1.0" encoding="UTF-8" ?>
<!-- This is a WordPress eXtended RSS file generated by WordPress as an export of your site. -->
<!-- It contains information about your site's posts, pages, comments, categories, and other content. -->
<!-- You may use this file to transfer that content from one site to another. -->
<!-- This file is not intended to serve as a complete backup of your site. -->

<!-- To import this information into a WordPress site follow these steps: -->
<!-- 1. Log in to that site as an administrator. -->
<!-- 2. Go to Tools: Import in the WordPress admin panel. -->
<!-- 3. Install the "WordPress" importer from the list. -->
<!-- 4. Activate & Run Importer. -->
<!-- 5. Upload this file using the form provided on that page. -->
<!-- 6. You will first be asked to map the authors in this export file to users -->
<!--    on the site. For each author, you may choose to map to an -->
<!--    existing user on the site or to create a new user. -->
<!-- 7. WordPress will then import each of the posts, pages, comments, categories, etc. -->
<!--    contained in this file into your site. -->

	<!-- generator="WordPress/5.4.2" created="2020-07-17 14:01" -->
<rss version="2.0"
	xmlns:excerpt="http://wordpress.org/export/1.2/excerpt/"
	xmlns:content="http://purl.org/rss/1.0/modules/content/"
	xmlns:wfw="http://wellformedweb.org/CommentAPI/"
	xmlns:dc="http://purl.org/dc/elements/1.1/"
	xmlns:wp="http://wordpress.org/export/1.2/"
>

<channel>
	<title>Woodmart dummy demos</title>
	<link>http://dummy.xtemos.com/woodmart-elementor/demos</link>
	<description>Just another Woodmart Dummy Content Sites site</description>
	<pubDate>Fri, 17 Jul 2020 14:01:21 +0000</pubDate>
	<language>en-US</language>
	<wp:wxr_version>1.2</wp:wxr_version>
	<wp:base_site_url>http://dummy.xtemos.com/woodmart-elementor/</wp:base_site_url>
	<wp:base_blog_url>http://dummy.xtemos.com/woodmart-elementor/demos</wp:base_blog_url>

		<wp:author><wp:author_id>2</wp:author_id><wp:author_login>erwin</wp:author_login><wp:author_email>ss@asas.as</wp:author_email><wp:author_display_name><![CDATA[erwin]]></wp:author_display_name><wp:author_first_name><![CDATA[]]></wp:author_first_name><wp:author_last_name><![CDATA[]]></wp:author_last_name></wp:author>

				
	<generator>https://wordpress.org/?v=5.4.2</generator>

		<item>
		<title>
				Gradients		</title>
		<link>http://dummy.xtemos.com/woodmart-elementor/demos/gradients/</link>
		<pubDate>Tue, 04 Jul 2017 14:29:13 +0000</pubDate>
		<dc:creator><![CDATA[erwin]]></dc:creator>
		<guid isPermaLink="false">http://dummy.xtemos.com/woodmart-elementor/demos/?page_id=804</guid>
		<description></description>
		<content:encoded><![CDATA[<h4>
					GRADIENTS				</h4>
					Linear				
				<h4>
					TOP - BOTTOM				</h4>
					Linear				
				<h4>
					LEFT - RIGHT				</h4>
					Radial circle				
				<h4>
					CENTER - CENTER				</h4>
					Radial circle				
				<h4>
					LEFT - BOTTOM				</h4>
					Radial ellipse				
				<h4>
					CENTER - BOTTOM				</h4>
					Radial ellipse				
				<h4>
					SECTION VIGNETTING				</h4>
					Linear				
				<h4>
					SECTION SMOOTH TRANSITION				</h4>]]></content:encoded>
		<excerpt:encoded><![CDATA[]]></excerpt:encoded>
		<wp:post_id>804</wp:post_id>
		<wp:post_date>2017-07-04 14:29:13</wp:post_date>
		<wp:post_date_gmt>2017-07-04 14:29:13</wp:post_date_gmt>
		<wp:comment_status>closed</wp:comment_status>
		<wp:ping_status>closed</wp:ping_status>
		<wp:post_name>gradients</wp:post_name>
		<wp:status>publish</wp:status>
		<wp:post_parent>0</wp:post_parent>
		<wp:menu_order>0</wp:menu_order>
		<wp:post_type>page</wp:post_type>
		<wp:post_password></wp:post_password>
		<wp:is_sticky>0</wp:is_sticky>
														<wp:postmeta>
			<wp:meta_key>_wp_page_template</wp:meta_key>
			<wp:meta_value><![CDATA[default]]></wp:meta_value>
		</wp:postmeta>
							<wp:postmeta>
			<wp:meta_key>_woodmart_main_layout</wp:meta_key>
			<wp:meta_value><![CDATA[full-width]]></wp:meta_value>
		</wp:postmeta>
							<wp:postmeta>
			<wp:meta_key>_woodmart_header</wp:meta_key>
			<wp:meta_value><![CDATA[simple]]></wp:meta_value>
		</wp:postmeta>
							<wp:postmeta>
			<wp:meta_key>_woodmart_header_color_scheme</wp:meta_key>
			<wp:meta_value><![CDATA[light]]></wp:meta_value>
		</wp:postmeta>
							<wp:postmeta>
			<wp:meta_key>_woodmart_header-overlap</wp:meta_key>
			<wp:meta_value><![CDATA[on]]></wp:meta_value>
		</wp:postmeta>
							<wp:postmeta>
			<wp:meta_key>_woodmart_title_off</wp:meta_key>
			<wp:meta_value><![CDATA[on]]></wp:meta_value>
		</wp:postmeta>
							<wp:postmeta>
			<wp:meta_key>_woodmart_top_bar_off</wp:meta_key>
			<wp:meta_value><![CDATA[on]]></wp:meta_value>
		</wp:postmeta>
							<wp:postmeta>
			<wp:meta_key>_woodmart_whb_header</wp:meta_key>
			<wp:meta_value><![CDATA[header_576762]]></wp:meta_value>
		</wp:postmeta>
							<wp:postmeta>
			<wp:meta_key>_elementor_data</wp:meta_key>
			<wp:meta_value><![CDATA[[{"id":"631014","elType":"section","settings":{"wd_section_stretch":"stretch","full_height":"yes","content_position":"middle","woodmart_gradient_switch":"yes","woodmart_color_gradient":"rgba(255, 247, 219, 0.2)-29\/rgba(1, 26, 117, 0.498)-100\/|radial-gradient(center bottom , circle cover , rgba(255, 247, 219, 0.2) 29% , rgba(1, 26, 117, 0.498) 100%)|circle|center bottom","background_background":"classic","background_image":{"url":"http:\/\/dummy.xtemos.com\/woodmart-elementor\/demos\/wp-content\/uploads\/sites\/2\/2017\/07\/wood-gradient-bg-5.jpg?id=805","id":""},"background_size":"cover","background_repeat":"no-repeat","height":"min-height","custom_height":{"unit":"vh","size":"100","sizes":[]},"background_position":"center center","background_overlay_background":"gradient","background_overlay_color":"rgba(255, 247, 219, 0.2)","background_overlay_color_stop":{"unit":"%","size":"29","sizes":[]},"background_overlay_color_b":"rgba(1, 26, 117, 0.498)","background_overlay_gradient_type":"radial","background_overlay_gradient_position":"bottom center","background_overlay_opacity":{"unit":"px","size":"1","sizes":[]}},"elements":[{"id":"4248429","elType":"column","settings":{"_column_size":"100","wd_color_scheme":"light","column_sticky_offset":"50","scroll_y":"-80"},"elements":[{"id":"7619918","elType":"widget","settings":{"subtitle":"","after_title":"","image_size":"custom","color":"white","size":"extra-large","title":"GRADIENTS","scroll_y":"-80"},"elements":[],"widgetType":"wd_title"}],"isInner":""}],"isInner":""},{"id":"8343682","elType":"section","settings":{"wd_section_stretch":"stretch","woodmart_gradient_switch":"yes","woodmart_color_gradient":"rgb(9, 67, 100)-0\/rgb(29, 28, 44)-100\/|linear-gradient(top , rgb(9, 67, 100) , rgb(29, 28, 44) 100%)|linear|top","gap":"no","background_background":"gradient","background_color":"#72859A","background_color_b":"#21749C","background_gradient_angle":{"unit":"deg","size":"90","sizes":[]},"padding":{"unit":"px","top":"0","right":"0","bottom":"0","left":"0","isLinked":"1"}},"elements":[{"id":"271677","elType":"column","settings":{"_column_size":"100","wd_color_scheme":"light","column_sticky_offset":"50","scroll_y":"-80"},"elements":[{"id":"f41f056","elType":"widget","settings":{"space":{"unit":"px","size":"3","sizes":[]},"scroll_y":"-80"},"elements":[],"widgetType":"spacer"}],"isInner":""}],"isInner":""},{"id":"8e736fd","elType":"section","settings":{"wd_section_stretch":"stretch","woodmart_gradient_switch":"yes","woodmart_color_gradient":"rgb(9, 67, 100)-0\/rgb(29, 28, 44)-100\/|linear-gradient(top , rgb(9, 67, 100) , rgb(29, 28, 44) 100%)|linear|top","background_background":"gradient","background_color":"#094364","background_color_b":"#1D1C2C","padding":{"unit":"px","top":"200","right":"15","bottom":"200","left":"15","isLinked":""}},"elements":[{"id":"3796efb","elType":"column","settings":{"_column_size":"100","wd_color_scheme":"light","column_sticky_offset":"50","scroll_y":"-80"},"elements":[{"id":"734ca39","elType":"widget","settings":{"subtitle":"Linear","after_title":"","image_size":"custom","color":"white","size":"extra-large","title":"TOP - BOTTOM","scroll_y":"-80"},"elements":[],"widgetType":"wd_title"}],"isInner":""}],"isInner":""},{"id":"17fe5df","elType":"section","settings":{"wd_section_stretch":"stretch","woodmart_gradient_switch":"yes","woodmart_color_gradient":"rgb(9, 67, 100)-0\/rgb(29, 28, 44)-100\/|linear-gradient(top , rgb(9, 67, 100) , rgb(29, 28, 44) 100%)|linear|top","gap":"no","background_background":"gradient","background_color":"#72859A","background_color_b":"#21749C","background_gradient_angle":{"unit":"deg","size":"90","sizes":[]},"padding":{"unit":"px","top":"0","right":"0","bottom":"0","left":"0","isLinked":"1"}},"elements":[{"id":"a5dcc76","elType":"column","settings":{"_column_size":"100","wd_color_scheme":"light","column_sticky_offset":"50","scroll_y":"-80"},"elements":[{"id":"95601a4","elType":"widget","settings":{"space":{"unit":"px","size":"3","sizes":[]},"scroll_y":"-80"},"elements":[],"widgetType":"spacer"}],"isInner":""}],"isInner":""},{"id":"7251469","elType":"section","settings":{"wd_section_stretch":"stretch","woodmart_gradient_switch":"yes","woodmart_color_gradient":"rgb(6, 17, 97)-0\/rgb(120, 2, 6)-100\/|linear-gradient(left , rgb(6, 17, 97) , rgb(120, 2, 6) 100%)|linear|left","background_background":"gradient","background_color":"#061161","background_color_b":"#780206","background_gradient_angle":{"unit":"deg","size":"90","sizes":[]},"padding":{"unit":"px","top":"200","right":"15","bottom":"200","left":"15","isLinked":""}},"elements":[{"id":"9415139","elType":"column","settings":{"_column_size":"100","wd_color_scheme":"light","column_sticky_offset":"50","scroll_y":"-80"},"elements":[{"id":"9114339","elType":"widget","settings":{"subtitle":"Linear","after_title":"","image_size":"custom","color":"white","size":"extra-large","title":"LEFT - RIGHT","scroll_y":"-80"},"elements":[],"widgetType":"wd_title"}],"isInner":""}],"isInner":""},{"id":"3ebcac9","elType":"section","settings":{"wd_section_stretch":"stretch","woodmart_gradient_switch":"yes","woodmart_color_gradient":"rgb(9, 67, 100)-0\/rgb(29, 28, 44)-100\/|linear-gradient(top , rgb(9, 67, 100) , rgb(29, 28, 44) 100%)|linear|top","gap":"no","background_background":"gradient","background_color":"#72859A","background_color_b":"#21749C","background_gradient_angle":{"unit":"deg","size":"90","sizes":[]},"padding":{"unit":"px","top":"0","right":"0","bottom":"0","left":"0","isLinked":"1"}},"elements":[{"id":"0e1bf9f","elType":"column","settings":{"_column_size":"100","wd_color_scheme":"light","column_sticky_offset":"50","scroll_y":"-80"},"elements":[{"id":"c2b82be","elType":"widget","settings":{"space":{"unit":"px","size":"3","sizes":[]},"scroll_y":"-80"},"elements":[],"widgetType":"spacer"}],"isInner":""}],"isInner":""},{"id":"7339282","elType":"section","settings":{"wd_section_stretch":"stretch","woodmart_gradient_switch":"yes","woodmart_color_gradient":"rgb(96, 129, 136)-0\/rgb(47, 38, 38)-100\/|radial-gradient(center center , circle cover , rgb(96, 129, 136) , rgb(47, 38, 38) 100%)|circle|center center","background_background":"gradient","background_color":"#608188","background_color_b":"#2F2626","background_gradient_type":"radial","padding":{"unit":"px","top":"200","right":"15","bottom":"200","left":"15","isLinked":""}},"elements":[{"id":"5830347","elType":"column","settings":{"_column_size":"100","wd_color_scheme":"light","column_sticky_offset":"50","scroll_y":"-80"},"elements":[{"id":"7983477","elType":"widget","settings":{"subtitle":"Radial circle","after_title":"","image_size":"custom","color":"white","size":"extra-large","title":"CENTER - CENTER","scroll_y":"-80"},"elements":[],"widgetType":"wd_title"}],"isInner":""}],"isInner":""},{"id":"02c3f7e","elType":"section","settings":{"wd_section_stretch":"stretch","woodmart_gradient_switch":"yes","woodmart_color_gradient":"rgb(9, 67, 100)-0\/rgb(29, 28, 44)-100\/|linear-gradient(top , rgb(9, 67, 100) , rgb(29, 28, 44) 100%)|linear|top","gap":"no","background_background":"gradient","background_color":"#72859A","background_color_b":"#21749C","background_gradient_angle":{"unit":"deg","size":"90","sizes":[]},"padding":{"unit":"px","top":"0","right":"0","bottom":"0","left":"0","isLinked":"1"}},"elements":[{"id":"e6089bc","elType":"column","settings":{"_column_size":"100","wd_color_scheme":"light","column_sticky_offset":"50","scroll_y":"-80"},"elements":[{"id":"097277d","elType":"widget","settings":{"space":{"unit":"px","size":"3","sizes":[]},"scroll_y":"-80"},"elements":[],"widgetType":"spacer"}],"isInner":""}],"isInner":""},{"id":"9436677","elType":"section","settings":{"wd_section_stretch":"stretch","woodmart_gradient_switch":"yes","woodmart_color_gradient":"rgb(60, 27, 59)-0\/rgb(90, 55, 105)-33\/rgb(46, 76, 130)-66\/rgb(29, 28, 44)-100\/|radial-gradient(left bottom , circle cover , rgb(60, 27, 59) , rgb(90, 55, 105) 33% , rgb(46, 76, 130) 66% , rgb(29, 28, 44) 100%)|circle|left bottom","background_background":"gradient","background_color":"#5A3769","background_color_stop":{"unit":"%","size":"50","sizes":[]},"background_color_b":"#2E4C82","background_gradient_type":"radial","background_gradient_angle":{"unit":"deg","size":"70","sizes":[]},"background_gradient_position":"bottom left","padding":{"unit":"px","top":"200","right":"15","bottom":"200","left":"15","isLinked":""}},"elements":[{"id":"227956","elType":"column","settings":{"_column_size":"100","wd_color_scheme":"light","column_sticky_offset":"50","scroll_y":"-80"},"elements":[{"id":"2990326","elType":"widget","settings":{"subtitle":"Radial circle","after_title":"","image_size":"custom","color":"white","size":"extra-large","title":"LEFT - BOTTOM","scroll_y":"-80"},"elements":[],"widgetType":"wd_title"}],"isInner":""}],"isInner":""},{"id":"25f99be","elType":"section","settings":{"wd_section_stretch":"stretch","woodmart_gradient_switch":"yes","woodmart_color_gradient":"rgb(9, 67, 100)-0\/rgb(29, 28, 44)-100\/|linear-gradient(top , rgb(9, 67, 100) , rgb(29, 28, 44) 100%)|linear|top","gap":"no","background_background":"gradient","background_color":"#72859A","background_color_b":"#21749C","background_gradient_angle":{"unit":"deg","size":"90","sizes":[]},"padding":{"unit":"px","top":"0","right":"0","bottom":"0","left":"0","isLinked":"1"}},"elements":[{"id":"9f47266","elType":"column","settings":{"_column_size":"100","wd_color_scheme":"light","column_sticky_offset":"50","scroll_y":"-80"},"elements":[{"id":"0e43116","elType":"widget","settings":{"space":{"unit":"px","size":"3","sizes":[]},"scroll_y":"-80"},"elements":[],"widgetType":"spacer"}],"isInner":""}],"isInner":""},{"id":"94922","elType":"section","settings":{"wd_section_stretch":"stretch","woodmart_gradient_switch":"yes","woodmart_color_gradient":"rgba(40, 166, 230, 0.431373)-0\/rgb(7, 27, 13)-100\/|radial-gradient(center bottom , ellipse cover , rgba(40, 166, 230, 0.431373) , rgb(7, 27, 13) 100%)|ellipse|center bottom","background_background":"gradient","background_color":"rgba(40, 166, 230, 0.43137254901960786)","background_color_b":"#071B0D","background_gradient_type":"radial","background_gradient_position":"bottom center","padding":{"unit":"px","top":"200","right":"15","bottom":"200","left":"15","isLinked":""}},"elements":[{"id":"1610204","elType":"column","settings":{"_column_size":"100","wd_color_scheme":"light","column_sticky_offset":"50","scroll_y":"-80"},"elements":[{"id":"5476011","elType":"widget","settings":{"subtitle":"Radial ellipse","after_title":"","image_size":"custom","color":"white","size":"extra-large","title":"CENTER - BOTTOM","scroll_y":"-80"},"elements":[],"widgetType":"wd_title"}],"isInner":""}],"isInner":""},{"id":"be6dc29","elType":"section","settings":{"wd_section_stretch":"stretch","woodmart_gradient_switch":"yes","woodmart_color_gradient":"rgb(9, 67, 100)-0\/rgb(29, 28, 44)-100\/|linear-gradient(top , rgb(9, 67, 100) , rgb(29, 28, 44) 100%)|linear|top","gap":"no","background_background":"gradient","background_color":"#72859A","background_color_b":"#21749C","background_gradient_angle":{"unit":"deg","size":"90","sizes":[]},"padding":{"unit":"px","top":"0","right":"0","bottom":"0","left":"0","isLinked":"1"}},"elements":[{"id":"9cfd240","elType":"column","settings":{"_column_size":"100","wd_color_scheme":"light","column_sticky_offset":"50","scroll_y":"-80"},"elements":[{"id":"f469f9a","elType":"widget","settings":{"space":{"unit":"px","size":"3","sizes":[]},"scroll_y":"-80"},"elements":[],"widgetType":"spacer"}],"isInner":""}],"isInner":""},{"id":"5740258","elType":"section","settings":{"wd_section_stretch":"stretch","woodmart_gradient_switch":"yes","woodmart_color_gradient":"rgba(0, 0, 0, 0.2)-0\/rgb(0, 0, 0)-100\/|radial-gradient(center bottom , ellipse cover , rgba(0, 0, 0, 0.2) , rgb(0, 0, 0) 100%)|ellipse|center bottom","background_background":"classic","background_image":{"url":"http:\/\/dummy.xtemos.com\/woodmart-elementor\/demos\/wp-content\/uploads\/sites\/2\/2017\/07\/wood-gradient-bg-1.jpg?id=806","id":""},"background_size":"cover","background_repeat":"no-repeat","background_position":"center center","background_overlay_background":"gradient","background_overlay_color":"rgba(0, 0, 0, 0.2)","background_overlay_color_b":"#000000","background_overlay_gradient_type":"radial","background_overlay_gradient_angle":{"unit":"deg","size":"0","sizes":[]},"background_overlay_gradient_position":"bottom center","background_overlay_opacity":{"unit":"px","size":"1","sizes":[]},"padding":{"unit":"px","top":"235","right":"15","bottom":"200","left":"15","isLinked":""}},"elements":[{"id":"4859404","elType":"column","settings":{"_column_size":"100","wd_color_scheme":"light","column_sticky_offset":"50","scroll_y":"-80"},"elements":[{"id":"7477662","elType":"widget","settings":{"subtitle":"Radial ellipse","after_title":"","image_size":"custom","color":"gradient","size":"extra-large","title":"SECTION VIGNETTING","woodmart_color_gradient":"rgba(255, 220, 174, 0.901961)-0\/rgba(203, 255, 126, 0.85098)-100\/|linear-gradient(left , rgba(255, 220, 174, 0.901961) , rgba(203, 255, 126, 0.85098) 100%)|linear|left","color_gradient_background":"gradient","color_gradient_color":"rgba(255, 220, 174, 0.9019607843137255)","color_gradient_color_b":"rgba(203, 255, 126, 0.8509803921568627)","color_gradient_gradient_angle":{"unit":"deg","size":"90","sizes":[]},"scroll_y":"-80"},"elements":[],"widgetType":"wd_title"}],"isInner":""}],"isInner":""},{"id":"caf41cd","elType":"section","settings":{"wd_section_stretch":"stretch","woodmart_gradient_switch":"yes","woodmart_color_gradient":"rgb(9, 67, 100)-0\/rgb(29, 28, 44)-100\/|linear-gradient(top , rgb(9, 67, 100) , rgb(29, 28, 44) 100%)|linear|top","gap":"no","background_background":"gradient","background_color":"#72859A","background_color_b":"#21749C","background_gradient_angle":{"unit":"deg","size":"90","sizes":[]},"padding":{"unit":"px","top":"0","right":"0","bottom":"0","left":"0","isLinked":"1"}},"elements":[{"id":"75a0543","elType":"column","settings":{"_column_size":"100","wd_color_scheme":"light","column_sticky_offset":"50","scroll_y":"-80"},"elements":[{"id":"16a0bb5","elType":"widget","settings":{"space":{"unit":"px","size":"3","sizes":[]},"scroll_y":"-80"},"elements":[],"widgetType":"spacer"}],"isInner":""}],"isInner":""},{"id":"9149056","elType":"section","settings":{"wd_section_stretch":"stretch","woodmart_gradient_switch":"yes","woodmart_color_gradient":"rgb(249, 249, 249)-0\/rgba(117, 1, 0, 0)-100\/|linear-gradient(bottom , rgb(249, 249, 249) , rgba(117, 1, 0, 0) 100%)|linear|bottom","background_background":"classic","background_image":{"url":"http:\/\/dummy.xtemos.com\/woodmart-elementor\/demos\/wp-content\/uploads\/sites\/2\/2017\/07\/gradients-page-bg-3.jpg?id=807","id":""},"background_size":"cover","background_repeat":"no-repeat","background_position":"center center","background_overlay_background":"gradient","background_overlay_color":"#F9F9F9","background_overlay_color_b":"rgba(117, 1, 0, 0)","background_overlay_gradient_angle":{"unit":"deg","size":"0","sizes":[]},"background_overlay_opacity":{"unit":"px","size":"1","sizes":[]},"margin":{"unit":"px","top":"0","right":"0","bottom":"-40","left":"0","isLinked":""},"padding":{"unit":"px","top":"235","right":"15","bottom":"200","left":"15","isLinked":""}},"elements":[{"id":"7245986","elType":"column","settings":{"_column_size":"100","wd_color_scheme":"light","column_sticky_offset":"50","scroll_y":"-80"},"elements":[{"id":"918151","elType":"widget","settings":{"subtitle":"Linear","after_title":"","image_size":"custom","color":"gradient","size":"extra-large","title":"SECTION SMOOTH TRANSITION","woodmart_color_gradient":"rgba(17, 66, 101, 0.819608)-0\/rgb(0, 196, 255)-100\/|linear-gradient(left , rgba(17, 66, 101, 0.819608) , rgb(0, 196, 255) 100%)|linear|left","color_gradient_background":"gradient","color_gradient_color":"rgba(17, 66, 101, 0.8196078431372549)","color_gradient_color_b":"#00C4FF","color_gradient_gradient_angle":{"unit":"deg","size":"90","sizes":[]},"scroll_y":"-80"},"elements":[],"widgetType":"wd_title"}],"isInner":""}],"isInner":""}]]]></wp:meta_value>
		</wp:postmeta>
							<wp:postmeta>
			<wp:meta_key>_elementor_edit_mode</wp:meta_key>
			<wp:meta_value><![CDATA[builder]]></wp:meta_value>
		</wp:postmeta>
							<wp:postmeta>
			<wp:meta_key>_elementor_version</wp:meta_key>
			<wp:meta_value><![CDATA[2.9.11]]></wp:meta_value>
		</wp:postmeta>
							<wp:postmeta>
			<wp:meta_key>_elementor_template_type</wp:meta_key>
			<wp:meta_value><![CDATA[wp-page]]></wp:meta_value>
		</wp:postmeta>
							<wp:postmeta>
			<wp:meta_key>_elementor_controls_usage</wp:meta_key>
			<wp:meta_value><![CDATA[a:4:{s:8:"wd_title";a:3:{s:5:"count";i:8;s:15:"control_percent";i:4;s:8:"controls";a:3:{s:7:"content";a:1:{s:23:"general_content_section";a:3:{s:8:"subtitle";i:8;s:11:"after_title";i:8;s:5:"title";i:8;}}s:5:"style";a:2:{s:19:"title_style_section";a:1:{s:10:"image_size";i:8;}s:21:"general_style_section";a:6:{s:5:"color";i:8;s:4:"size";i:8;s:25:"color_gradient_background";i:2;s:20:"color_gradient_color";i:2;s:22:"color_gradient_color_b";i:2;s:29:"color_gradient_gradient_angle";i:2;}}s:8:"advanced";a:1:{s:8:"wd_extra";a:1:{s:8:"scroll_y";i:8;}}}}s:6:"column";a:3:{s:5:"count";i:15;s:15:"control_percent";i:1;s:8:"controls";a:2:{s:5:"style";a:1:{s:14:"wd_extra_style";a:1:{s:15:"wd_color_scheme";i:15;}}s:8:"advanced";a:1:{s:8:"wd_extra";a:2:{s:20:"column_sticky_offset";i:15;s:8:"scroll_y";i:15;}}}}s:7:"section";a:3:{s:5:"count";i:15;s:15:"control_percent";i:4;s:8:"controls";a:3:{s:6:"layout";a:2:{s:15:"wd_extra_layout";a:1:{s:18:"wd_section_stretch";i:15;}s:14:"section_layout";a:4:{s:16:"content_position";i:1;s:6:"height";i:1;s:13:"custom_height";i:1;s:3:"gap";i:7;}}s:5:"style";a:2:{s:18:"section_background";a:11:{s:21:"background_background";i:15;s:16:"background_image";i:3;s:15:"background_size";i:3;s:17:"background_repeat";i:3;s:19:"background_position";i:3;s:16:"background_color";i:12;s:18:"background_color_b";i:12;s:25:"background_gradient_angle";i:9;s:24:"background_gradient_type";i:3;s:21:"background_color_stop";i:1;s:28:"background_gradient_position";i:2;}s:26:"section_background_overlay";a:8:{s:29:"background_overlay_background";i:3;s:24:"background_overlay_color";i:3;s:29:"background_overlay_color_stop";i:1;s:26:"background_overlay_color_b";i:3;s:32:"background_overlay_gradient_type";i:2;s:36:"background_overlay_gradient_position";i:2;s:26:"background_overlay_opacity";i:3;s:33:"background_overlay_gradient_angle";i:2;}}s:8:"advanced";a:1:{s:16:"section_advanced";a:2:{s:7:"padding";i:14;s:6:"margin";i:1;}}}}s:6:"spacer";a:3:{s:5:"count";i:7;s:15:"control_percent";i:1;s:8:"controls";a:2:{s:7:"content";a:1:{s:14:"section_spacer";a:1:{s:5:"space";i:7;}}s:8:"advanced";a:1:{s:8:"wd_extra";a:1:{s:8:"scroll_y";i:7;}}}}}]]></wp:meta_value>
		</wp:postmeta>
						</item>
						<item>
		<title>
				wood-gradient-bg-5		</title>
		<link>http://dummy.xtemos.com/woodmart-elementor/demos/gradients/wood-gradient-bg-5/</link>
		<pubDate>Tue, 04 Jul 2017 14:28:18 +0000</pubDate>
		<dc:creator><![CDATA[erwin]]></dc:creator>
		<guid isPermaLink="false">http://dummy.xtemos.com/woodmart-elementor/demos/wp-content/uploads/sites/2/2017/07/wood-gradient-bg-5.jpg</guid>
		<description></description>
		<content:encoded><![CDATA[]]></content:encoded>
		<excerpt:encoded><![CDATA[]]></excerpt:encoded>
		<wp:post_id>805</wp:post_id>
		<wp:post_date>2017-07-04 14:28:18</wp:post_date>
		<wp:post_date_gmt>2017-07-04 14:28:18</wp:post_date_gmt>
		<wp:comment_status>open</wp:comment_status>
		<wp:ping_status>closed</wp:ping_status>
		<wp:post_name>wood-gradient-bg-5</wp:post_name>
		<wp:status>inherit</wp:status>
		<wp:post_parent>804</wp:post_parent>
		<wp:menu_order>0</wp:menu_order>
		<wp:post_type>attachment</wp:post_type>
		<wp:post_password></wp:post_password>
		<wp:is_sticky>0</wp:is_sticky>
						<wp:attachment_url>http://dummy.xtemos.com/woodmart-elementor/demos/wp-content/uploads/sites/2/2017/07/wood-gradient-bg-5.jpg</wp:attachment_url>
												<wp:postmeta>
			<wp:meta_key>_wp_attached_file</wp:meta_key>
			<wp:meta_value><![CDATA[2017/07/wood-gradient-bg-5.jpg]]></wp:meta_value>
		</wp:postmeta>
						</item>
					<item>
		<title>
				wood-gradient-bg-1		</title>
		<link>http://dummy.xtemos.com/woodmart-elementor/demos/gradients/wood-gradient-bg-1/</link>
		<pubDate>Tue, 04 Jul 2017 14:28:20 +0000</pubDate>
		<dc:creator><![CDATA[erwin]]></dc:creator>
		<guid isPermaLink="false">http://dummy.xtemos.com/woodmart-elementor/demos/wp-content/uploads/sites/2/2017/07/wood-gradient-bg-1.jpg</guid>
		<description></description>
		<content:encoded><![CDATA[]]></content:encoded>
		<excerpt:encoded><![CDATA[]]></excerpt:encoded>
		<wp:post_id>806</wp:post_id>
		<wp:post_date>2017-07-04 14:28:20</wp:post_date>
		<wp:post_date_gmt>2017-07-04 14:28:20</wp:post_date_gmt>
		<wp:comment_status>open</wp:comment_status>
		<wp:ping_status>closed</wp:ping_status>
		<wp:post_name>wood-gradient-bg-1</wp:post_name>
		<wp:status>inherit</wp:status>
		<wp:post_parent>804</wp:post_parent>
		<wp:menu_order>0</wp:menu_order>
		<wp:post_type>attachment</wp:post_type>
		<wp:post_password></wp:post_password>
		<wp:is_sticky>0</wp:is_sticky>
						<wp:attachment_url>http://dummy.xtemos.com/woodmart-elementor/demos/wp-content/uploads/sites/2/2017/07/wood-gradient-bg-1.jpg</wp:attachment_url>
												<wp:postmeta>
			<wp:meta_key>_wp_attached_file</wp:meta_key>
			<wp:meta_value><![CDATA[2017/07/wood-gradient-bg-1.jpg]]></wp:meta_value>
		</wp:postmeta>
						</item>
					<item>
		<title>
				gradients-page-bg-3		</title>
		<link>http://dummy.xtemos.com/woodmart-elementor/demos/gradients/gradients-page-bg-3/</link>
		<pubDate>Tue, 04 Jul 2017 14:28:22 +0000</pubDate>
		<dc:creator><![CDATA[erwin]]></dc:creator>
		<guid isPermaLink="false">http://dummy.xtemos.com/woodmart-elementor/demos/wp-content/uploads/sites/2/2017/07/gradients-page-bg-3.jpg</guid>
		<description></description>
		<content:encoded><![CDATA[]]></content:encoded>
		<excerpt:encoded><![CDATA[]]></excerpt:encoded>
		<wp:post_id>807</wp:post_id>
		<wp:post_date>2017-07-04 14:28:22</wp:post_date>
		<wp:post_date_gmt>2017-07-04 14:28:22</wp:post_date_gmt>
		<wp:comment_status>open</wp:comment_status>
		<wp:ping_status>closed</wp:ping_status>
		<wp:post_name>gradients-page-bg-3</wp:post_name>
		<wp:status>inherit</wp:status>
		<wp:post_parent>804</wp:post_parent>
		<wp:menu_order>0</wp:menu_order>
		<wp:post_type>attachment</wp:post_type>
		<wp:post_password></wp:post_password>
		<wp:is_sticky>0</wp:is_sticky>
						<wp:attachment_url>http://dummy.xtemos.com/woodmart-elementor/demos/wp-content/uploads/sites/2/2017/07/gradients-page-bg-3.jpg</wp:attachment_url>
												<wp:postmeta>
			<wp:meta_key>_wp_attached_file</wp:meta_key>
			<wp:meta_value><![CDATA[2017/07/gradients-page-bg-3.jpg]]></wp:meta_value>
		</wp:postmeta>
						</item>
				</channel>
</rss>
	