<?xml version="1.0" encoding="UTF-8" ?>
<!-- This is a WordPress eXtended RSS file generated by WordPress as an export of your site. -->
<!-- It contains information about your site's posts, pages, comments, categories, and other content. -->
<!-- You may use this file to transfer that content from one site to another. -->
<!-- This file is not intended to serve as a complete backup of your site. -->

<!-- To import this information into a WordPress site follow these steps: -->
<!-- 1. Log in to that site as an administrator. -->
<!-- 2. Go to Tools: Import in the WordPress admin panel. -->
<!-- 3. Install the "WordPress" importer from the list. -->
<!-- 4. Activate & Run Importer. -->
<!-- 5. Upload this file using the form provided on that page. -->
<!-- 6. You will first be asked to map the authors in this export file to users -->
<!--    on the site. For each author, you may choose to map to an -->
<!--    existing user on the site or to create a new user. -->
<!-- 7. WordPress will then import each of the posts, pages, comments, categories, etc. -->
<!--    contained in this file into your site. -->

	<!-- generator="WordPress/5.4.2" created="2020-07-17 13:08" -->
<rss version="2.0"
	xmlns:excerpt="http://wordpress.org/export/1.2/excerpt/"
	xmlns:content="http://purl.org/rss/1.0/modules/content/"
	xmlns:wfw="http://wellformedweb.org/CommentAPI/"
	xmlns:dc="http://purl.org/dc/elements/1.1/"
	xmlns:wp="http://wordpress.org/export/1.2/"
>

<channel>
	<title>Woodmart dummy demos</title>
	<link>http://dummy.xtemos.com/woodmart-elementor/demos</link>
	<description>Just another Woodmart Dummy Content Sites site</description>
	<pubDate>Fri, 17 Jul 2020 13:08:04 +0000</pubDate>
	<language>en-US</language>
	<wp:wxr_version>1.2</wp:wxr_version>
	<wp:base_site_url>http://dummy.xtemos.com/woodmart-elementor/</wp:base_site_url>
	<wp:base_blog_url>http://dummy.xtemos.com/woodmart-elementor/demos</wp:base_blog_url>

		<wp:author><wp:author_id>2</wp:author_id><wp:author_login>erwin</wp:author_login><wp:author_email>ss@asas.as</wp:author_email><wp:author_display_name><![CDATA[erwin]]></wp:author_display_name><wp:author_first_name><![CDATA[]]></wp:author_first_name><wp:author_last_name><![CDATA[]]></wp:author_last_name></wp:author>

				
	<generator>https://wordpress.org/?v=5.4.2</generator>

		<item>
		<title>
				Animated counter		</title>
		<link>http://dummy.xtemos.com/woodmart-elementor/demos/animated-counter/</link>
		<pubDate>Tue, 04 Jul 2017 13:13:22 +0000</pubDate>
		<dc:creator><![CDATA[erwin]]></dc:creator>
		<guid isPermaLink="false">http://dummy.xtemos.com/woodmart-elementor/demos/?page_id=782</guid>
		<description></description>
		<content:encoded><![CDATA[XTEMOS ELEMENTS				
				<h4>
					ANIMATED COUNTER				</h4>
				324			
					COUNTER LABEL				
				263			
					COUNTER LABEL				
				654			
					COUNTER LABEL				
					XTEMOS ELEMENTS				
				<h4>
					ANIMATED COUNTER BORDERED				</h4>
				532			
					COUNTER LABEL				
				432			
					COUNTER LABEL				
				855			
					COUNTER LABEL				
					XTEMOS ELEMENTS				
				<h4>
					ANIMATED COUNTER CUSTOM COLOR				</h4>
				324			
					COUNTER LABEL				
				263			
					COUNTER LABEL				
				654			
					COUNTER LABEL				
					XTEMOS ELEMENTS				
				<h4>
					ANIMATED COUNTER SIZES				</h4>
				<h4>
					SMALL				</h4>
				532			
					COUNTER LABEL				
				<h4>
					DEFAULT				</h4>
				432			
					COUNTER LABEL				
				<h4>
					LARGE				</h4>
				678			
					COUNTER LABEL				
				<h4>
					EXTRA LARGE				</h4>
				855			
					COUNTER LABEL				
					XTEMOS ELEMENTS				
				<h4>
					ANIMATED COUNTER ALIGN				</h4>
				<h4>
					LEFT				</h4>
				324			
					COUNTER LABEL				
				<h4>
					CENTER				</h4>
				263			
					COUNTER LABEL				
				<h4>
					RIGHT				</h4>
				654			
					COUNTER LABEL				
					XTEMOS ELEMENTS				
				<h4>
					ANIMATED COUNTER COLOR SHEME LIGHT				</h4>
				64			
					COUNTER LABEL				
				128			
					COUNTER LABEL				
				256			
					COUNTER LABEL				
					XTEMOS ELEMENTS				
				<h4>
					ANIMATED COUNTER WITH BACKGROUND IMAGE				</h4>
				634			
					COUNTER LABEL				
				52			
					COUNTER LABEL				
				321			
					COUNTER LABEL				
				342			
					COUNTER LABEL]]></content:encoded>
		<excerpt:encoded><![CDATA[]]></excerpt:encoded>
		<wp:post_id>782</wp:post_id>
		<wp:post_date>2017-07-04 13:13:22</wp:post_date>
		<wp:post_date_gmt>2017-07-04 13:13:22</wp:post_date_gmt>
		<wp:comment_status>closed</wp:comment_status>
		<wp:ping_status>closed</wp:ping_status>
		<wp:post_name>animated-counter</wp:post_name>
		<wp:status>publish</wp:status>
		<wp:post_parent>0</wp:post_parent>
		<wp:menu_order>0</wp:menu_order>
		<wp:post_type>page</wp:post_type>
		<wp:post_password></wp:post_password>
		<wp:is_sticky>0</wp:is_sticky>
														<wp:postmeta>
			<wp:meta_key>_wp_page_template</wp:meta_key>
			<wp:meta_value><![CDATA[default]]></wp:meta_value>
		</wp:postmeta>
							<wp:postmeta>
			<wp:meta_key>_woodmart_header_color_scheme</wp:meta_key>
			<wp:meta_value><![CDATA[inherit]]></wp:meta_value>
		</wp:postmeta>
							<wp:postmeta>
			<wp:meta_key>_woodmart_main_layout</wp:meta_key>
			<wp:meta_value><![CDATA[full-width]]></wp:meta_value>
		</wp:postmeta>
							<wp:postmeta>
			<wp:meta_key>_elementor_data</wp:meta_key>
			<wp:meta_value><![CDATA[[{"id":"9033249","elType":"section","settings":{"margin":{"unit":"px","top":"0","right":"0","bottom":"35","left":"0","isLinked":""}},"elements":[{"id":"1112404","elType":"column","settings":{"_column_size":"100","_inline_size":"","column_sticky_offset":"50","scroll_y":"-80"},"elements":[{"id":"409051","elType":"widget","settings":{"subtitle":"XTEMOS ELEMENTS","after_title":"","image_size":"custom","style":"bordered","color":"primary","title":"ANIMATED COUNTER","title_typography_font_weight":"600","_margin":{"unit":"px","top":"0","right":"0","bottom":"5","left":"0","isLinked":""},"scroll_y":"-80"},"elements":[],"widgetType":"wd_title"},{"id":"a5e7731","elType":"section","settings":{"content_position":"middle","structure":"30"},"elements":[{"id":"5c4a182","elType":"column","settings":{"_column_size":"33","_inline_size":"","column_sticky_offset":"50","scroll_y":"-80"},"elements":[{"id":"7505273","elType":"widget","settings":{"size":"small","value":"324","label":"COUNTER LABEL","value_typography_typography":"custom","value_typography_font_weight":"600","_margin":{"unit":"px","top":"0","right":"0","bottom":"15","left":"0","isLinked":""},"scroll_y":"-80"},"elements":[],"widgetType":"wd_counter"}],"isInner":"1"},{"id":"f929560","elType":"column","settings":{"_column_size":"33","_inline_size":"","column_sticky_offset":"50","scroll_y":"-80"},"elements":[{"id":"3504376","elType":"widget","settings":{"value":"263","label":"COUNTER LABEL","value_typography_typography":"custom","value_typography_font_weight":"600","_margin":{"unit":"px","top":"0","right":"0","bottom":"15","left":"0","isLinked":""},"scroll_y":"-80"},"elements":[],"widgetType":"wd_counter"}],"isInner":"1"},{"id":"8e74a9e","elType":"column","settings":{"_column_size":"33","_inline_size":"","column_sticky_offset":"50","scroll_y":"-80"},"elements":[{"id":"4890239","elType":"widget","settings":{"size":"large","value":"654","label":"COUNTER LABEL","value_typography_typography":"custom","value_typography_font_weight":"600","_margin":{"unit":"px","top":"0","right":"0","bottom":"15","left":"0","isLinked":""},"scroll_y":"-80"},"elements":[],"widgetType":"wd_counter"}],"isInner":"1"}],"isInner":"1"}],"isInner":""}],"isInner":""},{"id":"7904345","elType":"section","settings":{"gap":"no","margin":{"unit":"px","top":"0","right":"0","bottom":"55","left":"0","isLinked":""}},"elements":[{"id":"8324541","elType":"column","settings":{"_column_size":"100","_inline_size":"","column_sticky_offset":"50","scroll_y":"-80"},"elements":[{"id":"7685733","elType":"widget","settings":{"subtitle":"XTEMOS ELEMENTS","after_title":"","image_size":"custom","style":"bordered","color":"primary","title":"ANIMATED COUNTER BORDERED","title_typography_font_weight":"600","_margin":{"unit":"px","top":"0","right":"0","bottom":"15","left":"0","isLinked":""},"scroll_y":"-80"},"elements":[],"widgetType":"wd_title"},{"id":"fb3c81e","elType":"section","settings":{"content_position":"middle","structure":"30"},"elements":[{"id":"b3effdb","elType":"column","settings":{"_column_size":"33","_inline_size":"","border_width":{"top":"2","left":"2","right":"2","bottom":"2","unit":"px","isLinked":"1"},"border_color":"#f8f8f8","margin":{"unit":"px","top":"0","right":"0","bottom":"10","left":"0","isLinked":""},"padding":{"unit":"px","top":"0","right":"0","bottom":"0","left":"0","isLinked":""},"column_sticky_offset":"50","scroll_y":"-80"},"elements":[{"id":"2725983","elType":"widget","settings":{"size":"small","value":"532","label":"COUNTER LABEL","value_typography_typography":"custom","value_typography_font_weight":"600","_margin":{"unit":"%","top":"0","right":"10","bottom":"0","left":"10","isLinked":""},"_padding":{"unit":"px","top":"35","right":"3","bottom":"35","left":"0","isLinked":""},"scroll_y":"-80","_border_border":"solid","_border_width":{"unit":"px","top":"2","right":"2","bottom":"2","left":"2","isLinked":"1"},"_border_color":"#F8F8F8"},"elements":[],"widgetType":"wd_counter"}],"isInner":"1"},{"id":"9e4b63a","elType":"column","settings":{"_column_size":"33","_inline_size":"","border_width":{"top":"2","left":"2","right":"2","bottom":"2","unit":"px","isLinked":"1"},"border_color":"#f8f8f8","margin":{"unit":"px","top":"0","right":"0","bottom":"10","left":"0","isLinked":""},"padding":{"unit":"px","top":"0","right":"0","bottom":"0","left":"0","isLinked":""},"column_sticky_offset":"50","scroll_y":"-80"},"elements":[{"id":"357955","elType":"widget","settings":{"value":"432","label":"COUNTER LABEL","value_typography_typography":"custom","value_typography_font_weight":"600","_margin":{"unit":"%","top":"0","right":"10","bottom":"0","left":"10","isLinked":""},"_padding":{"unit":"px","top":"35","right":"3","bottom":"35","left":"0","isLinked":""},"scroll_y":"-80","_border_border":"solid","_border_width":{"unit":"px","top":"2","right":"2","bottom":"2","left":"2","isLinked":"1"},"_border_color":"#F8F8F8"},"elements":[],"widgetType":"wd_counter"}],"isInner":"1"},{"id":"9f1fd77","elType":"column","settings":{"_column_size":"33","_inline_size":"","border_width":{"top":"2","left":"2","right":"2","bottom":"2","unit":"px","isLinked":"1"},"border_color":"#f8f8f8","margin":{"unit":"px","top":"0","right":"0","bottom":"10","left":"0","isLinked":""},"padding":{"unit":"px","top":"0","right":"0","bottom":"0","left":"0","isLinked":""},"column_sticky_offset":"50","scroll_y":"-80"},"elements":[{"id":"1330824","elType":"widget","settings":{"size":"large","value":"855","label":"COUNTER LABEL","value_typography_typography":"custom","value_typography_font_weight":"600","_margin":{"unit":"%","top":"0","right":"10","bottom":"0","left":"10","isLinked":""},"_padding":{"unit":"px","top":"35","right":"3","bottom":"35","left":"0","isLinked":""},"scroll_y":"-80","_border_border":"solid","_border_width":{"unit":"px","top":"2","right":"2","bottom":"2","left":"2","isLinked":"1"},"_border_color":"#F8F8F8"},"elements":[],"widgetType":"wd_counter"}],"isInner":"1"}],"isInner":"1"}],"isInner":""}],"isInner":""},{"id":"7388479","elType":"section","settings":{"margin":{"unit":"px","top":"0","right":"0","bottom":"30","left":"0","isLinked":""}},"elements":[{"id":"5479143","elType":"column","settings":{"_column_size":"100","_inline_size":"","column_sticky_offset":"50","scroll_y":"-80"},"elements":[{"id":"3529391","elType":"widget","settings":{"subtitle":"XTEMOS ELEMENTS","after_title":"","image_size":"custom","style":"bordered","color":"primary","title":"ANIMATED COUNTER CUSTOM COLOR","title_typography_font_weight":"600","scroll_y":"-80"},"elements":[],"widgetType":"wd_title"},{"id":"203df33","elType":"section","settings":{"structure":"30"},"elements":[{"id":"ba4ac9e","elType":"column","settings":{"_column_size":"33","_inline_size":"","column_sticky_offset":"50","scroll_y":"-80"},"elements":[{"id":"1992207","elType":"widget","settings":{"size":"large","color_scheme":"custom","value":"324","label":"COUNTER LABEL","color":"#84b73d","value_typography_typography":"custom","value_typography_font_weight":"600","_margin":{"unit":"px","top":"0","right":"0","bottom":"15","left":"0","isLinked":""},"scroll_y":"-80"},"elements":[],"widgetType":"wd_counter"}],"isInner":"1"},{"id":"99b2480","elType":"column","settings":{"_column_size":"33","_inline_size":"","column_sticky_offset":"50","scroll_y":"-80"},"elements":[{"id":"1913389","elType":"widget","settings":{"size":"large","color_scheme":"custom","value":"263","label":"COUNTER LABEL","color":"#d83a40","value_typography_typography":"custom","value_typography_font_weight":"600","_margin":{"unit":"px","top":"0","right":"0","bottom":"15","left":"0","isLinked":""},"scroll_y":"-80"},"elements":[],"widgetType":"wd_counter"}],"isInner":"1"},{"id":"aed25a3","elType":"column","settings":{"_column_size":"33","_inline_size":"","column_sticky_offset":"50","scroll_y":"-80"},"elements":[{"id":"4564723","elType":"widget","settings":{"size":"large","color_scheme":"custom","value":"654","label":"COUNTER LABEL","color":"#117cc2","value_typography_typography":"custom","value_typography_font_weight":"600","_margin":{"unit":"px","top":"0","right":"0","bottom":"15","left":"0","isLinked":""},"scroll_y":"-80"},"elements":[],"widgetType":"wd_counter"}],"isInner":"1"}],"isInner":"1"}],"isInner":""}],"isInner":""},{"id":"215409","elType":"section","settings":{"margin":{"unit":"px","top":"0","right":"0","bottom":"40","left":"0","isLinked":""}},"elements":[{"id":"3646074","elType":"column","settings":{"_column_size":"100","_inline_size":"","column_sticky_offset":"50","scroll_y":"-80"},"elements":[{"id":"7571015","elType":"widget","settings":{"subtitle":"XTEMOS ELEMENTS","after_title":"","image_size":"custom","style":"bordered","color":"primary","title":"ANIMATED COUNTER SIZES","title_typography_font_weight":"600","_margin":{"unit":"px","top":"0","right":"0","bottom":"5","left":"0","isLinked":""},"scroll_y":"-80"},"elements":[],"widgetType":"wd_title"},{"id":"b057979","elType":"section","settings":{"content_position":"middle","structure":"40"},"elements":[{"id":"c1b5d57","elType":"column","settings":{"_column_size":"25","_inline_size":"","_inline_size_tablet":"50","margin_tablet":{"unit":"px","top":"0","right":"0","bottom":"10","left":"0","isLinked":""},"column_sticky_offset":"50","scroll_y":"-80"},"elements":[{"id":"3848334","elType":"widget","settings":{"subtitle":"","after_title":"","image_size":"custom","color":"primary","title":"SMALL","scroll_y":"-80"},"elements":[],"widgetType":"wd_title"},{"id":"6969470","elType":"widget","settings":{"size":"small","value":"532","label":"COUNTER LABEL","value_typography_typography":"custom","value_typography_font_weight":"600","_margin":{"unit":"px","top":"0","right":"0","bottom":"15","left":"0","isLinked":""},"scroll_y":"-80"},"elements":[],"widgetType":"wd_counter"}],"isInner":"1"},{"id":"909addc","elType":"column","settings":{"_column_size":"25","_inline_size":"","_inline_size_tablet":"50","margin_tablet":{"unit":"px","top":"0","right":"0","bottom":"10","left":"0","isLinked":""},"column_sticky_offset":"50","scroll_y":"-80"},"elements":[{"id":"4860948","elType":"widget","settings":{"subtitle":"","after_title":"","image_size":"custom","color":"primary","title":"DEFAULT","scroll_y":"-80"},"elements":[],"widgetType":"wd_title"},{"id":"1861861","elType":"widget","settings":{"value":"432","label":"COUNTER LABEL","value_typography_typography":"custom","value_typography_font_weight":"600","_margin":{"unit":"px","top":"0","right":"0","bottom":"15","left":"0","isLinked":""},"scroll_y":"-80"},"elements":[],"widgetType":"wd_counter"}],"isInner":"1"},{"id":"56ed0d2","elType":"column","settings":{"_column_size":"25","_inline_size":"","_inline_size_tablet":"50","column_sticky_offset":"50","scroll_y":"-80"},"elements":[{"id":"4683270","elType":"widget","settings":{"subtitle":"","after_title":"","image_size":"custom","color":"primary","title":"LARGE","scroll_y":"-80"},"elements":[],"widgetType":"wd_title"},{"id":"6533330","elType":"widget","settings":{"size":"large","value":"678","label":"COUNTER LABEL","value_typography_typography":"custom","value_typography_font_weight":"600","_margin":{"unit":"px","top":"0","right":"0","bottom":"15","left":"0","isLinked":""},"scroll_y":"-80"},"elements":[],"widgetType":"wd_counter"}],"isInner":"1"},{"id":"7ede072","elType":"column","settings":{"_column_size":"25","_inline_size":"","_inline_size_tablet":"50","column_sticky_offset":"50","scroll_y":"-80"},"elements":[{"id":"2869891","elType":"widget","settings":{"subtitle":"","after_title":"","image_size":"custom","color":"primary","title":"EXTRA LARGE","scroll_y":"-80"},"elements":[],"widgetType":"wd_title"},{"id":"2102948","elType":"widget","settings":{"size":"extra-large","value":"855","label":"COUNTER LABEL","value_typography_typography":"custom","value_typography_font_weight":"600","_margin":{"unit":"px","top":"0","right":"0","bottom":"15","left":"0","isLinked":""},"scroll_y":"-80"},"elements":[],"widgetType":"wd_counter"}],"isInner":"1"}],"isInner":"1"}],"isInner":""}],"isInner":""},{"id":"5711076","elType":"section","settings":{"margin":{"unit":"px","top":"0","right":"0","bottom":"30","left":"0","isLinked":""}},"elements":[{"id":"2521705","elType":"column","settings":{"_column_size":"100","_inline_size":"","column_sticky_offset":"50","scroll_y":"-80"},"elements":[{"id":"4909730","elType":"widget","settings":{"subtitle":"XTEMOS ELEMENTS","after_title":"","image_size":"custom","style":"bordered","color":"primary","title":"ANIMATED COUNTER ALIGN","title_typography_font_weight":"600","_margin":{"unit":"px","top":"0","right":"0","bottom":"10","left":"0","isLinked":""},"scroll_y":"-80"},"elements":[],"widgetType":"wd_title"},{"id":"9bae9f9","elType":"section","settings":{"structure":"30","margin":{"unit":"%","top":"0","right":"9","bottom":"0","left":"9","isLinked":""}},"elements":[{"id":"80d9b7c","elType":"column","settings":{"_column_size":"33","_inline_size":"","column_sticky_offset":"50","scroll_y":"-80"},"elements":[{"id":"4829632","elType":"widget","settings":{"subtitle":"","after_title":"","image_size":"custom","color":"primary","align":"left","title":"LEFT","scroll_y":"-80"},"elements":[],"widgetType":"wd_title"},{"id":"8490964","elType":"widget","settings":{"size":"large","align":"left","value":"324","label":"COUNTER LABEL","value_typography_typography":"custom","value_typography_font_weight":"600","_margin":{"unit":"px","top":"0","right":"0","bottom":"15","left":"0","isLinked":""},"scroll_y":"-80"},"elements":[],"widgetType":"wd_counter"}],"isInner":"1"},{"id":"e1a48ff","elType":"column","settings":{"_column_size":"33","_inline_size":"","column_sticky_offset":"50","scroll_y":"-80"},"elements":[{"id":"607295","elType":"widget","settings":{"subtitle":"","after_title":"","image_size":"custom","color":"primary","title":"CENTER","scroll_y":"-80"},"elements":[],"widgetType":"wd_title"},{"id":"5757286","elType":"widget","settings":{"size":"large","value":"263","label":"COUNTER LABEL","value_typography_typography":"custom","value_typography_font_weight":"600","_margin":{"unit":"px","top":"0","right":"0","bottom":"15","left":"0","isLinked":""},"scroll_y":"-80"},"elements":[],"widgetType":"wd_counter"}],"isInner":"1"},{"id":"0c69393","elType":"column","settings":{"_column_size":"33","_inline_size":"","column_sticky_offset":"50","scroll_y":"-80"},"elements":[{"id":"5097635","elType":"widget","settings":{"subtitle":"","after_title":"","image_size":"custom","color":"primary","align":"right","title":"RIGHT","scroll_y":"-80"},"elements":[],"widgetType":"wd_title"},{"id":"7266031","elType":"widget","settings":{"size":"large","align":"right","value":"654","label":"COUNTER LABEL","value_typography_typography":"custom","value_typography_font_weight":"600","_margin":{"unit":"px","top":"0","right":"0","bottom":"15","left":"0","isLinked":""},"scroll_y":"-80"},"elements":[],"widgetType":"wd_counter"}],"isInner":"1"}],"isInner":"1"}],"isInner":""}],"isInner":""},{"id":"5011173","elType":"section","settings":[],"elements":[{"id":"5170686","elType":"column","settings":{"_column_size":"100","_inline_size":"","column_sticky_offset":"50","scroll_y":"-80"},"elements":[{"id":"2829892","elType":"widget","settings":{"subtitle":"XTEMOS ELEMENTS","after_title":"","image_size":"custom","style":"bordered","color":"primary","title":"ANIMATED COUNTER COLOR SHEME LIGHT","title_typography_font_weight":"600","_margin":{"unit":"px","top":"0","right":"0","bottom":"20","left":"0","isLinked":""},"scroll_y":"-80"},"elements":[],"widgetType":"wd_title"}],"isInner":""}],"isInner":""},{"id":"2669377","elType":"section","settings":{"wd_section_stretch":"stretch","content_position":"middle","woodmart_parallax":"1","background_background":"classic","background_image":{"url":"http:\/\/dummy.xtemos.com\/woodmart\/demos\/wp-content\/uploads\/sites\/2\/2017\/06\/wood-main-dark-bg.jpg?id=246","id":""},"background_size":"cover","background_repeat":"no-repeat","structure":"30","margin":{"unit":"px","top":"0","right":"0","bottom":"65","left":"0","isLinked":""},"padding":{"unit":"px","top":"45","right":"15","bottom":"0","left":"35","isLinked":""}},"elements":[{"id":"1483844","elType":"column","settings":{"_column_size":"33","_inline_size":"","wd_color_scheme":"light","column_sticky_offset":"50","scroll_y":"-80"},"elements":[{"id":"7025062","elType":"widget","settings":{"size":"large","value":"64","label":"COUNTER LABEL","value_typography_typography":"custom","value_typography_font_weight":"600","color_scheme":"light","_margin":{"unit":"px","top":"0","right":"0","bottom":"45","left":"0","isLinked":""},"scroll_y":"-80"},"elements":[],"widgetType":"wd_counter"}],"isInner":""},{"id":"9641586","elType":"column","settings":{"_column_size":"33","_inline_size":"","wd_color_scheme":"light","column_sticky_offset":"50","scroll_y":"-80"},"elements":[{"id":"3014749","elType":"widget","settings":{"size":"large","value":"128","label":"COUNTER LABEL","value_typography_typography":"custom","value_typography_font_weight":"600","color_scheme":"light","_margin":{"unit":"px","top":"0","right":"0","bottom":"45","left":"0","isLinked":""},"scroll_y":"-80"},"elements":[],"widgetType":"wd_counter"}],"isInner":""},{"id":"964780","elType":"column","settings":{"_column_size":"33","_inline_size":"","wd_color_scheme":"light","column_sticky_offset":"50","scroll_y":"-80"},"elements":[{"id":"1994389","elType":"widget","settings":{"size":"large","value":"256","label":"COUNTER LABEL","value_typography_typography":"custom","value_typography_font_weight":"600","color_scheme":"light","_margin":{"unit":"px","top":"0","right":"0","bottom":"45","left":"0","isLinked":""},"scroll_y":"-80"},"elements":[],"widgetType":"wd_counter"}],"isInner":""}],"isInner":""},{"id":"3568636","elType":"section","settings":[],"elements":[{"id":"1844898","elType":"column","settings":{"_column_size":"100","_inline_size":"","column_sticky_offset":"50","scroll_y":"-80"},"elements":[{"id":"3777614","elType":"widget","settings":{"subtitle":"XTEMOS ELEMENTS","after_title":"","image_size":"custom","style":"bordered","color":"primary","title":"ANIMATED COUNTER WITH BACKGROUND IMAGE","_margin":{"unit":"px","top":"0","right":"0","bottom":"20","left":"0","isLinked":""},"scroll_y":"-80"},"elements":[],"widgetType":"wd_title"}],"isInner":""}],"isInner":""},{"id":"1783712","elType":"section","settings":{"wd_section_stretch":"stretch_row_content","content_position":"middle","background_repeat":"no-repeat","structure":"40","gap":"extended","margin":{"unit":"px","top":"0","right":"0","bottom":"-40","left":"0","isLinked":""}},"elements":[{"id":"3219798","elType":"column","settings":{"_column_size":"25","_inline_size":"","background_position":"center right","wd_color_scheme":"light","background_background":"classic","background_color":"#83b735","background_image":{"url":"http:\/\/dummy.xtemos.com\/woodmart\/demos\/wp-content\/uploads\/sites\/2\/2017\/07\/corp_sec_200_right.png?id=783","id":""},"_inline_size_tablet":"50","_inline_size_mobile":"100","background_repeat":"no-repeat","padding":{"unit":"px","top":"45","right":"15","bottom":"45","left":"15","isLinked":""},"column_sticky_offset":"50","scroll_y":"-80"},"elements":[{"id":"8973628","elType":"widget","settings":{"size":"large","value":"634","label":"COUNTER LABEL","value_typography_typography":"custom","value_typography_font_weight":"600","color_scheme":"light","scroll_y":"-80"},"elements":[],"widgetType":"wd_counter"}],"isInner":""},{"id":"9737315","elType":"column","settings":{"_column_size":"25","_inline_size":"","background_position":"center right","wd_color_scheme":"light","background_background":"classic","background_color":"#7BB233","background_image":{"url":"http:\/\/dummy.xtemos.com\/woodmart\/demos\/wp-content\/uploads\/sites\/2\/2017\/07\/corp_sec_200_right.png?id=783","id":""},"el_class":"bg-align-right","_inline_size_tablet":"50","_inline_size_mobile":"100","background_repeat":"no-repeat","padding":{"unit":"px","top":"45","right":"15","bottom":"45","left":"15","isLinked":""},"column_sticky_offset":"50","scroll_y":"-80"},"elements":[{"id":"4410963","elType":"widget","settings":{"size":"large","value":"52","label":"COUNTER LABEL","value_typography_typography":"custom","value_typography_font_weight":"600","color_scheme":"light","scroll_y":"-80"},"elements":[],"widgetType":"wd_counter"}],"isInner":""},{"id":"5309328","elType":"column","settings":{"_column_size":"25","_inline_size":"","background_position":"center right","wd_color_scheme":"light","background_background":"classic","background_color":"#79AF33","background_image":{"url":"http:\/\/dummy.xtemos.com\/woodmart\/demos\/wp-content\/uploads\/sites\/2\/2017\/07\/corp_sec_200_right.png?id=783","id":""},"_inline_size_tablet":"50","_inline_size_mobile":"100","background_repeat":"no-repeat","padding":{"unit":"px","top":"45","right":"15","bottom":"45","left":"15","isLinked":""},"column_sticky_offset":"50","scroll_y":"-80"},"elements":[{"id":"6917826","elType":"widget","settings":{"size":"large","value":"321","label":"COUNTER LABEL","value_typography_typography":"custom","value_typography_font_weight":"600","color_scheme":"light","scroll_y":"-80"},"elements":[],"widgetType":"wd_counter"}],"isInner":""},{"id":"238038","elType":"column","settings":{"_column_size":"25","_inline_size":"","background_position":"center right","wd_color_scheme":"light","background_background":"classic","background_color":"#73AD32","background_image":{"url":"http:\/\/dummy.xtemos.com\/woodmart\/demos\/wp-content\/uploads\/sites\/2\/2017\/07\/corp_sec_200_right.png?id=783","id":""},"_inline_size_tablet":"50","_inline_size_mobile":"100","background_repeat":"no-repeat","padding":{"unit":"px","top":"45","right":"15","bottom":"45","left":"15","isLinked":""},"column_sticky_offset":"50","scroll_y":"-80"},"elements":[{"id":"5099637","elType":"widget","settings":{"size":"large","value":"342","label":"COUNTER LABEL","value_typography_typography":"custom","value_typography_font_weight":"600","color_scheme":"light","scroll_y":"-80"},"elements":[],"widgetType":"wd_counter"}],"isInner":""}],"isInner":""}]]]></wp:meta_value>
		</wp:postmeta>
							<wp:postmeta>
			<wp:meta_key>_elementor_version</wp:meta_key>
			<wp:meta_value><![CDATA[2.9.11]]></wp:meta_value>
		</wp:postmeta>
							<wp:postmeta>
			<wp:meta_key>_woodmart_whb_header</wp:meta_key>
			<wp:meta_value><![CDATA[none]]></wp:meta_value>
		</wp:postmeta>
							<wp:postmeta>
			<wp:meta_key>_woodmart_title_image</wp:meta_key>
			<wp:meta_value><![CDATA[]]></wp:meta_value>
		</wp:postmeta>
							<wp:postmeta>
			<wp:meta_key>_woodmart_title_bg_color</wp:meta_key>
			<wp:meta_value><![CDATA[]]></wp:meta_value>
		</wp:postmeta>
							<wp:postmeta>
			<wp:meta_key>_woodmart_page-title-size</wp:meta_key>
			<wp:meta_value><![CDATA[inherit]]></wp:meta_value>
		</wp:postmeta>
							<wp:postmeta>
			<wp:meta_key>_elementor_edit_mode</wp:meta_key>
			<wp:meta_value><![CDATA[builder]]></wp:meta_value>
		</wp:postmeta>
							<wp:postmeta>
			<wp:meta_key>_elementor_template_type</wp:meta_key>
			<wp:meta_value><![CDATA[wp-page]]></wp:meta_value>
		</wp:postmeta>
							<wp:postmeta>
			<wp:meta_key>_elementor_controls_usage</wp:meta_key>
			<wp:meta_value><![CDATA[a:4:{s:8:"wd_title";a:3:{s:5:"count";i:14;s:15:"control_percent";i:3;s:8:"controls";a:3:{s:7:"content";a:1:{s:23:"general_content_section";a:3:{s:8:"subtitle";i:14;s:11:"after_title";i:14;s:5:"title";i:14;}}s:5:"style";a:2:{s:19:"title_style_section";a:2:{s:10:"image_size";i:14;s:28:"title_typography_font_weight";i:6;}s:21:"general_style_section";a:3:{s:5:"style";i:7;s:5:"color";i:14;s:5:"align";i:2;}}s:8:"advanced";a:2:{s:14:"_section_style";a:1:{s:7:"_margin";i:6;}s:8:"wd_extra";a:1:{s:8:"scroll_y";i:14;}}}}s:10:"wd_counter";a:3:{s:5:"count";i:23;s:15:"control_percent";i:3;s:8:"controls";a:3:{s:5:"style";a:1:{s:21:"general_style_section";a:6:{s:4:"size";i:20;s:27:"value_typography_typography";i:23;s:28:"value_typography_font_weight";i:23;s:12:"color_scheme";i:10;s:5:"color";i:3;s:5:"align";i:2;}}s:7:"content";a:1:{s:23:"general_content_section";a:2:{s:5:"value";i:23;s:5:"label";i:23;}}s:8:"advanced";a:3:{s:14:"_section_style";a:2:{s:7:"_margin";i:19;s:8:"_padding";i:3;}s:8:"wd_extra";a:1:{s:8:"scroll_y";i:23;}s:15:"_section_border";a:3:{s:14:"_border_border";i:3;s:13:"_border_width";i:3;s:13:"_border_color";i:3;}}}}s:6:"column";a:3:{s:5:"count";i:30;s:15:"control_percent";i:4;s:8:"controls";a:3:{s:8:"advanced";a:2:{s:8:"wd_extra";a:2:{s:20:"column_sticky_offset";i:30;s:8:"scroll_y";i:30;}s:16:"section_advanced";a:3:{s:6:"margin";i:3;s:7:"padding";i:7;s:13:"margin_tablet";i:2;}}s:5:"style";a:3:{s:14:"section_border";a:2:{s:12:"border_width";i:3;s:12:"border_color";i:3;}s:14:"wd_extra_style";a:1:{s:15:"wd_color_scheme";i:7;}s:13:"section_style";a:5:{s:19:"background_position";i:4;s:21:"background_background";i:4;s:16:"background_color";i:4;s:16:"background_image";i:4;s:17:"background_repeat";i:4;}}s:6:"layout";a:1:{s:6:"layout";a:2:{s:19:"_inline_size_tablet";i:8;s:19:"_inline_size_mobile";i:4;}}}}s:7:"section";a:3:{s:5:"count";i:14;s:15:"control_percent";i:2;s:8:"controls";a:3:{s:6:"layout";a:3:{s:14:"section_layout";a:2:{s:16:"content_position";i:5;s:3:"gap";i:2;}s:17:"section_structure";a:1:{s:9:"structure";i:7;}s:15:"wd_extra_layout";a:1:{s:18:"wd_section_stretch";i:2;}}s:8:"advanced";a:1:{s:16:"section_advanced";a:2:{s:6:"margin";i:8;s:7:"padding";i:1;}}s:5:"style";a:1:{s:18:"section_background";a:4:{s:21:"background_background";i:1;s:16:"background_image";i:1;s:15:"background_size";i:1;s:17:"background_repeat";i:2;}}}}}]]></wp:meta_value>
		</wp:postmeta>
						</item>
						<item>
		<title>
				corp_sec_200_right		</title>
		<link>http://dummy.xtemos.com/woodmart-elementor/demos/animated-counter/corp_sec_200_right/</link>
		<pubDate>Tue, 04 Jul 2017 13:12:39 +0000</pubDate>
		<dc:creator><![CDATA[erwin]]></dc:creator>
		<guid isPermaLink="false">http://dummy.xtemos.com/woodmart-elementor/demos/wp-content/uploads/sites/2/2017/07/corp_sec_200_right.png</guid>
		<description></description>
		<content:encoded><![CDATA[]]></content:encoded>
		<excerpt:encoded><![CDATA[]]></excerpt:encoded>
		<wp:post_id>783</wp:post_id>
		<wp:post_date>2017-07-04 13:12:39</wp:post_date>
		<wp:post_date_gmt>2017-07-04 13:12:39</wp:post_date_gmt>
		<wp:comment_status>open</wp:comment_status>
		<wp:ping_status>closed</wp:ping_status>
		<wp:post_name>corp_sec_200_right</wp:post_name>
		<wp:status>inherit</wp:status>
		<wp:post_parent>782</wp:post_parent>
		<wp:menu_order>0</wp:menu_order>
		<wp:post_type>attachment</wp:post_type>
		<wp:post_password></wp:post_password>
		<wp:is_sticky>0</wp:is_sticky>
						<wp:attachment_url>http://dummy.xtemos.com/woodmart-elementor/demos/wp-content/uploads/sites/2/2017/07/corp_sec_200_right.png</wp:attachment_url>
												<wp:postmeta>
			<wp:meta_key>_wp_attached_file</wp:meta_key>
			<wp:meta_value><![CDATA[2017/07/corp_sec_200_right.png]]></wp:meta_value>
		</wp:postmeta>
						</item>
				</channel>
</rss>
	