<?xml version="1.0" encoding="UTF-8" ?>
<!-- This is a WordPress eXtended RSS file generated by WordPress as an export of your site. -->
<!-- It contains information about your site's posts, pages, comments, categories, and other content. -->
<!-- You may use this file to transfer that content from one site to another. -->
<!-- This file is not intended to serve as a complete backup of your site. -->

<!-- To import this information into a WordPress site follow these steps: -->
<!-- 1. Log in to that site as an administrator. -->
<!-- 2. Go to Tools: Import in the WordPress admin panel. -->
<!-- 3. Install the "WordPress" importer from the list. -->
<!-- 4. Activate & Run Importer. -->
<!-- 5. Upload this file using the form provided on that page. -->
<!-- 6. You will first be asked to map the authors in this export file to users -->
<!--    on the site. For each author, you may choose to map to an -->
<!--    existing user on the site or to create a new user. -->
<!-- 7. WordPress will then import each of the posts, pages, comments, categories, etc. -->
<!--    contained in this file into your site. -->

<!-- generator="WordPress/4.8" created="2017-09-22 14:27" -->
<rss version="2.0"
	xmlns:excerpt="http://wordpress.org/export/1.2/excerpt/"
	xmlns:content="http://purl.org/rss/1.0/modules/content/"
	xmlns:wfw="http://wellformedweb.org/CommentAPI/"
	xmlns:dc="http://purl.org/dc/elements/1.1/"
	xmlns:wp="http://wordpress.org/export/1.2/"
>

<channel>
	<title>Woodmart dummy demos</title>
	<link>http://dummy.xtemos.com/woodmart/demos</link>
	<description>Just another Woodmart Dummy Content Sites site</description>
	<pubDate>Fri, 22 Sep 2017 14:27:14 +0000</pubDate>
	<language>en-US</language>
	<wp:wxr_version>1.2</wp:wxr_version>
	<wp:base_site_url>http://dummy.xtemos.com/woodmart/</wp:base_site_url>
	<wp:base_blog_url>http://dummy.xtemos.com/woodmart/demos</wp:base_blog_url>

	<wp:author><wp:author_id>2</wp:author_id><wp:author_login>erwin</wp:author_login><wp:author_email>ss@asas.as</wp:author_email><wp:author_display_name><![CDATA[erwin]]></wp:author_display_name><wp:author_first_name><![CDATA[]]></wp:author_first_name><wp:author_last_name><![CDATA[]]></wp:author_last_name></wp:author>


	<generator>https://wordpress.org/?v=4.8</generator>

	<item>
		<title>wood-gallery-placeholder-5</title>
		<link>http://dummy.xtemos.com/woodmart/demos/home-base/wood-gallery-placeholder-5/</link>
		<pubDate>Wed, 14 Jun 2017 11:33:22 +0000</pubDate>
		<dc:creator><![CDATA[admin]]></dc:creator>
		<guid isPermaLink="false">http://dummy.xtemos.com/woodmart/demos/wp-content/uploads/sites/2/2017/06/wood-gallery-placeholder-5.jpg</guid>
		<description></description>
		<content:encoded><![CDATA[]]></content:encoded>
		<excerpt:encoded><![CDATA[]]></excerpt:encoded>
		<wp:post_id>77</wp:post_id>
		<wp:post_date>2017-06-14 11:33:22</wp:post_date>
		<wp:post_date_gmt>2017-06-14 11:33:22</wp:post_date_gmt>
		<wp:comment_status>open</wp:comment_status>
		<wp:ping_status>closed</wp:ping_status>
		<wp:post_name>wood-gallery-placeholder-5</wp:post_name>
		<wp:status>inherit</wp:status>
		<wp:post_parent>57</wp:post_parent>
		<wp:menu_order>0</wp:menu_order>
		<wp:post_type>attachment</wp:post_type>
		<wp:post_password></wp:post_password>
		<wp:is_sticky>0</wp:is_sticky>
		<wp:attachment_url>http://dummy.xtemos.com/woodmart/demos/wp-content/uploads/sites/2/2017/06/wood-gallery-placeholder-5.jpg</wp:attachment_url>
		<wp:postmeta>
			<wp:meta_key>_wp_attached_file</wp:meta_key>
			<wp:meta_value><![CDATA[2017/06/wood-gallery-placeholder-5.jpg]]></wp:meta_value>
		</wp:postmeta>
	</item>
	<item>
		<title>wood-gallery-placeholder</title>
		<link>http://dummy.xtemos.com/woodmart/demos/home-base/wood-gallery-placeholder/</link>
		<pubDate>Wed, 14 Jun 2017 11:33:24 +0000</pubDate>
		<dc:creator><![CDATA[admin]]></dc:creator>
		<guid isPermaLink="false">http://dummy.xtemos.com/woodmart/demos/wp-content/uploads/sites/2/2017/06/wood-gallery-placeholder.jpg</guid>
		<description></description>
		<content:encoded><![CDATA[]]></content:encoded>
		<excerpt:encoded><![CDATA[]]></excerpt:encoded>
		<wp:post_id>78</wp:post_id>
		<wp:post_date>2017-06-14 11:33:24</wp:post_date>
		<wp:post_date_gmt>2017-06-14 11:33:24</wp:post_date_gmt>
		<wp:comment_status>open</wp:comment_status>
		<wp:ping_status>closed</wp:ping_status>
		<wp:post_name>wood-gallery-placeholder</wp:post_name>
		<wp:status>inherit</wp:status>
		<wp:post_parent>57</wp:post_parent>
		<wp:menu_order>0</wp:menu_order>
		<wp:post_type>attachment</wp:post_type>
		<wp:post_password></wp:post_password>
		<wp:is_sticky>0</wp:is_sticky>
		<wp:attachment_url>http://dummy.xtemos.com/woodmart/demos/wp-content/uploads/sites/2/2017/06/wood-gallery-placeholder.jpg</wp:attachment_url>
		<wp:postmeta>
			<wp:meta_key>_wp_attached_file</wp:meta_key>
			<wp:meta_value><![CDATA[2017/06/wood-gallery-placeholder.jpg]]></wp:meta_value>
		</wp:postmeta>
	</item>
	<item>
		<title>wood-gallery-placeholder-2</title>
		<link>http://dummy.xtemos.com/woodmart/demos/home-base/wood-gallery-placeholder-2/</link>
		<pubDate>Wed, 14 Jun 2017 11:33:26 +0000</pubDate>
		<dc:creator><![CDATA[admin]]></dc:creator>
		<guid isPermaLink="false">http://dummy.xtemos.com/woodmart/demos/wp-content/uploads/sites/2/2017/06/wood-gallery-placeholder-2.jpg</guid>
		<description></description>
		<content:encoded><![CDATA[]]></content:encoded>
		<excerpt:encoded><![CDATA[]]></excerpt:encoded>
		<wp:post_id>79</wp:post_id>
		<wp:post_date>2017-06-14 11:33:26</wp:post_date>
		<wp:post_date_gmt>2017-06-14 11:33:26</wp:post_date_gmt>
		<wp:comment_status>open</wp:comment_status>
		<wp:ping_status>closed</wp:ping_status>
		<wp:post_name>wood-gallery-placeholder-2</wp:post_name>
		<wp:status>inherit</wp:status>
		<wp:post_parent>57</wp:post_parent>
		<wp:menu_order>0</wp:menu_order>
		<wp:post_type>attachment</wp:post_type>
		<wp:post_password></wp:post_password>
		<wp:is_sticky>0</wp:is_sticky>
		<wp:attachment_url>http://dummy.xtemos.com/woodmart/demos/wp-content/uploads/sites/2/2017/06/wood-gallery-placeholder-2.jpg</wp:attachment_url>
		<wp:postmeta>
			<wp:meta_key>_wp_attached_file</wp:meta_key>
			<wp:meta_value><![CDATA[2017/06/wood-gallery-placeholder-2.jpg]]></wp:meta_value>
		</wp:postmeta>
	</item>
	<item>
		<title>wood-gallery-placeholder-3</title>
		<link>http://dummy.xtemos.com/woodmart/demos/home-base/wood-gallery-placeholder-3/</link>
		<pubDate>Wed, 14 Jun 2017 11:33:28 +0000</pubDate>
		<dc:creator><![CDATA[admin]]></dc:creator>
		<guid isPermaLink="false">http://dummy.xtemos.com/woodmart/demos/wp-content/uploads/sites/2/2017/06/wood-gallery-placeholder-3.jpg</guid>
		<description></description>
		<content:encoded><![CDATA[]]></content:encoded>
		<excerpt:encoded><![CDATA[]]></excerpt:encoded>
		<wp:post_id>80</wp:post_id>
		<wp:post_date>2017-06-14 11:33:28</wp:post_date>
		<wp:post_date_gmt>2017-06-14 11:33:28</wp:post_date_gmt>
		<wp:comment_status>open</wp:comment_status>
		<wp:ping_status>closed</wp:ping_status>
		<wp:post_name>wood-gallery-placeholder-3</wp:post_name>
		<wp:status>inherit</wp:status>
		<wp:post_parent>57</wp:post_parent>
		<wp:menu_order>0</wp:menu_order>
		<wp:post_type>attachment</wp:post_type>
		<wp:post_password></wp:post_password>
		<wp:is_sticky>0</wp:is_sticky>
		<wp:attachment_url>http://dummy.xtemos.com/woodmart/demos/wp-content/uploads/sites/2/2017/06/wood-gallery-placeholder-3.jpg</wp:attachment_url>
		<wp:postmeta>
			<wp:meta_key>_wp_attached_file</wp:meta_key>
			<wp:meta_value><![CDATA[2017/06/wood-gallery-placeholder-3.jpg]]></wp:meta_value>
		</wp:postmeta>
	</item>
	<item>
		<title>wood-gallery-placeholder-4</title>
		<link>http://dummy.xtemos.com/woodmart/demos/home-base/wood-gallery-placeholder-4/</link>
		<pubDate>Wed, 14 Jun 2017 11:33:30 +0000</pubDate>
		<dc:creator><![CDATA[admin]]></dc:creator>
		<guid isPermaLink="false">http://dummy.xtemos.com/woodmart/demos/wp-content/uploads/sites/2/2017/06/wood-gallery-placeholder-4.jpg</guid>
		<description></description>
		<content:encoded><![CDATA[]]></content:encoded>
		<excerpt:encoded><![CDATA[]]></excerpt:encoded>
		<wp:post_id>81</wp:post_id>
		<wp:post_date>2017-06-14 11:33:30</wp:post_date>
		<wp:post_date_gmt>2017-06-14 11:33:30</wp:post_date_gmt>
		<wp:comment_status>open</wp:comment_status>
		<wp:ping_status>closed</wp:ping_status>
		<wp:post_name>wood-gallery-placeholder-4</wp:post_name>
		<wp:status>inherit</wp:status>
		<wp:post_parent>57</wp:post_parent>
		<wp:menu_order>0</wp:menu_order>
		<wp:post_type>attachment</wp:post_type>
		<wp:post_password></wp:post_password>
		<wp:is_sticky>0</wp:is_sticky>
		<wp:attachment_url>http://dummy.xtemos.com/woodmart/demos/wp-content/uploads/sites/2/2017/06/wood-gallery-placeholder-4.jpg</wp:attachment_url>
		<wp:postmeta>
			<wp:meta_key>_wp_attached_file</wp:meta_key>
			<wp:meta_value><![CDATA[2017/06/wood-gallery-placeholder-4.jpg]]></wp:meta_value>
		</wp:postmeta>
	</item>
	<item>
		<title>wood-portfolio-placeholder</title>
		<link>http://dummy.xtemos.com/woodmart/demos/wood-portfolio-placeholder/</link>
		<pubDate>Wed, 14 Jun 2017 14:02:43 +0000</pubDate>
		<dc:creator><![CDATA[admin]]></dc:creator>
		<guid isPermaLink="false">http://dummy.xtemos.com/woodmart/demos/wp-content/uploads/sites/2/2017/06/wood-portfolio-placeholder.jpg</guid>
		<description></description>
		<content:encoded><![CDATA[]]></content:encoded>
		<excerpt:encoded><![CDATA[]]></excerpt:encoded>
		<wp:post_id>117</wp:post_id>
		<wp:post_date>2017-06-14 14:02:43</wp:post_date>
		<wp:post_date_gmt>2017-06-14 14:02:43</wp:post_date_gmt>
		<wp:comment_status>open</wp:comment_status>
		<wp:ping_status>closed</wp:ping_status>
		<wp:post_name>wood-portfolio-placeholder</wp:post_name>
		<wp:status>inherit</wp:status>
		<wp:post_parent>0</wp:post_parent>
		<wp:menu_order>0</wp:menu_order>
		<wp:post_type>attachment</wp:post_type>
		<wp:post_password></wp:post_password>
		<wp:is_sticky>0</wp:is_sticky>
		<wp:attachment_url>http://dummy.xtemos.com/woodmart/demos/wp-content/uploads/sites/2/2017/06/wood-portfolio-placeholder.jpg</wp:attachment_url>
		<wp:postmeta>
			<wp:meta_key>_wp_attached_file</wp:meta_key>
			<wp:meta_value><![CDATA[2017/06/wood-portfolio-placeholder.jpg]]></wp:meta_value>
		</wp:postmeta>
	</item>
	<item>
		<title>Home basic</title>
		<link>http://dummy.xtemos.com/woodmart/demos/home-basic/</link>
		<pubDate>Fri, 23 Jun 2017 13:55:27 +0000</pubDate>
		<dc:creator><![CDATA[erwin]]></dc:creator>
		<guid isPermaLink="false">http://dummy.xtemos.com/woodmart/demos/?page_id=559</guid>
		<description></description>
		<content:encoded><![CDATA[[vc_row full_width="stretch_row_content_no_spaces" css=".vc_custom_1497516628109{margin-top: -40px !important;margin-bottom: 20px !important;}"][vc_column][rev_slider_vc alias="layout-basic"][/vc_column][/vc_row][vc_row css=".vc_custom_1497516592049{margin-right: -10px !important;margin-bottom: 8vh !important;margin-left: -10px !important;}"][vc_column width="1/2" offset="vc_col-md-4" css=".vc_custom_1497516579230{margin-bottom: 20px !important;padding-right: 10px !important;padding-left: 10px !important;}"][promo_banner image="564" woodmart_color_scheme="dark" title_size="large" btn_size="small" btn_style="bordered" horizontal_alignment="right" vertical_alignment="middle" text_alignment="center" content_width="50" btn_text="Read more" title="Sofa
Lounge"]Iaculis velit dictum ligula
elementum diam.[/promo_banner][/vc_column][vc_column width="1/2" offset="vc_col-md-4" css=".vc_custom_1497516605365{margin-bottom: 20px !important;padding-right: 10px !important;padding-left: 10px !important;}"][promo_banner image="564" woodmart_color_scheme="dark" title_size="large" btn_size="small" btn_style="bordered" horizontal_alignment="right" vertical_alignment="middle" text_alignment="center" content_width="50" btn_text="Read more" title="Side
Tables"]Vesti parturient sapien
a curabitur elit.[/promo_banner][/vc_column][vc_column width="1/2" offset="vc_col-md-4 vc_hidden-sm" css=".vc_custom_1497516539373{margin-bottom: 20px !important;padding-right: 10px !important;padding-left: 10px !important;}"][promo_banner image="564" woodmart_color_scheme="dark" title_size="large" btn_size="small" btn_style="bordered" horizontal_alignment="right" vertical_alignment="middle" text_alignment="center" content_width="50" btn_text="Read more" title="Chair
Orgone"]A eleifend proin diam ligula
augue ntum posuere.[/promo_banner][/vc_column][/vc_row][vc_row css=".vc_custom_1497521278885{margin-bottom: 4vh !important;}"][vc_column css=".vc_custom_1497514654540{padding-top: 0px !important;}"][woodmart_title size="medium" color="primary" style="underlined" title="BROWSE OUR CATEGORIES" after_title="WoodMart is a powerful eCommerce theme for WordPress." subtitle="<strong>WOODMART COLLECTIONS</strong>"][woodmart_categories orderby="date" order="ASC" style="carousel" spacing="20" categories_design="alt" slides_per_view="4" number="6" ids=""][/vc_column][/vc_row][vc_row css=".vc_custom_1497514841576{margin-bottom: 5vh !important;}"][vc_column][woodmart_title size="medium" color="primary" style="underlined" title="BEST SELLING PRODUCTS" after_title="WoodMart is a powerful eCommerce theme for WordPress." subtitle="<strong>WOODMART COLLECTIONS</strong>"][woodmart_products layout="carousel" items_per_page="5" product_hover="quick" orderby="post__in" slides_per_view="4"][/vc_column][/vc_row][vc_row full_width="stretch_row" content_placement="middle" video_bg="yes" video_bg_url="https://www.youtube.com/watch?v=lR3spOdggNc" woodmart_gradient_switch="yes" css=".vc_custom_1497517265633{margin-bottom: 8vh !important;padding-top: 15vh !important;padding-bottom: 15vh !important;background-color: #0a0a0a !important;background-position: center !important;background-repeat: no-repeat !important;background-size: cover !important;}" woodmart_color_gradient="rgba(0, 0, 0, 0.1)-0/rgba(0, 0, 0, 0.1)-100/|linear-gradient(left , rgba(0, 0, 0, 0.1) , rgba(0, 0, 0, 0.1) 100%)|linear|left" el_class="opacity-video-bg"][vc_column width="2/3" woodmart_color_scheme="light" offset="vc_col-sm-offset-2" css=".vc_custom_1495803785306{border-top-width: 5px !important;border-right-width: 5px !important;border-bottom-width: 5px !important;border-left-width: 5px !important;padding-top: 9vh !important;padding-bottom: 9vh !important;border-left-color: rgba(255,255,255,0.15) !important;border-left-style: solid !important;border-right-color: rgba(255,255,255,0.15) !important;border-right-style: solid !important;border-top-color: rgba(255,255,255,0.15) !important;border-top-style: solid !important;border-bottom-color: rgba(255,255,255,0.15) !important;border-bottom-style: solid !important;}"][vc_custom_heading text="<strong>LAOREET IN VITAE AMET</strong>" font_container="tag:h4|text_align:center|color:rgba(255%2C255%2C255%2C0.8)" use_theme_fonts="yes"][woodmart_title size="large" color="white" title="HEY YOU, SIGN UP AND
CONNECT TO WOODMART!" after_title="Lorem ipsum dolor sit amet, consectetuer adipiscing elit, sed diam."][vc_column_text css=".vc_custom_1498226076801{margin-bottom: 0px !important;}"][mc4wp_form id="74"][/vc_column_text][vc_column_text css=".vc_custom_1495788864518{margin-bottom: 20px !important;}"]
<p style="text-align: center">Will be used in accordance with our  <span style="color: #ffffff"><strong><a style="color: #ffffff" href="#">Privacy Policy</a></strong></span></p>
[/vc_column_text][social_buttons size="small" color="light" style="bordered"][/vc_column][/vc_row][vc_row css=".vc_custom_1497521178902{margin-bottom: 5vh !important;}"][vc_column css=".vc_custom_1495810216644{padding-top: 0px !important;}"][woodmart_title size="medium" color="primary" style="underlined" title="OUT BLOG POSTS" after_title="WoodMart is a powerful eCommerce theme for WordPress." subtitle="<strong>WOODMART COLLECTIONS</strong>"][woodmart_blog items_per_page="4" blog_design="carousel" order="ASC" parts_title="1" parts_meta="1" parts_text="1" parts_btn="1" slides_per_view="3" img_size="full"][/vc_column][/vc_row][vc_row full_width="stretch_row_content_no_spaces" css=".vc_custom_1474468621151{margin-bottom: -40px !important;}"][vc_column][woodmart_instagram data_source="images" images="117,81,80,79,78,77" target="_blank" per_row="6" username="ozdesignfurniture" images_size="full" images_link="https://www.instagram.com/ozdesignfurniture/" spacing="0" rounded="0" hide_mask="0"]
<h4 style="text-align: center;margin-bottom: 0"><strong>INSTAGRAM</strong></h4>
<h6 style="text-align: center;margin-bottom: 10px"><span style="color: #c4c4c4">@NAME_ACCOUNT</span></h6>
<p style="text-align: center">Lorem ipsum dolor sit amet, consectetur adipiscing elit, sed do eiusmod tempor.</p>
[/woodmart_instagram][/vc_column][/vc_row]]]></content:encoded>
		<excerpt:encoded><![CDATA[]]></excerpt:encoded>
		<wp:post_id>559</wp:post_id>
		<wp:post_date>2017-06-23 13:55:27</wp:post_date>
		<wp:post_date_gmt>2017-06-23 13:55:27</wp:post_date_gmt>
		<wp:comment_status>closed</wp:comment_status>
		<wp:ping_status>closed</wp:ping_status>
		<wp:post_name>home-basic</wp:post_name>
		<wp:status>publish</wp:status>
		<wp:post_parent>0</wp:post_parent>
		<wp:menu_order>0</wp:menu_order>
		<wp:post_type>page</wp:post_type>
		<wp:post_password></wp:post_password>
		<wp:is_sticky>0</wp:is_sticky>
		<wp:postmeta>
			<wp:meta_key>_wp_page_template</wp:meta_key>
			<wp:meta_value><![CDATA[default]]></wp:meta_value>
		</wp:postmeta>
		<wp:postmeta>
			<wp:meta_key>_wpb_shortcodes_custom_css</wp:meta_key>
			<wp:meta_value><![CDATA[.vc_custom_1497516628109{margin-top: -40px !important;margin-bottom: 20px !important;}.vc_custom_1497516592049{margin-right: -10px !important;margin-bottom: 8vh !important;margin-left: -10px !important;}.vc_custom_1497521278885{margin-bottom: 4vh !important;}.vc_custom_1497514841576{margin-bottom: 5vh !important;}.vc_custom_1497517265633{margin-bottom: 8vh !important;padding-top: 15vh !important;padding-bottom: 15vh !important;background-color: #0a0a0a !important;background-position: center !important;background-repeat: no-repeat !important;background-size: cover !important;}.vc_custom_1497521178902{margin-bottom: 5vh !important;}.vc_custom_1474468621151{margin-bottom: -40px !important;}.vc_custom_1497516579230{margin-bottom: 20px !important;padding-right: 10px !important;padding-left: 10px !important;}.vc_custom_1497516605365{margin-bottom: 20px !important;padding-right: 10px !important;padding-left: 10px !important;}.vc_custom_1497516539373{margin-bottom: 20px !important;padding-right: 10px !important;padding-left: 10px !important;}.vc_custom_1497514654540{padding-top: 0px !important;}.vc_custom_1495803785306{border-top-width: 5px !important;border-right-width: 5px !important;border-bottom-width: 5px !important;border-left-width: 5px !important;padding-top: 9vh !important;padding-bottom: 9vh !important;border-left-color: rgba(255,255,255,0.15) !important;border-left-style: solid !important;border-right-color: rgba(255,255,255,0.15) !important;border-right-style: solid !important;border-top-color: rgba(255,255,255,0.15) !important;border-top-style: solid !important;border-bottom-color: rgba(255,255,255,0.15) !important;border-bottom-style: solid !important;}.vc_custom_1498226076801{margin-bottom: 0px !important;}.vc_custom_1495788864518{margin-bottom: 20px !important;}.vc_custom_1495810216644{padding-top: 0px !important;}]]></wp:meta_value>
		</wp:postmeta>
		<wp:postmeta>
			<wp:meta_key>_woodmart_header_color_scheme</wp:meta_key>
			<wp:meta_value><![CDATA[inherit]]></wp:meta_value>
		</wp:postmeta>
		<wp:postmeta>
			<wp:meta_key>_woodmart_main_layout</wp:meta_key>
			<wp:meta_value><![CDATA[full-width]]></wp:meta_value>
		</wp:postmeta>
		<wp:postmeta>
			<wp:meta_key>_woodmart_title_off</wp:meta_key>
			<wp:meta_value><![CDATA[on]]></wp:meta_value>
		</wp:postmeta>
		<wp:postmeta>
			<wp:meta_key>_woodmart_prefooter_off</wp:meta_key>
			<wp:meta_value><![CDATA[on]]></wp:meta_value>
		</wp:postmeta>
		<wp:postmeta>
			<wp:meta_key>rs_page_bg_color</wp:meta_key>
			<wp:meta_value><![CDATA[#ffffff]]></wp:meta_value>
		</wp:postmeta>
		<wp:postmeta>
			<wp:meta_key>_woodmart_mobile_content</wp:meta_key>
			<wp:meta_value><![CDATA[]]></wp:meta_value>
		</wp:postmeta>
		<wp:postmeta>
			<wp:meta_key>_woodmart_whb_header</wp:meta_key>
			<wp:meta_value><![CDATA[none]]></wp:meta_value>
		</wp:postmeta>
		<wp:postmeta>
			<wp:meta_key>_woodmart_title_image</wp:meta_key>
			<wp:meta_value><![CDATA[]]></wp:meta_value>
		</wp:postmeta>
		<wp:postmeta>
			<wp:meta_key>_woodmart_title_bg_color</wp:meta_key>
			<wp:meta_value><![CDATA[]]></wp:meta_value>
		</wp:postmeta>
		<wp:postmeta>
			<wp:meta_key>_woodmart_page-title-size</wp:meta_key>
			<wp:meta_value><![CDATA[inherit]]></wp:meta_value>
		</wp:postmeta>
		<wp:postmeta>
			<wp:meta_key>wd_page_css_files</wp:meta_key>
			<wp:meta_value><![CDATA[a:19:{i:0;s:12:"wp-gutenberg";i:1;s:5:"wpcf7";i:2;s:5:"mc4wp";i:3;s:17:"revolution-slider";i:4;s:17:"woo-yith-wishlist";i:5;s:13:"wpbakery-base";i:6;s:13:"notices-fixed";i:7;s:16:"woocommerce-base";i:8;s:12:"social-icons";i:9;s:6:"banner";i:10;s:13:"section-title";i:11;s:15:"categories-loop";i:12;s:12:"owl-carousel";i:13;s:12:"product-loop";i:14;s:9:"mfp-popup";i:15;s:17:"add-to-cart-popup";i:16;s:9:"blog-base";i:17;s:9:"instagram";i:18;s:10:"scroll-top";}]]></wp:meta_value>
		</wp:postmeta>
	</item>
	<item>
		<title>banner-home-base-2</title>
		<link>http://dummy.xtemos.com/woodmart/demos/home-basic/banner-home-base-2/</link>
		<pubDate>Fri, 23 Jun 2017 14:04:42 +0000</pubDate>
		<dc:creator><![CDATA[erwin]]></dc:creator>
		<guid isPermaLink="false">http://dummy.xtemos.com/woodmart/demos/wp-content/uploads/sites/2/2017/06/banner-home-base-2.jpg</guid>
		<description></description>
		<content:encoded><![CDATA[]]></content:encoded>
		<excerpt:encoded><![CDATA[]]></excerpt:encoded>
		<wp:post_id>564</wp:post_id>
		<wp:post_date>2017-06-23 14:04:42</wp:post_date>
		<wp:post_date_gmt>2017-06-23 14:04:42</wp:post_date_gmt>
		<wp:comment_status>open</wp:comment_status>
		<wp:ping_status>closed</wp:ping_status>
		<wp:post_name>banner-home-base-2</wp:post_name>
		<wp:status>inherit</wp:status>
		<wp:post_parent>559</wp:post_parent>
		<wp:menu_order>0</wp:menu_order>
		<wp:post_type>attachment</wp:post_type>
		<wp:post_password></wp:post_password>
		<wp:is_sticky>0</wp:is_sticky>
		<wp:attachment_url>http://dummy.xtemos.com/woodmart/demos/wp-content/uploads/sites/2/2017/06/banner-home-base-2.jpg</wp:attachment_url>
		<wp:postmeta>
			<wp:meta_key>_wp_attached_file</wp:meta_key>
			<wp:meta_value><![CDATA[2017/06/banner-home-base-2.jpg]]></wp:meta_value>
		</wp:postmeta>
	</item>
</channel>
</rss>
