<?xml version="1.0" encoding="UTF-8" ?>
<!-- This is a WordPress eXtended RSS file generated by WordPress as an export of your site. -->
<!-- It contains information about your site's posts, pages, comments, categories, and other content. -->
<!-- You may use this file to transfer that content from one site to another. -->
<!-- This file is not intended to serve as a complete backup of your site. -->

<!-- To import this information into a WordPress site follow these steps: -->
<!-- 1. Log in to that site as an administrator. -->
<!-- 2. Go to Tools: Import in the WordPress admin panel. -->
<!-- 3. Install the "WordPress" importer from the list. -->
<!-- 4. Activate & Run Importer. -->
<!-- 5. Upload this file using the form provided on that page. -->
<!-- 6. You will first be asked to map the authors in this export file to users -->
<!--    on the site. For each author, you may choose to map to an -->
<!--    existing user on the site or to create a new user. -->
<!-- 7. WordPress will then import each of the posts, pages, comments, categories, etc. -->
<!--    contained in this file into your site. -->

	<!-- generator="WordPress/5.4.2" created="2020-07-17 13:41" -->
<rss version="2.0"
	xmlns:excerpt="http://wordpress.org/export/1.2/excerpt/"
	xmlns:content="http://purl.org/rss/1.0/modules/content/"
	xmlns:wfw="http://wellformedweb.org/CommentAPI/"
	xmlns:dc="http://purl.org/dc/elements/1.1/"
	xmlns:wp="http://wordpress.org/export/1.2/"
>

<channel>
	<title>Woodmart dummy demos</title>
	<link>http://dummy.xtemos.com/woodmart-elementor/demos</link>
	<description>Just another Woodmart Dummy Content Sites site</description>
	<pubDate>Fri, 17 Jul 2020 13:41:47 +0000</pubDate>
	<language>en-US</language>
	<wp:wxr_version>1.2</wp:wxr_version>
	<wp:base_site_url>http://dummy.xtemos.com/woodmart-elementor/</wp:base_site_url>
	<wp:base_blog_url>http://dummy.xtemos.com/woodmart-elementor/demos</wp:base_blog_url>

		<wp:author><wp:author_id>2</wp:author_id><wp:author_login>erwin</wp:author_login><wp:author_email>ss@asas.as</wp:author_email><wp:author_display_name><![CDATA[erwin]]></wp:author_display_name><wp:author_first_name><![CDATA[]]></wp:author_first_name><wp:author_last_name><![CDATA[]]></wp:author_last_name></wp:author>

				
	<generator>https://wordpress.org/?v=5.4.2</generator>

		<item>
		<title>
				wood-gallery-placeholder-5		</title>
		<link>http://dummy.xtemos.com/woodmart-elementor/demos/home-base/wood-gallery-placeholder-5/</link>
		<pubDate>Wed, 14 Jun 2017 11:33:22 +0000</pubDate>
		<dc:creator><![CDATA[admin]]></dc:creator>
		<guid isPermaLink="false">http://dummy.xtemos.com/woodmart-elementor/demos/wp-content/uploads/sites/2/2017/06/wood-gallery-placeholder-5.jpg</guid>
		<description></description>
		<content:encoded><![CDATA[]]></content:encoded>
		<excerpt:encoded><![CDATA[]]></excerpt:encoded>
		<wp:post_id>77</wp:post_id>
		<wp:post_date>2017-06-14 11:33:22</wp:post_date>
		<wp:post_date_gmt>2017-06-14 11:33:22</wp:post_date_gmt>
		<wp:comment_status>open</wp:comment_status>
		<wp:ping_status>closed</wp:ping_status>
		<wp:post_name>wood-gallery-placeholder-5</wp:post_name>
		<wp:status>inherit</wp:status>
		<wp:post_parent>57</wp:post_parent>
		<wp:menu_order>0</wp:menu_order>
		<wp:post_type>attachment</wp:post_type>
		<wp:post_password></wp:post_password>
		<wp:is_sticky>0</wp:is_sticky>
						<wp:attachment_url>http://dummy.xtemos.com/woodmart-elementor/demos/wp-content/uploads/sites/2/2017/06/wood-gallery-placeholder-5.jpg</wp:attachment_url>
												<wp:postmeta>
			<wp:meta_key>_wp_attached_file</wp:meta_key>
			<wp:meta_value><![CDATA[2017/06/wood-gallery-placeholder-5.jpg]]></wp:meta_value>
		</wp:postmeta>
						</item>
					<item>
		<title>
				wood-gallery-placeholder		</title>
		<link>http://dummy.xtemos.com/woodmart-elementor/demos/home-base/wood-gallery-placeholder/</link>
		<pubDate>Wed, 14 Jun 2017 11:33:24 +0000</pubDate>
		<dc:creator><![CDATA[admin]]></dc:creator>
		<guid isPermaLink="false">http://dummy.xtemos.com/woodmart-elementor/demos/wp-content/uploads/sites/2/2017/06/wood-gallery-placeholder.jpg</guid>
		<description></description>
		<content:encoded><![CDATA[]]></content:encoded>
		<excerpt:encoded><![CDATA[]]></excerpt:encoded>
		<wp:post_id>78</wp:post_id>
		<wp:post_date>2017-06-14 11:33:24</wp:post_date>
		<wp:post_date_gmt>2017-06-14 11:33:24</wp:post_date_gmt>
		<wp:comment_status>open</wp:comment_status>
		<wp:ping_status>closed</wp:ping_status>
		<wp:post_name>wood-gallery-placeholder</wp:post_name>
		<wp:status>inherit</wp:status>
		<wp:post_parent>57</wp:post_parent>
		<wp:menu_order>0</wp:menu_order>
		<wp:post_type>attachment</wp:post_type>
		<wp:post_password></wp:post_password>
		<wp:is_sticky>0</wp:is_sticky>
						<wp:attachment_url>http://dummy.xtemos.com/woodmart-elementor/demos/wp-content/uploads/sites/2/2017/06/wood-gallery-placeholder.jpg</wp:attachment_url>
												<wp:postmeta>
			<wp:meta_key>_wp_attached_file</wp:meta_key>
			<wp:meta_value><![CDATA[2017/06/wood-gallery-placeholder.jpg]]></wp:meta_value>
		</wp:postmeta>
						</item>
					<item>
		<title>
				wood-gallery-placeholder-2		</title>
		<link>http://dummy.xtemos.com/woodmart-elementor/demos/home-base/wood-gallery-placeholder-2/</link>
		<pubDate>Wed, 14 Jun 2017 11:33:26 +0000</pubDate>
		<dc:creator><![CDATA[admin]]></dc:creator>
		<guid isPermaLink="false">http://dummy.xtemos.com/woodmart-elementor/demos/wp-content/uploads/sites/2/2017/06/wood-gallery-placeholder-2.jpg</guid>
		<description></description>
		<content:encoded><![CDATA[]]></content:encoded>
		<excerpt:encoded><![CDATA[]]></excerpt:encoded>
		<wp:post_id>79</wp:post_id>
		<wp:post_date>2017-06-14 11:33:26</wp:post_date>
		<wp:post_date_gmt>2017-06-14 11:33:26</wp:post_date_gmt>
		<wp:comment_status>open</wp:comment_status>
		<wp:ping_status>closed</wp:ping_status>
		<wp:post_name>wood-gallery-placeholder-2</wp:post_name>
		<wp:status>inherit</wp:status>
		<wp:post_parent>57</wp:post_parent>
		<wp:menu_order>0</wp:menu_order>
		<wp:post_type>attachment</wp:post_type>
		<wp:post_password></wp:post_password>
		<wp:is_sticky>0</wp:is_sticky>
						<wp:attachment_url>http://dummy.xtemos.com/woodmart-elementor/demos/wp-content/uploads/sites/2/2017/06/wood-gallery-placeholder-2.jpg</wp:attachment_url>
												<wp:postmeta>
			<wp:meta_key>_wp_attached_file</wp:meta_key>
			<wp:meta_value><![CDATA[2017/06/wood-gallery-placeholder-2.jpg]]></wp:meta_value>
		</wp:postmeta>
						</item>
					<item>
		<title>
				wood-gallery-placeholder-3		</title>
		<link>http://dummy.xtemos.com/woodmart-elementor/demos/home-base/wood-gallery-placeholder-3/</link>
		<pubDate>Wed, 14 Jun 2017 11:33:28 +0000</pubDate>
		<dc:creator><![CDATA[admin]]></dc:creator>
		<guid isPermaLink="false">http://dummy.xtemos.com/woodmart-elementor/demos/wp-content/uploads/sites/2/2017/06/wood-gallery-placeholder-3.jpg</guid>
		<description></description>
		<content:encoded><![CDATA[]]></content:encoded>
		<excerpt:encoded><![CDATA[]]></excerpt:encoded>
		<wp:post_id>80</wp:post_id>
		<wp:post_date>2017-06-14 11:33:28</wp:post_date>
		<wp:post_date_gmt>2017-06-14 11:33:28</wp:post_date_gmt>
		<wp:comment_status>open</wp:comment_status>
		<wp:ping_status>closed</wp:ping_status>
		<wp:post_name>wood-gallery-placeholder-3</wp:post_name>
		<wp:status>inherit</wp:status>
		<wp:post_parent>57</wp:post_parent>
		<wp:menu_order>0</wp:menu_order>
		<wp:post_type>attachment</wp:post_type>
		<wp:post_password></wp:post_password>
		<wp:is_sticky>0</wp:is_sticky>
						<wp:attachment_url>http://dummy.xtemos.com/woodmart-elementor/demos/wp-content/uploads/sites/2/2017/06/wood-gallery-placeholder-3.jpg</wp:attachment_url>
												<wp:postmeta>
			<wp:meta_key>_wp_attached_file</wp:meta_key>
			<wp:meta_value><![CDATA[2017/06/wood-gallery-placeholder-3.jpg]]></wp:meta_value>
		</wp:postmeta>
						</item>
					<item>
		<title>
				wood-gallery-placeholder-4		</title>
		<link>http://dummy.xtemos.com/woodmart-elementor/demos/home-base/wood-gallery-placeholder-4/</link>
		<pubDate>Wed, 14 Jun 2017 11:33:30 +0000</pubDate>
		<dc:creator><![CDATA[admin]]></dc:creator>
		<guid isPermaLink="false">http://dummy.xtemos.com/woodmart-elementor/demos/wp-content/uploads/sites/2/2017/06/wood-gallery-placeholder-4.jpg</guid>
		<description></description>
		<content:encoded><![CDATA[]]></content:encoded>
		<excerpt:encoded><![CDATA[]]></excerpt:encoded>
		<wp:post_id>81</wp:post_id>
		<wp:post_date>2017-06-14 11:33:30</wp:post_date>
		<wp:post_date_gmt>2017-06-14 11:33:30</wp:post_date_gmt>
		<wp:comment_status>open</wp:comment_status>
		<wp:ping_status>closed</wp:ping_status>
		<wp:post_name>wood-gallery-placeholder-4</wp:post_name>
		<wp:status>inherit</wp:status>
		<wp:post_parent>57</wp:post_parent>
		<wp:menu_order>0</wp:menu_order>
		<wp:post_type>attachment</wp:post_type>
		<wp:post_password></wp:post_password>
		<wp:is_sticky>0</wp:is_sticky>
						<wp:attachment_url>http://dummy.xtemos.com/woodmart-elementor/demos/wp-content/uploads/sites/2/2017/06/wood-gallery-placeholder-4.jpg</wp:attachment_url>
												<wp:postmeta>
			<wp:meta_key>_wp_attached_file</wp:meta_key>
			<wp:meta_value><![CDATA[2017/06/wood-gallery-placeholder-4.jpg]]></wp:meta_value>
		</wp:postmeta>
						</item>
					<item>
		<title>
				wood-portfolio-placeholder		</title>
		<link>http://dummy.xtemos.com/woodmart-elementor/demos/wood-portfolio-placeholder/</link>
		<pubDate>Wed, 14 Jun 2017 14:02:43 +0000</pubDate>
		<dc:creator><![CDATA[admin]]></dc:creator>
		<guid isPermaLink="false">http://dummy.xtemos.com/woodmart-elementor/demos/wp-content/uploads/sites/2/2017/06/wood-portfolio-placeholder.jpg</guid>
		<description></description>
		<content:encoded><![CDATA[]]></content:encoded>
		<excerpt:encoded><![CDATA[]]></excerpt:encoded>
		<wp:post_id>117</wp:post_id>
		<wp:post_date>2017-06-14 14:02:43</wp:post_date>
		<wp:post_date_gmt>2017-06-14 14:02:43</wp:post_date_gmt>
		<wp:comment_status>open</wp:comment_status>
		<wp:ping_status>closed</wp:ping_status>
		<wp:post_name>wood-portfolio-placeholder</wp:post_name>
		<wp:status>inherit</wp:status>
		<wp:post_parent>0</wp:post_parent>
		<wp:menu_order>0</wp:menu_order>
		<wp:post_type>attachment</wp:post_type>
		<wp:post_password></wp:post_password>
		<wp:is_sticky>0</wp:is_sticky>
						<wp:attachment_url>http://dummy.xtemos.com/woodmart-elementor/demos/wp-content/uploads/sites/2/2017/06/wood-portfolio-placeholder.jpg</wp:attachment_url>
												<wp:postmeta>
			<wp:meta_key>_wp_attached_file</wp:meta_key>
			<wp:meta_value><![CDATA[2017/06/wood-portfolio-placeholder.jpg]]></wp:meta_value>
		</wp:postmeta>
						</item>
					<item>
		<title>
				shop		</title>
		<link>http://dummy.xtemos.com/woodmart-elementor/demos/infobox/shop-2/</link>
		<pubDate>Wed, 28 Jun 2017 09:56:13 +0000</pubDate>
		<dc:creator><![CDATA[erwin]]></dc:creator>
		<guid isPermaLink="false">http://dummy.xtemos.com/woodmart-elementor/demos/wp-content/uploads/sites/2/2017/06/shop.svg</guid>
		<description></description>
		<content:encoded><![CDATA[]]></content:encoded>
		<excerpt:encoded><![CDATA[]]></excerpt:encoded>
		<wp:post_id>680</wp:post_id>
		<wp:post_date>2017-06-28 09:56:13</wp:post_date>
		<wp:post_date_gmt>2017-06-28 09:56:13</wp:post_date_gmt>
		<wp:comment_status>open</wp:comment_status>
		<wp:ping_status>closed</wp:ping_status>
		<wp:post_name>shop-2</wp:post_name>
		<wp:status>inherit</wp:status>
		<wp:post_parent>679</wp:post_parent>
		<wp:menu_order>0</wp:menu_order>
		<wp:post_type>attachment</wp:post_type>
		<wp:post_password></wp:post_password>
		<wp:is_sticky>0</wp:is_sticky>
						<wp:attachment_url>http://dummy.xtemos.com/woodmart-elementor/demos/wp-content/uploads/sites/2/2017/06/shop.svg</wp:attachment_url>
												<wp:postmeta>
			<wp:meta_key>_wp_attached_file</wp:meta_key>
			<wp:meta_value><![CDATA[2017/06/shop.svg]]></wp:meta_value>
		</wp:postmeta>
						</item>
					<item>
		<title>
				Carousels		</title>
		<link>http://dummy.xtemos.com/woodmart-elementor/demos/carousels/</link>
		<pubDate>Tue, 04 Jul 2017 07:33:20 +0000</pubDate>
		<dc:creator><![CDATA[erwin]]></dc:creator>
		<guid isPermaLink="false">http://dummy.xtemos.com/woodmart-elementor/demos/?page_id=715</guid>
		<description></description>
		<content:encoded><![CDATA[
		
							
						
													
				
					22				
					Jun				
				
							Furniture
							
					Minimalist Japanese-]]></content:encoded>
		<excerpt:encoded><![CDATA[]]></excerpt:encoded>
		<wp:post_id>715</wp:post_id>
		<wp:post_date>2017-07-04 07:33:20</wp:post_date>
		<wp:post_date_gmt>2017-07-04 07:33:20</wp:post_date_gmt>
		<wp:comment_status>closed</wp:comment_status>
		<wp:ping_status>closed</wp:ping_status>
		<wp:post_name>carousels</wp:post_name>
		<wp:status>publish</wp:status>
		<wp:post_parent>0</wp:post_parent>
		<wp:menu_order>0</wp:menu_order>
		<wp:post_type>page</wp:post_type>
		<wp:post_password></wp:post_password>
		<wp:is_sticky>0</wp:is_sticky>
														<wp:postmeta>
			<wp:meta_key>_wp_page_template</wp:meta_key>
			<wp:meta_value><![CDATA[default]]></wp:meta_value>
		</wp:postmeta>
							<wp:postmeta>
			<wp:meta_key>_woodmart_main_layout</wp:meta_key>
			<wp:meta_value><![CDATA[full-width]]></wp:meta_value>
		</wp:postmeta>
							<wp:postmeta>
			<wp:meta_key>_woodmart_header_color_scheme</wp:meta_key>
			<wp:meta_value><![CDATA[inherit]]></wp:meta_value>
		</wp:postmeta>
							<wp:postmeta>
			<wp:meta_key>_woodmart_whb_header</wp:meta_key>
			<wp:meta_value><![CDATA[none]]></wp:meta_value>
		</wp:postmeta>
							<wp:postmeta>
			<wp:meta_key>_elementor_data</wp:meta_key>
			<wp:meta_value><![CDATA[[{"id":"7005778","elType":"section","settings":{"margin":{"unit":"px","top":"0","right":"0","bottom":"60","left":"0","isLinked":""},"margin_mobile":{"unit":"px","top":"0","right":"0","bottom":"50","left":"0","isLinked":""}},"elements":[{"id":"7668755","elType":"column","settings":{"_column_size":"100","column_sticky_offset":"50","scroll_y":"-80"},"elements":[{"id":"3887284","elType":"widget","settings":{"subtitle":"XTEMOS ELEMENT","after_title":"","image_size":"custom","color":"primary","style":"bordered","title":"CAROUSEL OF PRODUCTS","_margin":{"unit":"px","top":"0","right":"0","bottom":"10","left":"0","isLinked":""},"scroll_y":"-80"},"elements":[],"widgetType":"wd_title"},{"id":"3565104","elType":"widget","settings":{"title":"","layout":"carousel","items_per_page":"7","slides_per_view":{"size":"4","unit":"px","sizes":[]},"scroll_y":"-80"},"elements":[],"widgetType":"wd_products"}],"isInner":""}],"isInner":""},{"id":"44582e0","elType":"section","settings":{"margin":{"unit":"px","top":"0","right":"0","bottom":"60","left":"0","isLinked":""},"margin_mobile":{"unit":"px","top":"0","right":"0","bottom":"50","left":"0","isLinked":""}},"elements":[{"id":"fdbf393","elType":"column","settings":{"_column_size":"100","column_sticky_offset":"50","scroll_y":"-80"},"elements":[{"id":"1d919b4","elType":"widget","settings":{"subtitle":"XTEMOS ELEMENT","after_title":"","image_size":"custom","color":"primary","style":"bordered","title":"CAROUSEL OF PRODUCTS CENTERED","_margin":{"unit":"px","top":"0","right":"0","bottom":"10","left":"0","isLinked":""},"scroll_y":"-80"},"elements":[],"widgetType":"wd_title"},{"id":"8fca62d","elType":"widget","settings":{"title":"","layout":"carousel","items_per_page":"7","slides_per_view":{"size":"5","unit":"px","sizes":[]},"scroll_y":"-80","hide_pagination_control":"","hide_prev_next_buttons":"","wrap":"","autoplay":""},"elements":[],"widgetType":"wd_products"}],"isInner":""}],"isInner":""},{"id":"2409314","elType":"section","settings":{"margin":{"unit":"px","top":"0","right":"0","bottom":"60","left":"0","isLinked":""},"margin_mobile":{"unit":"px","top":"0","right":"0","bottom":"50","left":"0","isLinked":""}},"elements":[{"id":"9426322","elType":"column","settings":{"_column_size":"100","column_sticky_offset":"50","scroll_y":"-80"},"elements":[{"id":"1848390","elType":"widget","settings":{"subtitle":"XTEMOS ELEMENT","after_title":"","image_size":"custom","color":"primary","style":"bordered","title":"CAROUSEL OF POSTS","_margin":{"unit":"px","top":"0","right":"0","bottom":"10","left":"0","isLinked":""},"scroll_y":"-80"},"elements":[],"widgetType":"wd_title"},{"id":"826329","elType":"widget","settings":{"blog_spacing":"20","items_per_page":"4","blog_design":"carousel","slides_per_view":{"size":"3","unit":"px","sizes":[]},"img_size":"full","hide_pagination_control":"","autoplay":"","scroll_y":"-80"},"elements":[],"widgetType":"wd_blog"}],"isInner":""}],"isInner":""},{"id":"9823349","elType":"section","settings":{"margin":{"unit":"px","top":"0","right":"0","bottom":"60","left":"0","isLinked":""},"margin_mobile":{"unit":"px","top":"0","right":"0","bottom":"50","left":"0","isLinked":""}},"elements":[{"id":"3612971","elType":"column","settings":{"_column_size":"100","column_sticky_offset":"50","scroll_y":"-80"},"elements":[{"id":"5939221","elType":"widget","settings":{"subtitle":"XTEMOS ELEMENT","after_title":"","image_size":"custom","color":"primary","style":"bordered","title":"CAROUSEL OF POSTS ALTERNATIVE","_margin":{"unit":"px","top":"0","right":"0","bottom":"10","left":"0","isLinked":""},"scroll_y":"-80"},"elements":[],"widgetType":"wd_title"},{"id":"5625338","elType":"widget","settings":{"blog_spacing":"20","items_per_page":"3","blog_design":"carousel","blog_carousel_design":"small-images","carousel_small_img":"yes","slides_per_view":{"size":"2","unit":"px","sizes":[]},"img_size":"custom","img_size_custom":{"width":"300","height":"360"},"scroll_y":"-80"},"elements":[],"widgetType":"wd_blog"}],"isInner":""}],"isInner":""},{"id":"3802304","elType":"section","settings":{"margin":{"unit":"px","top":"0","right":"0","bottom":"60","left":"0","isLinked":""},"margin_mobile":{"unit":"px","top":"0","right":"0","bottom":"50","left":"0","isLinked":""}},"elements":[{"id":"8325835","elType":"column","settings":{"_column_size":"100","column_sticky_offset":"50","scroll_y":"-80"},"elements":[{"id":"1308558","elType":"widget","settings":{"subtitle":"XTEMOS ELEMENT","after_title":"","image_size":"custom","color":"primary","style":"bordered","title":"CAROUSEL OF CATEGORIES","_margin":{"unit":"px","top":"0","right":"0","bottom":"10","left":"0","isLinked":""},"scroll_y":"-80"},"elements":[],"widgetType":"wd_title"},{"id":"4650151","elType":"widget","settings":{"style":"carousel","spacing":"30","slides_per_view":{"size":"3","unit":"px","sizes":[]},"ids":[""],"scroll_y":"-80"},"elements":[],"widgetType":"wd_product_categories"}],"isInner":""}],"isInner":""},{"id":"6221562","elType":"section","settings":{"margin":{"unit":"px","top":"0","right":"0","bottom":"60","left":"0","isLinked":""},"margin_mobile":{"unit":"px","top":"0","right":"0","bottom":"50","left":"0","isLinked":""}},"elements":[{"id":"4842488","elType":"column","settings":{"_column_size":"100","column_sticky_offset":"50","scroll_y":"-80"},"elements":[{"id":"5073242","elType":"widget","settings":{"subtitle":"XTEMOS ELEMENT","after_title":"","image_size":"custom","color":"primary","style":"bordered","title":"CAROUSEL OF BRANDS","_margin":{"unit":"px","top":"0","right":"0","bottom":"10","left":"0","isLinked":""},"scroll_y":"-80"},"elements":[],"widgetType":"wd_title"},{"id":"6012731","elType":"widget","settings":{"slides_per_view":{"size":"5","unit":"px","sizes":[]},"scroll_y":"-80"},"elements":[],"widgetType":"wd_products_brands"}],"isInner":""}],"isInner":""},{"id":"445486","elType":"section","settings":{"margin":{"unit":"px","top":"0","right":"0","bottom":"60","left":"0","isLinked":""},"margin_mobile":{"unit":"px","top":"0","right":"0","bottom":"50","left":"0","isLinked":""}},"elements":[{"id":"2089399","elType":"column","settings":{"_column_size":"100","column_sticky_offset":"50","scroll_y":"-80"},"elements":[{"id":"1715645","elType":"widget","settings":{"subtitle":"XTEMOS ELEMENT","after_title":"","image_size":"custom","color":"primary","style":"bordered","title":"CAROUSEL OF BANNERS","_margin":{"unit":"px","top":"0","right":"0","bottom":"10","left":"0","isLinked":""},"scroll_y":"-80"},"elements":[],"widgetType":"wd_title"},{"id":"4327311","elType":"widget","settings":{"slider_spacing":"30","slides_per_view":{"size":"3","unit":"px","sizes":[]},"content_repeater":[{"_id":"7243652","image_size":"custom","title":"HOVER STYLE BACKGROUND","subtitle":"","content":"Lorem ipsum dolor sit amet, consectetur adipiscing elit.","btn_text":"Button","image_custom_dimension":{"width":"768","height":"480"},"image":{"id":"117","url":"#"},"vertical_alignment":"bottom","link":{"url":"#","is_external":"","nofollow":"","custom_attributes":""},"image_type":"image","image_height":{"unit":"px","size":"300","sizes":[]},"image_height_tablet":{"unit":"px","size":"","sizes":[]},"image_height_mobile":{"unit":"px","size":"","sizes":[]},"image_bg_position":"center center","horizontal_alignment":"left","text_alignment":"left","width":{"unit":"%","size":"60","sizes":[]},"width_tablet":{"unit":"%","size":"","sizes":[]},"width_mobile":{"unit":"%","size":"","sizes":[]},"increase_spaces":"no"},{"_id":"2071338","image_size":"custom","title":"HOVER STYLE BACKGROUND","subtitle":"","content":"Lorem ipsum dolor sit amet, consectetur adipiscing elit.","btn_text":"button","image_custom_dimension":{"width":"768","height":"480"},"image":{"id":"117","url":"#"},"vertical_alignment":"middle","link":{"url":"#","is_external":"","nofollow":"","custom_attributes":""},"image_type":"image","image_height":{"unit":"px","size":"300","sizes":[]},"image_height_tablet":{"unit":"px","size":"","sizes":[]},"image_height_mobile":{"unit":"px","size":"","sizes":[]},"image_bg_position":"center center","horizontal_alignment":"left","text_alignment":"left","width":{"unit":"%","size":"60","sizes":[]},"width_tablet":{"unit":"%","size":"","sizes":[]},"width_mobile":{"unit":"%","size":"","sizes":[]},"increase_spaces":"no"},{"_id":"5084063","image_size":"custom","title":"HOVER STYLE BACKGROUND","subtitle":"","content":"Lorem ipsum dolor sit amet, consectetur adipiscing elit.","btn_text":"button","image_custom_dimension":{"width":"768","height":"480"},"image":{"id":"117","url":"#"},"vertical_alignment":"bottom","link":{"url":"#","is_external":"","nofollow":"","custom_attributes":""},"image_type":"image","image_height":{"unit":"px","size":"300","sizes":[]},"image_height_tablet":{"unit":"px","size":"","sizes":[]},"image_height_mobile":{"unit":"px","size":"","sizes":[]},"image_bg_position":"center center","horizontal_alignment":"left","text_alignment":"left","width":{"unit":"%","size":"60","sizes":[]},"width_tablet":{"unit":"%","size":"","sizes":[]},"width_mobile":{"unit":"%","size":"","sizes":[]},"increase_spaces":"no"},{"_id":"1429479","image_size":"custom","title":"HOVER STYLE BACKGROUND","subtitle":"","content":"Lorem ipsum dolor sit amet, consectetur adipiscing elit.","btn_text":"button","image_custom_dimension":{"width":"768","height":"480"},"image":{"id":"117","url":"#"},"vertical_alignment":"middle","link":{"url":"#","is_external":"","nofollow":"","custom_attributes":""},"image_type":"image","image_height":{"unit":"px","size":"300","sizes":[]},"image_height_tablet":{"unit":"px","size":"","sizes":[]},"image_height_mobile":{"unit":"px","size":"","sizes":[]},"image_bg_position":"center center","horizontal_alignment":"left","text_alignment":"left","width":{"unit":"%","size":"60","sizes":[]},"width_tablet":{"unit":"%","size":"","sizes":[]},"width_mobile":{"unit":"%","size":"","sizes":[]},"increase_spaces":"no"},{"_id":"9515607","image_size":"custom","title":"HOVER STYLE BACKGROUND","subtitle":"","content":"Lorem ipsum dolor sit amet, consectetur adipiscing elit.","btn_text":"button","image_custom_dimension":{"width":"768","height":"480"},"image":{"id":"117","url":"#"},"vertical_alignment":"bottom","link":{"url":"#","is_external":"","nofollow":"","custom_attributes":""},"image_type":"image","image_height":{"unit":"px","size":"300","sizes":[]},"image_height_tablet":{"unit":"px","size":"","sizes":[]},"image_height_mobile":{"unit":"px","size":"","sizes":[]},"image_bg_position":"center center","horizontal_alignment":"left","text_alignment":"left","width":{"unit":"%","size":"60","sizes":[]},"width_tablet":{"unit":"%","size":"","sizes":[]},"width_mobile":{"unit":"%","size":"","sizes":[]},"increase_spaces":"no"},{"_id":"6658098","image_size":"custom","title":"HOVER STYLE BACKGROUND","subtitle":"","content":"Lorem ipsum dolor sit amet, consectetur adipiscing elit.","btn_text":"button","image_custom_dimension":{"width":"768","height":"480"},"image":{"id":"117","url":"#"},"vertical_alignment":"middle","link":{"url":"#","is_external":"","nofollow":"","custom_attributes":""},"image_type":"image","image_height":{"unit":"px","size":"300","sizes":[]},"image_height_tablet":{"unit":"px","size":"","sizes":[]},"image_height_mobile":{"unit":"px","size":"","sizes":[]},"image_bg_position":"center center","horizontal_alignment":"left","text_alignment":"left","width":{"unit":"%","size":"60","sizes":[]},"width_tablet":{"unit":"%","size":"","sizes":[]},"width_mobile":{"unit":"%","size":"","sizes":[]},"increase_spaces":"no"}],"style":"mask","woodmart_color_scheme":"light","btn_color":"white","btn_style":"bordered","scroll_y":"-80"},"elements":[],"widgetType":"wd_banner_carousel"}],"isInner":""}],"isInner":""},{"id":"6735222","elType":"section","settings":{"margin":{"unit":"px","top":"0","right":"0","bottom":"60","left":"0","isLinked":""},"margin_mobile":{"unit":"px","top":"0","right":"0","bottom":"50","left":"0","isLinked":""}},"elements":[{"id":"3620423","elType":"column","settings":{"_column_size":"100","column_sticky_offset":"50","scroll_y":"-80"},"elements":[{"id":"47655","elType":"widget","settings":{"subtitle":"XTEMOS ELEMENT","after_title":"","image_size":"custom","color":"primary","style":"bordered","title":"INFOBOX CAROUSEL","_margin":{"unit":"px","top":"0","right":"0","bottom":"10","left":"0","isLinked":""},"scroll_y":"-80"},"elements":[],"widgetType":"wd_title"},{"id":"9741620","elType":"widget","settings":{"slider_spacing":"30","slides_per_view":{"size":"3","unit":"px","sizes":[]},"content_repeater":[{"_id":"8096186","icon_type":"icon","btn_text":"","image_size":"custom","subtitle":"","title":"INFOBOX TITLE","image":{"id":"680","url":"#"},"image_custom_dimension":{"width":"100","height":"100"},"content":"Lorem ipsum dolor sit amet, consectetur adipiscing elit,<br \/>\r\nsed do eiusmod tempor.","link":{"url":"#","is_external":"","nofollow":"","custom_attributes":""},"icon_text":"01."},{"_id":"6868918","icon_type":"icon","btn_text":"","image_size":"custom","subtitle":"","title":"INFOBOX TITLE","image":{"id":"680","url":"#"},"image_custom_dimension":{"width":"100","height":"100"},"content":"Lorem ipsum dolor sit amet, consectetur adipiscing elit,<br \/>\r\nsed do eiusmod tempor.","link":{"url":"#","is_external":"","nofollow":"","custom_attributes":""},"icon_text":"01."},{"_id":"2708287","icon_type":"icon","btn_text":"","image_size":"custom","subtitle":"","title":"INFOBOX TITLE","image":{"id":"680","url":"#"},"image_custom_dimension":{"width":"100","height":"100"},"content":"Lorem ipsum dolor sit amet, consectetur adipiscing elit,<br \/>\r\nsed do eiusmod tempor.","link":{"url":"#","is_external":"","nofollow":"","custom_attributes":""},"icon_text":"01."},{"_id":"647563","icon_type":"icon","btn_text":"","image_size":"custom","subtitle":"","title":"INFOBOX TITLE","image":{"id":"680","url":"#"},"image_custom_dimension":{"width":"100","height":"100"},"content":"Lorem ipsum dolor sit amet, consectetur adipiscing elit,<br \/>\r\nsed do eiusmod tempor.","link":{"url":"#","is_external":"","nofollow":"","custom_attributes":""},"icon_text":"01."}],"scroll_y":"-80"},"elements":[],"widgetType":"wd_infobox_carousel"}],"isInner":""}],"isInner":""},{"id":"5354900","elType":"section","settings":{"margin":{"unit":"px","top":"0","right":"0","bottom":"60","left":"0","isLinked":""},"margin_mobile":{"unit":"px","top":"0","right":"0","bottom":"50","left":"0","isLinked":""}},"elements":[{"id":"3388631","elType":"column","settings":{"_column_size":"100","column_sticky_offset":"50","scroll_y":"-80"},"elements":[{"id":"9392002","elType":"widget","settings":{"subtitle":"XTEMOS ELEMENT","after_title":"","image_size":"custom","color":"primary","style":"bordered","title":"GALLERYCAROUSEL","_margin":{"unit":"px","top":"0","right":"0","bottom":"10","left":"0","isLinked":""},"scroll_y":"-80"},"elements":[],"widgetType":"wd_title"},{"id":"9709640","elType":"widget","settings":{"ids_size":"custom","ids":[{"id":"81","url":""},{"id":"80","url":""},{"id":"79","url":""},{"id":"78","url":""},{"id":"77","url":""},{"id":"117","url":""}],"view":"carousel","spacing":"10","slides_per_view":{"size":"3","unit":"px","sizes":[]},"lightbox":"yes","ids_custom_dimension":{"width":"1000","height":"800"},"scroll_y":"-80"},"elements":[],"widgetType":"wd_images_gallery"}],"isInner":""}],"isInner":""},{"id":"137540","elType":"section","settings":{"margin":{"unit":"px","top":"0","right":"0","bottom":"20","left":"0","isLinked":""},"margin_mobile":{"unit":"px","top":"0","right":"0","bottom":"10","left":"0","isLinked":""}},"elements":[{"id":"5401969","elType":"column","settings":{"_column_size":"100","column_sticky_offset":"50","scroll_y":"-80"},"elements":[{"id":"9605872","elType":"widget","settings":{"subtitle":"XTEMOS ELEMENT","after_title":"","image_size":"custom","color":"primary","style":"bordered","title":"INSTAGRAM CAROUSEL","_margin":{"unit":"px","top":"0","right":"0","bottom":"10","left":"0","isLinked":""},"scroll_y":"-80"},"elements":[],"widgetType":"wd_title"},{"id":"3032730","elType":"widget","settings":{"data_source":"ajax","number":{"size":"12","unit":"px","sizes":[]},"size":"large","target":"_blank","design":"slider","per_row":{"size":"5","unit":"px","sizes":[]},"spacing":"1","username":"nature","scroll_y":"-80"},"elements":[],"widgetType":"wd_instagram"}],"isInner":""}],"isInner":""}]]]></wp:meta_value>
		</wp:postmeta>
							<wp:postmeta>
			<wp:meta_key>_elementor_edit_mode</wp:meta_key>
			<wp:meta_value><![CDATA[builder]]></wp:meta_value>
		</wp:postmeta>
							<wp:postmeta>
			<wp:meta_key>_elementor_version</wp:meta_key>
			<wp:meta_value><![CDATA[2.9.11]]></wp:meta_value>
		</wp:postmeta>
							<wp:postmeta>
			<wp:meta_key>_elementor_template_type</wp:meta_key>
			<wp:meta_value><![CDATA[wp-page]]></wp:meta_value>
		</wp:postmeta>
							<wp:postmeta>
			<wp:meta_key>_elementor_controls_usage</wp:meta_key>
			<wp:meta_value><![CDATA[a:11:{s:8:"wd_title";a:3:{s:5:"count";i:10;s:15:"control_percent";i:3;s:8:"controls";a:3:{s:7:"content";a:1:{s:23:"general_content_section";a:3:{s:8:"subtitle";i:10;s:11:"after_title";i:10;s:5:"title";i:10;}}s:5:"style";a:2:{s:19:"title_style_section";a:1:{s:10:"image_size";i:10;}s:21:"general_style_section";a:2:{s:5:"color";i:10;s:5:"style";i:10;}}s:8:"advanced";a:2:{s:14:"_section_style";a:1:{s:7:"_margin";i:10;}s:8:"wd_extra";a:1:{s:8:"scroll_y";i:10;}}}}s:11:"wd_products";a:3:{s:5:"count";i:2;s:15:"control_percent";i:4;s:8:"controls";a:2:{s:5:"style";a:2:{s:20:"layout_style_section";a:2:{s:6:"layout";i:2;s:14:"items_per_page";i:2;}s:22:"carousel_style_section";a:5:{s:15:"slides_per_view";i:2;s:23:"hide_pagination_control";i:1;s:22:"hide_prev_next_buttons";i:1;s:4:"wrap";i:1;s:8:"autoplay";i:1;}}s:8:"advanced";a:1:{s:8:"wd_extra";a:1:{s:8:"scroll_y";i:2;}}}}s:6:"column";a:3:{s:5:"count";i:10;s:15:"control_percent";i:1;s:8:"controls";a:1:{s:8:"advanced";a:1:{s:8:"wd_extra";a:2:{s:20:"column_sticky_offset";i:10;s:8:"scroll_y";i:10;}}}}s:7:"section";a:3:{s:5:"count";i:10;s:15:"control_percent";i:1;s:8:"controls";a:1:{s:8:"advanced";a:1:{s:16:"section_advanced";a:2:{s:6:"margin";i:10;s:13:"margin_mobile";i:10;}}}}s:7:"wd_blog";a:3:{s:5:"count";i:2;s:15:"control_percent";i:4;s:8:"controls";a:2:{s:5:"style";a:2:{s:21:"general_style_section";a:6:{s:12:"blog_spacing";i:2;s:14:"items_per_page";i:2;s:11:"blog_design";i:2;s:8:"img_size";i:2;s:20:"blog_carousel_design";i:1;s:15:"img_size_custom";i:1;}s:22:"carousel_style_section";a:3:{s:15:"slides_per_view";i:2;s:23:"hide_pagination_control";i:1;s:8:"autoplay";i:1;}}s:8:"advanced";a:1:{s:8:"wd_extra";a:1:{s:8:"scroll_y";i:2;}}}}s:21:"wd_product_categories";a:3:{s:5:"count";i:1;s:15:"control_percent";i:2;s:8:"controls";a:3:{s:5:"style";a:2:{s:20:"layout_style_section";a:2:{s:5:"style";i:1;s:7:"spacing";i:1;}s:22:"carousel_style_section";a:1:{s:15:"slides_per_view";i:1;}}s:7:"content";a:1:{s:23:"general_content_section";a:1:{s:3:"ids";i:1;}}s:8:"advanced";a:1:{s:8:"wd_extra";a:1:{s:8:"scroll_y";i:1;}}}}s:18:"wd_products_brands";a:3:{s:5:"count";i:1;s:15:"control_percent";i:1;s:8:"controls";a:2:{s:5:"style";a:1:{s:22:"carousel_style_section";a:1:{s:15:"slides_per_view";i:1;}}s:8:"advanced";a:1:{s:8:"wd_extra";a:1:{s:8:"scroll_y";i:1;}}}}s:18:"wd_banner_carousel";a:3:{s:5:"count";i:1;s:15:"control_percent";i:3;s:8:"controls";a:3:{s:5:"style";a:3:{s:22:"carousel_style_section";a:2:{s:14:"slider_spacing";i:1;s:15:"slides_per_view";i:1;}s:21:"general_style_section";a:2:{s:5:"style";i:1;s:21:"woodmart_color_scheme";i:1;}s:20:"button_style_section";a:2:{s:9:"btn_color";i:1;s:9:"btn_style";i:1;}}s:7:"content";a:1:{s:23:"general_content_section";a:1:{s:16:"content_repeater";i:1;}}s:8:"advanced";a:1:{s:8:"wd_extra";a:1:{s:8:"scroll_y";i:1;}}}}s:19:"wd_infobox_carousel";a:3:{s:5:"count";i:1;s:15:"control_percent";i:1;s:8:"controls";a:3:{s:5:"style";a:1:{s:22:"carousel_style_section";a:2:{s:14:"slider_spacing";i:1;s:15:"slides_per_view";i:1;}}s:7:"content";a:1:{s:23:"general_content_section";a:1:{s:16:"content_repeater";i:1;}}s:8:"advanced";a:1:{s:8:"wd_extra";a:1:{s:8:"scroll_y";i:1;}}}}s:17:"wd_images_gallery";a:3:{s:5:"count";i:1;s:15:"control_percent";i:3;s:8:"controls";a:3:{s:7:"content";a:1:{s:23:"general_content_section";a:3:{s:8:"ids_size";i:1;s:3:"ids";i:1;s:20:"ids_custom_dimension";i:1;}}s:5:"style";a:2:{s:20:"layout_style_section";a:2:{s:4:"view";i:1;s:7:"spacing";i:1;}s:22:"carousel_style_section";a:1:{s:15:"slides_per_view";i:1;}}s:8:"advanced";a:1:{s:8:"wd_extra";a:1:{s:8:"scroll_y";i:1;}}}}s:12:"wd_instagram";a:3:{s:5:"count";i:1;s:15:"control_percent";i:4;s:8:"controls";a:3:{s:7:"content";a:2:{s:23:"general_content_section";a:3:{s:11:"data_source";i:1;s:4:"size";i:1;s:8:"username";i:1;}s:15:"content_section";a:1:{s:6:"target";i:1;}}s:5:"style";a:1:{s:22:"layout_content_section";a:4:{s:6:"number";i:1;s:6:"design";i:1;s:7:"per_row";i:1;s:7:"spacing";i:1;}}s:8:"advanced";a:1:{s:8:"wd_extra";a:1:{s:8:"scroll_y";i:1;}}}}}]]></wp:meta_value>
		</wp:postmeta>
						</item>
				</channel>
</rss>
	