<?xml version="1.0" encoding="UTF-8" ?>
<!-- This is a WordPress eXtended RSS file generated by WordPress as an export of your site. -->
<!-- It contains information about your site's posts, pages, comments, categories, and other content. -->
<!-- You may use this file to transfer that content from one site to another. -->
<!-- This file is not intended to serve as a complete backup of your site. -->

<!-- To import this information into a WordPress site follow these steps: -->
<!-- 1. Log in to that site as an administrator. -->
<!-- 2. Go to Tools: Import in the WordPress admin panel. -->
<!-- 3. Install the "WordPress" importer from the list. -->
<!-- 4. Activate & Run Importer. -->
<!-- 5. Upload this file using the form provided on that page. -->
<!-- 6. You will first be asked to map the authors in this export file to users -->
<!--    on the site. For each author, you may choose to map to an -->
<!--    existing user on the site or to create a new user. -->
<!-- 7. WordPress will then import each of the posts, pages, comments, categories, etc. -->
<!--    contained in this file into your site. -->

	<!-- generator="WordPress/5.4.2" created="2020-07-02 12:59" -->
<rss version="2.0"
	xmlns:excerpt="http://wordpress.org/export/1.2/excerpt/"
	xmlns:content="http://purl.org/rss/1.0/modules/content/"
	xmlns:wfw="http://wellformedweb.org/CommentAPI/"
	xmlns:dc="http://purl.org/dc/elements/1.1/"
	xmlns:wp="http://wordpress.org/export/1.2/"
>

<channel>
	<title>Woodmart dummy demos</title>
	<link>http://dummy.xtemos.com/woodmart-elementor/demos</link>
	<description>Just another Woodmart Dummy Content Sites site</description>
	<pubDate>Thu, 02 Jul 2020 12:59:49 +0000</pubDate>
	<language>en-US</language>
	<wp:wxr_version>1.2</wp:wxr_version>
	<wp:base_site_url>http://dummy.xtemos.com/woodmart-elementor/</wp:base_site_url>
	<wp:base_blog_url>http://dummy.xtemos.com/woodmart-elementor/demos</wp:base_blog_url>

		<wp:author><wp:author_id>2</wp:author_id><wp:author_login>erwin</wp:author_login><wp:author_email>ss@asas.as</wp:author_email><wp:author_display_name><![CDATA[erwin]]></wp:author_display_name><wp:author_first_name><![CDATA[]]></wp:author_first_name><wp:author_last_name><![CDATA[]]></wp:author_last_name></wp:author>

				
	<generator>https://wordpress.org/?v=5.4.2</generator>

		<item>
		<title>
				wood-gallery-placeholder-5		</title>
		<link>http://dummy.xtemos.com/woodmart-elementor/demos/home-base/wood-gallery-placeholder-5/</link>
		<pubDate>Wed, 14 Jun 2017 11:33:22 +0000</pubDate>
		<dc:creator><![CDATA[admin]]></dc:creator>
		<guid isPermaLink="false">http://dummy.xtemos.com/woodmart-elementor/demos/wp-content/uploads/sites/2/2017/06/wood-gallery-placeholder-5.jpg</guid>
		<description></description>
		<content:encoded><![CDATA[]]></content:encoded>
		<excerpt:encoded><![CDATA[]]></excerpt:encoded>
		<wp:post_id>77</wp:post_id>
		<wp:post_date>2017-06-14 11:33:22</wp:post_date>
		<wp:post_date_gmt>2017-06-14 11:33:22</wp:post_date_gmt>
		<wp:comment_status>open</wp:comment_status>
		<wp:ping_status>closed</wp:ping_status>
		<wp:post_name>wood-gallery-placeholder-5</wp:post_name>
		<wp:status>inherit</wp:status>
		<wp:post_parent>57</wp:post_parent>
		<wp:menu_order>0</wp:menu_order>
		<wp:post_type>attachment</wp:post_type>
		<wp:post_password></wp:post_password>
		<wp:is_sticky>0</wp:is_sticky>
						<wp:attachment_url>http://dummy.xtemos.com/woodmart-elementor/demos/wp-content/uploads/sites/2/2017/06/wood-gallery-placeholder-5.jpg</wp:attachment_url>
												<wp:postmeta>
			<wp:meta_key>_wp_attached_file</wp:meta_key>
			<wp:meta_value><![CDATA[2017/06/wood-gallery-placeholder-5.jpg]]></wp:meta_value>
		</wp:postmeta>
						</item>
					<item>
		<title>
				wood-gallery-placeholder		</title>
		<link>http://dummy.xtemos.com/woodmart-elementor/demos/home-base/wood-gallery-placeholder/</link>
		<pubDate>Wed, 14 Jun 2017 11:33:24 +0000</pubDate>
		<dc:creator><![CDATA[admin]]></dc:creator>
		<guid isPermaLink="false">http://dummy.xtemos.com/woodmart-elementor/demos/wp-content/uploads/sites/2/2017/06/wood-gallery-placeholder.jpg</guid>
		<description></description>
		<content:encoded><![CDATA[]]></content:encoded>
		<excerpt:encoded><![CDATA[]]></excerpt:encoded>
		<wp:post_id>78</wp:post_id>
		<wp:post_date>2017-06-14 11:33:24</wp:post_date>
		<wp:post_date_gmt>2017-06-14 11:33:24</wp:post_date_gmt>
		<wp:comment_status>open</wp:comment_status>
		<wp:ping_status>closed</wp:ping_status>
		<wp:post_name>wood-gallery-placeholder</wp:post_name>
		<wp:status>inherit</wp:status>
		<wp:post_parent>57</wp:post_parent>
		<wp:menu_order>0</wp:menu_order>
		<wp:post_type>attachment</wp:post_type>
		<wp:post_password></wp:post_password>
		<wp:is_sticky>0</wp:is_sticky>
						<wp:attachment_url>http://dummy.xtemos.com/woodmart-elementor/demos/wp-content/uploads/sites/2/2017/06/wood-gallery-placeholder.jpg</wp:attachment_url>
												<wp:postmeta>
			<wp:meta_key>_wp_attached_file</wp:meta_key>
			<wp:meta_value><![CDATA[2017/06/wood-gallery-placeholder.jpg]]></wp:meta_value>
		</wp:postmeta>
						</item>
					<item>
		<title>
				wood-gallery-placeholder-2		</title>
		<link>http://dummy.xtemos.com/woodmart-elementor/demos/home-base/wood-gallery-placeholder-2/</link>
		<pubDate>Wed, 14 Jun 2017 11:33:26 +0000</pubDate>
		<dc:creator><![CDATA[admin]]></dc:creator>
		<guid isPermaLink="false">http://dummy.xtemos.com/woodmart-elementor/demos/wp-content/uploads/sites/2/2017/06/wood-gallery-placeholder-2.jpg</guid>
		<description></description>
		<content:encoded><![CDATA[]]></content:encoded>
		<excerpt:encoded><![CDATA[]]></excerpt:encoded>
		<wp:post_id>79</wp:post_id>
		<wp:post_date>2017-06-14 11:33:26</wp:post_date>
		<wp:post_date_gmt>2017-06-14 11:33:26</wp:post_date_gmt>
		<wp:comment_status>open</wp:comment_status>
		<wp:ping_status>closed</wp:ping_status>
		<wp:post_name>wood-gallery-placeholder-2</wp:post_name>
		<wp:status>inherit</wp:status>
		<wp:post_parent>57</wp:post_parent>
		<wp:menu_order>0</wp:menu_order>
		<wp:post_type>attachment</wp:post_type>
		<wp:post_password></wp:post_password>
		<wp:is_sticky>0</wp:is_sticky>
						<wp:attachment_url>http://dummy.xtemos.com/woodmart-elementor/demos/wp-content/uploads/sites/2/2017/06/wood-gallery-placeholder-2.jpg</wp:attachment_url>
												<wp:postmeta>
			<wp:meta_key>_wp_attached_file</wp:meta_key>
			<wp:meta_value><![CDATA[2017/06/wood-gallery-placeholder-2.jpg]]></wp:meta_value>
		</wp:postmeta>
						</item>
					<item>
		<title>
				wood-gallery-placeholder-3		</title>
		<link>http://dummy.xtemos.com/woodmart-elementor/demos/home-base/wood-gallery-placeholder-3/</link>
		<pubDate>Wed, 14 Jun 2017 11:33:28 +0000</pubDate>
		<dc:creator><![CDATA[admin]]></dc:creator>
		<guid isPermaLink="false">http://dummy.xtemos.com/woodmart-elementor/demos/wp-content/uploads/sites/2/2017/06/wood-gallery-placeholder-3.jpg</guid>
		<description></description>
		<content:encoded><![CDATA[]]></content:encoded>
		<excerpt:encoded><![CDATA[]]></excerpt:encoded>
		<wp:post_id>80</wp:post_id>
		<wp:post_date>2017-06-14 11:33:28</wp:post_date>
		<wp:post_date_gmt>2017-06-14 11:33:28</wp:post_date_gmt>
		<wp:comment_status>open</wp:comment_status>
		<wp:ping_status>closed</wp:ping_status>
		<wp:post_name>wood-gallery-placeholder-3</wp:post_name>
		<wp:status>inherit</wp:status>
		<wp:post_parent>57</wp:post_parent>
		<wp:menu_order>0</wp:menu_order>
		<wp:post_type>attachment</wp:post_type>
		<wp:post_password></wp:post_password>
		<wp:is_sticky>0</wp:is_sticky>
						<wp:attachment_url>http://dummy.xtemos.com/woodmart-elementor/demos/wp-content/uploads/sites/2/2017/06/wood-gallery-placeholder-3.jpg</wp:attachment_url>
												<wp:postmeta>
			<wp:meta_key>_wp_attached_file</wp:meta_key>
			<wp:meta_value><![CDATA[2017/06/wood-gallery-placeholder-3.jpg]]></wp:meta_value>
		</wp:postmeta>
						</item>
					<item>
		<title>
				wood-gallery-placeholder-4		</title>
		<link>http://dummy.xtemos.com/woodmart-elementor/demos/home-base/wood-gallery-placeholder-4/</link>
		<pubDate>Wed, 14 Jun 2017 11:33:30 +0000</pubDate>
		<dc:creator><![CDATA[admin]]></dc:creator>
		<guid isPermaLink="false">http://dummy.xtemos.com/woodmart-elementor/demos/wp-content/uploads/sites/2/2017/06/wood-gallery-placeholder-4.jpg</guid>
		<description></description>
		<content:encoded><![CDATA[]]></content:encoded>
		<excerpt:encoded><![CDATA[]]></excerpt:encoded>
		<wp:post_id>81</wp:post_id>
		<wp:post_date>2017-06-14 11:33:30</wp:post_date>
		<wp:post_date_gmt>2017-06-14 11:33:30</wp:post_date_gmt>
		<wp:comment_status>open</wp:comment_status>
		<wp:ping_status>closed</wp:ping_status>
		<wp:post_name>wood-gallery-placeholder-4</wp:post_name>
		<wp:status>inherit</wp:status>
		<wp:post_parent>57</wp:post_parent>
		<wp:menu_order>0</wp:menu_order>
		<wp:post_type>attachment</wp:post_type>
		<wp:post_password></wp:post_password>
		<wp:is_sticky>0</wp:is_sticky>
						<wp:attachment_url>http://dummy.xtemos.com/woodmart-elementor/demos/wp-content/uploads/sites/2/2017/06/wood-gallery-placeholder-4.jpg</wp:attachment_url>
												<wp:postmeta>
			<wp:meta_key>_wp_attached_file</wp:meta_key>
			<wp:meta_value><![CDATA[2017/06/wood-gallery-placeholder-4.jpg]]></wp:meta_value>
		</wp:postmeta>
						</item>
					<item>
		<title>
				Home dark		</title>
		<link>http://dummy.xtemos.com/woodmart-elementor/demos/home-dark/</link>
		<pubDate>Tue, 08 Aug 2017 13:41:53 +0000</pubDate>
		<dc:creator><![CDATA[erwin]]></dc:creator>
		<guid isPermaLink="false">http://dummy.xtemos.com/woodmart-elementor/demos/?page_id=945</guid>
		<description></description>
		<content:encoded><![CDATA[<article id="post-368">
		<header>
							<figure>
						<a href="http://dummy.xtemos.com/woodmart-elementor/demos/2017/06/22/minimalist-japanese-inspired-furniture/">
							<img src="http://dummy.xtemos.com/woodmart-elementor/demos/wp-content/uploads/sites/2/2017/06/wood-blog-placeholder.jpg" title="wood-blog-placeholder" alt="wood-blog-placeholder" />						</a>
				</figure>
					22				
					Jun				
				</header><!-- .entry-header -->
							<a href="http://dummy.xtemos.com/woodmart-elementor/demos/category/furniture/" rel="category tag">Furniture</a>
							<h3>
					<a href="http://dummy.xtemos.com/woodmart-elementor/demos/2017/06/22/minimalist-japanese-inspired-furniture/" rel="bookmark">Minimalist Japanese-inspired furniture</a>
				</h3>
								<ul>
										<li>June 22, 2017</li>
																<li>
															Posted by																						<img alt='author-avatar' src='http://2.gravatar.com/avatar/e2861dedf067ea2500566d0269cf9e64?s=32&#038;d=mm&#038;r=g' class='avatar avatar-32 photo' height='32' width='32' />														<a href="http://dummy.xtemos.com/woodmart-elementor/demos/author/admin/" rel="author">
									admin
							</a>
						</li>
																																																			<li>
														<a href="http://dummy.xtemos.com/woodmart-elementor/demos/2017/06/22/minimalist-japanese-inspired-furniture/#respond">0 comments</a>						</li>
																						</ul>
						<!-- .entry-meta -->
									<a rel="nofollow noopener noreferrer" href="https://www.facebook.com/sharer/sharer.php?u=http://dummy.xtemos.com/woodmart-elementor/demos/2017/06/22/minimalist-japanese-inspired-furniture/" target="_blank">
						Facebook
					</a>
									<a rel="nofollow noopener noreferrer" href="https://twitter.com/share?url=http://dummy.xtemos.com/woodmart-elementor/demos/2017/06/22/minimalist-japanese-inspired-furniture/" target="_blank">
						Twitter
					</a>
									<a rel="nofollow noopener noreferrer" href="https://pinterest.com/pin/create/button/?url=http://dummy.xtemos.com/woodmart-elementor/demos/2017/06/22/minimalist-japanese-inspired-furniture/&amp;media=http://dummy.xtemos.com/woodmart-elementor/demos/wp-content/uploads/sites/2/2017/06/wood-blog-placeholder.jpg&amp;description=Minimalist+Japanese-inspired+furniture" target="_blank">
						Pinterest
					</a>
									<a rel="nofollow noopener noreferrer" href="https://www.linkedin.com/shareArticle?mini=true&amp;url=http://dummy.xtemos.com/woodmart-elementor/demos/2017/06/22/minimalist-japanese-inspired-furniture/" target="_blank">
						linkedin
					</a>
									<a rel="nofollow noopener noreferrer" href="https://telegram.me/share/url?url=http://dummy.xtemos.com/woodmart-elementor/demos/2017/06/22/minimalist-japanese-inspired-furniture/" target="_blank">
						Telegram
					</a>
					<p>
Ac haca ullamcorper donec ante habi tasse donec imperdiet eturpis varius per a augue magna hac. Nec hac et vestibulum duis a tincidunt per a aptent interdum purus feugiat a id aliquet erat himenaeos nunc torquent euismod adipiscing adipiscing dui gravida justo. Ultrices ut parturient morbi sit adipiscing</p>
<p><a href="http://dummy.xtemos.com/woodmart-elementor/demos/2017/06/22/minimalist-japanese-inspired-furniture/">Continue reading</a></p>
				<!-- .entry-content -->
</article><!-- #post -->
<article id="post-232">
		<header>
							<figure>
						<a href="http://dummy.xtemos.com/woodmart-elementor/demos/2017/06/16/new-home-decor-from-john-doerson/">
							<img src="http://dummy.xtemos.com/woodmart-elementor/demos/wp-content/uploads/sites/2/2017/06/wood-blog-placeholder.jpg" title="wood-blog-placeholder" alt="wood-blog-placeholder" />						</a>
				</figure>
					16				
					Jun				
				</header><!-- .entry-header -->
							<a href="http://dummy.xtemos.com/woodmart-elementor/demos/category/furniture/" rel="category tag">Furniture</a>
							<h3>
					<a href="http://dummy.xtemos.com/woodmart-elementor/demos/2017/06/16/new-home-decor-from-john-doerson/" rel="bookmark">New home decor from John Doerson</a>
				</h3>
								<ul>
										<li>June 16, 2017</li>
																<li>
															Posted by																						<img alt='author-avatar' src='http://2.gravatar.com/avatar/e2861dedf067ea2500566d0269cf9e64?s=32&#038;d=mm&#038;r=g' class='avatar avatar-32 photo' height='32' width='32' />														<a href="http://dummy.xtemos.com/woodmart-elementor/demos/author/admin/" rel="author">
									admin
							</a>
						</li>
																																																			<li>
														<a href="http://dummy.xtemos.com/woodmart-elementor/demos/2017/06/16/new-home-decor-from-john-doerson/#respond">0 comments</a>						</li>
																						</ul>
						<!-- .entry-meta -->
									<a rel="nofollow noopener noreferrer" href="https://www.facebook.com/sharer/sharer.php?u=http://dummy.xtemos.com/woodmart-elementor/demos/2017/06/16/new-home-decor-from-john-doerson/" target="_blank">
						Facebook
					</a>
									<a rel="nofollow noopener noreferrer" href="https://twitter.com/share?url=http://dummy.xtemos.com/woodmart-elementor/demos/2017/06/16/new-home-decor-from-john-doerson/" target="_blank">
						Twitter
					</a>
									<a rel="nofollow noopener noreferrer" href="https://pinterest.com/pin/create/button/?url=http://dummy.xtemos.com/woodmart-elementor/demos/2017/06/16/new-home-decor-from-john-doerson/&amp;media=http://dummy.xtemos.com/woodmart-elementor/demos/wp-content/uploads/sites/2/2017/06/wood-blog-placeholder.jpg&amp;description=New+home+decor+from+John+Doerson" target="_blank">
						Pinterest
					</a>
									<a rel="nofollow noopener noreferrer" href="https://www.linkedin.com/shareArticle?mini=true&amp;url=http://dummy.xtemos.com/woodmart-elementor/demos/2017/06/16/new-home-decor-from-john-doerson/" target="_blank">
						linkedin
					</a>
									<a rel="nofollow noopener noreferrer" href="https://telegram.me/share/url?url=http://dummy.xtemos.com/woodmart-elementor/demos/2017/06/16/new-home-decor-from-john-doerson/" target="_blank">
						Telegram
					</a>
					<p>
Ullamcorper condimentum erat pretium velit at ut a nunc id a adeu vestibulum nibh urna nam consequat erat molestie lacinia rhoncus. Nisi a diamida himenaeos condimentum laoreet pera neque habitant leo feugiat viverra nisl sagittis a curabitur parturient nisi adipiscing. A parturient dapibus pulvinar arcu a suspendisse sagittis mus mollis at a nec placerat sociosqu himenaeos litora fames habitant suscipit tempus scelerisque ridiculus mi ullamcorper per ridiculus proin condimentum.</p>
<p><a href="http://dummy.xtemos.com/woodmart-elementor/demos/2017/06/16/new-home-decor-from-john-doerson/">Continue reading</a></p>
				<!-- .entry-content -->
</article><!-- #post -->
<article id="post-226">
		<header>
							<figure>
						<a href="http://dummy.xtemos.com/woodmart-elementor/demos/2017/06/16/the-big-design-wall-likes-pictures/">
							<img src="http://dummy.xtemos.com/woodmart-elementor/demos/wp-content/uploads/sites/2/2017/06/wood-blog-placeholder.jpg" title="wood-blog-placeholder" alt="wood-blog-placeholder" />						</a>
				</figure>
					16				
					Jun				
				</header><!-- .entry-header -->
							<a href="http://dummy.xtemos.com/woodmart-elementor/demos/category/design-trends/" rel="category tag">Design trends</a>
							<h3>
					<a href="http://dummy.xtemos.com/woodmart-elementor/demos/2017/06/16/the-big-design-wall-likes-pictures/" rel="bookmark">The big design: Wall likes pictures</a>
				</h3>
								<ul>
										<li>June 16, 2017</li>
																<li>
															Posted by																						<img alt='author-avatar' src='http://2.gravatar.com/avatar/e2861dedf067ea2500566d0269cf9e64?s=32&#038;d=mm&#038;r=g' class='avatar avatar-32 photo' height='32' width='32' />														<a href="http://dummy.xtemos.com/woodmart-elementor/demos/author/admin/" rel="author">
									admin
							</a>
						</li>
																																																			<li>
														<a href="http://dummy.xtemos.com/woodmart-elementor/demos/2017/06/16/the-big-design-wall-likes-pictures/#respond">0 comments</a>						</li>
																						</ul>
						<!-- .entry-meta -->
									<a rel="nofollow noopener noreferrer" href="https://www.facebook.com/sharer/sharer.php?u=http://dummy.xtemos.com/woodmart-elementor/demos/2017/06/16/the-big-design-wall-likes-pictures/" target="_blank">
						Facebook
					</a>
									<a rel="nofollow noopener noreferrer" href="https://twitter.com/share?url=http://dummy.xtemos.com/woodmart-elementor/demos/2017/06/16/the-big-design-wall-likes-pictures/" target="_blank">
						Twitter
					</a>
									<a rel="nofollow noopener noreferrer" href="https://pinterest.com/pin/create/button/?url=http://dummy.xtemos.com/woodmart-elementor/demos/2017/06/16/the-big-design-wall-likes-pictures/&amp;media=http://dummy.xtemos.com/woodmart-elementor/demos/wp-content/uploads/sites/2/2017/06/wood-blog-placeholder.jpg&amp;description=The+big+design%3A+Wall+likes+pictures" target="_blank">
						Pinterest
					</a>
									<a rel="nofollow noopener noreferrer" href="https://www.linkedin.com/shareArticle?mini=true&amp;url=http://dummy.xtemos.com/woodmart-elementor/demos/2017/06/16/the-big-design-wall-likes-pictures/" target="_blank">
						linkedin
					</a>
									<a rel="nofollow noopener noreferrer" href="https://telegram.me/share/url?url=http://dummy.xtemos.com/woodmart-elementor/demos/2017/06/16/the-big-design-wall-likes-pictures/" target="_blank">
						Telegram
					</a>
					<p>
Parturient in potenti id rutrum duis torquent parturient sceler isque sit vestibulum a posuere scelerisque viverra urna. Egestas tristique vestibulum vestibulum ante vulputate penati bus a nibh dis parturient cum a adipiscing nam condimentum quisque enim fames risus eget. Consectetur duis tempus massa elit himenaeos duis iaculis parturient nam tempor neque nisl parturient vivamus primis sociosqu ac donec nisi a adipiscing senectus.</p>
<p><a href="http://dummy.xtemos.com/woodmart-elementor/demos/2017/06/16/the-big-design-wall-likes-pictures/">Continue reading</a></p>
				<!-- .entry-content -->
</article><!-- #post -->
<article id="post-128">
		<header>
							<figure>
						<a href="http://dummy.xtemos.com/woodmart-elementor/demos/2017/06/14/sweet-seat-functional-seat-for-it-folks/">
							<img src="http://dummy.xtemos.com/woodmart-elementor/demos/wp-content/uploads/sites/2/2017/06/wood-blog-placeholder.jpg" title="wood-blog-placeholder" alt="wood-blog-placeholder" />						</a>
				</figure>
					14				
					Jun				
				</header><!-- .entry-header -->
							<a href="http://dummy.xtemos.com/woodmart-elementor/demos/category/furniture/" rel="category tag">Furniture</a>
							<h3>
					<a href="http://dummy.xtemos.com/woodmart-elementor/demos/2017/06/14/sweet-seat-functional-seat-for-it-folks/" rel="bookmark">Sweet seat: functional seat for IT folks</a>
				</h3>
								<ul>
										<li>June 14, 2017</li>
																<li>
															Posted by																						<img alt='author-avatar' src='http://2.gravatar.com/avatar/e2861dedf067ea2500566d0269cf9e64?s=32&#038;d=mm&#038;r=g' class='avatar avatar-32 photo' height='32' width='32' />														<a href="http://dummy.xtemos.com/woodmart-elementor/demos/author/admin/" rel="author">
									admin
							</a>
						</li>
																																																			<li>
														<a href="http://dummy.xtemos.com/woodmart-elementor/demos/2017/06/14/sweet-seat-functional-seat-for-it-folks/#respond">0 comments</a>						</li>
																						</ul>
						<!-- .entry-meta -->
									<a rel="nofollow noopener noreferrer" href="https://www.facebook.com/sharer/sharer.php?u=http://dummy.xtemos.com/woodmart-elementor/demos/2017/06/14/sweet-seat-functional-seat-for-it-folks/" target="_blank">
						Facebook
					</a>
									<a rel="nofollow noopener noreferrer" href="https://twitter.com/share?url=http://dummy.xtemos.com/woodmart-elementor/demos/2017/06/14/sweet-seat-functional-seat-for-it-folks/" target="_blank">
						Twitter
					</a>
									<a rel="nofollow noopener noreferrer" href="https://pinterest.com/pin/create/button/?url=http://dummy.xtemos.com/woodmart-elementor/demos/2017/06/14/sweet-seat-functional-seat-for-it-folks/&amp;media=http://dummy.xtemos.com/woodmart-elementor/demos/wp-content/uploads/sites/2/2017/06/wood-blog-placeholder.jpg&amp;description=Sweet+seat%3A+functional+seat+for+IT+folks" target="_blank">
						Pinterest
					</a>
									<a rel="nofollow noopener noreferrer" href="https://www.linkedin.com/shareArticle?mini=true&amp;url=http://dummy.xtemos.com/woodmart-elementor/demos/2017/06/14/sweet-seat-functional-seat-for-it-folks/" target="_blank">
						linkedin
					</a>
									<a rel="nofollow noopener noreferrer" href="https://telegram.me/share/url?url=http://dummy.xtemos.com/woodmart-elementor/demos/2017/06/14/sweet-seat-functional-seat-for-it-folks/" target="_blank">
						Telegram
					</a>
					<p>
A sed a risusat luctus esta anibh rhoncus hendrerit blandit nam rutrum sitmiad hac. Cras a vestibulum a varius adipiscing ut dignissim ullamcorper libero fermentum dis aliquet tellus mollis et tristique sodales. Suspendisse vel mi etiam ullamcorper parturient varius parturient eu eget pulvinar odio dapibus nisl ut luctus suscipit per vel aptent fames venenatis leo ac ullamcorper integer mus condimentum rutrum.</p>
<p><a href="http://dummy.xtemos.com/woodmart-elementor/demos/2017/06/14/sweet-seat-functional-seat-for-it-folks/">Continue reading</a></p>
				<!-- .entry-content -->
</article><!-- #post -->
				 <!-- end product-items -->
			 <!-- end #carousel-850 -->
							<a href="http://dummy.xtemos.com/woodmart-elementor/demos/shop/?filter_brand=magisso">
																	<img src="http://dummy.xtemos.com/woodmart-elementor/demos/wp-content/uploads/sites/2/2017/06/brand-Magisso.png" title="Magisso" alt="Magisso" />															</a>
							<a href="http://dummy.xtemos.com/woodmart-elementor/demos/shop/?filter_brand=louis-poulsen">
																	<img src="http://dummy.xtemos.com/woodmart-elementor/demos/wp-content/uploads/sites/2/2017/06/brand-Louis-Poulsen.png" title="Louis Poulsen" alt="Louis Poulsen" />															</a>
							<a href="http://dummy.xtemos.com/woodmart-elementor/demos/shop/?filter_brand=klober">
																	<img src="http://dummy.xtemos.com/woodmart-elementor/demos/wp-content/uploads/sites/2/2017/06/brand-klober.png" title="KLÖBER" alt="KLÖBER" />															</a>
							<a href="http://dummy.xtemos.com/woodmart-elementor/demos/shop/?filter_brand=joseph-joseph">
																	<img src="http://dummy.xtemos.com/woodmart-elementor/demos/wp-content/uploads/sites/2/2017/06/brand-Joseph-Joseph.png" title="Joseph Joseph" alt="Joseph Joseph" />															</a>
							<a href="http://dummy.xtemos.com/woodmart-elementor/demos/shop/?filter_brand=hay">
																	<img src="http://dummy.xtemos.com/woodmart-elementor/demos/wp-content/uploads/sites/2/2017/06/brand-hay.png" title="Hay" alt="Hay" />															</a>
							<a href="http://dummy.xtemos.com/woodmart-elementor/demos/shop/?filter_brand=flos">
																	<img src="http://dummy.xtemos.com/woodmart-elementor/demos/wp-content/uploads/sites/2/2017/06/brand-flos.png" title="Flos" alt="Flos" />															</a>
							<a href="http://dummy.xtemos.com/woodmart-elementor/demos/shop/?filter_brand=eva-solo">
																	<img src="http://dummy.xtemos.com/woodmart-elementor/demos/wp-content/uploads/sites/2/2017/06/brand-Eva-Solo.png" title="Eva Solo" alt="Eva Solo" />															</a>
							<a href="http://dummy.xtemos.com/woodmart-elementor/demos/shop/?filter_brand=alessi">
																	<img src="http://dummy.xtemos.com/woodmart-elementor/demos/wp-content/uploads/sites/2/2017/06/brand-alessi.png" title="Alessi" alt="Alessi" />															</a>
					COLOR-SCHEME				
				<h4>
					WOODMART DARK				</h4>
					High-quality demos and layouts.				
			<a href="#">
					View All				
							</a>
													<a data-width="1200" data-height="1200" data-index="1" data-elementor-open-lightbox="no" target="_blank" rel="noopener noreferrer">
							<img src="http://dummy.xtemos.com/woodmart-elementor/demos/wp-content/uploads/sites/2/2017/06/wood-gallery-placeholder-4.jpg">							
													</a>
													<a data-width="1200" data-height="1200" data-index="2" data-elementor-open-lightbox="no" target="_blank" rel="noopener noreferrer">
							<img src="http://dummy.xtemos.com/woodmart-elementor/demos/wp-content/uploads/sites/2/2017/06/wood-gallery-placeholder-3.jpg">							
													</a>
													<a data-width="1200" data-height="1200" data-index="3" data-elementor-open-lightbox="no" target="_blank" rel="noopener noreferrer">
							<img src="http://dummy.xtemos.com/woodmart-elementor/demos/wp-content/uploads/sites/2/2017/06/wood-gallery-placeholder-2.jpg">							
													</a>
													<a data-width="1200" data-height="1200" data-index="4" data-elementor-open-lightbox="no" target="_blank" rel="noopener noreferrer">
							<img src="http://dummy.xtemos.com/woodmart-elementor/demos/wp-content/uploads/sites/2/2017/06/wood-gallery-placeholder.jpg">							
													</a>
													<a data-width="1200" data-height="1200" data-index="5" data-elementor-open-lightbox="no" target="_blank" rel="noopener noreferrer">
							<img src="http://dummy.xtemos.com/woodmart-elementor/demos/wp-content/uploads/sites/2/2017/06/wood-gallery-placeholder-5.jpg">							
													</a>]]></content:encoded>
		<excerpt:encoded><![CDATA[]]></excerpt:encoded>
		<wp:post_id>945</wp:post_id>
		<wp:post_date>2017-08-08 13:41:53</wp:post_date>
		<wp:post_date_gmt>2017-08-08 13:41:53</wp:post_date_gmt>
		<wp:comment_status>closed</wp:comment_status>
		<wp:ping_status>closed</wp:ping_status>
		<wp:post_name>home-dark</wp:post_name>
		<wp:status>publish</wp:status>
		<wp:post_parent>0</wp:post_parent>
		<wp:menu_order>0</wp:menu_order>
		<wp:post_type>page</wp:post_type>
		<wp:post_password></wp:post_password>
		<wp:is_sticky>0</wp:is_sticky>
														<wp:postmeta>
			<wp:meta_key>_wp_page_template</wp:meta_key>
			<wp:meta_value><![CDATA[default]]></wp:meta_value>
		</wp:postmeta>
							<wp:postmeta>
			<wp:meta_key>_woodmart_main_layout</wp:meta_key>
			<wp:meta_value><![CDATA[full-width]]></wp:meta_value>
		</wp:postmeta>
							<wp:postmeta>
			<wp:meta_key>_woodmart_header_color_scheme</wp:meta_key>
			<wp:meta_value><![CDATA[inherit]]></wp:meta_value>
		</wp:postmeta>
							<wp:postmeta>
			<wp:meta_key>_woodmart_title_off</wp:meta_key>
			<wp:meta_value><![CDATA[on]]></wp:meta_value>
		</wp:postmeta>
							<wp:postmeta>
			<wp:meta_key>_woodmart_open_categories</wp:meta_key>
			<wp:meta_value><![CDATA[on]]></wp:meta_value>
		</wp:postmeta>
							<wp:postmeta>
			<wp:meta_key>_woodmart_prefooter_off</wp:meta_key>
			<wp:meta_value><![CDATA[on]]></wp:meta_value>
		</wp:postmeta>
							<wp:postmeta>
			<wp:meta_key>_elementor_data</wp:meta_key>
			<wp:meta_value><![CDATA[[{"id":"8210534","elType":"section","settings":{"wd_section_stretch":"stretch-content","gap":"no","margin":{"unit":"px","top":"-40","right":"0","bottom":"80","left":"0","isLinked":""},"margin_tablet":{"unit":"px","top":"-40","right":"0","bottom":"60","left":"0","isLinked":""},"padding":{"unit":"px","top":"0","right":"0","bottom":"0","left":"0","isLinked":"1"}},"elements":[{"id":"3896731","elType":"column","settings":{"_column_size":"100","column_sticky_offset":"50","scroll_y":"-80"},"elements":[{"id":"3738842","elType":"widget","settings":{"shortcode":"[rev_slider alias=\"main-slider-dark\"][\/rev_slider]","revslidertitle":"main-slider-dark","scroll_y":"-80"},"elements":[],"widgetType":"slider_revolution"}],"isInner":""}],"isInner":""},{"id":"9122779","elType":"section","settings":{"woodmart_disable_overflow":"1","el_class":"bg-bottom","margin":{"unit":"px","top":"0","right":"0","bottom":"80","left":"0","isLinked":""},"margin_tablet":{"unit":"px","top":"0","right":"0","bottom":"60","left":"0","isLinked":""}},"elements":[{"id":"6774992","elType":"column","settings":{"_column_size":"100","column_sticky_offset":"50","scroll_y":"-80"},"elements":[{"id":"933087","elType":"widget","settings":{"subtitle":"WOODMART COLLECTIONS","after_title":"WoodMart is a powerful eCommerce theme for WordPress. ","image_size":"custom","size":"medium","title":"FEATURED CATEGORIES","_margin":{"unit":"px","top":"0","right":"0","bottom":"10","left":"0","isLinked":""},"scroll_y":"-80"},"elements":[],"widgetType":"wd_title"},{"id":"5529064","elType":"widget","settings":{"order":"ASC","style":"masonry-first","spacing":"20","number":"5","ids":[""],"scroll_y":"-80"},"elements":[],"widgetType":"wd_product_categories"}],"isInner":""}],"isInner":""},{"id":"4447053","elType":"section","settings":{"wd_section_stretch":"stretch","background_position":"left bottom","woodmart_disable_overflow":"1","background_repeat":"no-repeat","padding":{"unit":"px","top":"0","right":"15","bottom":"85","left":"15","isLinked":""},"padding_tablet":{"unit":"px","top":"0","right":"15","bottom":"55","left":"15","isLinked":""}},"elements":[{"id":"1831109","elType":"column","settings":{"_column_size":"100","column_sticky_offset":"50","scroll_y":"-80"},"elements":[{"id":"7051934","elType":"widget","settings":{"subtitle":"WOODEN ACCESSORIES","after_title":"Visit our shop to see amazing creations from our designers.","image_size":"custom","size":"medium","title":"FEATURED PRODUCTS","scroll_y":"-80"},"elements":[],"widgetType":"wd_title"},{"id":"2596076","elType":"widget","settings":{"title":"","items_per_page":"8","columns":{"size":"4","unit":"px","sizes":[]},"orderby":"date","order":"ASC","taxonomies":["165"],"scroll_y":"-80"},"elements":[],"widgetType":"wd_products"}],"isInner":""}],"isInner":""},{"id":"5014431","elType":"section","settings":{"wd_section_stretch":"stretch-content","gap":"no","padding":{"unit":"px","top":"0","right":"0","bottom":"0","left":"0","isLinked":"1"}},"elements":[{"id":"2475644","elType":"column","settings":{"_column_size":"100","column_sticky_offset":"50","scroll_y":"-80"},"elements":[{"id":"2014343","elType":"widget","settings":{"shortcode":"[rev_slider alias=\"best-seller-dark\"][\/rev_slider]","revslidertitle":"best-seller-dark","scroll_y":"-80"},"elements":[],"widgetType":"slider_revolution"}],"isInner":""}],"isInner":""},{"id":"5016058","elType":"section","settings":{"wd_section_stretch":"stretch","background_position":"center center","border_width":{"top":"0","left":"0","right":"0","bottom":"0","unit":"px","isLinked":""},"background_background":"classic","background_image":{"url":"http:\/\/dummy.xtemos.com\/woodmart-elementor\/demos\/wp-content\/uploads\/sites\/2\/2017\/08\/dark-about-us.jpg?id=950","id":""},"background_size":"cover","background_repeat":"no-repeat","el_class":"mobile-bg-img-hidden","padding":{"unit":"px","top":"110","right":"15","bottom":"110","left":"15","isLinked":""},"padding_tablet":{"unit":"px","top":"60","right":"20","bottom":"60","left":"20","isLinked":""}},"elements":[{"id":"1874002","elType":"column","settings":{"_column_size":"50","_inline_size_tablet":"50","_inline_size_mobile":"100","column_sticky_offset":"50","scroll_y":"-80"},"elements":[{"id":"7515105","elType":"widget","settings":{"typography_typography":"custom","size":"custom","font_weight":"300","color_scheme":"light","typography_font_size":{"unit":"px","size":"24"},"typography_font_size_tablet":{"unit":"px","size":"22"},"typography_font_size_mobile":{"unit":"px","size":"18"},"editor":"ALL-IN-ONE ECOMMERCE SOLUTION","text_color":"#8E8E8E","typography_font_family":"Lato","typography_font_weight":"300","typography_line_height_tablet":{"unit":"px","size":"32","sizes":[]},"_margin":{"unit":"px","top":"0","right":"0","bottom":"-20","left":"0","isLinked":""},"scroll_y":"-80","wd_color_scheme":"light"},"elements":[],"widgetType":"text-editor"},{"id":"cc88fe1","elType":"widget","settings":{"subtitle":"","title":"ABOUT OUR WOODMART STORE","after_title":"","align":"left","title_typography_typography":"custom","title_typography_font_size":{"unit":"px","size":"30","sizes":[]},"title_typography_line_height":{"unit":"px","size":"","sizes":[]},"scroll_y":"-80","color":"white"},"elements":[],"widgetType":"wd_title"},{"id":"310961","elType":"widget","settings":{"align":"left","el_class":"text-larger","editor":"<p style=\"text-align: left\">Nec \u00a0adipiscing luctus consequat penatibus parturient massa cubilia etiam a adipiscing enigm dignissim congue egestas sapien a. Scelerisque ac non ut ac bibendum himenaeos ullamcorper justo himenaeos vel a sapien quis.<\/p>\n","_margin":{"unit":"px","top":"0","right":"0","bottom":"10","left":"0","isLinked":""},"_css_classes":"text-larger","scroll_y":"-80","wd_color_scheme":"light"},"elements":[],"widgetType":"text-editor"},{"id":"7268357","elType":"widget","settings":{"color":"primary","_element_width":"auto","text":"Read More","_margin":{"unit":"px","top":"0","right":"15","bottom":"0","left":"0","isLinked":""},"scroll_y":"-80"},"elements":[],"widgetType":"wd_button"},{"id":"3629666","elType":"widget","settings":{"color":"white","style":"bordered","_element_width":"auto","text":"Contact us","scroll_y":"-80"},"elements":[],"widgetType":"wd_button"}],"isInner":""}],"isInner":""},{"id":"9861680","elType":"section","settings":{"wd_section_stretch":"stretch","background_position":"left top","border_width":{"top":"2","left":"0","right":"0","bottom":"2","unit":"px","isLinked":""},"border_border":"solid","border_color":"rgba(129,129,129,0.2)","background_background":"classic","background_image":{"url":"http:\/\/dummy.xtemos.com\/woodmart-elementor\/demos\/wp-content\/uploads\/sites\/2\/2017\/08\/dark-newslatter.jpg?id=949","id":""},"background_repeat":"no-repeat","el_class":"mobile-bg-img-hidden","margin":{"unit":"px","top":"0","right":"0","bottom":"70","left":"0","isLinked":""},"padding":{"unit":"px","top":"45","right":"15","bottom":"45","left":"15","isLinked":""},"margin_tablet":{"unit":"px","top":"0","right":"0","bottom":"60","left":"0","isLinked":""}},"elements":[{"id":"5736030","elType":"column","settings":{"_column_size":"100","column_sticky_offset":"50","scroll_y":"-80"},"elements":[{"id":"2582247","elType":"widget","settings":{"subtitle":"","after_title":"","image_size":"custom","title":"<strong>JOIN OUR NEWSLETTER NOW<\/strong>","scroll_y":"-80"},"elements":[],"widgetType":"wd_title"},{"id":"69ccd43","elType":"widget","settings":{"form_id":"74","content_width":{"unit":"px","size":"400","sizes":[]},"scroll_y":"-80"},"elements":[],"widgetType":"wd_mailchimp"},{"id":"7723497","elType":"widget","settings":{"typography_typography":"custom","align":"left","editor":"<p style=\"text-align: center\">Will be used in accordance with our <a href=\"#\"><strong>Privacy Policy<\/strong><\/a><\/p>\n","scroll_y":"-80"},"elements":[],"widgetType":"text-editor"}],"isInner":""}],"isInner":""},{"id":"7657554","elType":"section","settings":[],"elements":[{"id":"8373502","elType":"column","settings":{"_column_size":"100","column_sticky_offset":"50","scroll_y":"-80"},"elements":[{"id":"3162671","elType":"widget","settings":{"subtitle":"FURNITURE GUIDES","after_title":"Latest trends and inspiration in interior design.","image_size":"custom","size":"medium","title":"OUR LATEST NEWS","scroll_y":"-80"},"elements":[],"widgetType":"wd_title"},{"id":"3038389","elType":"widget","settings":{"blog_spacing":"20","items_per_page":"4","blog_design":"carousel","blog_style":"shadow","slides_per_view":{"size":"3","unit":"px","sizes":[]},"hide_pagination_control":"yes","img_size":"388x273","scroll_y":"-80"},"elements":[],"widgetType":"wd_blog"}],"isInner":""}],"isInner":""},{"id":"4041938","elType":"section","settings":[],"elements":[{"id":"1194236","elType":"column","settings":{"_column_size":"100","column_sticky_offset":"50","scroll_y":"-80"},"elements":[{"id":"7913101","elType":"widget","settings":{"slides_per_view":{"size":"6","unit":"px","sizes":[]},"hide_pagination_control":"yes","_margin":{"unit":"px","top":"0","right":"0","bottom":"20","left":"0","isLinked":""},"scroll_y":"-80"},"elements":[],"widgetType":"wd_products_brands"}],"isInner":""}],"isInner":""},{"id":"5208021","elType":"section","settings":{"wd_section_stretch":"stretch","equal_height":"yes","content_position":"middle","border_width":{"top":"2","left":"0","right":"0","bottom":"2","unit":"px","isLinked":""},"border_border":"solid","border_color":"#303030","background_background":"classic","background_color":"#1f1f1f","structure":"20","margin":{"unit":"px","top":"0","right":"0","bottom":"-40","left":"0","isLinked":""},"padding":{"unit":"px","top":"10","right":"15","bottom":"10","left":"15","isLinked":""},"padding_mobile":{"unit":"px","top":"30","right":"15","bottom":"30","left":"15","isLinked":""}},"elements":[{"id":"558561","elType":"column","settings":{"_column_size":"25","column_sticky_offset":"50","scroll_y":"-80"},"elements":[{"id":"215143","elType":"widget","settings":{"subtitle":"COLOR-SCHEME","after_title":"High-quality demos and layouts.","image_size":"custom","title":"WOODMART DARK","scroll_y":"-80","title_typography_typography":"custom","title_typography_font_size_tablet":{"unit":"px","size":"19","sizes":[]}},"elements":[],"widgetType":"wd_title"},{"id":"3884295","elType":"widget","settings":{"color":"white","style":"link","text":"View All","el_class":"xtemos-show-demos","scroll_y":"-80"},"elements":[],"widgetType":"wd_button"}],"isInner":""},{"id":"3715156","elType":"column","settings":{"_column_size":"75","column_sticky_offset":"50","scroll_y":"-80"},"elements":[{"id":"2183983","elType":"widget","settings":{"ids_size":"full","ids":[{"id":"81","url":""},{"id":"80","url":""},{"id":"79","url":""},{"id":"78","url":""},{"id":"77","url":""}],"view":"carousel","spacing":"2","slides_per_view":{"size":"4","unit":"px","sizes":[]},"hide_pagination_control":"yes","on_click":"links","target_blank":"yes","caption":"","ids_custom_dimension":[],"scroll_y":"-80"},"elements":[],"widgetType":"wd_images_gallery"}],"isInner":""}],"isInner":""}]]]></wp:meta_value>
		</wp:postmeta>
							<wp:postmeta>
			<wp:meta_key>_elementor_edit_mode</wp:meta_key>
			<wp:meta_value><![CDATA[builder]]></wp:meta_value>
		</wp:postmeta>
							<wp:postmeta>
			<wp:meta_key>_elementor_version</wp:meta_key>
			<wp:meta_value><![CDATA[2.9.11]]></wp:meta_value>
		</wp:postmeta>
							<wp:postmeta>
			<wp:meta_key>_elementor_template_type</wp:meta_key>
			<wp:meta_value><![CDATA[wp-page]]></wp:meta_value>
		</wp:postmeta>
							<wp:postmeta>
			<wp:meta_key>_elementor_controls_usage</wp:meta_key>
			<wp:meta_value><![CDATA[a:12:{s:17:"slider_revolution";a:3:{s:5:"count";i:2;s:15:"control_percent";i:2;s:8:"controls";a:2:{s:7:"content";a:1:{s:15:"content_section";a:2:{s:9:"shortcode";i:2;s:14:"revslidertitle";i:2;}}s:8:"advanced";a:1:{s:8:"wd_extra";a:1:{s:8:"scroll_y";i:2;}}}}s:6:"column";a:3:{s:5:"count";i:10;s:15:"control_percent";i:1;s:8:"controls";a:2:{s:8:"advanced";a:1:{s:8:"wd_extra";a:2:{s:20:"column_sticky_offset";i:10;s:8:"scroll_y";i:10;}}s:6:"layout";a:1:{s:6:"layout";a:2:{s:19:"_inline_size_tablet";i:1;s:19:"_inline_size_mobile";i:1;}}}}s:7:"section";a:3:{s:5:"count";i:9;s:15:"control_percent";i:3;s:8:"controls";a:3:{s:6:"layout";a:3:{s:15:"wd_extra_layout";a:1:{s:18:"wd_section_stretch";i:6;}s:14:"section_layout";a:2:{s:3:"gap";i:2;s:16:"content_position";i:1;}s:17:"section_structure";a:1:{s:9:"structure";i:1;}}s:8:"advanced";a:1:{s:16:"section_advanced";a:5:{s:6:"margin";i:4;s:13:"margin_tablet";i:3;s:7:"padding";i:6;s:14:"padding_tablet";i:2;s:14:"padding_mobile";i:1;}}s:5:"style";a:2:{s:18:"section_background";a:6:{s:19:"background_position";i:3;s:17:"background_repeat";i:3;s:21:"background_background";i:3;s:16:"background_image";i:2;s:15:"background_size";i:1;s:16:"background_color";i:1;}s:14:"section_border";a:3:{s:12:"border_width";i:3;s:13:"border_border";i:2;s:12:"border_color";i:2;}}}}s:8:"wd_title";a:3:{s:5:"count";i:6;s:15:"control_percent";i:2;s:8:"controls";a:3:{s:7:"content";a:1:{s:23:"general_content_section";a:3:{s:8:"subtitle";i:6;s:11:"after_title";i:6;s:5:"title";i:6;}}s:5:"style";a:2:{s:19:"title_style_section";a:5:{s:10:"image_size";i:5;s:27:"title_typography_typography";i:2;s:26:"title_typography_font_size";i:1;s:28:"title_typography_line_height";i:1;s:33:"title_typography_font_size_tablet";i:1;}s:21:"general_style_section";a:3:{s:4:"size";i:3;s:5:"align";i:1;s:5:"color";i:1;}}s:8:"advanced";a:2:{s:14:"_section_style";a:1:{s:7:"_margin";i:1;}s:8:"wd_extra";a:1:{s:8:"scroll_y";i:6;}}}}s:21:"wd_product_categories";a:3:{s:5:"count";i:1;s:15:"control_percent";i:3;s:8:"controls";a:3:{s:7:"content";a:1:{s:23:"general_content_section";a:3:{s:5:"order";i:1;s:6:"number";i:1;s:3:"ids";i:1;}}s:5:"style";a:1:{s:20:"layout_style_section";a:2:{s:5:"style";i:1;s:7:"spacing";i:1;}}s:8:"advanced";a:1:{s:8:"wd_extra";a:1:{s:8:"scroll_y";i:1;}}}}s:11:"wd_products";a:3:{s:5:"count";i:1;s:15:"control_percent";i:3;s:8:"controls";a:3:{s:5:"style";a:1:{s:20:"layout_style_section";a:2:{s:14:"items_per_page";i:1;s:7:"columns";i:1;}}s:7:"content";a:1:{s:23:"general_content_section";a:3:{s:7:"orderby";i:1;s:5:"order";i:1;s:10:"taxonomies";i:1;}}s:8:"advanced";a:1:{s:8:"wd_extra";a:1:{s:8:"scroll_y";i:1;}}}}s:11:"text-editor";a:3:{s:5:"count";i:3;s:15:"control_percent";i:2;s:8:"controls";a:3:{s:5:"style";a:1:{s:13:"section_style";a:10:{s:21:"typography_typography";i:2;s:20:"typography_font_size";i:1;s:27:"typography_font_size_tablet";i:1;s:27:"typography_font_size_mobile";i:1;s:10:"text_color";i:1;s:22:"typography_font_family";i:1;s:22:"typography_font_weight";i:1;s:29:"typography_line_height_tablet";i:1;s:15:"wd_color_scheme";i:2;s:5:"align";i:2;}}s:7:"content";a:1:{s:14:"section_editor";a:1:{s:6:"editor";i:3;}}s:8:"advanced";a:2:{s:14:"_section_style";a:2:{s:7:"_margin";i:2;s:12:"_css_classes";i:1;}s:8:"wd_extra";a:1:{s:8:"scroll_y";i:3;}}}}s:9:"wd_button";a:3:{s:5:"count";i:3;s:15:"control_percent";i:2;s:8:"controls";a:3:{s:5:"style";a:1:{s:21:"general_style_section";a:2:{s:5:"color";i:3;s:5:"style";i:2;}}s:8:"advanced";a:3:{s:17:"_section_position";a:1:{s:14:"_element_width";i:2;}s:14:"_section_style";a:1:{s:7:"_margin";i:1;}s:8:"wd_extra";a:1:{s:8:"scroll_y";i:3;}}s:7:"content";a:1:{s:23:"general_content_section";a:1:{s:4:"text";i:3;}}}}s:12:"wd_mailchimp";a:3:{s:5:"count";i:1;s:15:"control_percent";i:2;s:8:"controls";a:3:{s:7:"content";a:1:{s:23:"general_content_section";a:1:{s:7:"form_id";i:1;}}s:5:"style";a:1:{s:21:"general_style_section";a:1:{s:13:"content_width";i:1;}}s:8:"advanced";a:1:{s:8:"wd_extra";a:1:{s:8:"scroll_y";i:1;}}}}s:7:"wd_blog";a:3:{s:5:"count";i:1;s:15:"control_percent";i:3;s:8:"controls";a:2:{s:5:"style";a:2:{s:21:"general_style_section";a:4:{s:12:"blog_spacing";i:1;s:14:"items_per_page";i:1;s:11:"blog_design";i:1;s:8:"img_size";i:1;}s:22:"carousel_style_section";a:2:{s:15:"slides_per_view";i:1;s:23:"hide_pagination_control";i:1;}}s:8:"advanced";a:1:{s:8:"wd_extra";a:1:{s:8:"scroll_y";i:1;}}}}s:18:"wd_products_brands";a:3:{s:5:"count";i:1;s:15:"control_percent";i:2;s:8:"controls";a:2:{s:5:"style";a:1:{s:22:"carousel_style_section";a:2:{s:15:"slides_per_view";i:1;s:23:"hide_pagination_control";i:1;}}s:8:"advanced";a:2:{s:14:"_section_style";a:1:{s:7:"_margin";i:1;}s:8:"wd_extra";a:1:{s:8:"scroll_y";i:1;}}}}s:17:"wd_images_gallery";a:3:{s:5:"count";i:1;s:15:"control_percent";i:5;s:8:"controls";a:3:{s:7:"content";a:2:{s:23:"general_content_section";a:3:{s:8:"ids_size";i:1;s:3:"ids";i:1;s:20:"ids_custom_dimension";i:1;}s:20:"click_action_section";a:3:{s:8:"on_click";i:1;s:12:"target_blank";i:1;s:7:"caption";i:1;}}s:5:"style";a:2:{s:20:"layout_style_section";a:2:{s:4:"view";i:1;s:7:"spacing";i:1;}s:22:"carousel_style_section";a:2:{s:15:"slides_per_view";i:1;s:23:"hide_pagination_control";i:1;}}s:8:"advanced";a:1:{s:8:"wd_extra";a:1:{s:8:"scroll_y";i:1;}}}}}]]></wp:meta_value>
		</wp:postmeta>
						</item>
		<item>
			<title>dark-newslatter</title>
			<link>http://dummy.xtemos.com/woodmart/demos/home-dark/dark-newslatter/</link>
			<pubDate>Tue, 08 Aug 2017 13:50:13 +0000</pubDate>
			<dc:creator><![CDATA[erwin]]></dc:creator>
			<guid isPermaLink="false">http://dummy.xtemos.com/woodmart/demos/wp-content/uploads/sites/2/2017/08/dark-newslatter.jpg</guid>
			<description></description>
			<content:encoded><![CDATA[]]></content:encoded>
			<excerpt:encoded><![CDATA[]]></excerpt:encoded>
			<wp:post_id>949</wp:post_id>
			<wp:post_date>2017-08-08 13:50:13</wp:post_date>
			<wp:post_date_gmt>2017-08-08 13:50:13</wp:post_date_gmt>
			<wp:comment_status>open</wp:comment_status>
			<wp:ping_status>closed</wp:ping_status>
			<wp:post_name>dark-newslatter</wp:post_name>
			<wp:status>inherit</wp:status>
			<wp:post_parent>945</wp:post_parent>
			<wp:menu_order>0</wp:menu_order>
			<wp:post_type>attachment</wp:post_type>
			<wp:post_password></wp:post_password>
			<wp:is_sticky>0</wp:is_sticky>
			<wp:attachment_url>http://dummy.xtemos.com/woodmart/demos/wp-content/uploads/sites/2/2017/08/dark-newslatter.jpg</wp:attachment_url>
			<wp:postmeta>
				<wp:meta_key>_wp_attached_file</wp:meta_key>
				<wp:meta_value><![CDATA[2017/08/dark-newslatter.jpg]]></wp:meta_value>
			</wp:postmeta>
		</item>
		<item>
			<title>dark-about-us</title>
			<link>http://dummy.xtemos.com/woodmart/demos/home-dark/dark-about-us/</link>
			<pubDate>Tue, 08 Aug 2017 13:50:28 +0000</pubDate>
			<dc:creator><![CDATA[erwin]]></dc:creator>
			<guid isPermaLink="false">http://dummy.xtemos.com/woodmart/demos/wp-content/uploads/sites/2/2017/08/dark-about-us.jpg</guid>
			<description></description>
			<content:encoded><![CDATA[]]></content:encoded>
			<excerpt:encoded><![CDATA[]]></excerpt:encoded>
			<wp:post_id>950</wp:post_id>
			<wp:post_date>2017-08-08 13:50:28</wp:post_date>
			<wp:post_date_gmt>2017-08-08 13:50:28</wp:post_date_gmt>
			<wp:comment_status>open</wp:comment_status>
			<wp:ping_status>closed</wp:ping_status>
			<wp:post_name>dark-about-us</wp:post_name>
			<wp:status>inherit</wp:status>
			<wp:post_parent>945</wp:post_parent>
			<wp:menu_order>0</wp:menu_order>
			<wp:post_type>attachment</wp:post_type>
			<wp:post_password></wp:post_password>
			<wp:is_sticky>0</wp:is_sticky>
			<wp:attachment_url>http://dummy.xtemos.com/woodmart/demos/wp-content/uploads/sites/2/2017/08/dark-about-us.jpg</wp:attachment_url>
			<wp:postmeta>
				<wp:meta_key>_wp_attached_file</wp:meta_key>
				<wp:meta_value><![CDATA[2017/08/dark-about-us.jpg]]></wp:meta_value>
			</wp:postmeta>
		</item>
				</channel>
</rss>
	