<?xml version="1.0" encoding="UTF-8" ?>
<!-- This is a WordPress eXtended RSS file generated by WordPress as an export of your site. -->
<!-- It contains information about your site's posts, pages, comments, categories, and other content. -->
<!-- You may use this file to transfer that content from one site to another. -->
<!-- This file is not intended to serve as a complete backup of your site. -->

<!-- To import this information into a WordPress site follow these steps: -->
<!-- 1. Log in to that site as an administrator. -->
<!-- 2. Go to Tools: Import in the WordPress admin panel. -->
<!-- 3. Install the "WordPress" importer from the list. -->
<!-- 4. Activate & Run Importer. -->
<!-- 5. Upload this file using the form provided on that page. -->
<!-- 6. You will first be asked to map the authors in this export file to users -->
<!--    on the site. For each author, you may choose to map to an -->
<!--    existing user on the site or to create a new user. -->
<!-- 7. WordPress will then import each of the posts, pages, comments, categories, etc. -->
<!--    contained in this file into your site. -->

	<!-- generator="WordPress/5.4.4" created="2021-03-24 14:32" -->
<rss version="2.0"
	xmlns:excerpt="http://wordpress.org/export/1.2/excerpt/"
	xmlns:content="http://purl.org/rss/1.0/modules/content/"
	xmlns:wfw="http://wellformedweb.org/CommentAPI/"
	xmlns:dc="http://purl.org/dc/elements/1.1/"
	xmlns:wp="http://wordpress.org/export/1.2/"
>

<channel>
	<title>Woodmart dummy demos</title>
	<link>http://dummy.xtemos.com/woodmart-elementor/demos</link>
	<description>Just another Woodmart Dummy Content Sites site</description>
	<pubDate>Wed, 24 Mar 2021 14:32:47 +0000</pubDate>
	<language>en-US</language>
	<wp:wxr_version>1.2</wp:wxr_version>
	<wp:base_site_url>http://dummy.xtemos.com/woodmart-elementor/</wp:base_site_url>
	<wp:base_blog_url>http://dummy.xtemos.com/woodmart-elementor/demos</wp:base_blog_url>

		<wp:author><wp:author_id>2</wp:author_id><wp:author_login>erwin</wp:author_login><wp:author_email>ss@asas.as</wp:author_email><wp:author_display_name><![CDATA[erwin]]></wp:author_display_name><wp:author_first_name><![CDATA[]]></wp:author_first_name><wp:author_last_name><![CDATA[]]></wp:author_last_name></wp:author>

				
	<generator>https://wordpress.org/?v=5.4.4</generator>

		<item>
		<title>
				wood-gallery-placeholder-5		</title>
		<link>http://dummy.xtemos.com/woodmart-elementor/demos/home-base/wood-gallery-placeholder-5/</link>
		<pubDate>Wed, 14 Jun 2017 11:33:22 +0000</pubDate>
		<dc:creator><![CDATA[admin]]></dc:creator>
		<guid isPermaLink="false">http://dummy.xtemos.com/woodmart-elementor/demos/wp-content/uploads/sites/2/2017/06/wood-gallery-placeholder-5.jpg</guid>
		<description></description>
		<content:encoded><![CDATA[]]></content:encoded>
		<excerpt:encoded><![CDATA[]]></excerpt:encoded>
		<wp:post_id>77</wp:post_id>
		<wp:post_date>2017-06-14 11:33:22</wp:post_date>
		<wp:post_date_gmt>2017-06-14 11:33:22</wp:post_date_gmt>
		<wp:comment_status>open</wp:comment_status>
		<wp:ping_status>closed</wp:ping_status>
		<wp:post_name>wood-gallery-placeholder-5</wp:post_name>
		<wp:status>inherit</wp:status>
		<wp:post_parent>57</wp:post_parent>
		<wp:menu_order>0</wp:menu_order>
		<wp:post_type>attachment</wp:post_type>
		<wp:post_password></wp:post_password>
		<wp:is_sticky>0</wp:is_sticky>
						<wp:attachment_url>http://dummy.xtemos.com/woodmart-elementor/demos/wp-content/uploads/sites/2/2017/06/wood-gallery-placeholder-5.jpg</wp:attachment_url>
												<wp:postmeta>
			<wp:meta_key>_wp_attached_file</wp:meta_key>
			<wp:meta_value><![CDATA[2017/06/wood-gallery-placeholder-5.jpg]]></wp:meta_value>
		</wp:postmeta>
						</item>
					<item>
		<title>
				wood-gallery-placeholder		</title>
		<link>http://dummy.xtemos.com/woodmart-elementor/demos/home-base/wood-gallery-placeholder/</link>
		<pubDate>Wed, 14 Jun 2017 11:33:24 +0000</pubDate>
		<dc:creator><![CDATA[admin]]></dc:creator>
		<guid isPermaLink="false">http://dummy.xtemos.com/woodmart-elementor/demos/wp-content/uploads/sites/2/2017/06/wood-gallery-placeholder.jpg</guid>
		<description></description>
		<content:encoded><![CDATA[]]></content:encoded>
		<excerpt:encoded><![CDATA[]]></excerpt:encoded>
		<wp:post_id>78</wp:post_id>
		<wp:post_date>2017-06-14 11:33:24</wp:post_date>
		<wp:post_date_gmt>2017-06-14 11:33:24</wp:post_date_gmt>
		<wp:comment_status>open</wp:comment_status>
		<wp:ping_status>closed</wp:ping_status>
		<wp:post_name>wood-gallery-placeholder</wp:post_name>
		<wp:status>inherit</wp:status>
		<wp:post_parent>57</wp:post_parent>
		<wp:menu_order>0</wp:menu_order>
		<wp:post_type>attachment</wp:post_type>
		<wp:post_password></wp:post_password>
		<wp:is_sticky>0</wp:is_sticky>
						<wp:attachment_url>http://dummy.xtemos.com/woodmart-elementor/demos/wp-content/uploads/sites/2/2017/06/wood-gallery-placeholder.jpg</wp:attachment_url>
												<wp:postmeta>
			<wp:meta_key>_wp_attached_file</wp:meta_key>
			<wp:meta_value><![CDATA[2017/06/wood-gallery-placeholder.jpg]]></wp:meta_value>
		</wp:postmeta>
						</item>
					<item>
		<title>
				wood-gallery-placeholder-2		</title>
		<link>http://dummy.xtemos.com/woodmart-elementor/demos/home-base/wood-gallery-placeholder-2/</link>
		<pubDate>Wed, 14 Jun 2017 11:33:26 +0000</pubDate>
		<dc:creator><![CDATA[admin]]></dc:creator>
		<guid isPermaLink="false">http://dummy.xtemos.com/woodmart-elementor/demos/wp-content/uploads/sites/2/2017/06/wood-gallery-placeholder-2.jpg</guid>
		<description></description>
		<content:encoded><![CDATA[]]></content:encoded>
		<excerpt:encoded><![CDATA[]]></excerpt:encoded>
		<wp:post_id>79</wp:post_id>
		<wp:post_date>2017-06-14 11:33:26</wp:post_date>
		<wp:post_date_gmt>2017-06-14 11:33:26</wp:post_date_gmt>
		<wp:comment_status>open</wp:comment_status>
		<wp:ping_status>closed</wp:ping_status>
		<wp:post_name>wood-gallery-placeholder-2</wp:post_name>
		<wp:status>inherit</wp:status>
		<wp:post_parent>57</wp:post_parent>
		<wp:menu_order>0</wp:menu_order>
		<wp:post_type>attachment</wp:post_type>
		<wp:post_password></wp:post_password>
		<wp:is_sticky>0</wp:is_sticky>
						<wp:attachment_url>http://dummy.xtemos.com/woodmart-elementor/demos/wp-content/uploads/sites/2/2017/06/wood-gallery-placeholder-2.jpg</wp:attachment_url>
												<wp:postmeta>
			<wp:meta_key>_wp_attached_file</wp:meta_key>
			<wp:meta_value><![CDATA[2017/06/wood-gallery-placeholder-2.jpg]]></wp:meta_value>
		</wp:postmeta>
						</item>
					<item>
		<title>
				wood-gallery-placeholder-3		</title>
		<link>http://dummy.xtemos.com/woodmart-elementor/demos/home-base/wood-gallery-placeholder-3/</link>
		<pubDate>Wed, 14 Jun 2017 11:33:28 +0000</pubDate>
		<dc:creator><![CDATA[admin]]></dc:creator>
		<guid isPermaLink="false">http://dummy.xtemos.com/woodmart-elementor/demos/wp-content/uploads/sites/2/2017/06/wood-gallery-placeholder-3.jpg</guid>
		<description></description>
		<content:encoded><![CDATA[]]></content:encoded>
		<excerpt:encoded><![CDATA[]]></excerpt:encoded>
		<wp:post_id>80</wp:post_id>
		<wp:post_date>2017-06-14 11:33:28</wp:post_date>
		<wp:post_date_gmt>2017-06-14 11:33:28</wp:post_date_gmt>
		<wp:comment_status>open</wp:comment_status>
		<wp:ping_status>closed</wp:ping_status>
		<wp:post_name>wood-gallery-placeholder-3</wp:post_name>
		<wp:status>inherit</wp:status>
		<wp:post_parent>57</wp:post_parent>
		<wp:menu_order>0</wp:menu_order>
		<wp:post_type>attachment</wp:post_type>
		<wp:post_password></wp:post_password>
		<wp:is_sticky>0</wp:is_sticky>
						<wp:attachment_url>http://dummy.xtemos.com/woodmart-elementor/demos/wp-content/uploads/sites/2/2017/06/wood-gallery-placeholder-3.jpg</wp:attachment_url>
												<wp:postmeta>
			<wp:meta_key>_wp_attached_file</wp:meta_key>
			<wp:meta_value><![CDATA[2017/06/wood-gallery-placeholder-3.jpg]]></wp:meta_value>
		</wp:postmeta>
						</item>
					<item>
		<title>
				wood-gallery-placeholder-4		</title>
		<link>http://dummy.xtemos.com/woodmart-elementor/demos/home-base/wood-gallery-placeholder-4/</link>
		<pubDate>Wed, 14 Jun 2017 11:33:30 +0000</pubDate>
		<dc:creator><![CDATA[admin]]></dc:creator>
		<guid isPermaLink="false">http://dummy.xtemos.com/woodmart-elementor/demos/wp-content/uploads/sites/2/2017/06/wood-gallery-placeholder-4.jpg</guid>
		<description></description>
		<content:encoded><![CDATA[]]></content:encoded>
		<excerpt:encoded><![CDATA[]]></excerpt:encoded>
		<wp:post_id>81</wp:post_id>
		<wp:post_date>2017-06-14 11:33:30</wp:post_date>
		<wp:post_date_gmt>2017-06-14 11:33:30</wp:post_date_gmt>
		<wp:comment_status>open</wp:comment_status>
		<wp:ping_status>closed</wp:ping_status>
		<wp:post_name>wood-gallery-placeholder-4</wp:post_name>
		<wp:status>inherit</wp:status>
		<wp:post_parent>57</wp:post_parent>
		<wp:menu_order>0</wp:menu_order>
		<wp:post_type>attachment</wp:post_type>
		<wp:post_password></wp:post_password>
		<wp:is_sticky>0</wp:is_sticky>
						<wp:attachment_url>http://dummy.xtemos.com/woodmart-elementor/demos/wp-content/uploads/sites/2/2017/06/wood-gallery-placeholder-4.jpg</wp:attachment_url>
												<wp:postmeta>
			<wp:meta_key>_wp_attached_file</wp:meta_key>
			<wp:meta_value><![CDATA[2017/06/wood-gallery-placeholder-4.jpg]]></wp:meta_value>
		</wp:postmeta>
						</item>
					<item>
		<title>
				Home base-rtl		</title>
		<link>http://dummy.xtemos.com/woodmart-elementor/demos/home-base-rtl/</link>
		<pubDate>Wed, 02 Aug 2017 14:29:18 +0000</pubDate>
		<dc:creator><![CDATA[erwin]]></dc:creator>
		<guid isPermaLink="false">http://dummy.xtemos.com/woodmart-elementor/demos/?page_id=891</guid>
		<description></description>
		<content:encoded><![CDATA[
		
							
						
													
				
					22				
					Jun				
				
							Furniture
							
					Minimalist Japanese-]]></content:encoded>
		<excerpt:encoded><![CDATA[]]></excerpt:encoded>
		<wp:post_id>891</wp:post_id>
		<wp:post_date>2017-08-02 14:29:18</wp:post_date>
		<wp:post_date_gmt>2017-08-02 14:29:18</wp:post_date_gmt>
		<wp:comment_status>closed</wp:comment_status>
		<wp:ping_status>closed</wp:ping_status>
		<wp:post_name>home-base-rtl</wp:post_name>
		<wp:status>publish</wp:status>
		<wp:post_parent>0</wp:post_parent>
		<wp:menu_order>0</wp:menu_order>
		<wp:post_type>page</wp:post_type>
		<wp:post_password></wp:post_password>
		<wp:is_sticky>0</wp:is_sticky>
														<wp:postmeta>
			<wp:meta_key>_wp_page_template</wp:meta_key>
			<wp:meta_value><![CDATA[default]]></wp:meta_value>
		</wp:postmeta>
							<wp:postmeta>
			<wp:meta_key>_woodmart_main_layout</wp:meta_key>
			<wp:meta_value><![CDATA[full-width]]></wp:meta_value>
		</wp:postmeta>
							<wp:postmeta>
			<wp:meta_key>_woodmart_header_color_scheme</wp:meta_key>
			<wp:meta_value><![CDATA[inherit]]></wp:meta_value>
		</wp:postmeta>
							<wp:postmeta>
			<wp:meta_key>_woodmart_title_off</wp:meta_key>
			<wp:meta_value><![CDATA[on]]></wp:meta_value>
		</wp:postmeta>
							<wp:postmeta>
			<wp:meta_key>_woodmart_open_categories</wp:meta_key>
			<wp:meta_value><![CDATA[on]]></wp:meta_value>
		</wp:postmeta>
							<wp:postmeta>
			<wp:meta_key>_woodmart_prefooter_off</wp:meta_key>
			<wp:meta_value><![CDATA[on]]></wp:meta_value>
		</wp:postmeta>
							<wp:postmeta>
			<wp:meta_key>_elementor_data</wp:meta_key>
			<wp:meta_value><![CDATA[[{"id":"3455079","elType":"section","settings":{"wd_section_stretch":"stretch-content","gap":"no","margin":{"unit":"px","top":"-40","right":"0","bottom":"80","left":"0","isLinked":""},"padding":{"unit":"px","top":"0","right":"0","bottom":"0","left":"0","isLinked":"1"},"margin_tablet":{"unit":"px","top":"-40","right":"0","bottom":"60","left":"0","isLinked":""}},"elements":[{"id":"6493281","elType":"column","settings":{"_column_size":"100","column_sticky_offset":"50","scroll_y":"-80"},"elements":[{"id":"8375583","elType":"widget","settings":{"shortcode":"[rev_slider alias=\"main-slider-rtl\"][\/rev_slider]","revslidertitle":"main-slider-rtl","scroll_y":"-80"},"elements":[],"widgetType":"slider_revolution"}],"isInner":""}],"isInner":""},{"id":"7667840","elType":"section","settings":{"woodmart_disable_overflow":"1","el_class":"bg-bottom","margin":{"unit":"px","top":"0","right":"0","bottom":"80","left":"0","isLinked":""},"margin_tablet":{"unit":"px","top":"0","right":"0","bottom":"60","left":"0","isLinked":""}},"elements":[{"id":"1822735","elType":"column","settings":{"_column_size":"100","column_sticky_offset":"50","scroll_y":"-80"},"elements":[{"id":"5462363","elType":"widget","settings":{"subtitle":"WOODMART COLLECTIONS","after_title":"WoodMart is a powerful eCommerce theme for WordPress. ","image_size":"custom","size":"medium","title":"FEATURED CATEGORIES","_margin":{"unit":"px","top":"0","right":"0","bottom":"10","left":"0","isLinked":""},"scroll_y":"-80"},"elements":[],"widgetType":"wd_title"},{"id":"4983426","elType":"widget","settings":{"order":"ASC","style":"masonry-first","spacing":"20","number":"5","ids":[""],"scroll_y":"-80"},"elements":[],"widgetType":"wd_product_categories"}],"isInner":""}],"isInner":""},{"id":"6199335","elType":"section","settings":{"wd_section_stretch":"stretch","background_position":"right bottom","woodmart_disable_overflow":"1","background_background":"classic","background_image":{"url":"http:\/\/dummy.xtemos.com\/woodmart-elementor\/demos\/wp-content\/uploads\/sites\/2\/2017\/08\/o-background-rtl.svg","id":"896"},"background_repeat":"no-repeat","padding":{"unit":"px","top":"0","right":"15","bottom":"85","left":"15","isLinked":""},"padding_tablet":{"unit":"px","top":"0","right":"15","bottom":"55","left":"15","isLinked":""}},"elements":[{"id":"2550612","elType":"column","settings":{"_column_size":"100","column_sticky_offset":"50","scroll_y":"-80"},"elements":[{"id":"9520178","elType":"widget","settings":{"subtitle":"WOODEN ACCESSORIES","after_title":"Visit our shop to see amazing creations from our designers.","image_size":"custom","size":"medium","title":"FEATURED PRODUCTS","scroll_y":"-80"},"elements":[],"widgetType":"wd_title"},{"id":"969074","elType":"widget","settings":{"title":"","tabs_items":[{"_id":"5868086","image_size":"custom","title":"BEST SELLERS","items_per_page":"8","pagination":"arrows","columns":{"size":"4","unit":"px","sizes":[]},"post_type":"product","include":"","taxonomies":"","orderby":"","offset":"","query_type":"OR","order":"","meta_key":"","exclude":"","image":{"url":"","id":""},"image_custom_dimension":{"width":"","height":""}},{"_id":"608333","image_size":"custom","title":"FEATURED","items_per_page":"8","pagination":"arrows","columns":{"size":"4","unit":"px","sizes":[]},"post_type":"product","include":"","taxonomies":"","orderby":"","offset":"","query_type":"OR","order":"","meta_key":"","exclude":"","image":{"url":"","id":""},"image_custom_dimension":{"width":"","height":""}},{"_id":"2709295","image_size":"custom","title":"SALES","items_per_page":"8","pagination":"arrows","columns":{"size":"4","unit":"px","sizes":[]},"post_type":"product","include":"","taxonomies":"","orderby":"","offset":"","query_type":"OR","order":"","meta_key":"","exclude":"","image":{"url":"","id":""},"image_custom_dimension":{"width":"","height":""}}],"scroll_y":"-80","items_per_page":"8","pagination":"arrows"},"elements":[],"widgetType":"wd_products_tabs"}],"isInner":""}],"isInner":""},{"id":"2484129","elType":"section","settings":{"wd_section_stretch":"stretch-content","background_background":"classic","background_color":"#83b735","gap":"no"},"elements":[{"id":"4344232","elType":"column","settings":{"_column_size":"100","column_sticky_offset":"50","scroll_y":"-80"},"elements":[{"id":"1523495","elType":"widget","settings":{"shortcode":"[rev_slider alias=\"best-seller-rtl\"][\/rev_slider]","revslidertitle":"best-seller-rtl","scroll_y":"-80"},"elements":[],"widgetType":"slider_revolution"}],"isInner":""}],"isInner":""},{"id":"8461220","elType":"section","settings":{"wd_section_stretch":"stretch","content_position":"top","background_position":"center center","border_width":{"top":"0","left":"0","right":"0","bottom":"0","unit":"px","isLinked":""},"background_background":"classic","background_image":{"url":"http:\/\/dummy.xtemos.com\/woodmart-elementor\/demos\/wp-content\/uploads\/sites\/2\/2017\/08\/rtl-wood-about-us-bg.jpg?id=895","id":""},"background_size":"cover","background_repeat":"no-repeat","el_class":"mobile-bg-img-hidden","padding":{"unit":"px","top":"110","right":"15","bottom":"110","left":"15","isLinked":""},"padding_tablet":{"unit":"px","top":"60","right":"20","bottom":"60","left":"20","isLinked":""}},"elements":[{"id":"8086403","elType":"column","settings":{"_column_size":"50","_inline_size_tablet":"50","_inline_size_mobile":"100","padding":{"unit":"%","top":"","right":"","bottom":"","left":"","isLinked":"1"},"column_sticky_offset":"50","scroll_y":"-80"},"elements":[{"id":"3f5f8dc","elType":"widget","settings":{"editor":"<p>ALL-IN-ONE ECOMMERCE SOLUTION<\/p>","align":"right","text_color":"#8E8E8E","typography_typography":"custom","typography_font_family":"Lato","typography_font_size":{"unit":"px","size":"24","sizes":[]},"typography_font_weight":"300","_margin":{"unit":"px","top":"0","right":"0","bottom":"-20","left":"0","isLinked":""},"scroll_y":"-80","hide_tablet":"hidden-tablet","hide_mobile":"hidden-phone"},"elements":[],"widgetType":"text-editor"},{"id":"9950972","elType":"widget","settings":{"subtitle":"","after_title":"","image_size":"custom","title":"ABOUT OUR WOODMART STORE","font_container":"tag:h4|font_size:30|text_align:right","use_theme_fonts":"yes","align":"right","title_typography_typography":"custom","title_typography_font_size":{"unit":"px","size":"30","sizes":[]},"scroll_y":"-80"},"elements":[],"widgetType":"wd_title"},{"id":"6388619","elType":"widget","settings":{"typography_typography":"custom","align":"left","el_class":"text-larger","editor":"<p style=\"text-align: right\">Nec \u00a0adipiscing luctus consequat penatibus parturient massa cubilia etiam a adipiscing enigm dignissim congue egestas sapien a. Scelerisque ac non ut ac bibendum himenaeos ullamcorper justo himenaeos vel a sapien quis.<\/p>\n","scroll_y":"-80"},"elements":[],"widgetType":"text-editor"},{"id":"6373271","elType":"widget","settings":{"color":"primary","_element_width":"auto","text":"Read More","scroll_y":"-80","_margin":{"unit":"px","top":"0","right":"0","bottom":"0","left":"15","isLinked":""}},"elements":[],"widgetType":"wd_button"},{"id":"375654","elType":"widget","settings":{"style":"bordered","_element_width":"auto","text":"Contact us","scroll_y":"-80"},"elements":[],"widgetType":"wd_button"}],"isInner":""}],"isInner":""},{"id":"2611965","elType":"section","settings":{"wd_section_stretch":"stretch","background_position":"right top","border_width":{"top":"1","left":"0","right":"0","bottom":"1","unit":"px","isLinked":""},"border_border":"solid","border_color":"rgba(129,129,129,0.2)","background_background":"classic","background_image":{"url":"http:\/\/dummy.xtemos.com\/woodmart-elementor\/demos\/wp-content\/uploads\/sites\/2\/2017\/08\/rtl-newsletter-new.jpg","id":"894"},"background_repeat":"no-repeat","el_class":"mobile-bg-img-hidden","margin":{"unit":"px","top":"0","right":"0","bottom":"70","left":"0","isLinked":""},"padding":{"unit":"px","top":"45","right":"15","bottom":"45","left":"15","isLinked":""},"margin_tablet":{"unit":"px","top":"0","right":"0","bottom":"60","left":"0","isLinked":""}},"elements":[{"id":"8910295","elType":"column","settings":{"_column_size":"100","column_sticky_offset":"50","scroll_y":"-80"},"elements":[{"id":"6304948","elType":"widget","settings":{"subtitle":"","after_title":"","image_size":"custom","title":"<strong>JOIN OUR NEWSLETTER NOW<\/strong>","scroll_y":"-80"},"elements":[],"widgetType":"wd_title"},{"id":"24a3ada","elType":"widget","settings":{"form_id":"74","content_width":{"unit":"px","size":"400","sizes":[]},"scroll_y":"-80"},"elements":[],"widgetType":"wd_mailchimp"},{"id":"2136697","elType":"widget","settings":{"typography_typography":"custom","align":"left","editor":"<p style=\"text-align: center\">Will be used in accordance with our <a href=\"#\"><strong>Privacy Policy<\/strong><\/a><\/p>\n","scroll_y":"-80"},"elements":[],"widgetType":"text-editor"}],"isInner":""}],"isInner":""},{"id":"983971","elType":"section","settings":[],"elements":[{"id":"5501585","elType":"column","settings":{"_column_size":"100","column_sticky_offset":"50","scroll_y":"-80"},"elements":[{"id":"9019332","elType":"widget","settings":{"subtitle":"FURNITURE GUIDES","after_title":"Latest trends and inspiration in interior design.","image_size":"custom","size":"medium","title":"OUR LATEST NEWS","scroll_y":"-80"},"elements":[],"widgetType":"wd_title"},{"id":"7958118","elType":"widget","settings":{"blog_spacing":"20","items_per_page":"4","blog_design":"carousel","blog_style":"shadow","slides_per_view":{"size":"3","unit":"px","sizes":[]},"hide_pagination_control":"yes","img_size":"full","scroll_y":"-80"},"elements":[],"widgetType":"wd_blog"}],"isInner":""}],"isInner":""},{"id":"7277941","elType":"section","settings":{"margin":{"unit":"px","top":"0","right":"0","bottom":"20","left":"0","isLinked":""}},"elements":[{"id":"5506365","elType":"column","settings":{"_column_size":"100","column_sticky_offset":"50","scroll_y":"-80"},"elements":[{"id":"5913647","elType":"widget","settings":{"order":"ASC","hover":"alt","slides_per_view":{"size":"6","unit":"px","sizes":[]},"hide_pagination_control":"yes","number":"8","scroll_y":"-80"},"elements":[],"widgetType":"wd_products_brands"}],"isInner":""}],"isInner":""},{"id":"3063105","elType":"section","settings":{"wd_section_stretch":"stretch","equal_height":"yes","content_position":"middle","border_width":{"top":"1","left":"0","right":"0","bottom":"1","unit":"px","isLinked":""},"border_border":"solid","border_color":"#f4f4f4","background_background":"classic","background_color":"#fbfbfb","structure":"20","margin":{"unit":"px","top":"0","right":"0","bottom":"-40","left":"0","isLinked":""},"padding":{"unit":"px","top":"10","right":"15","bottom":"10","left":"15","isLinked":""}},"elements":[{"id":"8959650","elType":"column","settings":{"_column_size":"25","column_sticky_offset":"50","scroll_y":"-80"},"elements":[{"id":"8363234","elType":"widget","settings":{"subtitle":"DEMO PAGES","after_title":"Full right-to-left language support.","image_size":"custom","title":"WOODMART RTL","scroll_y":"-80"},"elements":[],"widgetType":"wd_title"},{"id":"5811783","elType":"widget","settings":{"color":"primary","style":"link","text":"Open Shop","scroll_y":"-80"},"elements":[],"widgetType":"wd_button"}],"isInner":""},{"id":"4810715","elType":"column","settings":{"_column_size":"75","column_sticky_offset":"50","scroll_y":"-80"},"elements":[{"id":"4530587","elType":"widget","settings":{"ids_size":"full","ids":[{"id":"77","url":""},{"id":"78","url":""},{"id":"79","url":""},{"id":"80","url":""},{"id":"81","url":""}],"view":"carousel","spacing":"2","slides_per_view":{"size":"4","unit":"px","sizes":[]},"hide_pagination_control":"yes","on_click":"links","target_blank":"yes","caption":"","custom_links":"#\n#1\n#2","ids_custom_dimension":[],"scroll_y":"-80"},"elements":[],"widgetType":"wd_images_gallery"}],"isInner":""}],"isInner":""}]]]></wp:meta_value>
		</wp:postmeta>
							<wp:postmeta>
			<wp:meta_key>_elementor_edit_mode</wp:meta_key>
			<wp:meta_value><![CDATA[builder]]></wp:meta_value>
		</wp:postmeta>
							<wp:postmeta>
			<wp:meta_key>_elementor_version</wp:meta_key>
			<wp:meta_value><![CDATA[2.9.11]]></wp:meta_value>
		</wp:postmeta>
							<wp:postmeta>
			<wp:meta_key>_elementor_template_type</wp:meta_key>
			<wp:meta_value><![CDATA[wp-page]]></wp:meta_value>
		</wp:postmeta>
							<wp:postmeta>
			<wp:meta_key>_elementor_controls_usage</wp:meta_key>
			<wp:meta_value><![CDATA[a:12:{s:17:"slider_revolution";a:3:{s:5:"count";i:2;s:15:"control_percent";i:2;s:8:"controls";a:2:{s:7:"content";a:1:{s:15:"content_section";a:2:{s:9:"shortcode";i:2;s:14:"revslidertitle";i:2;}}s:8:"advanced";a:1:{s:8:"wd_extra";a:1:{s:8:"scroll_y";i:2;}}}}s:6:"column";a:3:{s:5:"count";i:10;s:15:"control_percent";i:1;s:8:"controls";a:2:{s:8:"advanced";a:2:{s:8:"wd_extra";a:2:{s:20:"column_sticky_offset";i:10;s:8:"scroll_y";i:10;}s:16:"section_advanced";a:1:{s:7:"padding";i:1;}}s:6:"layout";a:1:{s:6:"layout";a:2:{s:19:"_inline_size_tablet";i:1;s:19:"_inline_size_mobile";i:1;}}}}s:7:"section";a:3:{s:5:"count";i:9;s:15:"control_percent";i:3;s:8:"controls";a:3:{s:6:"layout";a:3:{s:15:"wd_extra_layout";a:1:{s:18:"wd_section_stretch";i:6;}s:14:"section_layout";a:2:{s:3:"gap";i:2;s:16:"content_position";i:2;}s:17:"section_structure";a:1:{s:9:"structure";i:1;}}s:8:"advanced";a:1:{s:16:"section_advanced";a:4:{s:6:"margin";i:5;s:7:"padding";i:5;s:13:"margin_tablet";i:3;s:14:"padding_tablet";i:2;}}s:5:"style";a:2:{s:18:"section_background";a:6:{s:19:"background_position";i:3;s:21:"background_background";i:5;s:16:"background_image";i:3;s:17:"background_repeat";i:3;s:16:"background_color";i:2;s:15:"background_size";i:1;}s:14:"section_border";a:3:{s:12:"border_width";i:3;s:13:"border_border";i:2;s:12:"border_color";i:2;}}}}s:8:"wd_title";a:3:{s:5:"count";i:6;s:15:"control_percent";i:2;s:8:"controls";a:3:{s:7:"content";a:1:{s:23:"general_content_section";a:3:{s:8:"subtitle";i:6;s:11:"after_title";i:6;s:5:"title";i:6;}}s:5:"style";a:2:{s:19:"title_style_section";a:3:{s:10:"image_size";i:6;s:27:"title_typography_typography";i:1;s:26:"title_typography_font_size";i:1;}s:21:"general_style_section";a:2:{s:4:"size";i:3;s:5:"align";i:1;}}s:8:"advanced";a:2:{s:14:"_section_style";a:1:{s:7:"_margin";i:1;}s:8:"wd_extra";a:1:{s:8:"scroll_y";i:6;}}}}s:21:"wd_product_categories";a:3:{s:5:"count";i:1;s:15:"control_percent";i:3;s:8:"controls";a:3:{s:7:"content";a:1:{s:23:"general_content_section";a:3:{s:5:"order";i:1;s:6:"number";i:1;s:3:"ids";i:1;}}s:5:"style";a:1:{s:20:"layout_style_section";a:2:{s:5:"style";i:1;s:7:"spacing";i:1;}}s:8:"advanced";a:1:{s:8:"wd_extra";a:1:{s:8:"scroll_y";i:1;}}}}s:16:"wd_products_tabs";a:3:{s:5:"count";i:1;s:15:"control_percent";i:2;s:8:"controls";a:3:{s:7:"content";a:2:{s:23:"general_content_section";a:1:{s:5:"title";i:1;}s:20:"tabs_content_section";a:1:{s:10:"tabs_items";i:1;}}s:8:"advanced";a:1:{s:8:"wd_extra";a:1:{s:8:"scroll_y";i:1;}}s:5:"style";a:1:{s:29:"products_layout_style_section";a:2:{s:14:"items_per_page";i:1;s:10:"pagination";i:1;}}}}s:11:"text-editor";a:3:{s:5:"count";i:3;s:15:"control_percent";i:2;s:8:"controls";a:3:{s:7:"content";a:1:{s:14:"section_editor";a:1:{s:6:"editor";i:3;}}s:5:"style";a:1:{s:13:"section_style";a:6:{s:5:"align";i:3;s:10:"text_color";i:1;s:21:"typography_typography";i:3;s:22:"typography_font_family";i:1;s:20:"typography_font_size";i:1;s:22:"typography_font_weight";i:1;}}s:8:"advanced";a:3:{s:14:"_section_style";a:1:{s:7:"_margin";i:1;}s:8:"wd_extra";a:1:{s:8:"scroll_y";i:3;}s:19:"_section_responsive";a:2:{s:11:"hide_tablet";i:1;s:11:"hide_mobile";i:1;}}}}s:9:"wd_button";a:3:{s:5:"count";i:3;s:15:"control_percent";i:2;s:8:"controls";a:3:{s:5:"style";a:1:{s:21:"general_style_section";a:2:{s:5:"color";i:2;s:5:"style";i:2;}}s:8:"advanced";a:3:{s:17:"_section_position";a:1:{s:14:"_element_width";i:2;}s:8:"wd_extra";a:1:{s:8:"scroll_y";i:3;}s:14:"_section_style";a:1:{s:7:"_margin";i:1;}}s:7:"content";a:1:{s:23:"general_content_section";a:1:{s:4:"text";i:3;}}}}s:12:"wd_mailchimp";a:3:{s:5:"count";i:1;s:15:"control_percent";i:2;s:8:"controls";a:3:{s:7:"content";a:1:{s:23:"general_content_section";a:1:{s:7:"form_id";i:1;}}s:5:"style";a:1:{s:21:"general_style_section";a:1:{s:13:"content_width";i:1;}}s:8:"advanced";a:1:{s:8:"wd_extra";a:1:{s:8:"scroll_y";i:1;}}}}s:7:"wd_blog";a:3:{s:5:"count";i:1;s:15:"control_percent";i:3;s:8:"controls";a:2:{s:5:"style";a:2:{s:21:"general_style_section";a:4:{s:12:"blog_spacing";i:1;s:14:"items_per_page";i:1;s:11:"blog_design";i:1;s:8:"img_size";i:1;}s:22:"carousel_style_section";a:2:{s:15:"slides_per_view";i:1;s:23:"hide_pagination_control";i:1;}}s:8:"advanced";a:1:{s:8:"wd_extra";a:1:{s:8:"scroll_y";i:1;}}}}s:18:"wd_products_brands";a:3:{s:5:"count";i:1;s:15:"control_percent";i:3;s:8:"controls";a:3:{s:7:"content";a:1:{s:23:"general_content_section";a:2:{s:5:"order";i:1;s:6:"number";i:1;}}s:5:"style";a:2:{s:21:"general_style_section";a:1:{s:5:"hover";i:1;}s:22:"carousel_style_section";a:2:{s:15:"slides_per_view";i:1;s:23:"hide_pagination_control";i:1;}}s:8:"advanced";a:1:{s:8:"wd_extra";a:1:{s:8:"scroll_y";i:1;}}}}s:17:"wd_images_gallery";a:3:{s:5:"count";i:1;s:15:"control_percent";i:6;s:8:"controls";a:3:{s:7:"content";a:2:{s:23:"general_content_section";a:3:{s:8:"ids_size";i:1;s:3:"ids";i:1;s:20:"ids_custom_dimension";i:1;}s:20:"click_action_section";a:4:{s:8:"on_click";i:1;s:12:"target_blank";i:1;s:7:"caption";i:1;s:12:"custom_links";i:1;}}s:5:"style";a:2:{s:20:"layout_style_section";a:2:{s:4:"view";i:1;s:7:"spacing";i:1;}s:22:"carousel_style_section";a:2:{s:15:"slides_per_view";i:1;s:23:"hide_pagination_control";i:1;}}s:8:"advanced";a:1:{s:8:"wd_extra";a:1:{s:8:"scroll_y";i:1;}}}}}]]></wp:meta_value>
		</wp:postmeta>
						</item>
					<item>
		<title>
				rtl-newsletter-new		</title>
		<link>http://dummy.xtemos.com/woodmart-elementor/demos/home-base-rtl/rtl-newsletter-new/</link>
		<pubDate>Wed, 02 Aug 2017 14:44:24 +0000</pubDate>
		<dc:creator><![CDATA[erwin]]></dc:creator>
		<guid isPermaLink="false">http://dummy.xtemos.com/woodmart-elementor/demos/wp-content/uploads/sites/2/2017/08/rtl-newsletter-new.jpg</guid>
		<description></description>
		<content:encoded><![CDATA[]]></content:encoded>
		<excerpt:encoded><![CDATA[]]></excerpt:encoded>
		<wp:post_id>894</wp:post_id>
		<wp:post_date>2017-08-02 14:44:24</wp:post_date>
		<wp:post_date_gmt>2017-08-02 14:44:24</wp:post_date_gmt>
		<wp:comment_status>open</wp:comment_status>
		<wp:ping_status>closed</wp:ping_status>
		<wp:post_name>rtl-newsletter-new</wp:post_name>
		<wp:status>inherit</wp:status>
		<wp:post_parent>891</wp:post_parent>
		<wp:menu_order>0</wp:menu_order>
		<wp:post_type>attachment</wp:post_type>
		<wp:post_password></wp:post_password>
		<wp:is_sticky>0</wp:is_sticky>
						<wp:attachment_url>http://dummy.xtemos.com/woodmart-elementor/demos/wp-content/uploads/sites/2/2017/08/rtl-newsletter-new.jpg</wp:attachment_url>
												<wp:postmeta>
			<wp:meta_key>_wp_attached_file</wp:meta_key>
			<wp:meta_value><![CDATA[2017/08/rtl-newsletter-new.jpg]]></wp:meta_value>
		</wp:postmeta>
						</item>
					<item>
		<title>
				o-background-rtl		</title>
		<link>http://dummy.xtemos.com/woodmart-elementor/demos/home-base-rtl/o-background-rtl/</link>
		<pubDate>Wed, 02 Aug 2017 14:46:25 +0000</pubDate>
		<dc:creator><![CDATA[erwin]]></dc:creator>
		<guid isPermaLink="false">http://dummy.xtemos.com/woodmart-elementor/demos/wp-content/uploads/sites/2/2017/08/o-background-rtl.svg</guid>
		<description></description>
		<content:encoded><![CDATA[]]></content:encoded>
		<excerpt:encoded><![CDATA[]]></excerpt:encoded>
		<wp:post_id>896</wp:post_id>
		<wp:post_date>2017-08-02 14:46:25</wp:post_date>
		<wp:post_date_gmt>2017-08-02 14:46:25</wp:post_date_gmt>
		<wp:comment_status>open</wp:comment_status>
		<wp:ping_status>closed</wp:ping_status>
		<wp:post_name>o-background-rtl</wp:post_name>
		<wp:status>inherit</wp:status>
		<wp:post_parent>891</wp:post_parent>
		<wp:menu_order>0</wp:menu_order>
		<wp:post_type>attachment</wp:post_type>
		<wp:post_password></wp:post_password>
		<wp:is_sticky>0</wp:is_sticky>
						<wp:attachment_url>http://dummy.xtemos.com/woodmart-elementor/demos/wp-content/uploads/sites/2/2017/08/o-background-rtl.svg</wp:attachment_url>
												<wp:postmeta>
			<wp:meta_key>_wp_attached_file</wp:meta_key>
			<wp:meta_value><![CDATA[2017/08/o-background-rtl.svg]]></wp:meta_value>
		</wp:postmeta>
						</item>
					<item>
		<title>
				Main slide 1		</title>
		<link>http://dummy.xtemos.com/woodmart-elementor/demos/woodmart_slide/main-slide-1/</link>
		<pubDate>Thu, 19 Jul 2018 09:59:14 +0000</pubDate>
		<dc:creator><![CDATA[erwin]]></dc:creator>
		<guid isPermaLink="false">http://dummy.xtemos.com/woodmart-elementor/demos/?post_type=woodmart_slide&#038;p=1683</guid>
		<description></description>
		<content:encoded><![CDATA[
					Simple - Rock Chair.				
					Semper vulputate aliquam curae condimentum quisque gravida fusce convallis arcu cum at.				
												]]></content:encoded>
		<excerpt:encoded><![CDATA[]]></excerpt:encoded>
		<wp:post_id>1683</wp:post_id>
		<wp:post_date>2018-07-19 09:59:14</wp:post_date>
		<wp:post_date_gmt>2018-07-19 09:59:14</wp:post_date_gmt>
		<wp:comment_status>closed</wp:comment_status>
		<wp:ping_status>closed</wp:ping_status>
		<wp:post_name>main-slide-1</wp:post_name>
		<wp:status>publish</wp:status>
		<wp:post_parent>0</wp:post_parent>
		<wp:menu_order>0</wp:menu_order>
		<wp:post_type>woodmart_slide</wp:post_type>
		<wp:post_password></wp:post_password>
		<wp:is_sticky>0</wp:is_sticky>
										<category domain="woodmart_slider" nicename="main-slider"><![CDATA[Main slider]]></category>
						<wp:postmeta>
			<wp:meta_key>bg_color</wp:meta_key>
			<wp:meta_value><![CDATA[#f8f8f8]]></wp:meta_value>
		</wp:postmeta>
							<wp:postmeta>
			<wp:meta_key>vertical_align</wp:meta_key>
			<wp:meta_value><![CDATA[middle]]></wp:meta_value>
		</wp:postmeta>
							<wp:postmeta>
			<wp:meta_key>horizontal_align</wp:meta_key>
			<wp:meta_value><![CDATA[center]]></wp:meta_value>
		</wp:postmeta>
							<wp:postmeta>
			<wp:meta_key>content_width</wp:meta_key>
			<wp:meta_value><![CDATA[1035]]></wp:meta_value>
		</wp:postmeta>
							<wp:postmeta>
			<wp:meta_key>content_width_tablet</wp:meta_key>
			<wp:meta_value><![CDATA[1200]]></wp:meta_value>
		</wp:postmeta>
							<wp:postmeta>
			<wp:meta_key>content_width_mobile</wp:meta_key>
			<wp:meta_value><![CDATA[800]]></wp:meta_value>
		</wp:postmeta>
							<wp:postmeta>
			<wp:meta_key>slide_animation</wp:meta_key>
			<wp:meta_value><![CDATA[slide-from-bottom]]></wp:meta_value>
		</wp:postmeta>
							<wp:postmeta>
			<wp:meta_key>_elementor_data</wp:meta_key>
			<wp:meta_value><![CDATA[[{"id":"9194074","elType":"section","settings":{"content_position":"middle","structure":"21"},"elements":[{"id":"5597268","elType":"column","settings":{"_column_size":"33","_inline_size":"","_inline_size_tablet":"100","_inline_size_mobile":"100","space_between_widgets":"15","column_sticky_offset":"50","scroll_y":"-80"},"elements":[{"id":"8fed586","elType":"widget","settings":{"subtitle":"","title":"Simple - Rock Chair.","after_title":"<p>Semper vulputate aliquam curae condimentum quisque gravida fusce convallis arcu cum at.<\/p>","align":"left","width_tablet":{"unit":"%","size":"67","sizes":[]},"width_mobile":{"unit":"%","size":"100","sizes":[]},"title_typography_typography":"custom","title_typography_font_size":{"unit":"px","size":"54","sizes":[]},"title_typography_font_size_tablet":{"unit":"px","size":"42","sizes":[]},"title_typography_font_size_mobile":{"unit":"px","size":"32","sizes":[]},"title_typography_line_height":{"unit":"px","size":"64","sizes":[]},"title_typography_line_height_tablet":{"unit":"px","size":"52","sizes":[]},"title_typography_line_height_mobile":{"unit":"px","size":"42","sizes":[]},"text_typography_typography":"custom","text_typography_font_size":{"unit":"px","size":"16","sizes":[]},"text_typography_font_size_tablet":{"unit":"px","size":"14","sizes":[]},"scroll_y":"-80"},"elements":[],"widgetType":"wd_title"},{"id":"3501100","elType":"widget","settings":{"ids_size":"full","ids":[{"id":"77","url":""},{"id":"78","url":""},{"id":"79","url":""},{"id":"80","url":""}],"spacing":"0","columns":{"size":"6","unit":"px","sizes":[]},"on_click":"none","caption":"","ids_custom_dimension":[],"el_class":"visible-lg","scroll_y":"-80","hide_tablet":"hidden-tablet","hide_mobile":"hidden-phone"},"elements":[],"widgetType":"wd_images_gallery"},{"id":"3802973","elType":"widget","settings":{"typography_typography":"custom","font":"text","size":"custom","font_weight":"400","color_scheme":"custom","typography_font_size":{"unit":"px","size":"32"},"text_color":"#2d2d2d","editor":"<p>$199.00<\/p>\n","scroll_y":"-80"},"elements":[],"widgetType":"text-editor"}],"isInner":""},{"id":"665309","elType":"column","settings":{"_column_size":"66","_inline_size":"","_inline_size_tablet":"100","_inline_size_mobile":"100","column_sticky_offset":"50","scroll_y":"-80"},"elements":[{"id":"3654320","elType":"widget","settings":{"align":"center","image_size":"full","image":{"id":"1684","url":"#"},"image_custom_dimension":[],"_margin":{"unit":"px","top":"0","right":"0","bottom":"-280","left":"0","isLinked":""},"scroll_y":"-80"},"elements":[],"widgetType":"image"}],"isInner":""}],"isInner":""}]]]></wp:meta_value>
		</wp:postmeta>
							<wp:postmeta>
			<wp:meta_key>_elementor_edit_mode</wp:meta_key>
			<wp:meta_value><![CDATA[builder]]></wp:meta_value>
		</wp:postmeta>
							<wp:postmeta>
			<wp:meta_key>_elementor_version</wp:meta_key>
			<wp:meta_value><![CDATA[2.9.11]]></wp:meta_value>
		</wp:postmeta>
							<wp:postmeta>
			<wp:meta_key>_wp_page_template</wp:meta_key>
			<wp:meta_value><![CDATA[default]]></wp:meta_value>
		</wp:postmeta>
							<wp:postmeta>
			<wp:meta_key>_elementor_template_type</wp:meta_key>
			<wp:meta_value><![CDATA[wp-post]]></wp:meta_value>
		</wp:postmeta>
							<wp:postmeta>
			<wp:meta_key>_elementor_controls_usage</wp:meta_key>
			<wp:meta_value><![CDATA[a:6:{s:8:"wd_title";a:3:{s:5:"count";i:1;s:15:"control_percent";i:5;s:8:"controls";a:3:{s:7:"content";a:1:{s:23:"general_content_section";a:3:{s:8:"subtitle";i:1;s:5:"title";i:1;s:11:"after_title";i:1;}}s:5:"style";a:3:{s:21:"general_style_section";a:3:{s:5:"align";i:1;s:12:"width_tablet";i:1;s:12:"width_mobile";i:1;}s:19:"title_style_section";a:7:{s:27:"title_typography_typography";i:1;s:26:"title_typography_font_size";i:1;s:33:"title_typography_font_size_tablet";i:1;s:33:"title_typography_font_size_mobile";i:1;s:28:"title_typography_line_height";i:1;s:35:"title_typography_line_height_tablet";i:1;s:35:"title_typography_line_height_mobile";i:1;}s:18:"text_style_section";a:3:{s:26:"text_typography_typography";i:1;s:25:"text_typography_font_size";i:1;s:32:"text_typography_font_size_tablet";i:1;}}s:8:"advanced";a:1:{s:8:"wd_extra";a:1:{s:8:"scroll_y";i:1;}}}}s:17:"wd_images_gallery";a:3:{s:5:"count";i:1;s:15:"control_percent";i:5;s:8:"controls";a:3:{s:7:"content";a:2:{s:23:"general_content_section";a:3:{s:8:"ids_size";i:1;s:3:"ids";i:1;s:20:"ids_custom_dimension";i:1;}s:20:"click_action_section";a:2:{s:8:"on_click";i:1;s:7:"caption";i:1;}}s:5:"style";a:1:{s:20:"layout_style_section";a:2:{s:7:"spacing";i:1;s:7:"columns";i:1;}}s:8:"advanced";a:2:{s:8:"wd_extra";a:1:{s:8:"scroll_y";i:1;}s:19:"_section_responsive";a:2:{s:11:"hide_tablet";i:1;s:11:"hide_mobile";i:1;}}}}s:11:"text-editor";a:3:{s:5:"count";i:1;s:15:"control_percent";i:2;s:8:"controls";a:3:{s:5:"style";a:1:{s:13:"section_style";a:3:{s:21:"typography_typography";i:1;s:20:"typography_font_size";i:1;s:10:"text_color";i:1;}}s:7:"content";a:1:{s:14:"section_editor";a:1:{s:6:"editor";i:1;}}s:8:"advanced";a:1:{s:8:"wd_extra";a:1:{s:8:"scroll_y";i:1;}}}}s:6:"column";a:3:{s:5:"count";i:2;s:15:"control_percent";i:1;s:8:"controls";a:2:{s:6:"layout";a:1:{s:6:"layout";a:3:{s:19:"_inline_size_tablet";i:2;s:19:"_inline_size_mobile";i:2;s:21:"space_between_widgets";i:1;}}s:8:"advanced";a:1:{s:8:"wd_extra";a:2:{s:20:"column_sticky_offset";i:2;s:8:"scroll_y";i:2;}}}}s:5:"image";a:3:{s:5:"count";i:1;s:15:"control_percent";i:2;s:8:"controls";a:2:{s:7:"content";a:1:{s:13:"section_image";a:4:{s:5:"align";i:1;s:10:"image_size";i:1;s:5:"image";i:1;s:22:"image_custom_dimension";i:1;}}s:8:"advanced";a:2:{s:14:"_section_style";a:1:{s:7:"_margin";i:1;}s:8:"wd_extra";a:1:{s:8:"scroll_y";i:1;}}}}s:7:"section";a:3:{s:5:"count";i:1;s:15:"control_percent";i:1;s:8:"controls";a:1:{s:6:"layout";a:2:{s:14:"section_layout";a:1:{s:16:"content_position";i:1;}s:17:"section_structure";a:1:{s:9:"structure";i:1;}}}}}]]></wp:meta_value>
		</wp:postmeta>
						</item>
					<item>
		<title>
				slider-main-demo-dummy-1		</title>
		<link>http://dummy.xtemos.com/woodmart-elementor/demos/woodmart_slide/main-slide-1/slider-main-demo-dummy-1/</link>
		<pubDate>Thu, 19 Jul 2018 09:58:21 +0000</pubDate>
		<dc:creator><![CDATA[erwin]]></dc:creator>
		<guid isPermaLink="false">http://dummy.xtemos.com/woodmart-elementor/demos/wp-content/uploads/sites/2/2018/07/slider-main-demo-dummy-1.jpg</guid>
		<description></description>
		<content:encoded><![CDATA[]]></content:encoded>
		<excerpt:encoded><![CDATA[]]></excerpt:encoded>
		<wp:post_id>1684</wp:post_id>
		<wp:post_date>2018-07-19 09:58:21</wp:post_date>
		<wp:post_date_gmt>2018-07-19 09:58:21</wp:post_date_gmt>
		<wp:comment_status>open</wp:comment_status>
		<wp:ping_status>closed</wp:ping_status>
		<wp:post_name>slider-main-demo-dummy-1</wp:post_name>
		<wp:status>inherit</wp:status>
		<wp:post_parent>1683</wp:post_parent>
		<wp:menu_order>0</wp:menu_order>
		<wp:post_type>attachment</wp:post_type>
		<wp:post_password></wp:post_password>
		<wp:is_sticky>0</wp:is_sticky>
						<wp:attachment_url>http://dummy.xtemos.com/woodmart-elementor/demos/wp-content/uploads/sites/2/2018/07/slider-main-demo-dummy-1.jpg</wp:attachment_url>
												<wp:postmeta>
			<wp:meta_key>_wp_attached_file</wp:meta_key>
			<wp:meta_value><![CDATA[2018/07/slider-main-demo-dummy-1.jpg]]></wp:meta_value>
		</wp:postmeta>
						</item>
					<item>
		<title>
				Main slide 2		</title>
		<link>http://dummy.xtemos.com/woodmart-elementor/demos/woodmart_slide/main-slide-1-2/</link>
		<pubDate>Thu, 19 Jul 2018 10:02:07 +0000</pubDate>
		<dc:creator><![CDATA[erwin]]></dc:creator>
		<guid isPermaLink="false">http://dummy.xtemos.com/woodmart-elementor/demos/?post_type=woodmart_slide&#038;p=1685</guid>
		<description></description>
		<content:encoded><![CDATA[
					Eames - Side Chair.				
					Semper vulputate aliquam curae condimentum quisque gravida fusce convallis arcu cum at.				
		Only $99.00]]></content:encoded>
		<excerpt:encoded><![CDATA[]]></excerpt:encoded>
		<wp:post_id>1685</wp:post_id>
		<wp:post_date>2018-07-19 10:02:07</wp:post_date>
		<wp:post_date_gmt>2018-07-19 10:02:07</wp:post_date_gmt>
		<wp:comment_status>closed</wp:comment_status>
		<wp:ping_status>closed</wp:ping_status>
		<wp:post_name>main-slide-1-2</wp:post_name>
		<wp:status>publish</wp:status>
		<wp:post_parent>0</wp:post_parent>
		<wp:menu_order>0</wp:menu_order>
		<wp:post_type>woodmart_slide</wp:post_type>
		<wp:post_password></wp:post_password>
		<wp:is_sticky>0</wp:is_sticky>
										<category domain="woodmart_slider" nicename="main-slider"><![CDATA[Main slider]]></category>
						<wp:postmeta>
			<wp:meta_key>bg_color</wp:meta_key>
			<wp:meta_value><![CDATA[#f8f8f8]]></wp:meta_value>
		</wp:postmeta>
							<wp:postmeta>
			<wp:meta_key>vertical_align</wp:meta_key>
			<wp:meta_value><![CDATA[middle]]></wp:meta_value>
		</wp:postmeta>
							<wp:postmeta>
			<wp:meta_key>horizontal_align</wp:meta_key>
			<wp:meta_value><![CDATA[center]]></wp:meta_value>
		</wp:postmeta>
							<wp:postmeta>
			<wp:meta_key>content_width</wp:meta_key>
			<wp:meta_value><![CDATA[1035]]></wp:meta_value>
		</wp:postmeta>
							<wp:postmeta>
			<wp:meta_key>content_width_tablet</wp:meta_key>
			<wp:meta_value><![CDATA[1200]]></wp:meta_value>
		</wp:postmeta>
							<wp:postmeta>
			<wp:meta_key>content_width_mobile</wp:meta_key>
			<wp:meta_value><![CDATA[800]]></wp:meta_value>
		</wp:postmeta>
							<wp:postmeta>
			<wp:meta_key>slide_animation</wp:meta_key>
			<wp:meta_value><![CDATA[slide-from-bottom]]></wp:meta_value>
		</wp:postmeta>
							<wp:postmeta>
			<wp:meta_key>_wp_old_slug</wp:meta_key>
			<wp:meta_value><![CDATA[main-slide-1]]></wp:meta_value>
		</wp:postmeta>
							<wp:postmeta>
			<wp:meta_key>_elementor_data</wp:meta_key>
			<wp:meta_value><![CDATA[[{"id":"6808247","elType":"section","settings":{"content_position":"middle","structure":"21"},"elements":[{"id":"8429901","elType":"column","settings":{"_column_size":"33","_inline_size":"","_inline_size_tablet":"100","_inline_size_mobile":"100","space_between_widgets":"15","column_sticky_offset":"50","scroll_y":"-80"},"elements":[{"id":"5cebd5d","elType":"widget","settings":{"subtitle":"","title":"Eames - Side Chair.","after_title":"<p>Semper vulputate aliquam curae condimentum quisque gravida fusce convallis arcu cum at.<\/p>","align":"left","width_tablet":{"unit":"%","size":"67","sizes":[]},"width_mobile":{"unit":"%","size":"100","sizes":[]},"title_typography_typography":"custom","title_typography_font_size":{"unit":"px","size":"54","sizes":[]},"title_typography_font_size_tablet":{"unit":"px","size":"42","sizes":[]},"title_typography_font_size_mobile":{"unit":"px","size":"32","sizes":[]},"title_typography_line_height":{"unit":"px","size":"64","sizes":[]},"title_typography_line_height_tablet":{"unit":"px","size":"52","sizes":[]},"title_typography_line_height_mobile":{"unit":"px","size":"42","sizes":[]},"text_typography_typography":"custom","text_typography_font_size":{"unit":"px","size":"16","sizes":[]},"text_typography_font_size_tablet":{"unit":"px","size":"14","sizes":[]},"scroll_y":"-80"},"elements":[],"widgetType":"wd_title"},{"id":"181702","elType":"widget","settings":{"typography_typography":"custom","font":"text","size":"custom","font_weight":"400","color_scheme":"custom","typography_font_size":{"unit":"px","size":"32"},"text_color":"#2d2d2d","editor":"<p>Only $99.00<\/p>\n","scroll_y":"-80"},"elements":[],"widgetType":"text-editor"}],"isInner":""},{"id":"1957095","elType":"column","settings":{"_column_size":"66","_inline_size":"","_inline_size_tablet":"100","_inline_size_mobile":"100","column_sticky_offset":"50","scroll_y":"-80"},"elements":[{"id":"9902107","elType":"widget","settings":{"align":"center","image_size":"full","image":{"id":"1686","url":"#"},"image_custom_dimension":[],"_margin":{"unit":"px","top":"-140","right":"0","bottom":"-200","left":"0","isLinked":""},"_margin_tablet":{"unit":"px","top":"0","right":"0","bottom":"-280","left":"0","isLinked":""},"_margin_mobile":{"unit":"px","top":"0","right":"0","bottom":"-200","left":"0","isLinked":""},"scroll_y":"-80"},"elements":[],"widgetType":"image"}],"isInner":""}],"isInner":""}]]]></wp:meta_value>
		</wp:postmeta>
							<wp:postmeta>
			<wp:meta_key>_elementor_edit_mode</wp:meta_key>
			<wp:meta_value><![CDATA[builder]]></wp:meta_value>
		</wp:postmeta>
							<wp:postmeta>
			<wp:meta_key>_elementor_version</wp:meta_key>
			<wp:meta_value><![CDATA[2.9.11]]></wp:meta_value>
		</wp:postmeta>
							<wp:postmeta>
			<wp:meta_key>_wp_page_template</wp:meta_key>
			<wp:meta_value><![CDATA[default]]></wp:meta_value>
		</wp:postmeta>
							<wp:postmeta>
			<wp:meta_key>_elementor_template_type</wp:meta_key>
			<wp:meta_value><![CDATA[wp-post]]></wp:meta_value>
		</wp:postmeta>
							<wp:postmeta>
			<wp:meta_key>_elementor_controls_usage</wp:meta_key>
			<wp:meta_value><![CDATA[a:5:{s:8:"wd_title";a:3:{s:5:"count";i:1;s:15:"control_percent";i:5;s:8:"controls";a:3:{s:7:"content";a:1:{s:23:"general_content_section";a:3:{s:8:"subtitle";i:1;s:5:"title";i:1;s:11:"after_title";i:1;}}s:5:"style";a:3:{s:21:"general_style_section";a:3:{s:5:"align";i:1;s:12:"width_tablet";i:1;s:12:"width_mobile";i:1;}s:19:"title_style_section";a:7:{s:27:"title_typography_typography";i:1;s:26:"title_typography_font_size";i:1;s:33:"title_typography_font_size_tablet";i:1;s:33:"title_typography_font_size_mobile";i:1;s:28:"title_typography_line_height";i:1;s:35:"title_typography_line_height_tablet";i:1;s:35:"title_typography_line_height_mobile";i:1;}s:18:"text_style_section";a:3:{s:26:"text_typography_typography";i:1;s:25:"text_typography_font_size";i:1;s:32:"text_typography_font_size_tablet";i:1;}}s:8:"advanced";a:1:{s:8:"wd_extra";a:1:{s:8:"scroll_y";i:1;}}}}s:11:"text-editor";a:3:{s:5:"count";i:1;s:15:"control_percent";i:2;s:8:"controls";a:3:{s:5:"style";a:1:{s:13:"section_style";a:3:{s:21:"typography_typography";i:1;s:20:"typography_font_size";i:1;s:10:"text_color";i:1;}}s:7:"content";a:1:{s:14:"section_editor";a:1:{s:6:"editor";i:1;}}s:8:"advanced";a:1:{s:8:"wd_extra";a:1:{s:8:"scroll_y";i:1;}}}}s:6:"column";a:3:{s:5:"count";i:2;s:15:"control_percent";i:1;s:8:"controls";a:2:{s:6:"layout";a:1:{s:6:"layout";a:3:{s:19:"_inline_size_tablet";i:2;s:19:"_inline_size_mobile";i:2;s:21:"space_between_widgets";i:1;}}s:8:"advanced";a:1:{s:8:"wd_extra";a:2:{s:20:"column_sticky_offset";i:2;s:8:"scroll_y";i:2;}}}}s:5:"image";a:3:{s:5:"count";i:1;s:15:"control_percent";i:3;s:8:"controls";a:2:{s:7:"content";a:1:{s:13:"section_image";a:4:{s:5:"align";i:1;s:10:"image_size";i:1;s:5:"image";i:1;s:22:"image_custom_dimension";i:1;}}s:8:"advanced";a:2:{s:14:"_section_style";a:3:{s:7:"_margin";i:1;s:14:"_margin_tablet";i:1;s:14:"_margin_mobile";i:1;}s:8:"wd_extra";a:1:{s:8:"scroll_y";i:1;}}}}s:7:"section";a:3:{s:5:"count";i:1;s:15:"control_percent";i:1;s:8:"controls";a:1:{s:6:"layout";a:2:{s:14:"section_layout";a:1:{s:16:"content_position";i:1;}s:17:"section_structure";a:1:{s:9:"structure";i:1;}}}}}]]></wp:meta_value>
		</wp:postmeta>
						</item>
					<item>
		<title>
				slider-main-demo-dummy-2		</title>
		<link>http://dummy.xtemos.com/woodmart-elementor/demos/woodmart_slide/main-slide-1-2/slider-main-demo-dummy-2/</link>
		<pubDate>Thu, 19 Jul 2018 10:05:50 +0000</pubDate>
		<dc:creator><![CDATA[erwin]]></dc:creator>
		<guid isPermaLink="false">http://dummy.xtemos.com/woodmart-elementor/demos/wp-content/uploads/sites/2/2018/07/slider-main-demo-dummy-2.jpg</guid>
		<description></description>
		<content:encoded><![CDATA[]]></content:encoded>
		<excerpt:encoded><![CDATA[]]></excerpt:encoded>
		<wp:post_id>1686</wp:post_id>
		<wp:post_date>2018-07-19 10:05:50</wp:post_date>
		<wp:post_date_gmt>2018-07-19 10:05:50</wp:post_date_gmt>
		<wp:comment_status>open</wp:comment_status>
		<wp:ping_status>closed</wp:ping_status>
		<wp:post_name>slider-main-demo-dummy-2</wp:post_name>
		<wp:status>inherit</wp:status>
		<wp:post_parent>1685</wp:post_parent>
		<wp:menu_order>0</wp:menu_order>
		<wp:post_type>attachment</wp:post_type>
		<wp:post_password></wp:post_password>
		<wp:is_sticky>0</wp:is_sticky>
						<wp:attachment_url>http://dummy.xtemos.com/woodmart-elementor/demos/wp-content/uploads/sites/2/2018/07/slider-main-demo-dummy-2.jpg</wp:attachment_url>
												<wp:postmeta>
			<wp:meta_key>_wp_attached_file</wp:meta_key>
			<wp:meta_value><![CDATA[2018/07/slider-main-demo-dummy-2.jpg]]></wp:meta_value>
		</wp:postmeta>
						</item>
					<item>
		<title>
				Main slide 3		</title>
		<link>http://dummy.xtemos.com/woodmart-elementor/demos/woodmart_slide/main-slide-1-2-2/</link>
		<pubDate>Thu, 19 Jul 2018 10:08:00 +0000</pubDate>
		<dc:creator><![CDATA[erwin]]></dc:creator>
		<guid isPermaLink="false">http://dummy.xtemos.com/woodmart-elementor/demos/?post_type=woodmart_slide&#038;p=1687</guid>
		<description></description>
		<content:encoded><![CDATA[CAPPELLINI				
				
					Wooden
Lounge Chairs.				
					Semper vulputate aliquam curae condimentum quisque gravida fusce convallis arcu cum ]]></content:encoded>
		<excerpt:encoded><![CDATA[]]></excerpt:encoded>
		<wp:post_id>1687</wp:post_id>
		<wp:post_date>2018-07-19 10:08:00</wp:post_date>
		<wp:post_date_gmt>2018-07-19 10:08:00</wp:post_date_gmt>
		<wp:comment_status>closed</wp:comment_status>
		<wp:ping_status>closed</wp:ping_status>
		<wp:post_name>main-slide-1-2-2</wp:post_name>
		<wp:status>publish</wp:status>
		<wp:post_parent>0</wp:post_parent>
		<wp:menu_order>0</wp:menu_order>
		<wp:post_type>woodmart_slide</wp:post_type>
		<wp:post_password></wp:post_password>
		<wp:is_sticky>0</wp:is_sticky>
										<category domain="woodmart_slider" nicename="main-slider"><![CDATA[Main slider]]></category>
						<wp:postmeta>
			<wp:meta_key>bg_color</wp:meta_key>
			<wp:meta_value><![CDATA[#f8f8f8]]></wp:meta_value>
		</wp:postmeta>
							<wp:postmeta>
			<wp:meta_key>vertical_align</wp:meta_key>
			<wp:meta_value><![CDATA[middle]]></wp:meta_value>
		</wp:postmeta>
							<wp:postmeta>
			<wp:meta_key>horizontal_align</wp:meta_key>
			<wp:meta_value><![CDATA[center]]></wp:meta_value>
		</wp:postmeta>
							<wp:postmeta>
			<wp:meta_key>content_width</wp:meta_key>
			<wp:meta_value><![CDATA[1035]]></wp:meta_value>
		</wp:postmeta>
							<wp:postmeta>
			<wp:meta_key>content_width_tablet</wp:meta_key>
			<wp:meta_value><![CDATA[1200]]></wp:meta_value>
		</wp:postmeta>
							<wp:postmeta>
			<wp:meta_key>content_width_mobile</wp:meta_key>
			<wp:meta_value><![CDATA[800]]></wp:meta_value>
		</wp:postmeta>
							<wp:postmeta>
			<wp:meta_key>slide_animation</wp:meta_key>
			<wp:meta_value><![CDATA[slide-from-bottom]]></wp:meta_value>
		</wp:postmeta>
							<wp:postmeta>
			<wp:meta_key>_wp_old_slug</wp:meta_key>
			<wp:meta_value><![CDATA[main-slide-1-2]]></wp:meta_value>
		</wp:postmeta>
							<wp:postmeta>
			<wp:meta_key>_elementor_data</wp:meta_key>
			<wp:meta_value><![CDATA[[{"id":"927188","elType":"section","settings":{"content_position":"middle","structure":"21"},"elements":[{"id":"9108405","elType":"column","settings":{"_column_size":"33","_inline_size":"","_inline_size_tablet":"100","_inline_size_mobile":"100","space_between_widgets":"15","z_index":"1","column_sticky_offset":"50","scroll_y":"-80"},"elements":[{"id":"3994821","elType":"widget","settings":{"subtitle":"CAPPELLINI","title":"Wooden\nLounge Chairs.","after_title":"<p>Semper vulputate aliquam curae condimentum quisque gravida fusce convallis arcu cum at.<\/p>","subtitle_typography_typography":"custom","subtitle_typography_font_family":"Poppins","subtitle_typography_font_size":{"unit":"px","size":"18","sizes":[]},"subtitle_typography_font_size_tablet":{"unit":"px","size":"16","sizes":[]},"subtitle_typography_font_weight":"600","subtitle_typography_line_height":{"unit":"px","size":"28","sizes":[]},"title_typography_typography":"custom","title_typography_font_size":{"unit":"px","size":"42","sizes":[]},"title_typography_font_size_mobile":{"unit":"px","size":"32","sizes":[]},"title_typography_line_height":{"unit":"px","size":"52","sizes":[]},"title_typography_line_height_mobile":{"unit":"px","size":"42","sizes":[]},"text_typography_typography":"custom","text_typography_font_size":{"unit":"px","size":"16","sizes":[]},"text_typography_font_size_tablet":{"unit":"px","size":"14","sizes":[]},"scroll_y":"-80"},"elements":[],"widgetType":"wd_title"},{"id":"4372899","elType":"widget","settings":{"typography_typography":"custom","wd_content_align":"center","font":"text","size":"custom","font_weight":"400","color_scheme":"custom","typography_font_size":{"unit":"px","size":"32"},"text_color":"#83b735","editor":"<p>Only $999.00<\/p>\n","scroll_y":"-80"},"elements":[],"widgetType":"text-editor"}],"isInner":""},{"id":"6493496","elType":"column","settings":{"_column_size":"66","_inline_size":"","_inline_size_tablet":"100","_inline_size_mobile":"100","column_sticky_offset":"50","scroll_y":"-80"},"elements":[{"id":"6801971","elType":"widget","settings":{"align":"center","image_size":"custom","image":{"id":"1688","url":"#"},"image_custom_dimension":{"width":"600","height":"362"},"_margin_tablet":{"unit":"px","top":"-45","right":"0","bottom":"0","left":"0","isLinked":""},"_margin_mobile":{"unit":"px","top":"-45","right":"0","bottom":"-20","left":"0","isLinked":""},"scroll_y":"-80"},"elements":[],"widgetType":"image"}],"isInner":""}],"isInner":""}]]]></wp:meta_value>
		</wp:postmeta>
							<wp:postmeta>
			<wp:meta_key>_elementor_edit_mode</wp:meta_key>
			<wp:meta_value><![CDATA[builder]]></wp:meta_value>
		</wp:postmeta>
							<wp:postmeta>
			<wp:meta_key>_elementor_version</wp:meta_key>
			<wp:meta_value><![CDATA[2.9.11]]></wp:meta_value>
		</wp:postmeta>
							<wp:postmeta>
			<wp:meta_key>_wp_page_template</wp:meta_key>
			<wp:meta_value><![CDATA[default]]></wp:meta_value>
		</wp:postmeta>
							<wp:postmeta>
			<wp:meta_key>_elementor_template_type</wp:meta_key>
			<wp:meta_value><![CDATA[wp-post]]></wp:meta_value>
		</wp:postmeta>
							<wp:postmeta>
			<wp:meta_key>_elementor_controls_usage</wp:meta_key>
			<wp:meta_value><![CDATA[a:5:{s:8:"wd_title";a:3:{s:5:"count";i:1;s:15:"control_percent";i:6;s:8:"controls";a:3:{s:7:"content";a:1:{s:23:"general_content_section";a:3:{s:8:"subtitle";i:1;s:5:"title";i:1;s:11:"after_title";i:1;}}s:5:"style";a:3:{s:22:"subtitle_style_section";a:6:{s:30:"subtitle_typography_typography";i:1;s:31:"subtitle_typography_font_family";i:1;s:29:"subtitle_typography_font_size";i:1;s:36:"subtitle_typography_font_size_tablet";i:1;s:31:"subtitle_typography_font_weight";i:1;s:31:"subtitle_typography_line_height";i:1;}s:19:"title_style_section";a:5:{s:27:"title_typography_typography";i:1;s:26:"title_typography_font_size";i:1;s:33:"title_typography_font_size_mobile";i:1;s:28:"title_typography_line_height";i:1;s:35:"title_typography_line_height_mobile";i:1;}s:18:"text_style_section";a:3:{s:26:"text_typography_typography";i:1;s:25:"text_typography_font_size";i:1;s:32:"text_typography_font_size_tablet";i:1;}}s:8:"advanced";a:1:{s:8:"wd_extra";a:1:{s:8:"scroll_y";i:1;}}}}s:11:"text-editor";a:3:{s:5:"count";i:1;s:15:"control_percent";i:2;s:8:"controls";a:3:{s:5:"style";a:1:{s:13:"section_style";a:4:{s:21:"typography_typography";i:1;s:16:"wd_content_align";i:1;s:20:"typography_font_size";i:1;s:10:"text_color";i:1;}}s:7:"content";a:1:{s:14:"section_editor";a:1:{s:6:"editor";i:1;}}s:8:"advanced";a:1:{s:8:"wd_extra";a:1:{s:8:"scroll_y";i:1;}}}}s:6:"column";a:3:{s:5:"count";i:2;s:15:"control_percent";i:1;s:8:"controls";a:2:{s:6:"layout";a:1:{s:6:"layout";a:3:{s:19:"_inline_size_tablet";i:2;s:19:"_inline_size_mobile";i:2;s:21:"space_between_widgets";i:1;}}s:8:"advanced";a:2:{s:16:"section_advanced";a:1:{s:7:"z_index";i:1;}s:8:"wd_extra";a:2:{s:20:"column_sticky_offset";i:2;s:8:"scroll_y";i:2;}}}}s:5:"image";a:3:{s:5:"count";i:1;s:15:"control_percent";i:3;s:8:"controls";a:2:{s:7:"content";a:1:{s:13:"section_image";a:4:{s:5:"align";i:1;s:10:"image_size";i:1;s:5:"image";i:1;s:22:"image_custom_dimension";i:1;}}s:8:"advanced";a:2:{s:14:"_section_style";a:2:{s:14:"_margin_tablet";i:1;s:14:"_margin_mobile";i:1;}s:8:"wd_extra";a:1:{s:8:"scroll_y";i:1;}}}}s:7:"section";a:3:{s:5:"count";i:1;s:15:"control_percent";i:1;s:8:"controls";a:1:{s:6:"layout";a:2:{s:14:"section_layout";a:1:{s:16:"content_position";i:1;}s:17:"section_structure";a:1:{s:9:"structure";i:1;}}}}}]]></wp:meta_value>
		</wp:postmeta>
						</item>
					<item>
		<title>
				slider-main-demo-dummy-3		</title>
		<link>http://dummy.xtemos.com/woodmart-elementor/demos/woodmart_slide/main-slide-1-2-2/slider-main-demo-dummy-3/</link>
		<pubDate>Thu, 19 Jul 2018 10:07:21 +0000</pubDate>
		<dc:creator><![CDATA[erwin]]></dc:creator>
		<guid isPermaLink="false">http://dummy.xtemos.com/woodmart-elementor/demos/wp-content/uploads/sites/2/2018/07/slider-main-demo-dummy-3.jpg</guid>
		<description></description>
		<content:encoded><![CDATA[]]></content:encoded>
		<excerpt:encoded><![CDATA[]]></excerpt:encoded>
		<wp:post_id>1688</wp:post_id>
		<wp:post_date>2018-07-19 10:07:21</wp:post_date>
		<wp:post_date_gmt>2018-07-19 10:07:21</wp:post_date_gmt>
		<wp:comment_status>open</wp:comment_status>
		<wp:ping_status>closed</wp:ping_status>
		<wp:post_name>slider-main-demo-dummy-3</wp:post_name>
		<wp:status>inherit</wp:status>
		<wp:post_parent>1687</wp:post_parent>
		<wp:menu_order>0</wp:menu_order>
		<wp:post_type>attachment</wp:post_type>
		<wp:post_password></wp:post_password>
		<wp:is_sticky>0</wp:is_sticky>
						<wp:attachment_url>http://dummy.xtemos.com/woodmart-elementor/demos/wp-content/uploads/sites/2/2018/07/slider-main-demo-dummy-3.jpg</wp:attachment_url>
												<wp:postmeta>
			<wp:meta_key>_wp_attached_file</wp:meta_key>
			<wp:meta_value><![CDATA[2018/07/slider-main-demo-dummy-3.jpg]]></wp:meta_value>
		</wp:postmeta>
						</item>
						<item>
		<title>
				rtl-wood-about-us-bg		</title>
		<link>http://dummy.xtemos.com/woodmart-elementor/demos/home-base-rtl/rtl-wood-about-us-bg/</link>
		<pubDate>Wed, 02 Aug 2017 14:45:57 +0000</pubDate>
		<dc:creator><![CDATA[erwin]]></dc:creator>
		<guid isPermaLink="false">http://dummy.xtemos.com/woodmart-elementor/demos/wp-content/uploads/sites/2/2017/08/rtl-wood-about-us-bg.jpg</guid>
		<description></description>
		<content:encoded><![CDATA[]]></content:encoded>
		<excerpt:encoded><![CDATA[]]></excerpt:encoded>
		<wp:post_id>895</wp:post_id>
		<wp:post_date>2017-08-02 14:45:57</wp:post_date>
		<wp:post_date_gmt>2017-08-02 14:45:57</wp:post_date_gmt>
		<wp:comment_status>open</wp:comment_status>
		<wp:ping_status>closed</wp:ping_status>
		<wp:post_name>rtl-wood-about-us-bg</wp:post_name>
		<wp:status>inherit</wp:status>
		<wp:post_parent>891</wp:post_parent>
		<wp:menu_order>0</wp:menu_order>
		<wp:post_type>attachment</wp:post_type>
		<wp:post_password></wp:post_password>
		<wp:is_sticky>0</wp:is_sticky>
						<wp:attachment_url>http://dummy.xtemos.com/woodmart-elementor/demos/wp-content/uploads/sites/2/2017/08/rtl-wood-about-us-bg.jpg</wp:attachment_url>
												<wp:postmeta>
			<wp:meta_key>_wp_attached_file</wp:meta_key>
			<wp:meta_value><![CDATA[2017/08/rtl-wood-about-us-bg.jpg]]></wp:meta_value>
		</wp:postmeta>
						</item>
				</channel>
</rss>