<?xml version="1.0" encoding="UTF-8" ?>
<!-- This is a WordPress eXtended RSS file generated by WordPress as an export of your site. -->
<!-- It contains information about your site's posts, pages, comments, categories, and other content. -->
<!-- You may use this file to transfer that content from one site to another. -->
<!-- This file is not intended to serve as a complete backup of your site. -->

<!-- To import this information into a WordPress site follow these steps: -->
<!-- 1. Log in to that site as an administrator. -->
<!-- 2. Go to Tools: Import in the WordPress admin panel. -->
<!-- 3. Install the "WordPress" importer from the list. -->
<!-- 4. Activate & Run Importer. -->
<!-- 5. Upload this file using the form provided on that page. -->
<!-- 6. You will first be asked to map the authors in this export file to users -->
<!--    on the site. For each author, you may choose to map to an -->
<!--    existing user on the site or to create a new user. -->
<!-- 7. WordPress will then import each of the posts, pages, comments, categories, etc. -->
<!--    contained in this file into your site. -->

<!-- generator="WordPress/4.8" created="2017-08-03 07:00" -->
<rss version="2.0"
	xmlns:excerpt="http://wordpress.org/export/1.2/excerpt/"
	xmlns:content="http://purl.org/rss/1.0/modules/content/"
	xmlns:wfw="http://wellformedweb.org/CommentAPI/"
	xmlns:dc="http://purl.org/dc/elements/1.1/"
	xmlns:wp="http://wordpress.org/export/1.2/"
>

<channel>
	<title>Woodmart dummy demos</title>
	<link>http://dummy.xtemos.com/woodmart/demos</link>
	<description>Just another Woodmart Dummy Content Sites site</description>
	<pubDate>Thu, 03 Aug 2017 07:00:26 +0000</pubDate>
	<language>en-US</language>
	<wp:wxr_version>1.2</wp:wxr_version>
	<wp:base_site_url>http://dummy.xtemos.com/woodmart/</wp:base_site_url>
	<wp:base_blog_url>http://dummy.xtemos.com/woodmart/demos</wp:base_blog_url>

	<wp:author><wp:author_id>1</wp:author_id><wp:author_login>admin</wp:author_login><wp:author_email>se@as.as</wp:author_email><wp:author_display_name><![CDATA[admin]]></wp:author_display_name><wp:author_first_name><![CDATA[]]></wp:author_first_name><wp:author_last_name><![CDATA[]]></wp:author_last_name></wp:author>
	<wp:author><wp:author_id>2</wp:author_id><wp:author_login>erwin</wp:author_login><wp:author_email>ss@asas.as</wp:author_email><wp:author_display_name><![CDATA[erwin]]></wp:author_display_name><wp:author_first_name><![CDATA[]]></wp:author_first_name><wp:author_last_name><![CDATA[]]></wp:author_last_name></wp:author>


	<generator>https://wordpress.org/?v=4.8</generator>

	<item>
		<title>wood-gallery-placeholder-5</title>
		<link>http://dummy.xtemos.com/woodmart/demos/home-base/wood-gallery-placeholder-5/</link>
		<pubDate>Wed, 14 Jun 2017 11:33:22 +0000</pubDate>
		<dc:creator><![CDATA[admin]]></dc:creator>
		<guid isPermaLink="false">http://dummy.xtemos.com/woodmart/demos/wp-content/uploads/sites/2/2017/06/wood-gallery-placeholder-5.jpg</guid>
		<description></description>
		<content:encoded><![CDATA[]]></content:encoded>
		<excerpt:encoded><![CDATA[]]></excerpt:encoded>
		<wp:post_id>77</wp:post_id>
		<wp:post_date>2017-06-14 11:33:22</wp:post_date>
		<wp:post_date_gmt>2017-06-14 11:33:22</wp:post_date_gmt>
		<wp:comment_status>open</wp:comment_status>
		<wp:ping_status>closed</wp:ping_status>
		<wp:post_name>wood-gallery-placeholder-5</wp:post_name>
		<wp:status>inherit</wp:status>
		<wp:post_parent>57</wp:post_parent>
		<wp:menu_order>0</wp:menu_order>
		<wp:post_type>attachment</wp:post_type>
		<wp:post_password></wp:post_password>
		<wp:is_sticky>0</wp:is_sticky>
		<wp:attachment_url>http://dummy.xtemos.com/woodmart/demos/wp-content/uploads/sites/2/2017/06/wood-gallery-placeholder-5.jpg</wp:attachment_url>
		<wp:postmeta>
			<wp:meta_key>_wp_attached_file</wp:meta_key>
			<wp:meta_value><![CDATA[2017/06/wood-gallery-placeholder-5.jpg]]></wp:meta_value>
		</wp:postmeta>
	</item>
	<item>
		<title>wood-gallery-placeholder</title>
		<link>http://dummy.xtemos.com/woodmart/demos/home-base/wood-gallery-placeholder/</link>
		<pubDate>Wed, 14 Jun 2017 11:33:24 +0000</pubDate>
		<dc:creator><![CDATA[admin]]></dc:creator>
		<guid isPermaLink="false">http://dummy.xtemos.com/woodmart/demos/wp-content/uploads/sites/2/2017/06/wood-gallery-placeholder.jpg</guid>
		<description></description>
		<content:encoded><![CDATA[]]></content:encoded>
		<excerpt:encoded><![CDATA[]]></excerpt:encoded>
		<wp:post_id>78</wp:post_id>
		<wp:post_date>2017-06-14 11:33:24</wp:post_date>
		<wp:post_date_gmt>2017-06-14 11:33:24</wp:post_date_gmt>
		<wp:comment_status>open</wp:comment_status>
		<wp:ping_status>closed</wp:ping_status>
		<wp:post_name>wood-gallery-placeholder</wp:post_name>
		<wp:status>inherit</wp:status>
		<wp:post_parent>57</wp:post_parent>
		<wp:menu_order>0</wp:menu_order>
		<wp:post_type>attachment</wp:post_type>
		<wp:post_password></wp:post_password>
		<wp:is_sticky>0</wp:is_sticky>
		<wp:attachment_url>http://dummy.xtemos.com/woodmart/demos/wp-content/uploads/sites/2/2017/06/wood-gallery-placeholder.jpg</wp:attachment_url>
		<wp:postmeta>
			<wp:meta_key>_wp_attached_file</wp:meta_key>
			<wp:meta_value><![CDATA[2017/06/wood-gallery-placeholder.jpg]]></wp:meta_value>
		</wp:postmeta>
	</item>
	<item>
		<title>wood-gallery-placeholder-2</title>
		<link>http://dummy.xtemos.com/woodmart/demos/home-base/wood-gallery-placeholder-2/</link>
		<pubDate>Wed, 14 Jun 2017 11:33:26 +0000</pubDate>
		<dc:creator><![CDATA[admin]]></dc:creator>
		<guid isPermaLink="false">http://dummy.xtemos.com/woodmart/demos/wp-content/uploads/sites/2/2017/06/wood-gallery-placeholder-2.jpg</guid>
		<description></description>
		<content:encoded><![CDATA[]]></content:encoded>
		<excerpt:encoded><![CDATA[]]></excerpt:encoded>
		<wp:post_id>79</wp:post_id>
		<wp:post_date>2017-06-14 11:33:26</wp:post_date>
		<wp:post_date_gmt>2017-06-14 11:33:26</wp:post_date_gmt>
		<wp:comment_status>open</wp:comment_status>
		<wp:ping_status>closed</wp:ping_status>
		<wp:post_name>wood-gallery-placeholder-2</wp:post_name>
		<wp:status>inherit</wp:status>
		<wp:post_parent>57</wp:post_parent>
		<wp:menu_order>0</wp:menu_order>
		<wp:post_type>attachment</wp:post_type>
		<wp:post_password></wp:post_password>
		<wp:is_sticky>0</wp:is_sticky>
		<wp:attachment_url>http://dummy.xtemos.com/woodmart/demos/wp-content/uploads/sites/2/2017/06/wood-gallery-placeholder-2.jpg</wp:attachment_url>
		<wp:postmeta>
			<wp:meta_key>_wp_attached_file</wp:meta_key>
			<wp:meta_value><![CDATA[2017/06/wood-gallery-placeholder-2.jpg]]></wp:meta_value>
		</wp:postmeta>
	</item>
	<item>
		<title>wood-gallery-placeholder-3</title>
		<link>http://dummy.xtemos.com/woodmart/demos/home-base/wood-gallery-placeholder-3/</link>
		<pubDate>Wed, 14 Jun 2017 11:33:28 +0000</pubDate>
		<dc:creator><![CDATA[admin]]></dc:creator>
		<guid isPermaLink="false">http://dummy.xtemos.com/woodmart/demos/wp-content/uploads/sites/2/2017/06/wood-gallery-placeholder-3.jpg</guid>
		<description></description>
		<content:encoded><![CDATA[]]></content:encoded>
		<excerpt:encoded><![CDATA[]]></excerpt:encoded>
		<wp:post_id>80</wp:post_id>
		<wp:post_date>2017-06-14 11:33:28</wp:post_date>
		<wp:post_date_gmt>2017-06-14 11:33:28</wp:post_date_gmt>
		<wp:comment_status>open</wp:comment_status>
		<wp:ping_status>closed</wp:ping_status>
		<wp:post_name>wood-gallery-placeholder-3</wp:post_name>
		<wp:status>inherit</wp:status>
		<wp:post_parent>57</wp:post_parent>
		<wp:menu_order>0</wp:menu_order>
		<wp:post_type>attachment</wp:post_type>
		<wp:post_password></wp:post_password>
		<wp:is_sticky>0</wp:is_sticky>
		<wp:attachment_url>http://dummy.xtemos.com/woodmart/demos/wp-content/uploads/sites/2/2017/06/wood-gallery-placeholder-3.jpg</wp:attachment_url>
		<wp:postmeta>
			<wp:meta_key>_wp_attached_file</wp:meta_key>
			<wp:meta_value><![CDATA[2017/06/wood-gallery-placeholder-3.jpg]]></wp:meta_value>
		</wp:postmeta>
	</item>
	<item>
		<title>wood-gallery-placeholder-4</title>
		<link>http://dummy.xtemos.com/woodmart/demos/home-base/wood-gallery-placeholder-4/</link>
		<pubDate>Wed, 14 Jun 2017 11:33:30 +0000</pubDate>
		<dc:creator><![CDATA[admin]]></dc:creator>
		<guid isPermaLink="false">http://dummy.xtemos.com/woodmart/demos/wp-content/uploads/sites/2/2017/06/wood-gallery-placeholder-4.jpg</guid>
		<description></description>
		<content:encoded><![CDATA[]]></content:encoded>
		<excerpt:encoded><![CDATA[]]></excerpt:encoded>
		<wp:post_id>81</wp:post_id>
		<wp:post_date>2017-06-14 11:33:30</wp:post_date>
		<wp:post_date_gmt>2017-06-14 11:33:30</wp:post_date_gmt>
		<wp:comment_status>open</wp:comment_status>
		<wp:ping_status>closed</wp:ping_status>
		<wp:post_name>wood-gallery-placeholder-4</wp:post_name>
		<wp:status>inherit</wp:status>
		<wp:post_parent>57</wp:post_parent>
		<wp:menu_order>0</wp:menu_order>
		<wp:post_type>attachment</wp:post_type>
		<wp:post_password></wp:post_password>
		<wp:is_sticky>0</wp:is_sticky>
		<wp:attachment_url>http://dummy.xtemos.com/woodmart/demos/wp-content/uploads/sites/2/2017/06/wood-gallery-placeholder-4.jpg</wp:attachment_url>
		<wp:postmeta>
			<wp:meta_key>_wp_attached_file</wp:meta_key>
			<wp:meta_value><![CDATA[2017/06/wood-gallery-placeholder-4.jpg]]></wp:meta_value>
		</wp:postmeta>
	</item>
	<item>
		<title>Home base-rtl</title>
		<link>http://dummy.xtemos.com/woodmart/demos/home-base-rtl/</link>
		<pubDate>Wed, 02 Aug 2017 14:29:18 +0000</pubDate>
		<dc:creator><![CDATA[erwin]]></dc:creator>
		<guid isPermaLink="false">http://dummy.xtemos.com/woodmart/demos/?page_id=891</guid>
		<description></description>
		<content:encoded><![CDATA[[vc_row full_width="stretch_row_content_no_spaces" css=".vc_custom_1496220814548{margin-top: -40px !important;margin-bottom: 8vh !important;padding-top: 0px !important;}"][vc_column css=".vc_custom_1496220809434{padding-top: 0px !important;}"][rev_slider_vc alias="main-slider-rtl"][/vc_column][/vc_row][vc_row woodmart_disable_overflow="1" css=".vc_custom_1496402498927{margin-bottom: 8vh !important;}" el_class="bg-bottom"][vc_column 0="" css=".vc_custom_1496220821354{padding-top: 0px !important;}"][woodmart_title size="medium" title="FEATURED CATEGORIES" subtitle="WOODMART COLLECTIONS" after_title="WoodMart is a powerful eCommerce theme for WordPress. "][woodmart_categories orderby="" order="ASC" style="masonry-first" spacing="20" number="5" ids=""][/vc_column][/vc_row][vc_row full_width="stretch_row" woodmart_bg_position="right-bottom" woodmart_disable_overflow="1" css=".vc_custom_1501684825774{margin-bottom: 0px !important;padding-bottom: 8vh !important;background-image: url(http://dummy.xtemos.com/woodmart/demos/wp-content/uploads/sites/2/2017/08/o-background-rtl.svg?id=896) !important;background-position: 0 0 !important;background-repeat: no-repeat !important;}"][vc_column 0="" css=".vc_custom_1496220834961{padding-top: 0px !important;}"][woodmart_title size="medium" title="FEATURED PRODUCTS" subtitle="WOODEN ACCESSORIES" after_title="Visit our shop to see amazing creations from our designers." css=".vc_custom_1496223150522{margin-bottom: 15px !important;}"][products_tabs][products_tab title="BEST SELLERS" items_per_page="8" pagination="arrows" columns="4"][products_tab title="FEATURED" items_per_page="8" pagination="arrows" columns="4"][products_tab title="SALES" items_per_page="8" pagination="arrows" columns="4"][/products_tabs][/vc_column][/vc_row][vc_row full_width="stretch_row_content_no_spaces" css=".vc_custom_1496402579868{padding-top: 0px !important;padding-bottom: 0px !important;background-color: #83b735 !important;}"][vc_column css=".vc_custom_1495003905736{padding-top: 0px !important;padding-bottom: 0px !important;}"][rev_slider_vc alias="best-seller-rtl"][/vc_column][/vc_row][vc_row full_width="stretch_row" content_placement="top" woodmart_bg_position="center-center" css=".vc_custom_1501685096923{margin-bottom: 0px !important;border-top-width: 0px !important;padding-top: 11vh !important;padding-bottom: 11vh !important;background-image: url(http://dummy.xtemos.com/woodmart/demos/wp-content/uploads/sites/2/2017/08/rtl-wood-about-us-bg.jpg?id=895) !important;background-position: center !important;background-repeat: no-repeat !important;background-size: cover !important;}" el_class="mobile-bg-img-hidden"][vc_column 0="" width="7/12" css=".vc_custom_1497354312965{padding-top: 0px !important;padding-right: 5% !important;}" offset="vc_col-lg-6 vc_col-md-6 vc_col-xs-12"][vc_custom_heading text="ALL-IN-ONE ECOMMERCE SOLUTION" font_container="tag:h4|font_size:24|text_align:right|color:%238e8e8e" google_fonts="font_family:Lato%3A100%2C100italic%2C300%2C300italic%2Cregular%2Citalic%2C700%2C700italic%2C900%2C900italic|font_style:300%20light%20regular%3A300%3Anormal" css=".vc_custom_1501683776099{margin-bottom: 5px !important;}" el_class="visible-lg"][vc_custom_heading text="ABOUT OUR WOODMART STORE" font_container="tag:h4|font_size:30|text_align:right" use_theme_fonts="yes" css=".vc_custom_1501683781023{margin-bottom: 15px !important;}"][vc_column_text el_class="text-larger" css=".vc_custom_1501683735587{margin-bottom: 30px !important;}"]
<p style="text-align: right">Nec  adipiscing luctus consequat penatibus parturient massa cubilia etiam a adipiscing enigm dignissim congue egestas sapien a. Scelerisque ac non ut ac bibendum himenaeos ullamcorper justo himenaeos vel a sapien quis.</p>
[/vc_column_text][woodmart_button color="primary" button_inline="yes" title="Read More" link="url:%23|||"][woodmart_button style="bordered" button_inline="yes" title="Contact us" link="url:%23|||"][/vc_column][/vc_row][vc_row full_width="stretch_row" woodmart_bg_position="right-top" css=".vc_custom_1501684705575{margin-bottom: 8vh !important;border-top-width: 1px !important;border-bottom-width: 1px !important;padding-top: 5vh !important;padding-bottom: 5vh !important;background-image: url(http://dummy.xtemos.com/woodmart/demos/wp-content/uploads/sites/2/2017/08/rtl-newsletter-new.jpg?id=894) !important;background-position: 0 0 !important;background-repeat: no-repeat !important;border-top-color: rgba(129,129,129,0.2) !important;border-top-style: solid !important;border-bottom-color: rgba(129,129,129,0.2) !important;border-bottom-style: solid !important;}" el_class="mobile-bg-img-hidden"][vc_column 0="" css=".vc_custom_1496402347651{padding-top: 0px !important;}"][woodmart_title title="<strong>JOIN OUR NEWSLETTER NOW</strong>" css=".vc_custom_1496394323731{margin-bottom: 20px !important;}"][vc_column_text css=".vc_custom_1497439262671{margin-bottom: 0px !important;}"]

[mc4wp_form id="74"]

[/vc_column_text][vc_column_text 0="" css=".vc_custom_1497596175315{margin-bottom: 0px !important;}"]
<p style="text-align: center">Will be used in accordance with our <a href="#"><strong>Privacy Policy</strong></a></p>
[/vc_column_text][/vc_column][/vc_row][vc_row 0="" css=".vc_custom_1497356820510{margin-bottom: 0px !important;}"][vc_column 0="" css=".vc_custom_1496404193503{padding-top: 0px !important;}"][woodmart_title size="medium" title="OUR LATEST NEWS" subtitle="FURNITURE GUIDES" after_title="Latest trends and inspiration in interior design." css=".vc_custom_1497356866356{margin-bottom: 25px !important;}"][woodmart_blog items_per_page="4" blog_design="carousel" blog_style="shadow" parts_title="1" parts_meta="1" parts_text="1" parts_btn="1" slides_per_view="3" hide_pagination_control="yes" img_size="full"][/vc_column][/vc_row][vc_row css=".vc_custom_1496413800534{margin-bottom: 4vh !important;}"][vc_column 0=""][woodmart_brands orderby="" order="ASC" hover="alt" brand_style="default" style="carousel" per_row="6" hide_pagination_control="yes" number="8" ids=""][/vc_column][/vc_row][vc_row full_width="stretch_row" equal_height="yes" content_placement="middle" css=".vc_custom_1496304045405{margin-bottom: -40px !important;border-top-width: 1px !important;border-bottom-width: 1px !important;padding-top: 20px !important;padding-bottom: 0px !important;background-color: #fbfbfb !important;border-top-color: #f4f4f4 !important;border-top-style: solid !important;border-bottom-color: #f4f4f4 !important;border-bottom-style: solid !important;}"][vc_column width="1/3" css=".vc_custom_1497353286307{margin-bottom: 30px !important;padding-top: 0px !important;}" offset="vc_col-lg-3 vc_col-md-3"][woodmart_title title="WOODMART RTL" subtitle="DEMO PAGES" css=".vc_custom_1501685318555{margin-bottom: 15px !important;}" after_title="Full right-to-left language support."][woodmart_button color="primary" style="link" title="Open Shop" link="url:%23|||"][/vc_column][vc_column width="2/3" css=".vc_custom_1497353278195{margin-bottom: -10px !important;padding-top: 0px !important;}" offset="vc_col-lg-9 vc_col-md-9"][woodmart_gallery images="77,78,79,80,81" view="carousel" spacing="2" slides_per_view="4" hide_pagination_control="yes" on_click="links" target_blank="yes" caption="" custom_links="#,#1,#2" img_size="full"][/vc_column][/vc_row]]]></content:encoded>
		<excerpt:encoded><![CDATA[]]></excerpt:encoded>
		<wp:post_id>891</wp:post_id>
		<wp:post_date>2017-08-02 14:29:18</wp:post_date>
		<wp:post_date_gmt>2017-08-02 14:29:18</wp:post_date_gmt>
		<wp:comment_status>closed</wp:comment_status>
		<wp:ping_status>closed</wp:ping_status>
		<wp:post_name>home-base-rtl</wp:post_name>
		<wp:status>publish</wp:status>
		<wp:post_parent>0</wp:post_parent>
		<wp:menu_order>0</wp:menu_order>
		<wp:post_type>page</wp:post_type>
		<wp:post_password></wp:post_password>
		<wp:is_sticky>0</wp:is_sticky>
		<wp:postmeta>
			<wp:meta_key>_wp_page_template</wp:meta_key>
			<wp:meta_value><![CDATA[default]]></wp:meta_value>
		</wp:postmeta>
		<wp:postmeta>
			<wp:meta_key>_wpb_shortcodes_custom_css</wp:meta_key>
			<wp:meta_value><![CDATA[.vc_custom_1496220814548{margin-top: -40px !important;margin-bottom: 8vh !important;padding-top: 0px !important;}.vc_custom_1496402498927{margin-bottom: 8vh !important;}.vc_custom_1501684825774{margin-bottom: 0px !important;padding-bottom: 8vh !important;background-image: url(http://dummy.xtemos.com/woodmart/demos/wp-content/uploads/sites/2/2017/08/o-background-rtl.svg?id=896) !important;background-position: 0 0 !important;background-repeat: no-repeat !important;}.vc_custom_1496402579868{padding-top: 0px !important;padding-bottom: 0px !important;background-color: #83b735 !important;}.vc_custom_1501685096923{margin-bottom: 0px !important;border-top-width: 0px !important;padding-top: 11vh !important;padding-bottom: 11vh !important;background-image: url(http://dummy.xtemos.com/woodmart/demos/wp-content/uploads/sites/2/2017/08/rtl-wood-about-us-bg.jpg?id=895) !important;background-position: center !important;background-repeat: no-repeat !important;background-size: cover !important;}.vc_custom_1501684705575{margin-bottom: 8vh !important;border-top-width: 1px !important;border-bottom-width: 1px !important;padding-top: 5vh !important;padding-bottom: 5vh !important;background-image: url(http://dummy.xtemos.com/woodmart/demos/wp-content/uploads/sites/2/2017/08/rtl-newsletter-new.jpg?id=894) !important;background-position: 0 0 !important;background-repeat: no-repeat !important;border-top-color: rgba(129,129,129,0.2) !important;border-top-style: solid !important;border-bottom-color: rgba(129,129,129,0.2) !important;border-bottom-style: solid !important;}.vc_custom_1497356820510{margin-bottom: 0px !important;}.vc_custom_1496413800534{margin-bottom: 4vh !important;}.vc_custom_1496304045405{margin-bottom: -40px !important;border-top-width: 1px !important;border-bottom-width: 1px !important;padding-top: 20px !important;padding-bottom: 0px !important;background-color: #fbfbfb !important;border-top-color: #f4f4f4 !important;border-top-style: solid !important;border-bottom-color: #f4f4f4 !important;border-bottom-style: solid !important;}.vc_custom_1496220809434{padding-top: 0px !important;}.vc_custom_1496220821354{padding-top: 0px !important;}.vc_custom_1496220834961{padding-top: 0px !important;}.vc_custom_1496223150522{margin-bottom: 15px !important;}.vc_custom_1495003905736{padding-top: 0px !important;padding-bottom: 0px !important;}.vc_custom_1497354312965{padding-top: 0px !important;padding-right: 5% !important;}.vc_custom_1501683776099{margin-bottom: 5px !important;}.vc_custom_1501683781023{margin-bottom: 15px !important;}.vc_custom_1501683735587{margin-bottom: 30px !important;}.vc_custom_1496402347651{padding-top: 0px !important;}.vc_custom_1496394323731{margin-bottom: 20px !important;}.vc_custom_1497439262671{margin-bottom: 0px !important;}.vc_custom_1497596175315{margin-bottom: 0px !important;}.vc_custom_1496404193503{padding-top: 0px !important;}.vc_custom_1497356866356{margin-bottom: 25px !important;}.vc_custom_1497353286307{margin-bottom: 30px !important;padding-top: 0px !important;}.vc_custom_1497353278195{margin-bottom: -10px !important;padding-top: 0px !important;}.vc_custom_1501685318555{margin-bottom: 15px !important;}]]></wp:meta_value>
		</wp:postmeta>
		<wp:postmeta>
			<wp:meta_key>_woodmart_main_layout</wp:meta_key>
			<wp:meta_value><![CDATA[full-width]]></wp:meta_value>
		</wp:postmeta>
		<wp:postmeta>
			<wp:meta_key>_woodmart_header_color_scheme</wp:meta_key>
			<wp:meta_value><![CDATA[inherit]]></wp:meta_value>
		</wp:postmeta>
		<wp:postmeta>
			<wp:meta_key>_woodmart_title_off</wp:meta_key>
			<wp:meta_value><![CDATA[on]]></wp:meta_value>
		</wp:postmeta>
		<wp:postmeta>
			<wp:meta_key>_woodmart_open_categories</wp:meta_key>
			<wp:meta_value><![CDATA[on]]></wp:meta_value>
		</wp:postmeta>
		<wp:postmeta>
			<wp:meta_key>_woodmart_prefooter_off</wp:meta_key>
			<wp:meta_value><![CDATA[on]]></wp:meta_value>
		</wp:postmeta>
	</item>
	<item>
		<title>rtl-wood-about-us-bg</title>
		<link>http://dummy.xtemos.com/woodmart/demos/home-base-rtl/rtl-wood-about-us-bg/</link>
		<pubDate>Wed, 02 Aug 2017 14:45:57 +0000</pubDate>
		<dc:creator><![CDATA[erwin]]></dc:creator>
		<guid isPermaLink="false">http://dummy.xtemos.com/woodmart/demos/wp-content/uploads/sites/2/2017/08/rtl-wood-about-us-bg.jpg</guid>
		<description></description>
		<content:encoded><![CDATA[]]></content:encoded>
		<excerpt:encoded><![CDATA[]]></excerpt:encoded>
		<wp:post_id>895</wp:post_id>
		<wp:post_date>2017-08-02 14:45:57</wp:post_date>
		<wp:post_date_gmt>2017-08-02 14:45:57</wp:post_date_gmt>
		<wp:comment_status>open</wp:comment_status>
		<wp:ping_status>closed</wp:ping_status>
		<wp:post_name>rtl-wood-about-us-bg</wp:post_name>
		<wp:status>inherit</wp:status>
		<wp:post_parent>891</wp:post_parent>
		<wp:menu_order>0</wp:menu_order>
		<wp:post_type>attachment</wp:post_type>
		<wp:post_password></wp:post_password>
		<wp:is_sticky>0</wp:is_sticky>
		<wp:attachment_url>http://dummy.xtemos.com/woodmart/demos/wp-content/uploads/sites/2/2017/08/rtl-wood-about-us-bg.jpg</wp:attachment_url>
		<wp:postmeta>
			<wp:meta_key>_wp_attached_file</wp:meta_key>
			<wp:meta_value><![CDATA[2017/08/rtl-wood-about-us-bg.jpg]]></wp:meta_value>
		</wp:postmeta>
	</item>
	<item>
		<title>rtl-newsletter-new</title>
		<link>http://dummy.xtemos.com/woodmart/demos/home-base-rtl/rtl-newsletter-new/</link>
		<pubDate>Wed, 02 Aug 2017 14:44:24 +0000</pubDate>
		<dc:creator><![CDATA[erwin]]></dc:creator>
		<guid isPermaLink="false">http://dummy.xtemos.com/woodmart/demos/wp-content/uploads/sites/2/2017/08/rtl-newsletter-new.jpg</guid>
		<description></description>
		<content:encoded><![CDATA[]]></content:encoded>
		<excerpt:encoded><![CDATA[]]></excerpt:encoded>
		<wp:post_id>894</wp:post_id>
		<wp:post_date>2017-08-02 14:44:24</wp:post_date>
		<wp:post_date_gmt>2017-08-02 14:44:24</wp:post_date_gmt>
		<wp:comment_status>open</wp:comment_status>
		<wp:ping_status>closed</wp:ping_status>
		<wp:post_name>rtl-newsletter-new</wp:post_name>
		<wp:status>inherit</wp:status>
		<wp:post_parent>891</wp:post_parent>
		<wp:menu_order>0</wp:menu_order>
		<wp:post_type>attachment</wp:post_type>
		<wp:post_password></wp:post_password>
		<wp:is_sticky>0</wp:is_sticky>
		<wp:attachment_url>http://dummy.xtemos.com/woodmart/demos/wp-content/uploads/sites/2/2017/08/rtl-newsletter-new.jpg</wp:attachment_url>
		<wp:postmeta>
			<wp:meta_key>_wp_attached_file</wp:meta_key>
			<wp:meta_value><![CDATA[2017/08/rtl-newsletter-new.jpg]]></wp:meta_value>
		</wp:postmeta>
	</item>
	<item>
		<title>o-background-rtl</title>
		<link>http://dummy.xtemos.com/woodmart/demos/home-base-rtl/o-background-rtl/</link>
		<pubDate>Wed, 02 Aug 2017 14:46:25 +0000</pubDate>
		<dc:creator><![CDATA[erwin]]></dc:creator>
		<guid isPermaLink="false">http://dummy.xtemos.com/woodmart/demos/wp-content/uploads/sites/2/2017/08/o-background-rtl.svg</guid>
		<description></description>
		<content:encoded><![CDATA[]]></content:encoded>
		<excerpt:encoded><![CDATA[]]></excerpt:encoded>
		<wp:post_id>896</wp:post_id>
		<wp:post_date>2017-08-02 14:46:25</wp:post_date>
		<wp:post_date_gmt>2017-08-02 14:46:25</wp:post_date_gmt>
		<wp:comment_status>open</wp:comment_status>
		<wp:ping_status>closed</wp:ping_status>
		<wp:post_name>o-background-rtl</wp:post_name>
		<wp:status>inherit</wp:status>
		<wp:post_parent>891</wp:post_parent>
		<wp:menu_order>0</wp:menu_order>
		<wp:post_type>attachment</wp:post_type>
		<wp:post_password></wp:post_password>
		<wp:is_sticky>0</wp:is_sticky>
		<wp:attachment_url>http://dummy.xtemos.com/woodmart/demos/wp-content/uploads/sites/2/2017/08/o-background-rtl.svg</wp:attachment_url>
		<wp:postmeta>
			<wp:meta_key>_wp_attached_file</wp:meta_key>
			<wp:meta_value><![CDATA[2017/08/o-background-rtl.svg]]></wp:meta_value>
		</wp:postmeta>
	</item>
</channel>
</rss>
