<?xml version="1.0" encoding="UTF-8" ?>
<!-- This is a WordPress eXtended RSS file generated by WordPress as an export of your site. -->
<!-- It contains information about your site's posts, pages, comments, categories, and other content. -->
<!-- You may use this file to transfer that content from one site to another. -->
<!-- This file is not intended to serve as a complete backup of your site. -->

<!-- To import this information into a WordPress site follow these steps: -->
<!-- 1. Log in to that site as an administrator. -->
<!-- 2. Go to Tools: Import in the WordPress admin panel. -->
<!-- 3. Install the "WordPress" importer from the list. -->
<!-- 4. Activate & Run Importer. -->
<!-- 5. Upload this file using the form provided on that page. -->
<!-- 6. You will first be asked to map the authors in this export file to users -->
<!--    on the site. For each author, you may choose to map to an -->
<!--    existing user on the site or to create a new user. -->
<!-- 7. WordPress will then import each of the posts, pages, comments, categories, etc. -->
<!--    contained in this file into your site. -->

	<!-- generator="WordPress/5.4.4" created="2021-03-24 15:59" -->
<rss version="2.0"
	xmlns:excerpt="http://wordpress.org/export/1.2/excerpt/"
	xmlns:content="http://purl.org/rss/1.0/modules/content/"
	xmlns:wfw="http://wellformedweb.org/CommentAPI/"
	xmlns:dc="http://purl.org/dc/elements/1.1/"
	xmlns:wp="http://wordpress.org/export/1.2/"
>

<channel>
	<title>Woodmart dummy demos</title>
	<link>http://dummy.xtemos.com/woodmart-elementor/demos</link>
	<description>Just another Woodmart Dummy Content Sites site</description>
	<pubDate>Wed, 24 Mar 2021 15:59:23 +0000</pubDate>
	<language>en-US</language>
	<wp:wxr_version>1.2</wp:wxr_version>
	<wp:base_site_url>http://dummy.xtemos.com/woodmart-elementor/</wp:base_site_url>
	<wp:base_blog_url>http://dummy.xtemos.com/woodmart-elementor/demos</wp:base_blog_url>

		<wp:author><wp:author_id>2</wp:author_id><wp:author_login>erwin</wp:author_login><wp:author_email>ss@asas.as</wp:author_email><wp:author_display_name><![CDATA[erwin]]></wp:author_display_name><wp:author_first_name><![CDATA[]]></wp:author_first_name><wp:author_last_name><![CDATA[]]></wp:author_last_name></wp:author>

				
	<generator>https://wordpress.org/?v=5.4.4</generator>

		<item>
		<title>
				Home Digital-Portfolio		</title>
		<link>http://dummy.xtemos.com/woodmart-elementor/demos/home-digital-portfolio/</link>
		<pubDate>Mon, 06 Nov 2017 14:17:10 +0000</pubDate>
		<dc:creator><![CDATA[erwin]]></dc:creator>
		<guid isPermaLink="false">http://dummy.xtemos.com/woodmart-elementor/demos/?page_id=1134</guid>
		<description></description>
		<content:encoded><![CDATA[
					Dust Textures				
				
					Color Powder.				
					Habitasse sapien ad nunc ullamcorper eget ullamcorper turpis tristique quis dis ad ]]></content:encoded>
		<excerpt:encoded><![CDATA[]]></excerpt:encoded>
		<wp:post_id>1134</wp:post_id>
		<wp:post_date>2017-11-06 14:17:10</wp:post_date>
		<wp:post_date_gmt>2017-11-06 14:17:10</wp:post_date_gmt>
		<wp:comment_status>closed</wp:comment_status>
		<wp:ping_status>closed</wp:ping_status>
		<wp:post_name>home-digital-portfolio</wp:post_name>
		<wp:status>publish</wp:status>
		<wp:post_parent>0</wp:post_parent>
		<wp:menu_order>0</wp:menu_order>
		<wp:post_type>page</wp:post_type>
		<wp:post_password></wp:post_password>
		<wp:is_sticky>0</wp:is_sticky>
														<wp:postmeta>
			<wp:meta_key>_wp_page_template</wp:meta_key>
			<wp:meta_value><![CDATA[default]]></wp:meta_value>
		</wp:postmeta>
							<wp:postmeta>
			<wp:meta_key>_woodmart_header_color_scheme</wp:meta_key>
			<wp:meta_value><![CDATA[light]]></wp:meta_value>
		</wp:postmeta>
							<wp:postmeta>
			<wp:meta_key>_woodmart_header-overlap</wp:meta_key>
			<wp:meta_value><![CDATA[on]]></wp:meta_value>
		</wp:postmeta>
							<wp:postmeta>
			<wp:meta_key>_woodmart_prefooter_off</wp:meta_key>
			<wp:meta_value><![CDATA[on]]></wp:meta_value>
		</wp:postmeta>
							<wp:postmeta>
			<wp:meta_key>_woodmart_main_layout</wp:meta_key>
			<wp:meta_value><![CDATA[full-width]]></wp:meta_value>
		</wp:postmeta>
							<wp:postmeta>
			<wp:meta_key>_woodmart_title_off</wp:meta_key>
			<wp:meta_value><![CDATA[on]]></wp:meta_value>
		</wp:postmeta>
							<wp:postmeta>
			<wp:meta_key>_elementor_data</wp:meta_key>
			<wp:meta_value><![CDATA[[{"id":"6008021","elType":"section","settings":{"wd_section_stretch":"stretch","background_background":"classic","background_image":{"url":"http:\/\/dummy.xtemos.com\/woodmart-elementor\/demos\/wp-content\/uploads\/sites\/2\/2017\/11\/dummy-digitals-header-img.jpg?id=1137","id":""},"background_size":"cover","background_repeat":"no-repeat","gap":"no","background_position":"center center","margin":{"unit":"px","top":"0","right":"0","bottom":"25","left":"0","isLinked":""},"padding":{"unit":"px","top":"200","right":"0","bottom":"200","left":"0","isLinked":""}},"elements":[{"id":"7046278","elType":"column","settings":{"_column_size":"100","space_between_widgets":"15","column_sticky_offset":"50","scroll_y":"-80"},"elements":[{"id":"2998e61","elType":"widget","settings":{"subtitle":"","title":"Dust Textures","after_title":"","size":"extra-large","subtitle_typography_font_size_mobile":{"unit":"px","size":"30","sizes":[]},"subtitle_typography_line_height_mobile":{"unit":"px","size":"40","sizes":[]},"title_color":"#FFFFFF","title_typography_typography":"custom","title_typography_font_family":"Playfair Display","title_typography_font_size":{"unit":"px","size":"80","sizes":[]},"title_typography_font_size_tablet":{"unit":"px","size":"55","sizes":[]},"title_typography_font_size_mobile":{"unit":"px","size":"30","sizes":[]},"title_typography_font_weight":"700","title_typography_font_style":"italic","title_typography_line_height":{"unit":"px","size":"90","sizes":[]},"title_typography_line_height_tablet":{"unit":"px","size":"65","sizes":[]},"title_typography_line_height_mobile":{"unit":"px","size":"40","sizes":[]},"scroll_y":"-80"},"elements":[],"widgetType":"wd_title"},{"id":"16a2ae4","elType":"widget","settings":{"subtitle":"","title":"Color Powder.","after_title":"<p>Habitasse sapien ad nunc ullamcorper eget ullamcorper turpis tristique quis dis ad aliquet adipiscing suspendisse duis non integer magna.<\/p>","width":{"unit":"%","size":"65","sizes":[]},"width_tablet":{"unit":"%","size":"80","sizes":[]},"width_mobile":{"unit":"%","size":"100","sizes":[]},"size":"extra-large","title_color":"#FFFFFF","title_typography_typography":"custom","title_typography_font_size":{"unit":"px","size":"100","sizes":[]},"title_typography_font_size_tablet":{"unit":"px","size":"75","sizes":[]},"title_typography_font_size_mobile":{"unit":"px","size":"40","sizes":[]},"title_typography_font_weight":"700","title_typography_line_height":{"unit":"px","size":"100","sizes":[]},"title_typography_line_height_tablet":{"unit":"px","size":"85","sizes":[]},"title_typography_line_height_mobile":{"unit":"px","size":"50","sizes":[]},"text_color":"rgba(255, 255, 255, 0.76)","text_typography_typography":"custom","text_typography_font_size":{"unit":"px","size":"18","sizes":[]},"text_typography_font_size_mobile":{"unit":"px","size":"16","sizes":[]},"text_typography_line_height":{"unit":"px","size":"28","sizes":[]},"text_typography_line_height_mobile":{"unit":"px","size":"26","sizes":[]},"scroll_y":"-80"},"elements":[],"widgetType":"wd_title"}],"isInner":""}],"isInner":""},{"id":"3837412","elType":"section","settings":{"wd_section_stretch":"stretch_row_content"},"elements":[{"id":"9008252","elType":"column","settings":{"_column_size":"100","column_sticky_offset":"50","scroll_y":"-80"},"elements":[{"id":"1073458","elType":"widget","settings":{"columns":{"size":"4","unit":"px","sizes":[]},"spacing":"30","pagination":"load_more","posts_per_page":"8","scroll_y":"-80"},"elements":[],"widgetType":"wd_portfolio"}],"isInner":""}],"isInner":""}]]]></wp:meta_value>
		</wp:postmeta>
							<wp:postmeta>
			<wp:meta_key>_elementor_edit_mode</wp:meta_key>
			<wp:meta_value><![CDATA[builder]]></wp:meta_value>
		</wp:postmeta>
							<wp:postmeta>
			<wp:meta_key>_elementor_version</wp:meta_key>
			<wp:meta_value><![CDATA[2.9.11]]></wp:meta_value>
		</wp:postmeta>
							<wp:postmeta>
			<wp:meta_key>_elementor_template_type</wp:meta_key>
			<wp:meta_value><![CDATA[wp-page]]></wp:meta_value>
		</wp:postmeta>
							<wp:postmeta>
			<wp:meta_key>_elementor_controls_usage</wp:meta_key>
			<wp:meta_value><![CDATA[a:4:{s:8:"wd_title";a:3:{s:5:"count";i:2;s:15:"control_percent";i:7;s:8:"controls";a:3:{s:7:"content";a:1:{s:23:"general_content_section";a:3:{s:8:"subtitle";i:2;s:5:"title";i:2;s:11:"after_title";i:2;}}s:5:"style";a:4:{s:21:"general_style_section";a:4:{s:4:"size";i:2;s:5:"width";i:1;s:12:"width_tablet";i:1;s:12:"width_mobile";i:1;}s:22:"subtitle_style_section";a:2:{s:36:"subtitle_typography_font_size_mobile";i:1;s:38:"subtitle_typography_line_height_mobile";i:1;}s:19:"title_style_section";a:11:{s:11:"title_color";i:2;s:27:"title_typography_typography";i:2;s:28:"title_typography_font_family";i:1;s:26:"title_typography_font_size";i:2;s:33:"title_typography_font_size_tablet";i:2;s:33:"title_typography_font_size_mobile";i:2;s:28:"title_typography_font_weight";i:2;s:27:"title_typography_font_style";i:1;s:28:"title_typography_line_height";i:2;s:35:"title_typography_line_height_tablet";i:2;s:35:"title_typography_line_height_mobile";i:2;}s:18:"text_style_section";a:6:{s:10:"text_color";i:1;s:26:"text_typography_typography";i:1;s:25:"text_typography_font_size";i:1;s:32:"text_typography_font_size_mobile";i:1;s:27:"text_typography_line_height";i:1;s:34:"text_typography_line_height_mobile";i:1;}}s:8:"advanced";a:1:{s:8:"wd_extra";a:1:{s:8:"scroll_y";i:2;}}}}s:6:"column";a:3:{s:5:"count";i:2;s:15:"control_percent";i:1;s:8:"controls";a:2:{s:6:"layout";a:1:{s:6:"layout";a:1:{s:21:"space_between_widgets";i:1;}}s:8:"advanced";a:1:{s:8:"wd_extra";a:2:{s:20:"column_sticky_offset";i:2;s:8:"scroll_y";i:2;}}}}s:7:"section";a:3:{s:5:"count";i:2;s:15:"control_percent";i:0;s:8:"controls";a:3:{s:6:"layout";a:2:{s:15:"wd_extra_layout";a:1:{s:18:"wd_section_stretch";i:2;}s:14:"section_layout";a:1:{s:3:"gap";i:1;}}s:5:"style";a:1:{s:18:"section_background";a:5:{s:21:"background_background";i:1;s:16:"background_image";i:1;s:15:"background_size";i:1;s:17:"background_repeat";i:1;s:19:"background_position";i:1;}}s:8:"advanced";a:1:{s:16:"section_advanced";a:2:{s:6:"margin";i:1;s:7:"padding";i:1;}}}}s:12:"wd_portfolio";a:3:{s:5:"count";i:1;s:15:"control_percent";i:2;s:8:"controls";a:2:{s:5:"style";a:1:{s:21:"general_style_section";a:4:{s:7:"columns";i:1;s:7:"spacing";i:1;s:10:"pagination";i:1;s:14:"posts_per_page";i:1;}}s:8:"advanced";a:1:{s:8:"wd_extra";a:1:{s:8:"scroll_y";i:1;}}}}}]]></wp:meta_value>
		</wp:postmeta>
						</item>
					<item>
		<title>
				dummy-digitals-header-img		</title>
		<link>http://dummy.xtemos.com/woodmart-elementor/demos/home-digital-portfolio/dummy-digitals-header-img/</link>
		<pubDate>Tue, 07 Nov 2017 12:19:09 +0000</pubDate>
		<dc:creator><![CDATA[erwin]]></dc:creator>
		<guid isPermaLink="false">http://dummy.xtemos.com/woodmart-elementor/demos/wp-content/uploads/sites/2/2017/11/dummy-digitals-header-img.jpg</guid>
		<description></description>
		<content:encoded><![CDATA[]]></content:encoded>
		<excerpt:encoded><![CDATA[]]></excerpt:encoded>
		<wp:post_id>1137</wp:post_id>
		<wp:post_date>2017-11-07 12:19:09</wp:post_date>
		<wp:post_date_gmt>2017-11-07 12:19:09</wp:post_date_gmt>
		<wp:comment_status>open</wp:comment_status>
		<wp:ping_status>closed</wp:ping_status>
		<wp:post_name>dummy-digitals-header-img</wp:post_name>
		<wp:status>inherit</wp:status>
		<wp:post_parent>1134</wp:post_parent>
		<wp:menu_order>0</wp:menu_order>
		<wp:post_type>attachment</wp:post_type>
		<wp:post_password></wp:post_password>
		<wp:is_sticky>0</wp:is_sticky>
						<wp:attachment_url>http://dummy.xtemos.com/woodmart-elementor/demos/wp-content/uploads/sites/2/2017/11/dummy-digitals-header-img.jpg</wp:attachment_url>
												<wp:postmeta>
			<wp:meta_key>_wp_attached_file</wp:meta_key>
			<wp:meta_value><![CDATA[2017/11/dummy-digitals-header-img.jpg]]></wp:meta_value>
		</wp:postmeta>
						</item>
				</channel>
</rss>
	