<?xml version="1.0" encoding="UTF-8" ?>
<!-- This is a WordPress eXtended RSS file generated by WordPress as an export of your site. -->
<!-- It contains information about your site's posts, pages, comments, categories, and other content. -->
<!-- You may use this file to transfer that content from one site to another. -->
<!-- This file is not intended to serve as a complete backup of your site. -->

<!-- To import this information into a WordPress site follow these steps: -->
<!-- 1. Log in to that site as an administrator. -->
<!-- 2. Go to Tools: Import in the WordPress admin panel. -->
<!-- 3. Install the "WordPress" importer from the list. -->
<!-- 4. Activate & Run Importer. -->
<!-- 5. Upload this file using the form provided on that page. -->
<!-- 6. You will first be asked to map the authors in this export file to users -->
<!--    on the site. For each author, you may choose to map to an -->
<!--    existing user on the site or to create a new user. -->
<!-- 7. WordPress will then import each of the posts, pages, comments, categories, etc. -->
<!--    contained in this file into your site. -->

<!-- generator="WordPress/4.8" created="2017-11-20 15:13" -->
<rss version="2.0"
	xmlns:excerpt="http://wordpress.org/export/1.2/excerpt/"
	xmlns:content="http://purl.org/rss/1.0/modules/content/"
	xmlns:wfw="http://wellformedweb.org/CommentAPI/"
	xmlns:dc="http://purl.org/dc/elements/1.1/"
	xmlns:wp="http://wordpress.org/export/1.2/"
>

<channel>
	<title>Woodmart dummy demos</title>
	<link>http://dummy.xtemos.com/woodmart/demos</link>
	<description>Just another Woodmart Dummy Content Sites site</description>
	<pubDate>Mon, 20 Nov 2017 15:13:40 +0000</pubDate>
	<language>en-US</language>
	<wp:wxr_version>1.2</wp:wxr_version>
	<wp:base_site_url>http://dummy.xtemos.com/woodmart/</wp:base_site_url>
	<wp:base_blog_url>http://dummy.xtemos.com/woodmart/demos</wp:base_blog_url>

	<wp:author><wp:author_id>2</wp:author_id><wp:author_login>erwin</wp:author_login><wp:author_email>ss@asas.as</wp:author_email><wp:author_display_name><![CDATA[erwin]]></wp:author_display_name><wp:author_first_name><![CDATA[]]></wp:author_first_name><wp:author_last_name><![CDATA[]]></wp:author_last_name></wp:author>


	<generator>https://wordpress.org/?v=4.8</generator>

	<item>
		<title>Home Digital-Portfolio</title>
		<link>http://dummy.xtemos.com/woodmart/demos/home-digital-portfolio/</link>
		<pubDate>Mon, 06 Nov 2017 14:17:10 +0000</pubDate>
		<dc:creator><![CDATA[erwin]]></dc:creator>
		<guid isPermaLink="false">http://dummy.xtemos.com/woodmart/demos/?page_id=1134</guid>
		<description></description>
		<content:encoded><![CDATA[[vc_row full_width="stretch_row" css=".vc_custom_1510057020321{padding-top: 200px !important;padding-bottom: 200px !important;background-image: url(http://dummy.xtemos.com/woodmart/demos/wp-content/uploads/sites/2/2017/11/dummy-digitals-header-img.jpg?id=1137) !important;background-position: center !important;background-repeat: no-repeat !important;background-size: cover !important;}"][vc_column css=".vc_custom_1509979743266{padding-top: 0px !important;}"][woodmart_responsive_text_block font="alt" size="custom" color_scheme="custom" desktop_text_size="80" color="#ffffff" css=".vc_custom_1510048563630{margin-bottom: 10px !important;}" tablet_text_size="55" mobile_text_size="30"]<em>Dust Textures</em>[/woodmart_responsive_text_block][woodmart_responsive_text_block size="custom" color_scheme="custom" desktop_text_size="100" color="#ffffff" css=".vc_custom_1510048583086{margin-bottom: 15px !important;}" tablet_text_size="75" mobile_text_size="40"]Color Powder.[/woodmart_responsive_text_block][woodmart_responsive_text_block font="text" size="custom" content_width="60" color_scheme="custom" desktop_text_size="18" color="rgba(255,255,255,0.8)" tablet_text_size="18" mobile_text_size="16"]Habitasse sapien ad nunc ullamcorper eget ullamcorper turpis tristique quis dis ad aliquet adipiscing suspendisse duis non integer magna.[/woodmart_responsive_text_block][/vc_column][/vc_row][vc_row full_width="stretch_row_content"][vc_column][woodmart_portfolio columns="4" spacing="30" orderby="" order="" pagination="load_more" posts_per_page="8"][/vc_column][/vc_row]]]></content:encoded>
		<excerpt:encoded><![CDATA[]]></excerpt:encoded>
		<wp:post_id>1134</wp:post_id>
		<wp:post_date>2017-11-06 14:17:10</wp:post_date>
		<wp:post_date_gmt>2017-11-06 14:17:10</wp:post_date_gmt>
		<wp:comment_status>closed</wp:comment_status>
		<wp:ping_status>closed</wp:ping_status>
		<wp:post_name>home-digital-portfolio</wp:post_name>
		<wp:status>publish</wp:status>
		<wp:post_parent>0</wp:post_parent>
		<wp:menu_order>0</wp:menu_order>
		<wp:post_type>page</wp:post_type>
		<wp:post_password></wp:post_password>
		<wp:is_sticky>0</wp:is_sticky>
		<wp:postmeta>
			<wp:meta_key>_wp_page_template</wp:meta_key>
			<wp:meta_value><![CDATA[default]]></wp:meta_value>
		</wp:postmeta>
		<wp:postmeta>
			<wp:meta_key>_woodmart_header_color_scheme</wp:meta_key>
			<wp:meta_value><![CDATA[light]]></wp:meta_value>
		</wp:postmeta>
		<wp:postmeta>
			<wp:meta_key>_wpb_shortcodes_custom_css</wp:meta_key>
			<wp:meta_value><![CDATA[.vc_custom_1510057020321{padding-top: 200px !important;padding-bottom: 200px !important;background-image: url(http://dummy.xtemos.com/woodmart/demos/wp-content/uploads/sites/2/2017/11/dummy-digitals-header-img.jpg?id=1137) !important;background-position: center !important;background-repeat: no-repeat !important;background-size: cover !important;}.vc_custom_1509979743266{padding-top: 0px !important;}.vc_custom_1510048563630{margin-bottom: 10px !important;}.vc_custom_1510048583086{margin-bottom: 15px !important;}]]></wp:meta_value>
		</wp:postmeta>
		<wp:postmeta>
			<wp:meta_key>_woodmart_header-overlap</wp:meta_key>
			<wp:meta_value><![CDATA[on]]></wp:meta_value>
		</wp:postmeta>
		<wp:postmeta>
			<wp:meta_key>_woodmart_prefooter_off</wp:meta_key>
			<wp:meta_value><![CDATA[on]]></wp:meta_value>
		</wp:postmeta>
		<wp:postmeta>
			<wp:meta_key>_woodmart_main_layout</wp:meta_key>
			<wp:meta_value><![CDATA[full-width]]></wp:meta_value>
		</wp:postmeta>
		<wp:postmeta>
			<wp:meta_key>_woodmart_title_off</wp:meta_key>
			<wp:meta_value><![CDATA[on]]></wp:meta_value>
		</wp:postmeta>
	</item>
	<item>
		<title>dummy-digitals-header-img</title>
		<link>http://dummy.xtemos.com/woodmart/demos/home-digital-portfolio/dummy-digitals-header-img/</link>
		<pubDate>Tue, 07 Nov 2017 12:19:09 +0000</pubDate>
		<dc:creator><![CDATA[erwin]]></dc:creator>
		<guid isPermaLink="false">http://dummy.xtemos.com/woodmart/demos/wp-content/uploads/sites/2/2017/11/dummy-digitals-header-img.jpg</guid>
		<description></description>
		<content:encoded><![CDATA[]]></content:encoded>
		<excerpt:encoded><![CDATA[]]></excerpt:encoded>
		<wp:post_id>1137</wp:post_id>
		<wp:post_date>2017-11-07 12:19:09</wp:post_date>
		<wp:post_date_gmt>2017-11-07 12:19:09</wp:post_date_gmt>
		<wp:comment_status>open</wp:comment_status>
		<wp:ping_status>closed</wp:ping_status>
		<wp:post_name>dummy-digitals-header-img</wp:post_name>
		<wp:status>inherit</wp:status>
		<wp:post_parent>1134</wp:post_parent>
		<wp:menu_order>0</wp:menu_order>
		<wp:post_type>attachment</wp:post_type>
		<wp:post_password></wp:post_password>
		<wp:is_sticky>0</wp:is_sticky>
		<wp:attachment_url>http://dummy.xtemos.com/woodmart/demos/wp-content/uploads/sites/2/2017/11/dummy-digitals-header-img.jpg</wp:attachment_url>
		<wp:postmeta>
			<wp:meta_key>_wp_attached_file</wp:meta_key>
			<wp:meta_value><![CDATA[2017/11/dummy-digitals-header-img.jpg]]></wp:meta_value>
		</wp:postmeta>
	</item>
</channel>
</rss>
