{"name":"Header Books","id":"header_752055","structure":{"id":"root","type":"root","content":[{"id":"top-bar","type":"row","content":[{"id":"column5","type":"column","content":[]},{"id":"column6","type":"column","content":[]},{"id":"column7","type":"column","content":[]},{"id":"column_mobile1","type":"column","content":[{"id":"gcq39di99c7lvyf6qrzz","type":"social","params":{"type":{"id":"type","value":"share","type":"selector"},"size":{"id":"size","value":"","type":"selector"},"color":{"id":"color","value":"light","type":"selector"},"align":{"id":"align","value":"left","type":"selector"},"style":{"id":"style","value":"","type":"selector"},"form":{"id":"form","value":"circle","type":"selector"},"el_class":{"id":"el_class","value":"","type":"text"}}}]}],"params":{"flex_layout":{"id":"flex_layout","value":"flex-middle","type":"selector"},"height":{"id":"height","value":40,"type":"slider"},"mobile_height":{"id":"mobile_height","value":38,"type":"slider"},"hide_desktop":{"id":"hide_desktop","value":true,"type":"switcher"},"hide_mobile":{"id":"hide_mobile","value":true,"type":"switcher"},"sticky":{"id":"sticky","value":false,"type":"switcher"},"sticky_height":{"id":"sticky_height","value":40,"type":"slider"},"color_scheme":{"id":"color_scheme","value":"light","type":"selector"},"shadow":{"id":"shadow","value":false,"type":"switcher"},"background":{"id":"background","value":[],"type":"bg"},"border":{"id":"border","value":"","type":"border"}}},{"id":"general-header","type":"row","content":[{"id":"column8","type":"column","content":[{"id":"p2ohnqzt7vyqtiguoc50","type":"mainmenu","params":{"menu_style":{"id":"menu_style","value":"underline","type":"selector"},"menu_align":{"id":"menu_align","value":"left","type":"selector"},"full_screen":{"id":"full_screen","value":false,"type":"switcher"},"icon_type":{"id":"icon_type","value":"default","type":"selector"},"custom_icon":{"id":"custom_icon","value":"","type":"image"}}}]},{"id":"column9","type":"column","content":[{"id":"gs8bcnxektjsro21n657","type":"logo","params":{"image":{"id":"image","value":false,"type":"image"},"width":{"id":"width","value":210,"type":"slider"},"sticky_notice":{"id":"sticky_notice","value":"","type":"notice"},"sticky_image":{"id":"sticky_image","value":"","type":"image"},"sticky_width":{"id":"sticky_width","value":250,"type":"slider"},"width_height":{"id":"width_height","value":false,"type":"switcher"}}}]},{"id":"column10","type":"column","content":[{"id":"vssfpylqqax9pvkfnxoz","type":"account","params":{"display":{"id":"display","value":"icon","type":"selector"},"icon_type":{"id":"icon_type","value":"default","type":"selector"},"custom_icon":{"id":"custom_icon","value":"","type":"image"},"with_username":{"id":"with_username","value":false,"type":"switcher"},"login_dropdown":{"id":"login_dropdown","value":true,"type":"switcher"},"form_display":{"id":"form_display","value":"side","type":"selector"}}},{"id":"9x1ytaxq7aphtb3npidp","type":"search","params":{"display":{"id":"display","value":"full-screen","type":"selector"},"search_style":{"id":"search_style","value":"default","type":"selector"},"categories_dropdown":{"id":"categories_dropdown","value":true,"type":"switcher"},"ajax":{"id":"ajax","value":true,"type":"switcher"},"ajax_result_count":{"id":"ajax_result_count","value":20,"type":"slider"},"post_type":{"id":"post_type","value":"product","type":"selector"},"icon_type":{"id":"icon_type","value":"default","type":"selector"},"custom_icon":{"id":"custom_icon","value":"","type":"image"}}},{"id":"a22wdkiy3r40yw2paskq","type":"wishlist","params":{"design":{"id":"design","value":"icon","type":"selector"},"hide_product_count":{"id":"hide_product_count","value":false,"type":"switcher"},"icon_type":{"id":"icon_type","value":"default","type":"selector"},"custom_icon":{"id":"custom_icon","value":"","type":"image"}}},{"id":"nedhm962r512y1xz9j06","type":"cart","params":{"position":{"id":"position","value":"side","type":"selector"},"style":{"id":"style","value":"1","type":"selector"},"icon_type":{"id":"icon_type","value":"cart","type":"selector"},"custom_icon":{"id":"custom_icon","value":"","type":"image"}}}]},{"id":"column_mobile2","type":"column","content":[{"id":"g1k0m1tib7raxrwkm1t3","type":"burger","params":{"style":{"id":"style","value":"text","type":"selector"},"icon_type":{"id":"icon_type","value":"default","type":"selector"},"custom_icon":{"id":"custom_icon","value":"","type":"image"},"position":{"id":"position","value":"left","type":"selector"},"search_form":{"id":"search_form","value":true,"type":"switcher"},"categories_menu":{"id":"categories_menu","value":false,"type":"switcher"},"menu_id":{"id":"menu_id","value":166,"type":"options"},"tabs_swap":{"id":"tabs_swap","value":false,"type":"switcher"}}}]},{"id":"column_mobile3","type":"column","content":[{"id":"lt7vdqgaccmapftzurvt","type":"logo","params":{"image":{"id":"image","value":"","type":"image"},"width":{"id":"width","value":138,"type":"slider"},"sticky_notice":{"id":"sticky_notice","value":"","type":"notice"},"sticky_image":{"id":"sticky_image","value":"","type":"image"},"sticky_width":{"id":"sticky_width","value":150,"type":"slider"},"width_height":{"id":"width_height","value":false,"type":"switcher"}}}]},{"id":"column_mobile4","type":"column","content":[{"id":"vifcmo99bokjgt0esdoz","type":"mobilesearch","params":{"display":{"id":"display","value":"full-screen","type":"selector"},"search_style":{"id":"search_style","value":"default","type":"selector"},"icon_type":{"id":"icon_type","value":"default","type":"selector"},"custom_icon":{"id":"custom_icon","value":"","type":"image"}}},{"id":"trk5sfmvib0ch1s1qbtc","type":"cart","params":{"position":{"id":"position","value":"side","type":"selector"},"style":{"id":"style","value":"5","type":"selector"},"icon_type":{"id":"icon_type","value":"cart","type":"selector"},"custom_icon":{"id":"custom_icon","value":"","type":"image"}}}]}],"params":{"flex_layout":{"id":"flex_layout","value":"equal-sides","type":"selector"},"height":{"id":"height","value":80,"type":"slider"},"mobile_height":{"id":"mobile_height","value":60,"type":"slider"},"hide_desktop":{"id":"hide_desktop","value":false,"type":"switcher"},"hide_mobile":{"id":"hide_mobile","value":false,"type":"switcher"},"sticky":{"id":"sticky","value":true,"type":"switcher"},"sticky_height":{"id":"sticky_height","value":60,"type":"slider"},"color_scheme":{"id":"color_scheme","value":"dark","type":"selector"},"shadow":{"id":"shadow","value":false,"type":"switcher"},"background":{"id":"background","value":[],"type":"bg"},"border":{"id":"border","value":{"width":"1","applyFor":"fullwidth","style":"solid","color":{"r":129,"g":129,"b":129,"a":0.2},"sides":["bottom"]},"type":"border"}}},{"id":"header-bottom","type":"row","content":[{"id":"column11","type":"column","content":[]},{"id":"column12","type":"column","content":[]},{"id":"column13","type":"column","content":[]},{"id":"column_mobile5","type":"column","content":[]}],"params":{"flex_layout":{"id":"flex_layout","value":"flex-middle","type":"selector"},"height":{"id":"height","value":52,"type":"slider"},"mobile_height":{"id":"mobile_height","value":52,"type":"slider"},"hide_desktop":{"id":"hide_desktop","value":false,"type":"switcher"},"hide_mobile":{"id":"hide_mobile","value":false,"type":"switcher"},"sticky":{"id":"sticky","value":false,"type":"switcher"},"sticky_height":{"id":"sticky_height","value":52,"type":"slider"},"color_scheme":{"id":"color_scheme","value":"dark","type":"selector"},"shadow":{"id":"shadow","value":false,"type":"switcher"},"background":{"id":"background","value":"","type":"bg"},"border":{"id":"border","value":{"width":"0","style":"solid","applyFor":"fullwidth","sides":["bottom"]},"type":"border"}}}]},"settings":{"overlap":{"id":"overlap","value":false,"type":"switcher"},"boxed":{"id":"boxed","value":false,"type":"switcher"},"full_width":{"id":"full_width","value":true,"type":"switcher"},"dropdowns_dark":{"id":"dropdowns_dark","value":false,"type":"switcher"},"sticky_shadow":{"id":"sticky_shadow","value":true,"type":"switcher"},"hide_on_scroll":{"id":"hide_on_scroll","value":false,"type":"switcher"},"sticky_effect":{"id":"sticky_effect","value":"stick","type":"selector"},"sticky_clone":{"id":"sticky_clone","value":false,"type":"switcher"},"sticky_height":{"id":"sticky_height","value":60,"type":"slider"}}}