<?xml version="1.0" encoding="UTF-8" ?>
<!-- This is a WordPress eXtended RSS file generated by WordPress as an export of your site. -->
<!-- It contains information about your site's posts, pages, comments, categories, and other content. -->
<!-- You may use this file to transfer that content from one site to another. -->
<!-- This file is not intended to serve as a complete backup of your site. -->

<!-- To import this information into a WordPress site follow these steps: -->
<!-- 1. Log in to that site as an administrator. -->
<!-- 2. Go to Tools: Import in the WordPress admin panel. -->
<!-- 3. Install the "WordPress" importer from the list. -->
<!-- 4. Activate & Run Importer. -->
<!-- 5. Upload this file using the form provided on that page. -->
<!-- 6. You will first be asked to map the authors in this export file to users -->
<!--    on the site. For each author, you may choose to map to an -->
<!--    existing user on the site or to create a new user. -->
<!-- 7. WordPress will then import each of the posts, pages, comments, categories, etc. -->
<!--    contained in this file into your site. -->

	<!-- generator="WordPress/5.4.2" created="2020-07-02 11:37" -->
<rss version="2.0"
	xmlns:excerpt="http://wordpress.org/export/1.2/excerpt/"
	xmlns:content="http://purl.org/rss/1.0/modules/content/"
	xmlns:wfw="http://wellformedweb.org/CommentAPI/"
	xmlns:dc="http://purl.org/dc/elements/1.1/"
	xmlns:wp="http://wordpress.org/export/1.2/"
>

<channel>
	<title>Woodmart dummy demos</title>
	<link>http://dummy.xtemos.com/woodmart-elementor/demos</link>
	<description>Just another Woodmart Dummy Content Sites site</description>
	<pubDate>Thu, 02 Jul 2020 11:37:49 +0000</pubDate>
	<language>en-US</language>
	<wp:wxr_version>1.2</wp:wxr_version>
	<wp:base_site_url>http://dummy.xtemos.com/woodmart-elementor/</wp:base_site_url>
	<wp:base_blog_url>http://dummy.xtemos.com/woodmart-elementor/demos</wp:base_blog_url>

		<wp:author><wp:author_id>2</wp:author_id><wp:author_login>erwin</wp:author_login><wp:author_email>ss@asas.as</wp:author_email><wp:author_display_name><![CDATA[erwin]]></wp:author_display_name><wp:author_first_name><![CDATA[]]></wp:author_first_name><wp:author_last_name><![CDATA[]]></wp:author_last_name></wp:author>

				
	<generator>https://wordpress.org/?v=5.4.2</generator>

		<item>
		<title>
				Home Grid		</title>
		<link>http://dummy.xtemos.com/woodmart-elementor/demos/home-grid/</link>
		<pubDate>Mon, 26 Jun 2017 07:20:54 +0000</pubDate>
		<dc:creator><![CDATA[erwin]]></dc:creator>
		<guid isPermaLink="false">http://dummy.xtemos.com/woodmart-elementor/demos/?page_id=588</guid>
		<description></description>
		<content:encoded><![CDATA[CUSTOM SUBTITLE EXAMPLE				
				<h4>
					WOODMART ORIGINAL GRID LAYOUT				</h4>
							<img src="http://dummy.xtemos.com/woodmart-elementor/demos/wp-content/uploads/sites/2/2017/06/gird1.jpg">						
							<img src="http://dummy.xtemos.com/woodmart-elementor/demos/wp-content/uploads/sites/2/2017/06/grid4.jpg">						
													<h4 data-elementor-setting-key="title">
								Read more							</h4>
							<img src="http://dummy.xtemos.com/woodmart-elementor/demos/wp-content/uploads/sites/2/2017/06/grid3.jpg">						
								NEW COLLECTION							
													<h4 data-elementor-setting-key="title">
								Design Trends 2017							</h4>
							<img src="http://dummy.xtemos.com/woodmart-elementor/demos/wp-content/uploads/sites/2/2017/06/grid2.jpg">						
							<img src="http://dummy.xtemos.com/woodmart-elementor/demos/wp-content/uploads/sites/2/2017/06/gird1.jpg">						
							<img src="http://dummy.xtemos.com/woodmart-elementor/demos/wp-content/uploads/sites/2/2017/06/grid12-1.jpg">						
								HOT COLLECTION							
													<h4 data-elementor-setting-key="title">
								Best Offers in 2017							</h4>
							<img src="http://dummy.xtemos.com/woodmart-elementor/demos/wp-content/uploads/sites/2/2017/06/grid13.jpg">						
								Design matters							
													<h4 data-elementor-setting-key="title">
								LIGHTNING							</h4>
				<h4>
					PREMIUM ECOMMERCE TEMPLATE FROM XTEMOS				</h4>
			<a href="#">
					Read More				
							</a>]]></content:encoded>
		<excerpt:encoded><![CDATA[]]></excerpt:encoded>
		<wp:post_id>588</wp:post_id>
		<wp:post_date>2017-06-26 07:20:54</wp:post_date>
		<wp:post_date_gmt>2017-06-26 07:20:54</wp:post_date_gmt>
		<wp:comment_status>closed</wp:comment_status>
		<wp:ping_status>closed</wp:ping_status>
		<wp:post_name>home-grid</wp:post_name>
		<wp:status>publish</wp:status>
		<wp:post_parent>0</wp:post_parent>
		<wp:menu_order>0</wp:menu_order>
		<wp:post_type>page</wp:post_type>
		<wp:post_password></wp:post_password>
		<wp:is_sticky>0</wp:is_sticky>
														<wp:postmeta>
			<wp:meta_key>_wp_page_template</wp:meta_key>
			<wp:meta_value><![CDATA[default]]></wp:meta_value>
		</wp:postmeta>
							<wp:postmeta>
			<wp:meta_key>_woodmart_main_layout</wp:meta_key>
			<wp:meta_value><![CDATA[full-width]]></wp:meta_value>
		</wp:postmeta>
							<wp:postmeta>
			<wp:meta_key>_woodmart_header_color_scheme</wp:meta_key>
			<wp:meta_value><![CDATA[inherit]]></wp:meta_value>
		</wp:postmeta>
							<wp:postmeta>
			<wp:meta_key>_woodmart_title_off</wp:meta_key>
			<wp:meta_value><![CDATA[on]]></wp:meta_value>
		</wp:postmeta>
							<wp:postmeta>
			<wp:meta_key>_woodmart_footer_off</wp:meta_key>
			<wp:meta_value><![CDATA[on]]></wp:meta_value>
		</wp:postmeta>
							<wp:postmeta>
			<wp:meta_key>_woodmart_prefooter_off</wp:meta_key>
			<wp:meta_value><![CDATA[on]]></wp:meta_value>
		</wp:postmeta>
							<wp:postmeta>
			<wp:meta_key>_elementor_data</wp:meta_key>
			<wp:meta_value><![CDATA[[{"id":"4020234","elType":"section","settings":{"wd_section_stretch":"stretch-content","equal_height":"yes","content_position":"middle","structure":"20","gap":"no","margin":{"unit":"px","top":"-40","right":"0","bottom":"0","left":"0","isLinked":""},"padding":{"unit":"px","top":"0","right":"0","bottom":"0","left":"0","isLinked":"1"}},"elements":[{"id":"1576546","elType":"column","settings":{"_column_size":"50","background_background":"classic","background_image":{"url":"http:\/\/dummy.xtemos.com\/woodmart-elementor\/demos\/wp-content\/uploads\/sites\/2\/2017\/06\/grid5.jpg?id=594","id":""},"background_size":"cover","background_repeat":"no-repeat","_inline_size_tablet":"100","background_position":"center center","padding":{"unit":"%","top":"24","right":"20","bottom":"24","left":"10","isLinked":""},"padding_mobile":{"unit":"%","top":"24","right":"10","bottom":"24","left":"10","isLinked":""},"column_sticky_offset":"50","scroll_y":"-80"},"elements":[{"id":"4532825","elType":"widget","settings":{"subtitle":"CUSTOM SUBTITLE EXAMPLE","after_title":"","image_size":"custom","color":"white","size":"extra-large","align":"left","title":"WOODMART ORIGINAL GRID LAYOUT","_padding":{"unit":"%","top":"","right":"","bottom":"","left":"","isLinked":"1"},"scroll_y":"-80"},"elements":[],"widgetType":"wd_title"}],"isInner":""},{"id":"3244951","elType":"column","settings":{"_column_size":"50","_inline_size_tablet":"100","column_sticky_offset":"50","scroll_y":"-80"},"elements":[{"id":"3323699","elType":"section","settings":{"structure":"20","gap":"no","margin":{"unit":"px","top":"0","right":"0","bottom":"0","left":"0","isLinked":"1"}},"elements":[{"id":"2312707","elType":"column","settings":{"_column_size":"50","column_sticky_offset":"50","scroll_y":"-80"},"elements":[{"id":"8374167","elType":"widget","settings":{"align":"left","image_size":"full","title":"","subtitle":"","content":"","btn_text":"","woodmart_color_scheme":"light","image_custom_dimension":[],"image":{"id":"590","url":"#"},"link":{"url":"","is_external":"","nofollow":"","custom_attributes":""},"scroll_y":"-80"},"elements":[],"widgetType":"wd_banner"}],"isInner":"1"},{"id":"523028","elType":"column","settings":{"_column_size":"50","column_sticky_offset":"50","scroll_y":"-80"},"elements":[{"id":"1595892","elType":"widget","settings":{"align":"left","image_size":"full","title":"Read more","subtitle":"","content":"","btn_text":"","hover":"parallax","woodmart_color_scheme":"light","image_custom_dimension":[],"image":{"id":"593","url":"#"},"text_alignment":"center","horizontal_alignment":"center","vertical_alignment":"middle","alignment":"center","scroll_y":"-80"},"elements":[],"widgetType":"wd_banner"}],"isInner":""}],"isInner":"1"},{"id":"2861829","elType":"section","settings":{"structure":"20","gap":"no"},"elements":[{"id":"4801402","elType":"column","settings":{"_column_size":"50","column_sticky_offset":"50","scroll_y":"-80"},"elements":[{"id":"3535653","elType":"widget","settings":{"align":"left","image_size":"full","title":"Design Trends 2017","subtitle":"NEW COLLECTION","content":"","btn_text":"","woodmart_color_scheme":"dark","image_custom_dimension":[],"image":{"id":"592","url":"#"},"title_size":"large","text_alignment":"center","horizontal_alignment":"center","alignment":"center","link":{"url":"","is_external":"","nofollow":"","custom_attributes":""},"scroll_y":"-80"},"elements":[],"widgetType":"wd_banner"}],"isInner":"1"},{"id":"6809279","elType":"column","settings":{"_column_size":"50","column_sticky_offset":"50","scroll_y":"-80"},"elements":[{"id":"3937713","elType":"widget","settings":{"align":"left","image_size":"full","title":"","subtitle":"","content":"","btn_text":"","woodmart_color_scheme":"light","image_custom_dimension":[],"image":{"id":"591","url":"#"},"link":{"url":"","is_external":"","nofollow":"","custom_attributes":""},"scroll_y":"-80"},"elements":[],"widgetType":"wd_banner"}],"isInner":""}],"isInner":"1"}],"isInner":""}],"isInner":""},{"id":"6564161","elType":"section","settings":{"wd_section_stretch":"stretch-content","equal_height":"yes","content_position":"middle","structure":"20","gap":"no","margin":{"unit":"px","top":"0","right":"0","bottom":"-40","left":"0","isLinked":""},"padding":{"unit":"px","top":"0","right":"0","bottom":"0","left":"0","isLinked":"1"}},"elements":[{"id":"4947356","elType":"column","settings":{"_column_size":"50","_inline_size_tablet":"100","column_sticky_offset":"50","scroll_y":"-80"},"elements":[{"id":"9067746","elType":"section","settings":{"structure":"20","gap":"no","margin":{"unit":"px","top":"0","right":"0","bottom":"0","left":"0","isLinked":"1"}},"elements":[{"id":"9726122","elType":"column","settings":{"_column_size":"50","column_sticky_offset":"50","scroll_y":"-80"},"elements":[{"id":"6093972","elType":"widget","settings":{"align":"left","image_size":"full","title":"","subtitle":"","content":"","btn_text":"","woodmart_color_scheme":"dark","image_custom_dimension":[],"image":{"id":"590","url":"#"},"title_size":"large","alignment":"center","link":{"url":"","is_external":"","nofollow":"","custom_attributes":""},"scroll_y":"-80"},"elements":[],"widgetType":"wd_banner"}],"isInner":"1"},{"id":"9896406","elType":"column","settings":{"_column_size":"50","column_sticky_offset":"50","scroll_y":"-80"},"elements":[{"id":"2349713","elType":"widget","settings":{"align":"left","image_size":"full","title":"Best Offers in 2017","subtitle":"HOT COLLECTION","content":"","btn_text":"","hover":"parallax","woodmart_color_scheme":"light","image_custom_dimension":[],"image":{"id":"595","url":"#"},"title_size":"large","text_alignment":"center","horizontal_alignment":"center","alignment":"center","link":{"url":"","is_external":"","nofollow":"","custom_attributes":""},"scroll_y":"-80"},"elements":[],"widgetType":"wd_banner"}],"isInner":""}],"isInner":"1"},{"id":"4426541","elType":"section","settings":{"gap":"no"},"elements":[{"id":"9761916","elType":"column","settings":{"_column_size":"100","column_sticky_offset":"50","scroll_y":"-80"},"elements":[{"id":"1795462","elType":"widget","settings":{"align":"left","image_size":"full","title":"LIGHTNING","subtitle":"Design matters","content":"","btn_text":"","woodmart_color_scheme":"dark","image_custom_dimension":[],"image":{"id":"596","url":"#"},"title_size":"extra-large","vertical_alignment":"middle","increase_spaces":"yes","link":{"url":"","is_external":"","nofollow":"","custom_attributes":""},"scroll_y":"-80","title_typography_typography":"custom","title_typography_font_size":{"unit":"px","size":"44","sizes":[]},"title_typography_font_size_tablet":{"unit":"px","size":"22","sizes":[]}},"elements":[],"widgetType":"wd_banner"}],"isInner":"1"}],"isInner":"1"}],"isInner":""},{"id":"6413907","elType":"column","settings":{"_column_size":"50","background_background":"classic","background_image":{"url":"http:\/\/dummy.xtemos.com\/woodmart-elementor\/demos\/wp-content\/uploads\/sites\/2\/2017\/06\/layout-grid-2.jpg?id=597","id":""},"background_size":"cover","background_repeat":"no-repeat","_inline_size_tablet":"100","background_position":"center center","padding":{"unit":"%","top":"24","right":"15","bottom":"24","left":"15","isLinked":""},"padding_mobile":{"unit":"%","top":"24","right":"10","bottom":"24","left":"10","isLinked":""},"column_sticky_offset":"50","scroll_y":"-80"},"elements":[{"id":"9438057","elType":"widget","settings":{"subtitle":"","after_title":"","image_size":"custom","color":"white","size":"extra-large","title":"PREMIUM ECOMMERCE TEMPLATE FROM XTEMOS","scroll_y":"-80"},"elements":[],"widgetType":"wd_title"},{"id":"7829942","elType":"widget","settings":{"color":"white","text":"Read More","scroll_y":"-80"},"elements":[],"widgetType":"wd_button"}],"isInner":""}],"isInner":""}]]]></wp:meta_value>
		</wp:postmeta>
							<wp:postmeta>
			<wp:meta_key>_elementor_edit_mode</wp:meta_key>
			<wp:meta_value><![CDATA[builder]]></wp:meta_value>
		</wp:postmeta>
							<wp:postmeta>
			<wp:meta_key>_elementor_version</wp:meta_key>
			<wp:meta_value><![CDATA[2.9.11]]></wp:meta_value>
		</wp:postmeta>
							<wp:postmeta>
			<wp:meta_key>_elementor_template_type</wp:meta_key>
			<wp:meta_value><![CDATA[wp-page]]></wp:meta_value>
		</wp:postmeta>
							<wp:postmeta>
			<wp:meta_key>_elementor_controls_usage</wp:meta_key>
			<wp:meta_value><![CDATA[a:5:{s:8:"wd_title";a:3:{s:5:"count";i:2;s:15:"control_percent";i:2;s:8:"controls";a:3:{s:7:"content";a:1:{s:23:"general_content_section";a:3:{s:8:"subtitle";i:2;s:11:"after_title";i:2;s:5:"title";i:2;}}s:5:"style";a:2:{s:19:"title_style_section";a:1:{s:10:"image_size";i:2;}s:21:"general_style_section";a:3:{s:5:"color";i:2;s:4:"size";i:2;s:5:"align";i:1;}}s:8:"advanced";a:2:{s:14:"_section_style";a:1:{s:8:"_padding";i:1;}s:8:"wd_extra";a:1:{s:8:"scroll_y";i:2;}}}}s:6:"column";a:3:{s:5:"count";i:11;s:15:"control_percent";i:3;s:8:"controls";a:3:{s:5:"style";a:1:{s:13:"section_style";a:5:{s:21:"background_background";i:2;s:16:"background_image";i:2;s:15:"background_size";i:2;s:17:"background_repeat";i:2;s:19:"background_position";i:2;}}s:6:"layout";a:1:{s:6:"layout";a:1:{s:19:"_inline_size_tablet";i:4;}}s:8:"advanced";a:2:{s:16:"section_advanced";a:2:{s:7:"padding";i:2;s:14:"padding_mobile";i:2;}s:8:"wd_extra";a:2:{s:20:"column_sticky_offset";i:11;s:8:"scroll_y";i:11;}}}}s:9:"wd_banner";a:3:{s:5:"count";i:7;s:15:"control_percent";i:5;s:8:"controls";a:3:{s:7:"content";a:4:{s:21:"image_content_section";a:3:{s:10:"image_size";i:7;s:22:"image_custom_dimension";i:7;s:5:"image";i:7;}s:15:"content_section";a:4:{s:5:"title";i:7;s:8:"subtitle";i:7;s:7:"content";i:7;s:8:"btn_text";i:7;}s:23:"general_content_section";a:1:{s:4:"link";i:6;}s:20:"layout_style_section";a:4:{s:14:"text_alignment";i:3;s:20:"horizontal_alignment";i:3;s:18:"vertical_alignment";i:2;s:15:"increase_spaces";i:1;}}s:5:"style";a:2:{s:21:"general_style_section";a:3:{s:21:"woodmart_color_scheme";i:7;s:5:"hover";i:2;s:10:"title_size";i:4;}s:19:"title_style_section";a:3:{s:27:"title_typography_typography";i:1;s:26:"title_typography_font_size";i:1;s:33:"title_typography_font_size_tablet";i:1;}}s:8:"advanced";a:1:{s:8:"wd_extra";a:1:{s:8:"scroll_y";i:7;}}}}s:7:"section";a:3:{s:5:"count";i:6;s:15:"control_percent";i:2;s:8:"controls";a:2:{s:6:"layout";a:3:{s:17:"section_structure";a:1:{s:9:"structure";i:5;}s:14:"section_layout";a:2:{s:3:"gap";i:6;s:16:"content_position";i:2;}s:15:"wd_extra_layout";a:1:{s:18:"wd_section_stretch";i:2;}}s:8:"advanced";a:1:{s:16:"section_advanced";a:2:{s:6:"margin";i:4;s:7:"padding";i:2;}}}}s:9:"wd_button";a:3:{s:5:"count";i:1;s:15:"control_percent";i:1;s:8:"controls";a:3:{s:5:"style";a:1:{s:21:"general_style_section";a:1:{s:5:"color";i:1;}}s:7:"content";a:1:{s:23:"general_content_section";a:1:{s:4:"text";i:1;}}s:8:"advanced";a:1:{s:8:"wd_extra";a:1:{s:8:"scroll_y";i:1;}}}}}]]></wp:meta_value>
		</wp:postmeta>
						</item>
					<item>
		<title>
				gird1		</title>
		<link>http://dummy.xtemos.com/woodmart-elementor/demos/home-grid/gird1/</link>
		<pubDate>Mon, 26 Jun 2017 07:33:03 +0000</pubDate>
		<dc:creator><![CDATA[erwin]]></dc:creator>
		<guid isPermaLink="false">http://dummy.xtemos.com/woodmart-elementor/demos/wp-content/uploads/sites/2/2017/06/gird1.jpg</guid>
		<description></description>
		<content:encoded><![CDATA[]]></content:encoded>
		<excerpt:encoded><![CDATA[]]></excerpt:encoded>
		<wp:post_id>590</wp:post_id>
		<wp:post_date>2017-06-26 07:33:03</wp:post_date>
		<wp:post_date_gmt>2017-06-26 07:33:03</wp:post_date_gmt>
		<wp:comment_status>open</wp:comment_status>
		<wp:ping_status>closed</wp:ping_status>
		<wp:post_name>gird1</wp:post_name>
		<wp:status>inherit</wp:status>
		<wp:post_parent>588</wp:post_parent>
		<wp:menu_order>0</wp:menu_order>
		<wp:post_type>attachment</wp:post_type>
		<wp:post_password></wp:post_password>
		<wp:is_sticky>0</wp:is_sticky>
						<wp:attachment_url>http://dummy.xtemos.com/woodmart-elementor/demos/wp-content/uploads/sites/2/2017/06/gird1.jpg</wp:attachment_url>
												<wp:postmeta>
			<wp:meta_key>_wp_attached_file</wp:meta_key>
			<wp:meta_value><![CDATA[2017/06/gird1.jpg]]></wp:meta_value>
		</wp:postmeta>
						</item>
					<item>
		<title>
				grid2		</title>
		<link>http://dummy.xtemos.com/woodmart-elementor/demos/home-grid/grid2/</link>
		<pubDate>Mon, 26 Jun 2017 07:33:04 +0000</pubDate>
		<dc:creator><![CDATA[erwin]]></dc:creator>
		<guid isPermaLink="false">http://dummy.xtemos.com/woodmart-elementor/demos/wp-content/uploads/sites/2/2017/06/grid2.jpg</guid>
		<description></description>
		<content:encoded><![CDATA[]]></content:encoded>
		<excerpt:encoded><![CDATA[]]></excerpt:encoded>
		<wp:post_id>591</wp:post_id>
		<wp:post_date>2017-06-26 07:33:04</wp:post_date>
		<wp:post_date_gmt>2017-06-26 07:33:04</wp:post_date_gmt>
		<wp:comment_status>open</wp:comment_status>
		<wp:ping_status>closed</wp:ping_status>
		<wp:post_name>grid2</wp:post_name>
		<wp:status>inherit</wp:status>
		<wp:post_parent>588</wp:post_parent>
		<wp:menu_order>0</wp:menu_order>
		<wp:post_type>attachment</wp:post_type>
		<wp:post_password></wp:post_password>
		<wp:is_sticky>0</wp:is_sticky>
						<wp:attachment_url>http://dummy.xtemos.com/woodmart-elementor/demos/wp-content/uploads/sites/2/2017/06/grid2.jpg</wp:attachment_url>
												<wp:postmeta>
			<wp:meta_key>_wp_attached_file</wp:meta_key>
			<wp:meta_value><![CDATA[2017/06/grid2.jpg]]></wp:meta_value>
		</wp:postmeta>
						</item>
					<item>
		<title>
				grid3		</title>
		<link>http://dummy.xtemos.com/woodmart-elementor/demos/home-grid/grid3/</link>
		<pubDate>Mon, 26 Jun 2017 07:33:06 +0000</pubDate>
		<dc:creator><![CDATA[erwin]]></dc:creator>
		<guid isPermaLink="false">http://dummy.xtemos.com/woodmart-elementor/demos/wp-content/uploads/sites/2/2017/06/grid3.jpg</guid>
		<description></description>
		<content:encoded><![CDATA[]]></content:encoded>
		<excerpt:encoded><![CDATA[]]></excerpt:encoded>
		<wp:post_id>592</wp:post_id>
		<wp:post_date>2017-06-26 07:33:06</wp:post_date>
		<wp:post_date_gmt>2017-06-26 07:33:06</wp:post_date_gmt>
		<wp:comment_status>open</wp:comment_status>
		<wp:ping_status>closed</wp:ping_status>
		<wp:post_name>grid3</wp:post_name>
		<wp:status>inherit</wp:status>
		<wp:post_parent>588</wp:post_parent>
		<wp:menu_order>0</wp:menu_order>
		<wp:post_type>attachment</wp:post_type>
		<wp:post_password></wp:post_password>
		<wp:is_sticky>0</wp:is_sticky>
						<wp:attachment_url>http://dummy.xtemos.com/woodmart-elementor/demos/wp-content/uploads/sites/2/2017/06/grid3.jpg</wp:attachment_url>
												<wp:postmeta>
			<wp:meta_key>_wp_attached_file</wp:meta_key>
			<wp:meta_value><![CDATA[2017/06/grid3.jpg]]></wp:meta_value>
		</wp:postmeta>
						</item>
					<item>
		<title>
				grid4		</title>
		<link>http://dummy.xtemos.com/woodmart-elementor/demos/home-grid/grid4/</link>
		<pubDate>Mon, 26 Jun 2017 07:33:07 +0000</pubDate>
		<dc:creator><![CDATA[erwin]]></dc:creator>
		<guid isPermaLink="false">http://dummy.xtemos.com/woodmart-elementor/demos/wp-content/uploads/sites/2/2017/06/grid4.jpg</guid>
		<description></description>
		<content:encoded><![CDATA[]]></content:encoded>
		<excerpt:encoded><![CDATA[]]></excerpt:encoded>
		<wp:post_id>593</wp:post_id>
		<wp:post_date>2017-06-26 07:33:07</wp:post_date>
		<wp:post_date_gmt>2017-06-26 07:33:07</wp:post_date_gmt>
		<wp:comment_status>open</wp:comment_status>
		<wp:ping_status>closed</wp:ping_status>
		<wp:post_name>grid4</wp:post_name>
		<wp:status>inherit</wp:status>
		<wp:post_parent>588</wp:post_parent>
		<wp:menu_order>0</wp:menu_order>
		<wp:post_type>attachment</wp:post_type>
		<wp:post_password></wp:post_password>
		<wp:is_sticky>0</wp:is_sticky>
						<wp:attachment_url>http://dummy.xtemos.com/woodmart-elementor/demos/wp-content/uploads/sites/2/2017/06/grid4.jpg</wp:attachment_url>
												<wp:postmeta>
			<wp:meta_key>_wp_attached_file</wp:meta_key>
			<wp:meta_value><![CDATA[2017/06/grid4.jpg]]></wp:meta_value>
		</wp:postmeta>
						</item>
					<item>
		<title>
				grid12-1		</title>
		<link>http://dummy.xtemos.com/woodmart-elementor/demos/home-grid/grid12-1/</link>
		<pubDate>Mon, 26 Jun 2017 07:33:10 +0000</pubDate>
		<dc:creator><![CDATA[erwin]]></dc:creator>
		<guid isPermaLink="false">http://dummy.xtemos.com/woodmart-elementor/demos/wp-content/uploads/sites/2/2017/06/grid12-1.jpg</guid>
		<description></description>
		<content:encoded><![CDATA[]]></content:encoded>
		<excerpt:encoded><![CDATA[]]></excerpt:encoded>
		<wp:post_id>595</wp:post_id>
		<wp:post_date>2017-06-26 07:33:10</wp:post_date>
		<wp:post_date_gmt>2017-06-26 07:33:10</wp:post_date_gmt>
		<wp:comment_status>open</wp:comment_status>
		<wp:ping_status>closed</wp:ping_status>
		<wp:post_name>grid12-1</wp:post_name>
		<wp:status>inherit</wp:status>
		<wp:post_parent>588</wp:post_parent>
		<wp:menu_order>0</wp:menu_order>
		<wp:post_type>attachment</wp:post_type>
		<wp:post_password></wp:post_password>
		<wp:is_sticky>0</wp:is_sticky>
						<wp:attachment_url>http://dummy.xtemos.com/woodmart-elementor/demos/wp-content/uploads/sites/2/2017/06/grid12-1.jpg</wp:attachment_url>
												<wp:postmeta>
			<wp:meta_key>_wp_attached_file</wp:meta_key>
			<wp:meta_value><![CDATA[2017/06/grid12-1.jpg]]></wp:meta_value>
		</wp:postmeta>
						</item>
					<item>
		<title>
				grid13		</title>
		<link>http://dummy.xtemos.com/woodmart-elementor/demos/home-grid/grid13/</link>
		<pubDate>Mon, 26 Jun 2017 07:33:12 +0000</pubDate>
		<dc:creator><![CDATA[erwin]]></dc:creator>
		<guid isPermaLink="false">http://dummy.xtemos.com/woodmart-elementor/demos/wp-content/uploads/sites/2/2017/06/grid13.jpg</guid>
		<description></description>
		<content:encoded><![CDATA[]]></content:encoded>
		<excerpt:encoded><![CDATA[]]></excerpt:encoded>
		<wp:post_id>596</wp:post_id>
		<wp:post_date>2017-06-26 07:33:12</wp:post_date>
		<wp:post_date_gmt>2017-06-26 07:33:12</wp:post_date_gmt>
		<wp:comment_status>open</wp:comment_status>
		<wp:ping_status>closed</wp:ping_status>
		<wp:post_name>grid13</wp:post_name>
		<wp:status>inherit</wp:status>
		<wp:post_parent>588</wp:post_parent>
		<wp:menu_order>0</wp:menu_order>
		<wp:post_type>attachment</wp:post_type>
		<wp:post_password></wp:post_password>
		<wp:is_sticky>0</wp:is_sticky>
						<wp:attachment_url>http://dummy.xtemos.com/woodmart-elementor/demos/wp-content/uploads/sites/2/2017/06/grid13.jpg</wp:attachment_url>
												<wp:postmeta>
			<wp:meta_key>_wp_attached_file</wp:meta_key>
			<wp:meta_value><![CDATA[2017/06/grid13.jpg]]></wp:meta_value>
		</wp:postmeta>
						</item>
						<item>
		<title>grid5</title>
		<link>http://dummy.xtemos.com/woodmart/demos/home-grid/grid5/</link>
		<pubDate>Mon, 26 Jun 2017 07:33:08 +0000</pubDate>
		<dc:creator><![CDATA[erwin]]></dc:creator>
		<guid isPermaLink="false">http://dummy.xtemos.com/woodmart/demos/wp-content/uploads/sites/2/2017/06/grid5.jpg</guid>
		<description></description>
		<content:encoded><![CDATA[]]></content:encoded>
		<excerpt:encoded><![CDATA[]]></excerpt:encoded>
		<wp:post_id>594</wp:post_id>
		<wp:post_date>2017-06-26 07:33:08</wp:post_date>
		<wp:post_date_gmt>2017-06-26 07:33:08</wp:post_date_gmt>
		<wp:comment_status>open</wp:comment_status>
		<wp:ping_status>closed</wp:ping_status>
		<wp:post_name>grid5</wp:post_name>
		<wp:status>inherit</wp:status>
		<wp:post_parent>588</wp:post_parent>
		<wp:menu_order>0</wp:menu_order>
		<wp:post_type>attachment</wp:post_type>
		<wp:post_password></wp:post_password>
		<wp:is_sticky>0</wp:is_sticky>
		<wp:attachment_url>http://dummy.xtemos.com/woodmart/demos/wp-content/uploads/sites/2/2017/06/grid5.jpg</wp:attachment_url>
		<wp:postmeta>
			<wp:meta_key>_wp_attached_file</wp:meta_key>
			<wp:meta_value><![CDATA[2017/06/grid5.jpg]]></wp:meta_value>
		</wp:postmeta>
	</item>
	<item>
		<title>layout-grid-2</title>
		<link>http://dummy.xtemos.com/woodmart/demos/home-grid/layout-grid-2/</link>
		<pubDate>Mon, 26 Jun 2017 07:33:13 +0000</pubDate>
		<dc:creator><![CDATA[erwin]]></dc:creator>
		<guid isPermaLink="false">http://dummy.xtemos.com/woodmart/demos/wp-content/uploads/sites/2/2017/06/layout-grid-2.jpg</guid>
		<description></description>
		<content:encoded><![CDATA[]]></content:encoded>
		<excerpt:encoded><![CDATA[]]></excerpt:encoded>
		<wp:post_id>597</wp:post_id>
		<wp:post_date>2017-06-26 07:33:13</wp:post_date>
		<wp:post_date_gmt>2017-06-26 07:33:13</wp:post_date_gmt>
		<wp:comment_status>open</wp:comment_status>
		<wp:ping_status>closed</wp:ping_status>
		<wp:post_name>layout-grid-2</wp:post_name>
		<wp:status>inherit</wp:status>
		<wp:post_parent>588</wp:post_parent>
		<wp:menu_order>0</wp:menu_order>
		<wp:post_type>attachment</wp:post_type>
		<wp:post_password></wp:post_password>
		<wp:is_sticky>0</wp:is_sticky>
		<wp:attachment_url>http://dummy.xtemos.com/woodmart/demos/wp-content/uploads/sites/2/2017/06/layout-grid-2.jpg</wp:attachment_url>
		<wp:postmeta>
			<wp:meta_key>_wp_attached_file</wp:meta_key>
			<wp:meta_value><![CDATA[2017/06/layout-grid-2.jpg]]></wp:meta_value>
		</wp:postmeta>
	</item>
				</channel>
</rss>
	