<?xml version="1.0" encoding="UTF-8" ?>
<!-- This is a WordPress eXtended RSS file generated by WordPress as an export of your site. -->
<!-- It contains information about your site's posts, pages, comments, categories, and other content. -->
<!-- You may use this file to transfer that content from one site to another. -->
<!-- This file is not intended to serve as a complete backup of your site. -->

<!-- To import this information into a WordPress site follow these steps: -->
<!-- 1. Log in to that site as an administrator. -->
<!-- 2. Go to Tools: Import in the WordPress admin panel. -->
<!-- 3. Install the "WordPress" importer from the list. -->
<!-- 4. Activate & Run Importer. -->
<!-- 5. Upload this file using the form provided on that page. -->
<!-- 6. You will first be asked to map the authors in this export file to users -->
<!--    on the site. For each author, you may choose to map to an -->
<!--    existing user on the site or to create a new user. -->
<!-- 7. WordPress will then import each of the posts, pages, comments, categories, etc. -->
<!--    contained in this file into your site. -->

<!-- generator="WordPress/4.8" created="2017-06-26 07:52" -->
<rss version="2.0"
	xmlns:excerpt="http://wordpress.org/export/1.2/excerpt/"
	xmlns:content="http://purl.org/rss/1.0/modules/content/"
	xmlns:wfw="http://wellformedweb.org/CommentAPI/"
	xmlns:dc="http://purl.org/dc/elements/1.1/"
	xmlns:wp="http://wordpress.org/export/1.2/"
>

<channel>
	<title>Woodmart dummy demos</title>
	<link>http://dummy.xtemos.com/woodmart/demos</link>
	<description>Just another Woodmart Dummy Content Sites site</description>
	<pubDate>Mon, 26 Jun 2017 07:52:01 +0000</pubDate>
	<language>en-US</language>
	<wp:wxr_version>1.2</wp:wxr_version>
	<wp:base_site_url>http://dummy.xtemos.com/woodmart/</wp:base_site_url>
	<wp:base_blog_url>http://dummy.xtemos.com/woodmart/demos</wp:base_blog_url>

	<wp:author><wp:author_id>2</wp:author_id><wp:author_login>erwin</wp:author_login><wp:author_email>ss@asas.as</wp:author_email><wp:author_display_name><![CDATA[erwin]]></wp:author_display_name><wp:author_first_name><![CDATA[]]></wp:author_first_name><wp:author_last_name><![CDATA[]]></wp:author_last_name></wp:author>


	<generator>https://wordpress.org/?v=4.8</generator>

	<item>
		<title>Home Grid</title>
		<link>http://dummy.xtemos.com/woodmart/demos/home-grid/</link>
		<pubDate>Mon, 26 Jun 2017 07:20:54 +0000</pubDate>
		<dc:creator><![CDATA[erwin]]></dc:creator>
		<guid isPermaLink="false">http://dummy.xtemos.com/woodmart/demos/?page_id=588</guid>
		<description></description>
		<content:encoded><![CDATA[[vc_row full_width="stretch_row_content_no_spaces" equal_height="yes" content_placement="middle" css=".vc_custom_1490603882292{margin-top: -40px !important;margin-bottom: 0px !important;}"][vc_column css=".vc_custom_1498462131748{padding-top: 24vh !important;padding-right: 0px !important;padding-bottom: 24vh !important;padding-left: 0px !important;background-image: url(http://dummy.xtemos.com/woodmart/demos/wp-content/uploads/sites/2/2017/06/grid5.jpg?id=594) !important;background-position: center !important;background-repeat: no-repeat !important;background-size: cover !important;}" offset="vc_col-md-6"][woodmart_title color="white" size="extra-large" align="left" title="WOODMART ORIGINAL GRID LAYOUT" subtitle="CUSTOM SUBTITLE EXAMPLE" css=".vc_custom_1496397513697{margin-bottom: 0px !important;padding-right: 20vh !important;padding-left: 10vh !important;}"][/vc_column][vc_column css=".vc_custom_1497617215311{padding-right: 0px !important;padding-left: 0px !important;}" offset="vc_col-md-6"][vc_row_inner css=".vc_custom_1490603413498{margin-bottom: 0px !important;}"][vc_column_inner width="1/2"][promo_banner image="590" hover="none" img_size="full"][/promo_banner][/vc_column_inner][vc_column_inner width="1/2"][promo_banner image="593" text_alignment="center" horizontal_alignment="center" vertical_alignment="middle" hover="parallax" alignment="center" img_size="full" title="Read more" link="url:%23|||"][/promo_banner][/vc_column_inner][/vc_row_inner][vc_row_inner 0=""][vc_column_inner width="1/2"][promo_banner image="592" title_size="large" text_alignment="center" horizontal_alignment="center" hover="none" woodmart_color_scheme="dark" alignment="center" img_size="full" title="Design Trends 2017" subtitle="NEW COLLECTION"][/promo_banner][/vc_column_inner][vc_column_inner width="1/2"][promo_banner image="591" hover="none" img_size="full"][/promo_banner][/vc_column_inner][/vc_row_inner][/vc_column][/vc_row][vc_row full_width="stretch_row_content_no_spaces" equal_height="yes" content_placement="middle" css=".vc_custom_1490607555541{margin-bottom: -40px !important;}"][vc_column css=".vc_custom_1497617207407{padding-right: 0px !important;padding-left: 0px !important;}" offset="vc_col-md-6"][vc_row_inner 0=""][vc_column_inner width="1/2"][promo_banner image="590" title_size="large" hover="none" woodmart_color_scheme="dark" alignment="center" img_size="full"][/promo_banner][/vc_column_inner][vc_column_inner width="1/2"][promo_banner image="595" title_size="large" text_alignment="center" horizontal_alignment="center" hover="parallax" woodmart_color_scheme="light" alignment="center" img_size="full" title="Best Offers in 2017" subtitle="HOT COLLECTION"][/promo_banner][/vc_column_inner][/vc_row_inner][vc_row_inner css=".vc_custom_1490603413498{margin-bottom: 0px !important;}"][vc_column_inner][promo_banner image="596" title_size="extra-large" vertical_alignment="middle" hover="none" woodmart_color_scheme="dark" increase_spaces="yes" img_size="full" title="LIGHTNING" subtitle="Design matters"][/promo_banner][/vc_column_inner][/vc_row_inner][/vc_column][vc_column css=".vc_custom_1498462269190{padding-top: 21vh !important;padding-right: 0px !important;padding-bottom: 17vh !important;padding-left: 0px !important;background-image: url(http://dummy.xtemos.com/woodmart/demos/wp-content/uploads/sites/2/2017/06/layout-grid-2.jpg?id=597) !important;background-position: center !important;background-repeat: no-repeat !important;background-size: cover !important;}" offset="vc_col-md-6"][woodmart_title color="white" size="extra-large" title="PREMIUM ECOMMERCE TEMPLATE FROM XTEMOS" css=".vc_custom_1496823823622{padding-right: 15vh !important;padding-left: 15vh !important;}"][woodmart_button color="white" title="Read More" link="url:%23|||"][/vc_column][/vc_row]]]></content:encoded>
		<excerpt:encoded><![CDATA[]]></excerpt:encoded>
		<wp:post_id>588</wp:post_id>
		<wp:post_date>2017-06-26 07:20:54</wp:post_date>
		<wp:post_date_gmt>2017-06-26 07:20:54</wp:post_date_gmt>
		<wp:comment_status>closed</wp:comment_status>
		<wp:ping_status>closed</wp:ping_status>
		<wp:post_name>home-grid</wp:post_name>
		<wp:status>publish</wp:status>
		<wp:post_parent>0</wp:post_parent>
		<wp:menu_order>0</wp:menu_order>
		<wp:post_type>page</wp:post_type>
		<wp:post_password></wp:post_password>
		<wp:is_sticky>0</wp:is_sticky>
		<wp:postmeta>
			<wp:meta_key>_wp_page_template</wp:meta_key>
			<wp:meta_value><![CDATA[default]]></wp:meta_value>
		</wp:postmeta>
		<wp:postmeta>
			<wp:meta_key>_wpb_shortcodes_custom_css</wp:meta_key>
			<wp:meta_value><![CDATA[.vc_custom_1490603882292{margin-top: -40px !important;margin-bottom: 0px !important;}.vc_custom_1490607555541{margin-bottom: -40px !important;}.vc_custom_1498462131748{padding-top: 24vh !important;padding-right: 0px !important;padding-bottom: 24vh !important;padding-left: 0px !important;background-image: url(http://dummy.xtemos.com/woodmart/demos/wp-content/uploads/sites/2/2017/06/grid5.jpg?id=594) !important;background-position: center !important;background-repeat: no-repeat !important;background-size: cover !important;}.vc_custom_1497617215311{padding-right: 0px !important;padding-left: 0px !important;}.vc_custom_1496397513697{margin-bottom: 0px !important;padding-right: 20vh !important;padding-left: 10vh !important;}.vc_custom_1490603413498{margin-bottom: 0px !important;}.vc_custom_1497617207407{padding-right: 0px !important;padding-left: 0px !important;}.vc_custom_1498462269190{padding-top: 21vh !important;padding-right: 0px !important;padding-bottom: 17vh !important;padding-left: 0px !important;background-image: url(http://dummy.xtemos.com/woodmart/demos/wp-content/uploads/sites/2/2017/06/layout-grid-2.jpg?id=597) !important;background-position: center !important;background-repeat: no-repeat !important;background-size: cover !important;}.vc_custom_1490603413498{margin-bottom: 0px !important;}.vc_custom_1496823823622{padding-right: 15vh !important;padding-left: 15vh !important;}]]></wp:meta_value>
		</wp:postmeta>
		<wp:postmeta>
			<wp:meta_key>_woodmart_main_layout</wp:meta_key>
			<wp:meta_value><![CDATA[full-width]]></wp:meta_value>
		</wp:postmeta>
		<wp:postmeta>
			<wp:meta_key>_woodmart_header_color_scheme</wp:meta_key>
			<wp:meta_value><![CDATA[inherit]]></wp:meta_value>
		</wp:postmeta>
		<wp:postmeta>
			<wp:meta_key>_woodmart_title_off</wp:meta_key>
			<wp:meta_value><![CDATA[on]]></wp:meta_value>
		</wp:postmeta>
		<wp:postmeta>
			<wp:meta_key>_woodmart_footer_off</wp:meta_key>
			<wp:meta_value><![CDATA[on]]></wp:meta_value>
		</wp:postmeta>
		<wp:postmeta>
			<wp:meta_key>_woodmart_prefooter_off</wp:meta_key>
			<wp:meta_value><![CDATA[on]]></wp:meta_value>
		</wp:postmeta>
	</item>
	<item>
		<title>gird1</title>
		<link>http://dummy.xtemos.com/woodmart/demos/home-grid/gird1/</link>
		<pubDate>Mon, 26 Jun 2017 07:33:03 +0000</pubDate>
		<dc:creator><![CDATA[erwin]]></dc:creator>
		<guid isPermaLink="false">http://dummy.xtemos.com/woodmart/demos/wp-content/uploads/sites/2/2017/06/gird1.jpg</guid>
		<description></description>
		<content:encoded><![CDATA[]]></content:encoded>
		<excerpt:encoded><![CDATA[]]></excerpt:encoded>
		<wp:post_id>590</wp:post_id>
		<wp:post_date>2017-06-26 07:33:03</wp:post_date>
		<wp:post_date_gmt>2017-06-26 07:33:03</wp:post_date_gmt>
		<wp:comment_status>open</wp:comment_status>
		<wp:ping_status>closed</wp:ping_status>
		<wp:post_name>gird1</wp:post_name>
		<wp:status>inherit</wp:status>
		<wp:post_parent>588</wp:post_parent>
		<wp:menu_order>0</wp:menu_order>
		<wp:post_type>attachment</wp:post_type>
		<wp:post_password></wp:post_password>
		<wp:is_sticky>0</wp:is_sticky>
		<wp:attachment_url>http://dummy.xtemos.com/woodmart/demos/wp-content/uploads/sites/2/2017/06/gird1.jpg</wp:attachment_url>
		<wp:postmeta>
			<wp:meta_key>_wp_attached_file</wp:meta_key>
			<wp:meta_value><![CDATA[2017/06/gird1.jpg]]></wp:meta_value>
		</wp:postmeta>
	</item>
	<item>
		<title>grid2</title>
		<link>http://dummy.xtemos.com/woodmart/demos/home-grid/grid2/</link>
		<pubDate>Mon, 26 Jun 2017 07:33:04 +0000</pubDate>
		<dc:creator><![CDATA[erwin]]></dc:creator>
		<guid isPermaLink="false">http://dummy.xtemos.com/woodmart/demos/wp-content/uploads/sites/2/2017/06/grid2.jpg</guid>
		<description></description>
		<content:encoded><![CDATA[]]></content:encoded>
		<excerpt:encoded><![CDATA[]]></excerpt:encoded>
		<wp:post_id>591</wp:post_id>
		<wp:post_date>2017-06-26 07:33:04</wp:post_date>
		<wp:post_date_gmt>2017-06-26 07:33:04</wp:post_date_gmt>
		<wp:comment_status>open</wp:comment_status>
		<wp:ping_status>closed</wp:ping_status>
		<wp:post_name>grid2</wp:post_name>
		<wp:status>inherit</wp:status>
		<wp:post_parent>588</wp:post_parent>
		<wp:menu_order>0</wp:menu_order>
		<wp:post_type>attachment</wp:post_type>
		<wp:post_password></wp:post_password>
		<wp:is_sticky>0</wp:is_sticky>
		<wp:attachment_url>http://dummy.xtemos.com/woodmart/demos/wp-content/uploads/sites/2/2017/06/grid2.jpg</wp:attachment_url>
		<wp:postmeta>
			<wp:meta_key>_wp_attached_file</wp:meta_key>
			<wp:meta_value><![CDATA[2017/06/grid2.jpg]]></wp:meta_value>
		</wp:postmeta>
	</item>
	<item>
		<title>grid3</title>
		<link>http://dummy.xtemos.com/woodmart/demos/home-grid/grid3/</link>
		<pubDate>Mon, 26 Jun 2017 07:33:06 +0000</pubDate>
		<dc:creator><![CDATA[erwin]]></dc:creator>
		<guid isPermaLink="false">http://dummy.xtemos.com/woodmart/demos/wp-content/uploads/sites/2/2017/06/grid3.jpg</guid>
		<description></description>
		<content:encoded><![CDATA[]]></content:encoded>
		<excerpt:encoded><![CDATA[]]></excerpt:encoded>
		<wp:post_id>592</wp:post_id>
		<wp:post_date>2017-06-26 07:33:06</wp:post_date>
		<wp:post_date_gmt>2017-06-26 07:33:06</wp:post_date_gmt>
		<wp:comment_status>open</wp:comment_status>
		<wp:ping_status>closed</wp:ping_status>
		<wp:post_name>grid3</wp:post_name>
		<wp:status>inherit</wp:status>
		<wp:post_parent>588</wp:post_parent>
		<wp:menu_order>0</wp:menu_order>
		<wp:post_type>attachment</wp:post_type>
		<wp:post_password></wp:post_password>
		<wp:is_sticky>0</wp:is_sticky>
		<wp:attachment_url>http://dummy.xtemos.com/woodmart/demos/wp-content/uploads/sites/2/2017/06/grid3.jpg</wp:attachment_url>
		<wp:postmeta>
			<wp:meta_key>_wp_attached_file</wp:meta_key>
			<wp:meta_value><![CDATA[2017/06/grid3.jpg]]></wp:meta_value>
		</wp:postmeta>
	</item>
	<item>
		<title>grid4</title>
		<link>http://dummy.xtemos.com/woodmart/demos/home-grid/grid4/</link>
		<pubDate>Mon, 26 Jun 2017 07:33:07 +0000</pubDate>
		<dc:creator><![CDATA[erwin]]></dc:creator>
		<guid isPermaLink="false">http://dummy.xtemos.com/woodmart/demos/wp-content/uploads/sites/2/2017/06/grid4.jpg</guid>
		<description></description>
		<content:encoded><![CDATA[]]></content:encoded>
		<excerpt:encoded><![CDATA[]]></excerpt:encoded>
		<wp:post_id>593</wp:post_id>
		<wp:post_date>2017-06-26 07:33:07</wp:post_date>
		<wp:post_date_gmt>2017-06-26 07:33:07</wp:post_date_gmt>
		<wp:comment_status>open</wp:comment_status>
		<wp:ping_status>closed</wp:ping_status>
		<wp:post_name>grid4</wp:post_name>
		<wp:status>inherit</wp:status>
		<wp:post_parent>588</wp:post_parent>
		<wp:menu_order>0</wp:menu_order>
		<wp:post_type>attachment</wp:post_type>
		<wp:post_password></wp:post_password>
		<wp:is_sticky>0</wp:is_sticky>
		<wp:attachment_url>http://dummy.xtemos.com/woodmart/demos/wp-content/uploads/sites/2/2017/06/grid4.jpg</wp:attachment_url>
		<wp:postmeta>
			<wp:meta_key>_wp_attached_file</wp:meta_key>
			<wp:meta_value><![CDATA[2017/06/grid4.jpg]]></wp:meta_value>
		</wp:postmeta>
	</item>
	<item>
		<title>grid12-1</title>
		<link>http://dummy.xtemos.com/woodmart/demos/home-grid/grid12-1/</link>
		<pubDate>Mon, 26 Jun 2017 07:33:10 +0000</pubDate>
		<dc:creator><![CDATA[erwin]]></dc:creator>
		<guid isPermaLink="false">http://dummy.xtemos.com/woodmart/demos/wp-content/uploads/sites/2/2017/06/grid12-1.jpg</guid>
		<description></description>
		<content:encoded><![CDATA[]]></content:encoded>
		<excerpt:encoded><![CDATA[]]></excerpt:encoded>
		<wp:post_id>595</wp:post_id>
		<wp:post_date>2017-06-26 07:33:10</wp:post_date>
		<wp:post_date_gmt>2017-06-26 07:33:10</wp:post_date_gmt>
		<wp:comment_status>open</wp:comment_status>
		<wp:ping_status>closed</wp:ping_status>
		<wp:post_name>grid12-1</wp:post_name>
		<wp:status>inherit</wp:status>
		<wp:post_parent>588</wp:post_parent>
		<wp:menu_order>0</wp:menu_order>
		<wp:post_type>attachment</wp:post_type>
		<wp:post_password></wp:post_password>
		<wp:is_sticky>0</wp:is_sticky>
		<wp:attachment_url>http://dummy.xtemos.com/woodmart/demos/wp-content/uploads/sites/2/2017/06/grid12-1.jpg</wp:attachment_url>
		<wp:postmeta>
			<wp:meta_key>_wp_attached_file</wp:meta_key>
			<wp:meta_value><![CDATA[2017/06/grid12-1.jpg]]></wp:meta_value>
		</wp:postmeta>
	</item>
	<item>
		<title>grid13</title>
		<link>http://dummy.xtemos.com/woodmart/demos/home-grid/grid13/</link>
		<pubDate>Mon, 26 Jun 2017 07:33:12 +0000</pubDate>
		<dc:creator><![CDATA[erwin]]></dc:creator>
		<guid isPermaLink="false">http://dummy.xtemos.com/woodmart/demos/wp-content/uploads/sites/2/2017/06/grid13.jpg</guid>
		<description></description>
		<content:encoded><![CDATA[]]></content:encoded>
		<excerpt:encoded><![CDATA[]]></excerpt:encoded>
		<wp:post_id>596</wp:post_id>
		<wp:post_date>2017-06-26 07:33:12</wp:post_date>
		<wp:post_date_gmt>2017-06-26 07:33:12</wp:post_date_gmt>
		<wp:comment_status>open</wp:comment_status>
		<wp:ping_status>closed</wp:ping_status>
		<wp:post_name>grid13</wp:post_name>
		<wp:status>inherit</wp:status>
		<wp:post_parent>588</wp:post_parent>
		<wp:menu_order>0</wp:menu_order>
		<wp:post_type>attachment</wp:post_type>
		<wp:post_password></wp:post_password>
		<wp:is_sticky>0</wp:is_sticky>
		<wp:attachment_url>http://dummy.xtemos.com/woodmart/demos/wp-content/uploads/sites/2/2017/06/grid13.jpg</wp:attachment_url>
		<wp:postmeta>
			<wp:meta_key>_wp_attached_file</wp:meta_key>
			<wp:meta_value><![CDATA[2017/06/grid13.jpg]]></wp:meta_value>
		</wp:postmeta>
	</item>
	<item>
		<title>grid5</title>
		<link>http://dummy.xtemos.com/woodmart/demos/home-grid/grid5/</link>
		<pubDate>Mon, 26 Jun 2017 07:33:08 +0000</pubDate>
		<dc:creator><![CDATA[erwin]]></dc:creator>
		<guid isPermaLink="false">http://dummy.xtemos.com/woodmart/demos/wp-content/uploads/sites/2/2017/06/grid5.jpg</guid>
		<description></description>
		<content:encoded><![CDATA[]]></content:encoded>
		<excerpt:encoded><![CDATA[]]></excerpt:encoded>
		<wp:post_id>594</wp:post_id>
		<wp:post_date>2017-06-26 07:33:08</wp:post_date>
		<wp:post_date_gmt>2017-06-26 07:33:08</wp:post_date_gmt>
		<wp:comment_status>open</wp:comment_status>
		<wp:ping_status>closed</wp:ping_status>
		<wp:post_name>grid5</wp:post_name>
		<wp:status>inherit</wp:status>
		<wp:post_parent>588</wp:post_parent>
		<wp:menu_order>0</wp:menu_order>
		<wp:post_type>attachment</wp:post_type>
		<wp:post_password></wp:post_password>
		<wp:is_sticky>0</wp:is_sticky>
		<wp:attachment_url>http://dummy.xtemos.com/woodmart/demos/wp-content/uploads/sites/2/2017/06/grid5.jpg</wp:attachment_url>
		<wp:postmeta>
			<wp:meta_key>_wp_attached_file</wp:meta_key>
			<wp:meta_value><![CDATA[2017/06/grid5.jpg]]></wp:meta_value>
		</wp:postmeta>
	</item>
	<item>
		<title>layout-grid-2</title>
		<link>http://dummy.xtemos.com/woodmart/demos/home-grid/layout-grid-2/</link>
		<pubDate>Mon, 26 Jun 2017 07:33:13 +0000</pubDate>
		<dc:creator><![CDATA[erwin]]></dc:creator>
		<guid isPermaLink="false">http://dummy.xtemos.com/woodmart/demos/wp-content/uploads/sites/2/2017/06/layout-grid-2.jpg</guid>
		<description></description>
		<content:encoded><![CDATA[]]></content:encoded>
		<excerpt:encoded><![CDATA[]]></excerpt:encoded>
		<wp:post_id>597</wp:post_id>
		<wp:post_date>2017-06-26 07:33:13</wp:post_date>
		<wp:post_date_gmt>2017-06-26 07:33:13</wp:post_date_gmt>
		<wp:comment_status>open</wp:comment_status>
		<wp:ping_status>closed</wp:ping_status>
		<wp:post_name>layout-grid-2</wp:post_name>
		<wp:status>inherit</wp:status>
		<wp:post_parent>588</wp:post_parent>
		<wp:menu_order>0</wp:menu_order>
		<wp:post_type>attachment</wp:post_type>
		<wp:post_password></wp:post_password>
		<wp:is_sticky>0</wp:is_sticky>
		<wp:attachment_url>http://dummy.xtemos.com/woodmart/demos/wp-content/uploads/sites/2/2017/06/layout-grid-2.jpg</wp:attachment_url>
		<wp:postmeta>
			<wp:meta_key>_wp_attached_file</wp:meta_key>
			<wp:meta_value><![CDATA[2017/06/layout-grid-2.jpg]]></wp:meta_value>
		</wp:postmeta>
	</item>
</channel>
</rss>
