<?xml version="1.0" encoding="UTF-8" ?>
<!-- This is a WordPress eXtended RSS file generated by WordPress as an export of your site. -->
<!-- It contains information about your site's posts, pages, comments, categories, and other content. -->
<!-- You may use this file to transfer that content from one site to another. -->
<!-- This file is not intended to serve as a complete backup of your site. -->

<!-- To import this information into a WordPress site follow these steps: -->
<!-- 1. Log in to that site as an administrator. -->
<!-- 2. Go to Tools: Import in the WordPress admin panel. -->
<!-- 3. Install the "WordPress" importer from the list. -->
<!-- 4. Activate & Run Importer. -->
<!-- 5. Upload this file using the form provided on that page. -->
<!-- 6. You will first be asked to map the authors in this export file to users -->
<!--    on the site. For each author, you may choose to map to an -->
<!--    existing user on the site or to create a new user. -->
<!-- 7. WordPress will then import each of the posts, pages, comments, categories, etc. -->
<!--    contained in this file into your site. -->

	<!-- generator="WordPress/5.4.4" created="2021-03-30 12:33" -->
<rss version="2.0"
	xmlns:excerpt="http://wordpress.org/export/1.2/excerpt/"
	xmlns:content="http://purl.org/rss/1.0/modules/content/"
	xmlns:wfw="http://wellformedweb.org/CommentAPI/"
	xmlns:dc="http://purl.org/dc/elements/1.1/"
	xmlns:wp="http://wordpress.org/export/1.2/"
>

<channel>
	<title>Woodmart dummy demos</title>
	<link>http://dummy.xtemos.com/woodmart-elementor/demos</link>
	<description>Just another Woodmart Dummy Content Sites site</description>
	<pubDate>Tue, 30 Mar 2021 12:33:42 +0000</pubDate>
	<language>en-US</language>
	<wp:wxr_version>1.2</wp:wxr_version>
	<wp:base_site_url>http://dummy.xtemos.com/woodmart-elementor/</wp:base_site_url>
	<wp:base_blog_url>http://dummy.xtemos.com/woodmart-elementor/demos</wp:base_blog_url>

		<wp:author><wp:author_id>4</wp:author_id><wp:author_login>zakhar</wp:author_login><wp:author_email>sdads@asdasd.asd</wp:author_email><wp:author_display_name><![CDATA[zakhar]]></wp:author_display_name><wp:author_first_name><![CDATA[]]></wp:author_first_name><wp:author_last_name><![CDATA[]]></wp:author_last_name></wp:author>

				
	<generator>https://wordpress.org/?v=5.4.4</generator>

		<item>
		<title>
				w-about-us2-code		</title>
		<link>http://dummy.xtemos.com/woodmart-elementor/demos/about-me-2/w-about-us2-code/</link>
		<pubDate>Wed, 17 Mar 2021 12:53:58 +0000</pubDate>
		<dc:creator><![CDATA[zakhar]]></dc:creator>
		<guid isPermaLink="false">http://dummy.xtemos.com/woodmart-elementor/demos/wp-content/uploads/sites/2/2021/03/w-about-us2-code.svg</guid>
		<description></description>
		<content:encoded><![CDATA[]]></content:encoded>
		<excerpt:encoded><![CDATA[]]></excerpt:encoded>
		<wp:post_id>9854</wp:post_id>
		<wp:post_date>2021-03-17 12:53:58</wp:post_date>
		<wp:post_date_gmt>2021-03-17 12:53:58</wp:post_date_gmt>
		<wp:comment_status>open</wp:comment_status>
		<wp:ping_status>closed</wp:ping_status>
		<wp:post_name>w-about-us2-code</wp:post_name>
		<wp:status>inherit</wp:status>
		<wp:post_parent>9814</wp:post_parent>
		<wp:menu_order>0</wp:menu_order>
		<wp:post_type>attachment</wp:post_type>
		<wp:post_password></wp:post_password>
		<wp:is_sticky>0</wp:is_sticky>
						<wp:attachment_url>http://dummy.xtemos.com/woodmart-elementor/demos/wp-content/uploads/sites/2/2021/03/w-about-us2-code.svg</wp:attachment_url>
												<wp:postmeta>
			<wp:meta_key>_wp_attached_file</wp:meta_key>
			<wp:meta_value><![CDATA[2021/03/w-about-us2-code.svg]]></wp:meta_value>
		</wp:postmeta>
						</item>
					<item>
		<title>
				w-about-us2-design		</title>
		<link>http://dummy.xtemos.com/woodmart-elementor/demos/about-me-2/w-about-us2-design/</link>
		<pubDate>Wed, 17 Mar 2021 12:53:59 +0000</pubDate>
		<dc:creator><![CDATA[zakhar]]></dc:creator>
		<guid isPermaLink="false">http://dummy.xtemos.com/woodmart-elementor/demos/wp-content/uploads/sites/2/2021/03/w-about-us2-design.svg</guid>
		<description></description>
		<content:encoded><![CDATA[]]></content:encoded>
		<excerpt:encoded><![CDATA[]]></excerpt:encoded>
		<wp:post_id>9855</wp:post_id>
		<wp:post_date>2021-03-17 12:53:59</wp:post_date>
		<wp:post_date_gmt>2021-03-17 12:53:59</wp:post_date_gmt>
		<wp:comment_status>open</wp:comment_status>
		<wp:ping_status>closed</wp:ping_status>
		<wp:post_name>w-about-us2-design</wp:post_name>
		<wp:status>inherit</wp:status>
		<wp:post_parent>9814</wp:post_parent>
		<wp:menu_order>0</wp:menu_order>
		<wp:post_type>attachment</wp:post_type>
		<wp:post_password></wp:post_password>
		<wp:is_sticky>0</wp:is_sticky>
						<wp:attachment_url>http://dummy.xtemos.com/woodmart-elementor/demos/wp-content/uploads/sites/2/2021/03/w-about-us2-design.svg</wp:attachment_url>
												<wp:postmeta>
			<wp:meta_key>_wp_attached_file</wp:meta_key>
			<wp:meta_value><![CDATA[2021/03/w-about-us2-design.svg]]></wp:meta_value>
		</wp:postmeta>
						</item>
					<item>
		<title>
				w-autog-black		</title>
		<link>http://dummy.xtemos.com/woodmart-elementor/demos/about-me-2/w-autog-black/</link>
		<pubDate>Wed, 17 Mar 2021 12:54:02 +0000</pubDate>
		<dc:creator><![CDATA[zakhar]]></dc:creator>
		<guid isPermaLink="false">http://dummy.xtemos.com/woodmart-elementor/demos/wp-content/uploads/sites/2/2021/03/w-autog-black.svg</guid>
		<description></description>
		<content:encoded><![CDATA[]]></content:encoded>
		<excerpt:encoded><![CDATA[]]></excerpt:encoded>
		<wp:post_id>9857</wp:post_id>
		<wp:post_date>2021-03-17 12:54:02</wp:post_date>
		<wp:post_date_gmt>2021-03-17 12:54:02</wp:post_date_gmt>
		<wp:comment_status>open</wp:comment_status>
		<wp:ping_status>closed</wp:ping_status>
		<wp:post_name>w-autog-black</wp:post_name>
		<wp:status>inherit</wp:status>
		<wp:post_parent>9814</wp:post_parent>
		<wp:menu_order>0</wp:menu_order>
		<wp:post_type>attachment</wp:post_type>
		<wp:post_password></wp:post_password>
		<wp:is_sticky>0</wp:is_sticky>
						<wp:attachment_url>http://dummy.xtemos.com/woodmart-elementor/demos/wp-content/uploads/sites/2/2021/03/w-autog-black.svg</wp:attachment_url>
												<wp:postmeta>
			<wp:meta_key>_wp_attached_file</wp:meta_key>
			<wp:meta_value><![CDATA[2021/03/w-autog-black.svg]]></wp:meta_value>
		</wp:postmeta>
						</item>
					<item>
		<title>About us 2</title>
		<link>http://dummy.xtemos.com/woodmart-elementor/demos/about-us-4/</link>
		<pubDate>Thu, 18 Mar 2021 12:42:03 +0000</pubDate>
		<dc:creator><![CDATA[zakhar]]></dc:creator>
		<guid isPermaLink="false">http://dummy.xtemos.com/woodmart-elementor/demos/?page_id=10022</guid>
		<description></description>
		<content:encoded><![CDATA[											
		By Albert Flores		
																					
				
					Far far away, behind the word mountains, live texts				
																			]]></content:encoded>
		<excerpt:encoded><![CDATA[]]></excerpt:encoded>
		<wp:post_id>10022</wp:post_id>
		<wp:post_date>2021-03-18 12:42:03</wp:post_date>
		<wp:post_date_gmt>2021-03-18 12:42:03</wp:post_date_gmt>
		<wp:comment_status>closed</wp:comment_status>
		<wp:ping_status>closed</wp:ping_status>
		<wp:post_name>about-us-4</wp:post_name>
		<wp:status>publish</wp:status>
		<wp:post_parent>0</wp:post_parent>
		<wp:menu_order>0</wp:menu_order>
		<wp:post_type>page</wp:post_type>
		<wp:post_password></wp:post_password>
		<wp:is_sticky>0</wp:is_sticky>
														<wp:postmeta>
			<wp:meta_key>_woodmart_whb_header</wp:meta_key>
			<wp:meta_value><![CDATA[none]]></wp:meta_value>
		</wp:postmeta>
							<wp:postmeta>
			<wp:meta_key>_woodmart_title_image</wp:meta_key>
			<wp:meta_value><![CDATA[]]></wp:meta_value>
		</wp:postmeta>
							<wp:postmeta>
			<wp:meta_key>_woodmart_title_bg_color</wp:meta_key>
			<wp:meta_value><![CDATA[]]></wp:meta_value>
		</wp:postmeta>
							<wp:postmeta>
			<wp:meta_key>_woodmart_page-title-size</wp:meta_key>
			<wp:meta_value><![CDATA[inherit]]></wp:meta_value>
		</wp:postmeta>
							<wp:postmeta>
			<wp:meta_key>_woodmart_main_layout</wp:meta_key>
			<wp:meta_value><![CDATA[full-width]]></wp:meta_value>
		</wp:postmeta>
							<wp:postmeta>
			<wp:meta_key>_elementor_edit_mode</wp:meta_key>
			<wp:meta_value><![CDATA[builder]]></wp:meta_value>
		</wp:postmeta>
							<wp:postmeta>
			<wp:meta_key>_elementor_template_type</wp:meta_key>
			<wp:meta_value><![CDATA[wp-page]]></wp:meta_value>
		</wp:postmeta>
							<wp:postmeta>
			<wp:meta_key>_elementor_version</wp:meta_key>
			<wp:meta_value><![CDATA[2.9.11]]></wp:meta_value>
		</wp:postmeta>
							<wp:postmeta>
			<wp:meta_key>_wp_page_template</wp:meta_key>
			<wp:meta_value><![CDATA[default]]></wp:meta_value>
		</wp:postmeta>
							<wp:postmeta>
			<wp:meta_key>_elementor_data</wp:meta_key>
			<wp:meta_value><![CDATA[[{"id":"a0801b9","elType":"section","settings":{"wd_section_stretch":"stretch","structure":"20","background_background":"classic","background_color":"#F9F9F9","margin":{"unit":"px","top":"-40","right":"0","bottom":"80","left":"0","isLinked":""},"margin_tablet":{"unit":"px","top":"-40","right":"0","bottom":"60","left":"0","isLinked":""},"margin_mobile":{"unit":"px","top":"-40","right":"0","bottom":"40","left":"0","isLinked":""},"padding":{"unit":"px","top":"160","right":"10","bottom":"100","left":"10","isLinked":""},"padding_tablet":{"unit":"px","top":"140","right":"15","bottom":"60","left":"15","isLinked":""}},"elements":[{"id":"ad640a1","elType":"column","settings":{"_column_size":"50","column_sticky_offset":"50","scroll_y":"-80","_inline_size":"","margin_mobile":{"unit":"px","top":"0","right":"0","bottom":"30","left":"0","isLinked":""}},"elements":[{"id":"61eac3c","elType":"section","settings":{"content_position":"middle"},"elements":[{"id":"c3dd7cc","elType":"column","settings":{"_column_size":"100","_inline_size":"","column_sticky_offset":"50","scroll_y":"-80"},"elements":[{"id":"cd75956","elType":"widget","settings":{"image":{"url":"http:\/\/dummy.xtemos.com\/woodmart-elementor\/demos\/wp-content\/uploads\/sites\/2\/2021\/03\/w-about-us2-ava-top-opt.jpg","id":"10034"},"image_size":"custom","image_custom_dimension":{"width":"100","height":"100"},"align":"left","image_border_radius":{"unit":"%","top":"50","right":"50","bottom":"50","left":"50","isLinked":"1"},"_margin":{"unit":"px","top":"0","right":"25","bottom":"20","left":"0","isLinked":""},"scroll_y":"-80","_element_width":"auto"},"elements":[],"widgetType":"image"},{"id":"9d89790","elType":"widget","settings":{"editor":"<p>By\u00a0<strong><span style=\"color: #333333\">Albert Flores<\/span><\/strong><\/p>","_margin":{"unit":"px","top":"0","right":"25","bottom":"20","left":"0","isLinked":""},"scroll_y":"-80","_element_width":"auto"},"elements":[],"widgetType":"text-editor"},{"id":"e497ad7","elType":"widget","settings":{"image":{"url":"http:\/\/dummy.xtemos.com\/woodmart-elementor\/demos\/wp-content\/uploads\/sites\/2\/2021\/03\/w-autog-black.svg","id":"9857"},"image_size":"full","_margin":{"unit":"px","top":"0","right":"0","bottom":"20","left":"0","isLinked":""},"scroll_y":"-80","_element_width":"auto"},"elements":[],"widgetType":"image"}],"isInner":"1"}],"isInner":"1"},{"id":"c6e9099","elType":"widget","settings":{"subtitle":"","title":"Far far away, behind the word mountains, live texts","after_title":"","size":"large","align":"left","scroll_y":"-80"},"elements":[],"widgetType":"wd_title"}],"isInner":""},{"id":"b6cd0f0","elType":"column","settings":{"_column_size":"50","column_sticky_offset":"50","scroll_y":"-80","_inline_size":"","margin":{"unit":"%","top":"0","right":"30","bottom":"0","left":"9","isLinked":""},"margin_tablet":{"unit":"px","top":"0","right":"0","bottom":"0","left":"0","isLinked":""}},"elements":[{"id":"3e9a0a0","elType":"widget","settings":{"icon_type":"icon","icon_text":"53","image":{"url":"http:\/\/dummy.xtemos.com\/woodmart-elementor\/demos\/wp-content\/uploads\/sites\/2\/2021\/03\/w-happy-clients.svg","id":"10029"},"image_size":"custom","image_custom_dimension":{"width":"42","height":"42"},"subtitle":"","title":"Happy clients","content":"<p>A wonderful serenity has taken possession of my entire soul.<\/p>","btn_text":"","alignment":"left","image_alignment":"left","icon_style":"with-border","icon_border_color":"#E6E6E6","content_typography_typography":"custom","content_typography_font_size":{"unit":"px","size":"16","sizes":[]},"_margin":{"unit":"px","top":"0","right":"0","bottom":"30","left":"0","isLinked":""},"scroll_y":"-80"},"elements":[],"widgetType":"wd_infobox"},{"id":"dfbd159","elType":"widget","settings":{"icon_type":"icon","icon_text":"53","image":{"url":"http:\/\/dummy.xtemos.com\/woodmart-elementor\/demos\/wp-content\/uploads\/sites\/2\/2021\/03\/w-finished-works.svg","id":"10028"},"image_size":"custom","image_custom_dimension":{"width":"42","height":"42"},"subtitle":"","title":"Finished works","content":"Hierarchies of information, weight, emphasis process agreed.","btn_text":"","alignment":"left","image_alignment":"left","icon_style":"with-border","icon_border_color":"#E6E6E6","content_typography_typography":"custom","content_typography_font_size":{"unit":"px","size":"16","sizes":[]},"scroll_y":"-80"},"elements":[],"widgetType":"wd_infobox"}],"isInner":""}],"isInner":""},{"id":"afb6a93","elType":"section","settings":{"structure":"31","margin":{"unit":"px","top":"0","right":"0","bottom":"80","left":"0","isLinked":""},"margin_tablet":{"unit":"px","top":"0","right":"0","bottom":"60","left":"0","isLinked":""},"margin_mobile":{"unit":"px","top":"0","right":"0","bottom":"40","left":"0","isLinked":""},"reverse_order_mobile":"reverse-mobile"},"elements":[{"id":"cdc4d00","elType":"column","settings":{"_column_size":"25","_inline_size":"","column_sticky_offset":"50","scroll_y":"-80"},"elements":[{"id":"fb78e90","elType":"widget","settings":{"image":{"url":"http:\/\/dummy.xtemos.com\/woodmart-elementor\/demos\/wp-content\/uploads\/sites\/2\/2021\/03\/w-about-us2-per-1-opt.jpg","id":"10039"},"image_size":"full","name":"Kristin Watson","position":"CEO \/ Founder","content":"","facebook":"#","twitter":"#","linkedin":"#","skype":"","instagram":"#","align":"center","size":"small","style":"colored","scroll_y":"-80"},"elements":[],"widgetType":"wd_team_member"}],"isInner":""},{"id":"2255b48","elType":"column","settings":{"_column_size":"25","_inline_size":"","column_sticky_offset":"50","scroll_y":"-80"},"elements":[{"id":"25102c5","elType":"widget","settings":{"image":{"url":"http:\/\/dummy.xtemos.com\/woodmart-elementor\/demos\/wp-content\/uploads\/sites\/2\/2021\/03\/w-about-us2-per-2-opt.jpg","id":"10041"},"image_size":"full","name":"Dianne Russell","position":"CEO \/ Founder","content":"","facebook":"#","twitter":"#","linkedin":"#","skype":"","instagram":"#","align":"center","size":"small","style":"colored","scroll_y":"-80"},"elements":[],"widgetType":"wd_team_member"}],"isInner":""},{"id":"2e418d8","elType":"column","settings":{"_column_size":"50","_inline_size":"","margin":{"unit":"px","top":"50","right":"0","bottom":"0","left":"30","isLinked":""},"margin_tablet":{"unit":"px","top":"35","right":"0","bottom":"0","left":"0","isLinked":""},"margin_mobile":{"unit":"px","top":"0","right":"0","bottom":"30","left":"0","isLinked":""},"column_sticky_offset":"50","scroll_y":"-80"},"elements":[{"id":"d9150f6","elType":"widget","settings":{"image":{"url":"http:\/\/dummy.xtemos.com\/woodmart-elementor\/demos\/wp-content\/uploads\/sites\/2\/2021\/03\/w-about-us2-design.svg","id":"9855"},"image_size":"custom","image_custom_dimension":{"width":"50","height":"50"},"align":"left","scroll_y":"-80"},"elements":[],"widgetType":"image"},{"id":"91bbd7b","elType":"widget","settings":{"subtitle":"","title":"We develop a convenient and beautiful design","after_title":"<p>Far far away, behind the word mountains, far from the countries Vokalia and Consonantia, there live the blind texts.You begin with a text, you information sculpt, you chisel away not needed.<\/p>","size":"large","align":"left","width":{"unit":"%","size":"90","sizes":[]},"width_mobile":{"unit":"%","size":"100","sizes":[]},"_margin":{"unit":"px","top":"0","right":"0","bottom":"10","left":"0","isLinked":""},"scroll_y":"-80"},"elements":[],"widgetType":"wd_title"},{"id":"d20c32a","elType":"widget","settings":{"text":"View more","color":"primary","align":"left","scroll_y":"-80"},"elements":[],"widgetType":"wd_button"}],"isInner":""}],"isInner":""},{"id":"15db295","elType":"section","settings":{"wd_section_stretch":"stretch","structure":"30","background_background":"classic","background_color":"#F9F9F9","margin":{"unit":"px","top":"0","right":"0","bottom":"80","left":"0","isLinked":""},"margin_tablet":{"unit":"px","top":"0","right":"0","bottom":"60","left":"0","isLinked":""},"margin_mobile":{"unit":"px","top":"0","right":"0","bottom":"40","left":"0","isLinked":""},"padding":{"unit":"px","top":"80","right":"10","bottom":"80","left":"10","isLinked":""},"padding_tablet":{"unit":"px","top":"60","right":"15","bottom":"60","left":"15","isLinked":""},"padding_mobile":{"unit":"px","top":"40","right":"15","bottom":"40","left":"15","isLinked":""}},"elements":[{"id":"dc40423","elType":"column","settings":{"_column_size":"33","_inline_size":"","_inline_size_tablet":"100","margin":{"unit":"px","top":"65","right":"0","bottom":"0","left":"0","isLinked":""},"margin_tablet":{"unit":"px","top":"0","right":"0","bottom":"30","left":"0","isLinked":""},"column_sticky_offset":"50","scroll_y":"-80"},"elements":[{"id":"bba2c13","elType":"widget","settings":{"subtitle":"SOME WORDS ABOUT WORK","title":"Take a look at the work of our team","after_title":"<p>A wonderful serenity has taken possession of my entire soul, like these sweet mornings of spring which I enjoy with my whole heart.<\/p>","size":"large","align":"left","width":{"unit":"%","size":"85","sizes":[]},"width_tablet":{"unit":"%","size":"59","sizes":[]},"width_mobile":{"unit":"%","size":"100","sizes":[]},"subtitle_color":"#83B735","subtitle_typography_typography":"custom","subtitle_typography_font_weight":"600","_margin":{"unit":"px","top":"0","right":"0","bottom":"10","left":"0","isLinked":""},"scroll_y":"-80"},"elements":[],"widgetType":"wd_title"},{"id":"6cb021f","elType":"widget","settings":{"text":"View more","color":"primary","align":"left","scroll_y":"-80"},"elements":[],"widgetType":"wd_button"}],"isInner":""},{"id":"733cc97","elType":"column","settings":{"_column_size":"33","_inline_size":"","_inline_size_tablet":"50","column_sticky_offset":"50","scroll_y":"-80"},"elements":[{"id":"81b305b","elType":"widget","settings":{"image":{"url":"http:\/\/dummy.xtemos.com\/woodmart-elementor\/demos\/wp-content\/uploads\/sites\/2\/2021\/03\/w-about-us2-img-1-opt.jpg","id":"10053"},"image_size":"full","subtitle":"","title":"We be glad to work with you!","content":"Reversing gears when","btn_text":"","style":"mask","hover":"zoom","woodmart_color_scheme":"light","title_typography_typography":"custom","title_typography_font_size":{"unit":"px","size":"24","sizes":[]},"vertical_alignment":"bottom","width":{"unit":"%","size":"70","sizes":[]},"width_mobile":{"unit":"%","size":"100","sizes":[]},"scroll_y":"-80"},"elements":[],"widgetType":"wd_banner"},{"id":"5563e7c","elType":"widget","settings":{"image":{"url":"http:\/\/dummy.xtemos.com\/woodmart-elementor\/demos\/wp-content\/uploads\/sites\/2\/2021\/03\/w-about-us2-img-3-opt.jpg","id":"10056"},"image_size":"full","subtitle":"","title":"New ways to bring your ideas to life","content":"Subtle cues that also visual","btn_text":"","style":"mask","hover":"zoom","woodmart_color_scheme":"light","title_typography_typography":"custom","title_typography_font_size":{"unit":"px","size":"24","sizes":[]},"vertical_alignment":"bottom","width":{"unit":"%","size":"70","sizes":[]},"width_tablet":{"unit":"%","size":"80","sizes":[]},"width_mobile":{"unit":"%","size":"100","sizes":[]},"scroll_y":"-80"},"elements":[],"widgetType":"wd_banner"}],"isInner":""},{"id":"33eaed3","elType":"column","settings":{"_column_size":"33","_inline_size":"","_inline_size_tablet":"50","column_sticky_offset":"50","scroll_y":"-80"},"elements":[{"id":"a84d923","elType":"widget","settings":{"image":{"url":"http:\/\/dummy.xtemos.com\/woodmart-elementor\/demos\/wp-content\/uploads\/sites\/2\/2021\/03\/w-about-us2-img-2-opt.jpg","id":"10055"},"image_size":"full","subtitle":"","title":"Our company history and facts","content":"Depending on the state of","btn_text":"","style":"mask","hover":"zoom","woodmart_color_scheme":"light","title_typography_typography":"custom","title_typography_font_size":{"unit":"px","size":"24","sizes":[]},"vertical_alignment":"bottom","width":{"unit":"%","size":"70","sizes":[]},"width_mobile":{"unit":"%","size":"100","sizes":[]},"scroll_y":"-80"},"elements":[],"widgetType":"wd_banner"},{"id":"db189d8","elType":"widget","settings":{"image":{"url":"http:\/\/dummy.xtemos.com\/woodmart-elementor\/demos\/wp-content\/uploads\/sites\/2\/2021\/03\/w-about-us2-img-4-opt.jpg","id":"10058"},"image_size":"full","subtitle":"","title":"We take every aspects","content":"A wonderful serenity taken","btn_text":"","style":"mask","hover":"zoom","woodmart_color_scheme":"light","title_typography_typography":"custom","title_typography_font_size":{"unit":"px","size":"24","sizes":[]},"vertical_alignment":"bottom","width":{"unit":"%","size":"70","sizes":[]},"width_mobile":{"unit":"%","size":"100","sizes":[]},"scroll_y":"-80"},"elements":[],"widgetType":"wd_banner"}],"isInner":""}],"isInner":""},{"id":"b52dd6a","elType":"section","settings":{"structure":"32","margin":{"unit":"px","top":"0","right":"0","bottom":"80","left":"0","isLinked":""},"margin_tablet":{"unit":"px","top":"0","right":"0","bottom":"60","left":"0","isLinked":""},"margin_mobile":{"unit":"px","top":"0","right":"0","bottom":"40","left":"0","isLinked":""}},"elements":[{"id":"138fdba","elType":"column","settings":{"_column_size":"50","_inline_size":"","margin":{"unit":"px","top":"50","right":"30","bottom":"0","left":"0","isLinked":""},"margin_tablet":{"unit":"px","top":"35","right":"0","bottom":"0","left":"0","isLinked":""},"margin_mobile":{"unit":"px","top":"0","right":"0","bottom":"30","left":"0","isLinked":""},"column_sticky_offset":"50","scroll_y":"-80"},"elements":[{"id":"a1b3631","elType":"widget","settings":{"image":{"url":"http:\/\/dummy.xtemos.com\/woodmart-elementor\/demos\/wp-content\/uploads\/sites\/2\/2021\/03\/w-about-us2-code.svg","id":"9854"},"image_size":"custom","image_custom_dimension":{"width":"50","height":"50"},"align":"right","scroll_y":"-80"},"elements":[],"widgetType":"image"},{"id":"140c93c","elType":"widget","settings":{"subtitle":"","title":"We develop a convenient and beautiful design","after_title":"<p>Usually, we prefer the real thing, wine without sulfur based preservatives, real butter, not margarine, and so we'd like our layouts and designs to be filled with real words with thoughts that count.<\/p>","size":"large","align":"right","width":{"unit":"%","size":"85","sizes":[]},"width_mobile":{"unit":"%","size":"100","sizes":[]},"_margin":{"unit":"px","top":"0","right":"0","bottom":"10","left":"0","isLinked":""},"scroll_y":"-80"},"elements":[],"widgetType":"wd_title"},{"id":"9bca2fd","elType":"widget","settings":{"text":"View more","color":"primary","align":"right","scroll_y":"-80"},"elements":[],"widgetType":"wd_button"}],"isInner":""},{"id":"c43b86c","elType":"column","settings":{"_column_size":"25","_inline_size":"","column_sticky_offset":"50","scroll_y":"-80"},"elements":[{"id":"696b3a1","elType":"widget","settings":{"image":{"url":"http:\/\/dummy.xtemos.com\/woodmart-elementor\/demos\/wp-content\/uploads\/sites\/2\/2021\/03\/w-about-us2-per-3-opt.jpg","id":"10063"},"image_size":"full","name":"Marvin McKinney","position":"CEO \/ Founder","content":"","facebook":"#","twitter":"#","linkedin":"#","skype":"","instagram":"#","align":"center","size":"small","style":"colored","scroll_y":"-80"},"elements":[],"widgetType":"wd_team_member"}],"isInner":""},{"id":"3164e1c","elType":"column","settings":{"_column_size":"25","_inline_size":"","column_sticky_offset":"50","scroll_y":"-80"},"elements":[{"id":"8f311c0","elType":"widget","settings":{"image":{"url":"http:\/\/dummy.xtemos.com\/woodmart-elementor\/demos\/wp-content\/uploads\/sites\/2\/2021\/03\/w-about-us2-per-4-opt.jpg","id":"10064"},"image_size":"full","name":"Brandie Russell","position":"CEO \/ Founder","content":"","facebook":"#","twitter":"#","linkedin":"#","skype":"","instagram":"#","align":"center","size":"small","style":"colored","scroll_y":"-80"},"elements":[],"widgetType":"wd_team_member"}],"isInner":""}],"isInner":""},{"id":"627683f","elType":"section","settings":{"content_position":"middle","wd_section_stretch":"stretch","structure":"20","background_background":"classic","background_color":"#83B735","margin":{"unit":"px","top":"0","right":"0","bottom":"-40","left":"0","isLinked":""},"padding":{"unit":"px","top":"70","right":"10","bottom":"70","left":"10","isLinked":""},"padding_tablet":{"unit":"px","top":"60","right":"15","bottom":"60","left":"15","isLinked":""},"padding_mobile":{"unit":"px","top":"40","right":"15","bottom":"40","left":"15","isLinked":""}},"elements":[{"id":"ca24dbb","elType":"column","settings":{"_column_size":"50","_inline_size":"","column_sticky_offset":"50","scroll_y":"-80"},"elements":[{"id":"330c604","elType":"widget","settings":{"subtitle":"WOODMART - BEST THEME OF ALL TIME","title":"''Excellence is not a skill it's an attitude'' - Ralph Marston","after_title":"","color":"white","size":"large","align":"left","subtitle_typography_typography":"custom","subtitle_typography_font_weight":"600","scroll_y":"-80"},"elements":[],"widgetType":"wd_title"}],"isInner":""},{"id":"d8f6aee","elType":"column","settings":{"_column_size":"50","_inline_size":"","column_sticky_offset":"50","scroll_y":"-80"},"elements":[{"id":"f960897","elType":"widget","settings":{"editor":"<p>A wonderful serenity has taken possession of my entire soul, like these sweet mornings of spring which I enjoy with my whole heart. I am alone, and feel the charm of existence in this spot, which was created for the bliss of souls like mine.<\/p>\n\n<p><a href=\"http:\/\/xtemos.com\"><strong><em>Developed by <span style=\"color: #cd1d1d\">X<\/span>temos Studio @ 2021.<\/em><\/strong><\/a><\/p>","wd_color_scheme":"light","typography_typography":"custom","typography_font_size":{"unit":"px","size":"16","sizes":[]},"scroll_y":"-80"},"elements":[],"widgetType":"text-editor"}],"isInner":""}],"isInner":""}]]]></wp:meta_value>
		</wp:postmeta>
							<wp:postmeta>
			<wp:meta_key>_woodmart_title_off</wp:meta_key>
			<wp:meta_value><![CDATA[on]]></wp:meta_value>
		</wp:postmeta>
							<wp:postmeta>
			<wp:meta_key>_elementor_controls_usage</wp:meta_key>
			<wp:meta_value><![CDATA[a:9:{s:5:"image";a:3:{s:5:"count";i:4;s:15:"control_percent";i:2;s:8:"controls";a:3:{s:7:"content";a:1:{s:13:"section_image";a:4:{s:5:"image";i:4;s:10:"image_size";i:4;s:22:"image_custom_dimension";i:3;s:5:"align";i:3;}}s:5:"style";a:1:{s:19:"section_style_image";a:1:{s:19:"image_border_radius";i:1;}}s:8:"advanced";a:3:{s:14:"_section_style";a:1:{s:7:"_margin";i:2;}s:8:"wd_extra";a:1:{s:8:"scroll_y";i:4;}s:17:"_section_position";a:1:{s:14:"_element_width";i:2;}}}}s:11:"text-editor";a:3:{s:5:"count";i:2;s:15:"control_percent";i:2;s:8:"controls";a:3:{s:7:"content";a:1:{s:14:"section_editor";a:1:{s:6:"editor";i:2;}}s:8:"advanced";a:3:{s:14:"_section_style";a:1:{s:7:"_margin";i:1;}s:8:"wd_extra";a:1:{s:8:"scroll_y";i:2;}s:17:"_section_position";a:1:{s:14:"_element_width";i:1;}}s:5:"style";a:1:{s:13:"section_style";a:3:{s:15:"wd_color_scheme";i:1;s:21:"typography_typography";i:1;s:20:"typography_font_size";i:1;}}}}s:6:"column";a:3:{s:5:"count";i:14;s:15:"control_percent";i:1;s:8:"controls";a:2:{s:8:"advanced";a:2:{s:8:"wd_extra";a:2:{s:20:"column_sticky_offset";i:14;s:8:"scroll_y";i:14;}s:16:"section_advanced";a:3:{s:13:"margin_mobile";i:3;s:6:"margin";i:4;s:13:"margin_tablet";i:4;}}s:6:"layout";a:1:{s:6:"layout";a:1:{s:19:"_inline_size_tablet";i:3;}}}}s:7:"section";a:3:{s:5:"count";i:6;s:15:"control_percent";i:3;s:8:"controls";a:3:{s:6:"layout";a:3:{s:14:"section_layout";a:1:{s:16:"content_position";i:2;}s:15:"wd_extra_layout";a:1:{s:18:"wd_section_stretch";i:3;}s:17:"section_structure";a:1:{s:9:"structure";i:5;}}s:5:"style";a:1:{s:18:"section_background";a:2:{s:21:"background_background";i:3;s:16:"background_color";i:3;}}s:8:"advanced";a:2:{s:16:"section_advanced";a:6:{s:6:"margin";i:5;s:13:"margin_tablet";i:4;s:13:"margin_mobile";i:4;s:7:"padding";i:3;s:14:"padding_tablet";i:3;s:14:"padding_mobile";i:2;}s:19:"_section_responsive";a:1:{s:20:"reverse_order_mobile";i:1;}}}}s:8:"wd_title";a:3:{s:5:"count";i:5;s:15:"control_percent";i:3;s:8:"controls";a:3:{s:7:"content";a:1:{s:23:"general_content_section";a:3:{s:8:"subtitle";i:5;s:5:"title";i:5;s:11:"after_title";i:5;}}s:5:"style";a:2:{s:21:"general_style_section";a:6:{s:4:"size";i:5;s:5:"align";i:5;s:5:"width";i:3;s:12:"width_mobile";i:3;s:12:"width_tablet";i:1;s:5:"color";i:1;}s:22:"subtitle_style_section";a:3:{s:14:"subtitle_color";i:1;s:30:"subtitle_typography_typography";i:2;s:31:"subtitle_typography_font_weight";i:2;}}s:8:"advanced";a:2:{s:8:"wd_extra";a:1:{s:8:"scroll_y";i:5;}s:14:"_section_style";a:1:{s:7:"_margin";i:3;}}}}s:10:"wd_infobox";a:3:{s:5:"count";i:2;s:15:"control_percent";i:4;s:8:"controls";a:3:{s:7:"content";a:2:{s:20:"icon_content_section";a:4:{s:9:"icon_type";i:2;s:5:"image";i:2;s:10:"image_size";i:2;s:22:"image_custom_dimension";i:2;}s:15:"content_section";a:4:{s:8:"subtitle";i:2;s:5:"title";i:2;s:7:"content";i:2;s:8:"btn_text";i:2;}}s:5:"style";a:3:{s:21:"general_style_section";a:2:{s:9:"alignment";i:2;s:15:"image_alignment";i:2;}s:18:"icon_style_section";a:2:{s:10:"icon_style";i:2;s:17:"icon_border_color";i:2;}s:21:"content_style_section";a:2:{s:29:"content_typography_typography";i:2;s:28:"content_typography_font_size";i:2;}}s:8:"advanced";a:2:{s:14:"_section_style";a:1:{s:7:"_margin";i:1;}s:8:"wd_extra";a:1:{s:8:"scroll_y";i:2;}}}}s:14:"wd_team_member";a:3:{s:5:"count";i:4;s:15:"control_percent";i:5;s:8:"controls";a:3:{s:7:"content";a:2:{s:23:"general_content_section";a:5:{s:5:"image";i:4;s:10:"image_size";i:4;s:4:"name";i:4;s:8:"position";i:4;s:7:"content";i:4;}s:21:"links_content_section";a:1:{s:5:"skype";i:4;}}s:5:"style";a:2:{s:21:"general_style_section";a:1:{s:5:"align";i:4;}s:21:"buttons_style_section";a:2:{s:4:"size";i:4;s:5:"style";i:4;}}s:8:"advanced";a:1:{s:8:"wd_extra";a:1:{s:8:"scroll_y";i:4;}}}}s:9:"wd_button";a:3:{s:5:"count";i:3;s:15:"control_percent";i:2;s:8:"controls";a:3:{s:7:"content";a:1:{s:23:"general_content_section";a:1:{s:4:"text";i:3;}}s:5:"style";a:1:{s:21:"general_style_section";a:2:{s:5:"color";i:3;s:5:"align";i:3;}}s:8:"advanced";a:1:{s:8:"wd_extra";a:1:{s:8:"scroll_y";i:3;}}}}s:9:"wd_banner";a:3:{s:5:"count";i:4;s:15:"control_percent";i:5;s:8:"controls";a:3:{s:7:"content";a:2:{s:21:"image_content_section";a:2:{s:5:"image";i:4;s:10:"image_size";i:4;}s:15:"content_section";a:4:{s:8:"subtitle";i:4;s:5:"title";i:4;s:7:"content";i:4;s:8:"btn_text";i:4;}}s:5:"style";a:3:{s:21:"general_style_section";a:3:{s:5:"style";i:4;s:5:"hover";i:4;s:21:"woodmart_color_scheme";i:4;}s:19:"title_style_section";a:2:{s:27:"title_typography_typography";i:4;s:26:"title_typography_font_size";i:4;}s:20:"layout_style_section";a:4:{s:18:"vertical_alignment";i:4;s:5:"width";i:4;s:12:"width_mobile";i:4;s:12:"width_tablet";i:1;}}s:8:"advanced";a:1:{s:8:"wd_extra";a:1:{s:8:"scroll_y";i:4;}}}}}]]></wp:meta_value>
		</wp:postmeta>
							<wp:postmeta>
			<wp:meta_key>wd_page_css_files</wp:meta_key>
			<wp:meta_value><![CDATA[a:14:{i:0;s:12:"wp-gutenberg";i:1;s:5:"wpcf7";i:2;s:5:"mc4wp";i:3;s:17:"revolution-slider";i:4;s:14:"elementor-base";i:5;s:13:"wpbakery-base";i:6;s:13:"notices-fixed";i:7;s:16:"woocommerce-base";i:8;s:13:"section-title";i:9;s:8:"info-box";i:10;s:12:"social-icons";i:11;s:11:"team-member";i:12;s:6:"banner";i:13;s:10:"scroll-top";}]]></wp:meta_value>
		</wp:postmeta>
						</item>
					<item>
		<title>
				w-finished-works		</title>
		<link>http://dummy.xtemos.com/woodmart-elementor/demos/about-us-4/w-finished-works/</link>
		<pubDate>Thu, 18 Mar 2021 12:46:56 +0000</pubDate>
		<dc:creator><![CDATA[zakhar]]></dc:creator>
		<guid isPermaLink="false">http://dummy.xtemos.com/woodmart-elementor/demos/wp-content/uploads/sites/2/2021/03/w-finished-works.svg</guid>
		<description></description>
		<content:encoded><![CDATA[]]></content:encoded>
		<excerpt:encoded><![CDATA[]]></excerpt:encoded>
		<wp:post_id>10028</wp:post_id>
		<wp:post_date>2021-03-18 12:46:56</wp:post_date>
		<wp:post_date_gmt>2021-03-18 12:46:56</wp:post_date_gmt>
		<wp:comment_status>open</wp:comment_status>
		<wp:ping_status>closed</wp:ping_status>
		<wp:post_name>w-finished-works</wp:post_name>
		<wp:status>inherit</wp:status>
		<wp:post_parent>10022</wp:post_parent>
		<wp:menu_order>0</wp:menu_order>
		<wp:post_type>attachment</wp:post_type>
		<wp:post_password></wp:post_password>
		<wp:is_sticky>0</wp:is_sticky>
						<wp:attachment_url>http://dummy.xtemos.com/woodmart-elementor/demos/wp-content/uploads/sites/2/2021/03/w-finished-works.svg</wp:attachment_url>
												<wp:postmeta>
			<wp:meta_key>_wp_attached_file</wp:meta_key>
			<wp:meta_value><![CDATA[2021/03/w-finished-works.svg]]></wp:meta_value>
		</wp:postmeta>
						</item>
					<item>
		<title>
				w-happy-clients		</title>
		<link>http://dummy.xtemos.com/woodmart-elementor/demos/about-us-4/w-happy-clients/</link>
		<pubDate>Thu, 18 Mar 2021 12:46:57 +0000</pubDate>
		<dc:creator><![CDATA[zakhar]]></dc:creator>
		<guid isPermaLink="false">http://dummy.xtemos.com/woodmart-elementor/demos/wp-content/uploads/sites/2/2021/03/w-happy-clients.svg</guid>
		<description></description>
		<content:encoded><![CDATA[]]></content:encoded>
		<excerpt:encoded><![CDATA[]]></excerpt:encoded>
		<wp:post_id>10029</wp:post_id>
		<wp:post_date>2021-03-18 12:46:57</wp:post_date>
		<wp:post_date_gmt>2021-03-18 12:46:57</wp:post_date_gmt>
		<wp:comment_status>open</wp:comment_status>
		<wp:ping_status>closed</wp:ping_status>
		<wp:post_name>w-happy-clients</wp:post_name>
		<wp:status>inherit</wp:status>
		<wp:post_parent>10022</wp:post_parent>
		<wp:menu_order>0</wp:menu_order>
		<wp:post_type>attachment</wp:post_type>
		<wp:post_password></wp:post_password>
		<wp:is_sticky>0</wp:is_sticky>
						<wp:attachment_url>http://dummy.xtemos.com/woodmart-elementor/demos/wp-content/uploads/sites/2/2021/03/w-happy-clients.svg</wp:attachment_url>
												<wp:postmeta>
			<wp:meta_key>_wp_attached_file</wp:meta_key>
			<wp:meta_value><![CDATA[2021/03/w-happy-clients.svg]]></wp:meta_value>
		</wp:postmeta>
						</item>
					<item>
		<title>
				w-about-us2-ava-top-opt		</title>
		<link>http://dummy.xtemos.com/woodmart-elementor/demos/about-us-4/w-about-us2-ava-top-opt/</link>
		<pubDate>Thu, 18 Mar 2021 12:52:10 +0000</pubDate>
		<dc:creator><![CDATA[zakhar]]></dc:creator>
		<guid isPermaLink="false">http://dummy.xtemos.com/woodmart-elementor/demos/wp-content/uploads/sites/2/2021/03/w-about-us2-ava-top-opt.jpg</guid>
		<description></description>
		<content:encoded><![CDATA[]]></content:encoded>
		<excerpt:encoded><![CDATA[]]></excerpt:encoded>
		<wp:post_id>10034</wp:post_id>
		<wp:post_date>2021-03-18 12:52:10</wp:post_date>
		<wp:post_date_gmt>2021-03-18 12:52:10</wp:post_date_gmt>
		<wp:comment_status>open</wp:comment_status>
		<wp:ping_status>closed</wp:ping_status>
		<wp:post_name>w-about-us2-ava-top-opt</wp:post_name>
		<wp:status>inherit</wp:status>
		<wp:post_parent>10022</wp:post_parent>
		<wp:menu_order>0</wp:menu_order>
		<wp:post_type>attachment</wp:post_type>
		<wp:post_password></wp:post_password>
		<wp:is_sticky>0</wp:is_sticky>
						<wp:attachment_url>http://dummy.xtemos.com/woodmart-elementor/demos/wp-content/uploads/sites/2/2021/03/w-about-us2-ava-top-opt.jpg</wp:attachment_url>
												<wp:postmeta>
			<wp:meta_key>_wp_attached_file</wp:meta_key>
			<wp:meta_value><![CDATA[2021/03/w-about-us2-ava-top-opt.jpg]]></wp:meta_value>
		</wp:postmeta>
						</item>
					<item>
		<title>
				w-about-us2-per-1-opt		</title>
		<link>http://dummy.xtemos.com/woodmart-elementor/demos/about-us-4/w-about-us2-per-1-opt/</link>
		<pubDate>Thu, 18 Mar 2021 12:58:05 +0000</pubDate>
		<dc:creator><![CDATA[zakhar]]></dc:creator>
		<guid isPermaLink="false">http://dummy.xtemos.com/woodmart-elementor/demos/wp-content/uploads/sites/2/2021/03/w-about-us2-per-1-opt.jpg</guid>
		<description></description>
		<content:encoded><![CDATA[]]></content:encoded>
		<excerpt:encoded><![CDATA[]]></excerpt:encoded>
		<wp:post_id>10039</wp:post_id>
		<wp:post_date>2021-03-18 12:58:05</wp:post_date>
		<wp:post_date_gmt>2021-03-18 12:58:05</wp:post_date_gmt>
		<wp:comment_status>open</wp:comment_status>
		<wp:ping_status>closed</wp:ping_status>
		<wp:post_name>w-about-us2-per-1-opt</wp:post_name>
		<wp:status>inherit</wp:status>
		<wp:post_parent>10022</wp:post_parent>
		<wp:menu_order>0</wp:menu_order>
		<wp:post_type>attachment</wp:post_type>
		<wp:post_password></wp:post_password>
		<wp:is_sticky>0</wp:is_sticky>
						<wp:attachment_url>http://dummy.xtemos.com/woodmart-elementor/demos/wp-content/uploads/sites/2/2021/03/w-about-us2-per-1-opt.jpg</wp:attachment_url>
												<wp:postmeta>
			<wp:meta_key>_wp_attached_file</wp:meta_key>
			<wp:meta_value><![CDATA[2021/03/w-about-us2-per-1-opt.jpg]]></wp:meta_value>
		</wp:postmeta>
						</item>
					<item>
		<title>
				w-about-us2-per-2-opt		</title>
		<link>http://dummy.xtemos.com/woodmart-elementor/demos/about-us-4/w-about-us2-per-2-opt/</link>
		<pubDate>Thu, 18 Mar 2021 13:00:02 +0000</pubDate>
		<dc:creator><![CDATA[zakhar]]></dc:creator>
		<guid isPermaLink="false">http://dummy.xtemos.com/woodmart-elementor/demos/wp-content/uploads/sites/2/2021/03/w-about-us2-per-2-opt.jpg</guid>
		<description></description>
		<content:encoded><![CDATA[]]></content:encoded>
		<excerpt:encoded><![CDATA[]]></excerpt:encoded>
		<wp:post_id>10041</wp:post_id>
		<wp:post_date>2021-03-18 13:00:02</wp:post_date>
		<wp:post_date_gmt>2021-03-18 13:00:02</wp:post_date_gmt>
		<wp:comment_status>open</wp:comment_status>
		<wp:ping_status>closed</wp:ping_status>
		<wp:post_name>w-about-us2-per-2-opt</wp:post_name>
		<wp:status>inherit</wp:status>
		<wp:post_parent>10022</wp:post_parent>
		<wp:menu_order>0</wp:menu_order>
		<wp:post_type>attachment</wp:post_type>
		<wp:post_password></wp:post_password>
		<wp:is_sticky>0</wp:is_sticky>
						<wp:attachment_url>http://dummy.xtemos.com/woodmart-elementor/demos/wp-content/uploads/sites/2/2021/03/w-about-us2-per-2-opt.jpg</wp:attachment_url>
												<wp:postmeta>
			<wp:meta_key>_wp_attached_file</wp:meta_key>
			<wp:meta_value><![CDATA[2021/03/w-about-us2-per-2-opt.jpg]]></wp:meta_value>
		</wp:postmeta>
						</item>
					<item>
		<title>
				w-about-us2-img-1-opt		</title>
		<link>http://dummy.xtemos.com/woodmart-elementor/demos/about-us-4/w-about-us2-img-1-opt/</link>
		<pubDate>Thu, 18 Mar 2021 13:06:44 +0000</pubDate>
		<dc:creator><![CDATA[zakhar]]></dc:creator>
		<guid isPermaLink="false">http://dummy.xtemos.com/woodmart-elementor/demos/wp-content/uploads/sites/2/2021/03/w-about-us2-img-1-opt.jpg</guid>
		<description></description>
		<content:encoded><![CDATA[]]></content:encoded>
		<excerpt:encoded><![CDATA[]]></excerpt:encoded>
		<wp:post_id>10053</wp:post_id>
		<wp:post_date>2021-03-18 13:06:44</wp:post_date>
		<wp:post_date_gmt>2021-03-18 13:06:44</wp:post_date_gmt>
		<wp:comment_status>open</wp:comment_status>
		<wp:ping_status>closed</wp:ping_status>
		<wp:post_name>w-about-us2-img-1-opt</wp:post_name>
		<wp:status>inherit</wp:status>
		<wp:post_parent>10022</wp:post_parent>
		<wp:menu_order>0</wp:menu_order>
		<wp:post_type>attachment</wp:post_type>
		<wp:post_password></wp:post_password>
		<wp:is_sticky>0</wp:is_sticky>
						<wp:attachment_url>http://dummy.xtemos.com/woodmart-elementor/demos/wp-content/uploads/sites/2/2021/03/w-about-us2-img-1-opt.jpg</wp:attachment_url>
												<wp:postmeta>
			<wp:meta_key>_wp_attached_file</wp:meta_key>
			<wp:meta_value><![CDATA[2021/03/w-about-us2-img-1-opt.jpg]]></wp:meta_value>
		</wp:postmeta>
						</item>
					<item>
		<title>
				w-about-us2-img-2-opt		</title>
		<link>http://dummy.xtemos.com/woodmart-elementor/demos/about-us-4/w-about-us2-img-2-opt/</link>
		<pubDate>Thu, 18 Mar 2021 13:08:26 +0000</pubDate>
		<dc:creator><![CDATA[zakhar]]></dc:creator>
		<guid isPermaLink="false">http://dummy.xtemos.com/woodmart-elementor/demos/wp-content/uploads/sites/2/2021/03/w-about-us2-img-2-opt.jpg</guid>
		<description></description>
		<content:encoded><![CDATA[]]></content:encoded>
		<excerpt:encoded><![CDATA[]]></excerpt:encoded>
		<wp:post_id>10055</wp:post_id>
		<wp:post_date>2021-03-18 13:08:26</wp:post_date>
		<wp:post_date_gmt>2021-03-18 13:08:26</wp:post_date_gmt>
		<wp:comment_status>open</wp:comment_status>
		<wp:ping_status>closed</wp:ping_status>
		<wp:post_name>w-about-us2-img-2-opt</wp:post_name>
		<wp:status>inherit</wp:status>
		<wp:post_parent>10022</wp:post_parent>
		<wp:menu_order>0</wp:menu_order>
		<wp:post_type>attachment</wp:post_type>
		<wp:post_password></wp:post_password>
		<wp:is_sticky>0</wp:is_sticky>
						<wp:attachment_url>http://dummy.xtemos.com/woodmart-elementor/demos/wp-content/uploads/sites/2/2021/03/w-about-us2-img-2-opt.jpg</wp:attachment_url>
												<wp:postmeta>
			<wp:meta_key>_wp_attached_file</wp:meta_key>
			<wp:meta_value><![CDATA[2021/03/w-about-us2-img-2-opt.jpg]]></wp:meta_value>
		</wp:postmeta>
						</item>
					<item>
		<title>
				w-about-us2-img-3-opt		</title>
		<link>http://dummy.xtemos.com/woodmart-elementor/demos/about-us-4/w-about-us2-img-3-opt/</link>
		<pubDate>Thu, 18 Mar 2021 13:09:00 +0000</pubDate>
		<dc:creator><![CDATA[zakhar]]></dc:creator>
		<guid isPermaLink="false">http://dummy.xtemos.com/woodmart-elementor/demos/wp-content/uploads/sites/2/2021/03/w-about-us2-img-3-opt.jpg</guid>
		<description></description>
		<content:encoded><![CDATA[]]></content:encoded>
		<excerpt:encoded><![CDATA[]]></excerpt:encoded>
		<wp:post_id>10056</wp:post_id>
		<wp:post_date>2021-03-18 13:09:00</wp:post_date>
		<wp:post_date_gmt>2021-03-18 13:09:00</wp:post_date_gmt>
		<wp:comment_status>open</wp:comment_status>
		<wp:ping_status>closed</wp:ping_status>
		<wp:post_name>w-about-us2-img-3-opt</wp:post_name>
		<wp:status>inherit</wp:status>
		<wp:post_parent>10022</wp:post_parent>
		<wp:menu_order>0</wp:menu_order>
		<wp:post_type>attachment</wp:post_type>
		<wp:post_password></wp:post_password>
		<wp:is_sticky>0</wp:is_sticky>
						<wp:attachment_url>http://dummy.xtemos.com/woodmart-elementor/demos/wp-content/uploads/sites/2/2021/03/w-about-us2-img-3-opt.jpg</wp:attachment_url>
												<wp:postmeta>
			<wp:meta_key>_wp_attached_file</wp:meta_key>
			<wp:meta_value><![CDATA[2021/03/w-about-us2-img-3-opt.jpg]]></wp:meta_value>
		</wp:postmeta>
						</item>
					<item>
		<title>
				w-about-us2-img-4-opt		</title>
		<link>http://dummy.xtemos.com/woodmart-elementor/demos/about-us-4/w-about-us2-img-4-opt/</link>
		<pubDate>Thu, 18 Mar 2021 13:09:41 +0000</pubDate>
		<dc:creator><![CDATA[zakhar]]></dc:creator>
		<guid isPermaLink="false">http://dummy.xtemos.com/woodmart-elementor/demos/wp-content/uploads/sites/2/2021/03/w-about-us2-img-4-opt.jpg</guid>
		<description></description>
		<content:encoded><![CDATA[]]></content:encoded>
		<excerpt:encoded><![CDATA[]]></excerpt:encoded>
		<wp:post_id>10058</wp:post_id>
		<wp:post_date>2021-03-18 13:09:41</wp:post_date>
		<wp:post_date_gmt>2021-03-18 13:09:41</wp:post_date_gmt>
		<wp:comment_status>open</wp:comment_status>
		<wp:ping_status>closed</wp:ping_status>
		<wp:post_name>w-about-us2-img-4-opt</wp:post_name>
		<wp:status>inherit</wp:status>
		<wp:post_parent>10022</wp:post_parent>
		<wp:menu_order>0</wp:menu_order>
		<wp:post_type>attachment</wp:post_type>
		<wp:post_password></wp:post_password>
		<wp:is_sticky>0</wp:is_sticky>
						<wp:attachment_url>http://dummy.xtemos.com/woodmart-elementor/demos/wp-content/uploads/sites/2/2021/03/w-about-us2-img-4-opt.jpg</wp:attachment_url>
												<wp:postmeta>
			<wp:meta_key>_wp_attached_file</wp:meta_key>
			<wp:meta_value><![CDATA[2021/03/w-about-us2-img-4-opt.jpg]]></wp:meta_value>
		</wp:postmeta>
						</item>
					<item>
		<title>
				w-about-us2-per-3-opt		</title>
		<link>http://dummy.xtemos.com/woodmart-elementor/demos/about-us-4/w-about-us2-per-3-opt/</link>
		<pubDate>Thu, 18 Mar 2021 13:12:48 +0000</pubDate>
		<dc:creator><![CDATA[zakhar]]></dc:creator>
		<guid isPermaLink="false">http://dummy.xtemos.com/woodmart-elementor/demos/wp-content/uploads/sites/2/2021/03/w-about-us2-per-3-opt.jpg</guid>
		<description></description>
		<content:encoded><![CDATA[]]></content:encoded>
		<excerpt:encoded><![CDATA[]]></excerpt:encoded>
		<wp:post_id>10063</wp:post_id>
		<wp:post_date>2021-03-18 13:12:48</wp:post_date>
		<wp:post_date_gmt>2021-03-18 13:12:48</wp:post_date_gmt>
		<wp:comment_status>open</wp:comment_status>
		<wp:ping_status>closed</wp:ping_status>
		<wp:post_name>w-about-us2-per-3-opt</wp:post_name>
		<wp:status>inherit</wp:status>
		<wp:post_parent>10022</wp:post_parent>
		<wp:menu_order>0</wp:menu_order>
		<wp:post_type>attachment</wp:post_type>
		<wp:post_password></wp:post_password>
		<wp:is_sticky>0</wp:is_sticky>
						<wp:attachment_url>http://dummy.xtemos.com/woodmart-elementor/demos/wp-content/uploads/sites/2/2021/03/w-about-us2-per-3-opt.jpg</wp:attachment_url>
												<wp:postmeta>
			<wp:meta_key>_wp_attached_file</wp:meta_key>
			<wp:meta_value><![CDATA[2021/03/w-about-us2-per-3-opt.jpg]]></wp:meta_value>
		</wp:postmeta>
						</item>
					<item>
		<title>
				w-about-us2-per-4-opt		</title>
		<link>http://dummy.xtemos.com/woodmart-elementor/demos/about-us-4/w-about-us2-per-4-opt/</link>
		<pubDate>Thu, 18 Mar 2021 13:13:05 +0000</pubDate>
		<dc:creator><![CDATA[zakhar]]></dc:creator>
		<guid isPermaLink="false">http://dummy.xtemos.com/woodmart-elementor/demos/wp-content/uploads/sites/2/2021/03/w-about-us2-per-4-opt.jpg</guid>
		<description></description>
		<content:encoded><![CDATA[]]></content:encoded>
		<excerpt:encoded><![CDATA[]]></excerpt:encoded>
		<wp:post_id>10064</wp:post_id>
		<wp:post_date>2021-03-18 13:13:05</wp:post_date>
		<wp:post_date_gmt>2021-03-18 13:13:05</wp:post_date_gmt>
		<wp:comment_status>open</wp:comment_status>
		<wp:ping_status>closed</wp:ping_status>
		<wp:post_name>w-about-us2-per-4-opt</wp:post_name>
		<wp:status>inherit</wp:status>
		<wp:post_parent>10022</wp:post_parent>
		<wp:menu_order>0</wp:menu_order>
		<wp:post_type>attachment</wp:post_type>
		<wp:post_password></wp:post_password>
		<wp:is_sticky>0</wp:is_sticky>
						<wp:attachment_url>http://dummy.xtemos.com/woodmart-elementor/demos/wp-content/uploads/sites/2/2021/03/w-about-us2-per-4-opt.jpg</wp:attachment_url>
												<wp:postmeta>
			<wp:meta_key>_wp_attached_file</wp:meta_key>
			<wp:meta_value><![CDATA[2021/03/w-about-us2-per-4-opt.jpg]]></wp:meta_value>
		</wp:postmeta>
						</item>
				</channel>
</rss>
	