<?xml version="1.0" encoding="UTF-8" ?>
<!-- This is a WordPress eXtended RSS file generated by WordPress as an export of your site. -->
<!-- It contains information about your site's posts, pages, comments, categories, and other content. -->
<!-- You may use this file to transfer that content from one site to another. -->
<!-- This file is not intended to serve as a complete backup of your site. -->

<!-- To import this information into a WordPress site follow these steps: -->
<!-- 1. Log in to that site as an administrator. -->
<!-- 2. Go to Tools: Import in the WordPress admin panel. -->
<!-- 3. Install the "WordPress" importer from the list. -->
<!-- 4. Activate & Run Importer. -->
<!-- 5. Upload this file using the form provided on that page. -->
<!-- 6. You will first be asked to map the authors in this export file to users -->
<!--    on the site. For each author, you may choose to map to an -->
<!--    existing user on the site or to create a new user. -->
<!-- 7. WordPress will then import each of the posts, pages, comments, categories, etc. -->
<!--    contained in this file into your site. -->

<!-- generator="WordPress/5.3.6" created="2021-04-05 14:31" -->
<rss version="2.0"
	xmlns:excerpt="http://wordpress.org/export/1.2/excerpt/"
	xmlns:content="http://purl.org/rss/1.0/modules/content/"
	xmlns:wfw="http://wellformedweb.org/CommentAPI/"
	xmlns:dc="http://purl.org/dc/elements/1.1/"
	xmlns:wp="http://wordpress.org/export/1.2/"
>

<channel>
	<title>Woodmart dummy demos</title>
	<link>http://dummy.xtemos.com/woodmart/demos</link>
	<description>Just another Woodmart Dummy Content Sites site</description>
	<pubDate>Mon, 05 Apr 2021 14:31:46 +0000</pubDate>
	<language>en-US</language>
	<wp:wxr_version>1.2</wp:wxr_version>
	<wp:base_site_url>http://dummy.xtemos.com/woodmart/</wp:base_site_url>
	<wp:base_blog_url>http://dummy.xtemos.com/woodmart/demos</wp:base_blog_url>

	<wp:author><wp:author_id>4</wp:author_id><wp:author_login>zakhar</wp:author_login><wp:author_email>sdads@asdasd.asd</wp:author_email><wp:author_display_name><![CDATA[zakhar]]></wp:author_display_name><wp:author_first_name><![CDATA[]]></wp:author_first_name><wp:author_last_name><![CDATA[]]></wp:author_last_name></wp:author>


	<generator>https://wordpress.org/?v=5.3.6</generator>

	<item>
		<title>About Us 2</title>
		<link>http://dummy.xtemos.com/woodmart/demos/about-us-4/</link>
		<pubDate>Tue, 30 Mar 2021 12:16:23 +0000</pubDate>
		<dc:creator><![CDATA[zakhar]]></dc:creator>
		<guid isPermaLink="false">http://dummy.xtemos.com/woodmart/demos/?page_id=7158</guid>
		<description></description>
		<content:encoded><![CDATA[[vc_row full_width="stretch_row" css=".vc_custom_1615823146420{margin-top: -40px !important;margin-bottom: 12vh !important;padding-top: 12vh !important;padding-bottom: 8vh !important;background-color: #f9f9f9 !important;}" mobile_bg_img_hidden="no" tablet_bg_img_hidden="no" woodmart_parallax="0" woodmart_gradient_switch="no" row_reverse_mobile="0" row_reverse_tablet="0" woodmart_disable_overflow="0"][vc_column width="1/2" css=".vc_custom_1615823819707{padding-top: 40px !important;}" mobile_bg_img_hidden="no" tablet_bg_img_hidden="no" woodmart_parallax="0" woodmart_sticky_column="false" parallax_scroll="no" mobile_reset_margin="no" tablet_reset_margin="no"][vc_empty_space height="50px" woodmart_hide_large="0" woodmart_hide_medium="0" woodmart_hide_small="1" woodmart_hide_extra_small="1"][vc_row_inner content_placement="middle" row_reverse_mobile="0" row_reverse_tablet="0" css=".vc_custom_1615620421528{margin-bottom: 30px !important;}"][vc_column_inner width="1/3" css=".vc_custom_1615813698283{padding-top: 0px !important;}" offset="vc_col-lg-3 vc_col-md-3 vc_col-xs-4"][vc_single_image image="7160" img_size="full" style="vc_box_circle_2" parallax_scroll="no" css=".vc_custom_1617106887036{margin-bottom: 0px !important;}" woodmart_inline="no"][/vc_column_inner][vc_column_inner width="2/3" css=".vc_custom_1615813713538{padding-top: 0px !important;}" offset="vc_col-lg-9 vc_col-xs-8"][vc_column_text text_larger="no" el_class="text-larger font-text" css=".vc_custom_1617632675249{margin-right: 25px !important;margin-bottom: 0px !important;}" woodmart_inline="yes"]By <span style="color: #333333"><strong>Albert Flores</strong></span>[/vc_column_text][vc_single_image image="7176" img_size="86x60" css=".vc_custom_1617632643307{margin-bottom: 0px !important;}" woodmart_inline="yes" parallax_scroll="no"][/vc_column_inner][/vc_row_inner][woodmart_title size="large" align="left" woodmart_css_id="604f81871ad5b" title="Far far away, behind the word mountains, live texts" title_width="100"][/vc_column][vc_column width="1/2" css=".vc_custom_1615823804676{padding-top: 40px !important;}" mobile_bg_img_hidden="no" tablet_bg_img_hidden="no" woodmart_parallax="0" woodmart_sticky_column="false" parallax_scroll="no" mobile_reset_margin="no" tablet_reset_margin="no" offset="vc_col-lg-offset-1 vc_col-lg-4"][vc_empty_space height="50px" woodmart_hide_large="0" woodmart_hide_medium="0" woodmart_hide_small="1" woodmart_hide_extra_small="1"][woodmart_info_box icon_style="with-border" image="7162" image_alignment="left" woodmart_css_id="606317d0df451" img_size="42x42" title="Happy clients" svg_animation="no" info_box_inline="no" custom_text_size="eyJwYXJhbV90eXBlIjoid29vZG1hcnRfcmVzcG9uc2l2ZV9zaXplIiwiY3NzX2FyZ3MiOnsiZm9udC1zaXplIjpbIiAuaW5mby1ib3gtaW5uZXIiXX0sInNlbGVjdG9yX2lkIjoiNjA2MzE3ZDBkZjQ1MSIsImRhdGEiOnsiZGVza3RvcCI6IjE2cHgifX0=" icon_border_color="eyJwYXJhbV90eXBlIjoid29vZG1hcnRfY29sb3JwaWNrZXIiLCJjc3NfYXJncyI6eyJib3JkZXItY29sb3IiOlsiIC5pbmZvLWJveC1pY29uIl19LCJzZWxlY3Rvcl9pZCI6IjYwNjMxN2QwZGY0NTEiLCJkYXRhIjp7ImRlc2t0b3AiOiIjZTZlNmU2In19"]A wonderful serenity has taken possession of my entire soul.[/woodmart_info_box][woodmart_info_box icon_style="with-border" image="7161" image_alignment="left" woodmart_css_id="606317e789ab4" img_size="42x42" title="Finished works" svg_animation="no" info_box_inline="no" custom_text_size="eyJwYXJhbV90eXBlIjoid29vZG1hcnRfcmVzcG9uc2l2ZV9zaXplIiwiY3NzX2FyZ3MiOnsiZm9udC1zaXplIjpbIiAuaW5mby1ib3gtaW5uZXIiXX0sInNlbGVjdG9yX2lkIjoiNjA2MzE3ZTc4OWFiNCIsImRhdGEiOnsiZGVza3RvcCI6IjE2cHgifX0=" css=".vc_custom_1617106926425{margin-bottom: 0px !important;}" icon_border_color="eyJwYXJhbV90eXBlIjoid29vZG1hcnRfY29sb3JwaWNrZXIiLCJjc3NfYXJncyI6eyJib3JkZXItY29sb3IiOlsiIC5pbmZvLWJveC1pY29uIl19LCJzZWxlY3Rvcl9pZCI6IjYwNjMxN2U3ODlhYjQiLCJkYXRhIjp7ImRlc2t0b3AiOiIjZTZlNmU2In19"]Hierarchies of information, weight, emphasis process agreed.[/woodmart_info_box][/vc_column][/vc_row][vc_row mobile_bg_img_hidden="no" tablet_bg_img_hidden="no" woodmart_parallax="0" woodmart_gradient_switch="no" row_reverse_mobile="1" row_reverse_tablet="1" woodmart_disable_overflow="0" css=".vc_custom_1615813109770{margin-bottom: 4vh !important;}"][vc_column width="1/2" offset="vc_col-lg-3 vc_col-md-3 vc_col-xs-12" mobile_bg_img_hidden="no" tablet_bg_img_hidden="no" woodmart_parallax="0" woodmart_sticky_column="false" parallax_scroll="no" mobile_reset_margin="no" tablet_reset_margin="no" css=".vc_custom_1615812980475{padding-top: 0px !important;}"][team_member image="7164" name="Kristin Watson" position="CEO / Founder" align="center" size="small" style="colored" img_size="full" facebook="#" twitter="#" skype="#" instagram="#"][/team_member][/vc_column][vc_column width="1/2" css=".vc_custom_1615812974656{padding-top: 0px !important;}" offset="vc_col-lg-3 vc_col-md-3 vc_col-xs-12" mobile_bg_img_hidden="no" tablet_bg_img_hidden="no" woodmart_parallax="0" woodmart_sticky_column="false" parallax_scroll="no" mobile_reset_margin="no" tablet_reset_margin="no"][team_member image="7165" name="Dianne Russell" position="CEO / Founder" align="center" size="small" style="colored" img_size="full" facebook="#" twitter="#" skype="#" instagram="#"][/team_member][/vc_column][vc_column css=".vc_custom_1615813169706{margin-bottom: 4vh !important;margin-left: 30px !important;padding-top: 0px !important;}" mobile_bg_img_hidden="no" tablet_bg_img_hidden="no" woodmart_parallax="0" woodmart_sticky_column="false" parallax_scroll="no" mobile_reset_margin="yes" tablet_reset_margin="yes" offset="vc_col-lg-offset-0 vc_col-lg-6 vc_col-md-6 vc_col-xs-12"][vc_empty_space height="4vh" woodmart_hide_large="0" woodmart_hide_medium="0" woodmart_hide_small="1" woodmart_hide_extra_small="1"][vc_single_image image="7174" img_size="50x50" parallax_scroll="no" css=".vc_custom_1617107177512{margin-bottom: 20px !important;}" woodmart_inline="no"][woodmart_title size="large" align="left" woodmart_css_id="6050abdb658a2" title="We develop a convenient and beautiful design" title_width="90" after_title="Far far away, behind the word mountains, far from the countries Vokalia and Consonantia, there live the blind texts.You begin with a text, you information sculpt, you chisel away not needed." after_font_size="eyJwYXJhbV90eXBlIjoid29vZG1hcnRfcmVzcG9uc2l2ZV9zaXplIiwiY3NzX2FyZ3MiOnsiZm9udC1zaXplIjpbIiAudGl0bGUtYWZ0ZXJfdGl0bGUiXX0sInNlbGVjdG9yX2lkIjoiNjA1MGFiZGI2NThhMiIsImRhdGEiOnsiZGVza3RvcCI6IjE2cHgifX0="][woodmart_button color="primary" align="left" woodmart_css_id="604c6d9f8bae3" title="View more" link="url:%23|||" full_width="no" button_inline="no" button_smooth_scroll="no"][/vc_column][/vc_row][vc_row full_width="stretch_row" mobile_bg_img_hidden="no" tablet_bg_img_hidden="no" woodmart_parallax="0" woodmart_gradient_switch="no" row_reverse_mobile="0" row_reverse_tablet="0" woodmart_disable_overflow="0" css=".vc_custom_1615822729667{margin-bottom: 12vh !important;padding-top: 8vh !important;padding-bottom: 5vh !important;background-color: #f9f9f9 !important;}"][vc_column width="3/4" css=".vc_custom_1615813348573{margin-bottom: 4vh !important;padding-top: 0px !important;}" mobile_bg_img_hidden="no" tablet_bg_img_hidden="no" woodmart_parallax="0" woodmart_sticky_column="false" parallax_scroll="no" mobile_reset_margin="no" tablet_reset_margin="no" offset="vc_col-lg-4 vc_col-md-4 vc_col-xs-12"][vc_empty_space height="4vh" woodmart_hide_large="0" woodmart_hide_medium="0" woodmart_hide_small="1" woodmart_hide_extra_small="1"][woodmart_title size="large" color="primary" align="left" subtitle_font_weight="600" woodmart_css_id="604c781584c82" title="Take a look at the work of our team" title_width="90" subtitle="SOME WORDS ABOUT WORK" after_title="A wonderful serenity has taken possession of my entire soul, like these sweet mornings of spring which I enjoy with my whole heart."][woodmart_button color="primary" align="left" woodmart_css_id="604c7067e4589" title="View more" link="url:%23|||" full_width="no" button_inline="no" button_smooth_scroll="no"][/vc_column][vc_column width="1/2" css=".vc_custom_1615813625237{margin-bottom: 30px !important;padding-top: 0px !important;}" mobile_bg_img_hidden="no" tablet_bg_img_hidden="no" woodmart_parallax="0" woodmart_sticky_column="false" parallax_scroll="no" mobile_reset_margin="no" tablet_reset_margin="no" offset="vc_col-lg-4 vc_col-md-4 vc_col-xs-12"][promo_banner image="7167" style="mask" woodmart_color_scheme="light" content_text_size="medium" vertical_alignment="bottom" content_width="70" woodmart_css_id="6063183b7c1e6" img_size="full" link="url:%23|||" title="We be glad to work with you!" custom_title_size="eyJwYXJhbV90eXBlIjoid29vZG1hcnRfcmVzcG9uc2l2ZV9zaXplIiwiY3NzX2FyZ3MiOnsiZm9udC1zaXplIjpbIiAuYmFubmVyLXRpdGxlIl19LCJzZWxlY3Rvcl9pZCI6IjYwNjMxODNiN2MxZTYiLCJkYXRhIjp7ImRlc2t0b3AiOiIyNHB4In19" hide_btn_tablet="no" hide_btn_mobile="no" increase_spaces="no"]Reversing gears when[/promo_banner][vc_empty_space height="30px" woodmart_hide_large="0" woodmart_hide_medium="0" woodmart_hide_small="0" woodmart_hide_extra_small="0"][promo_banner image="7166" style="mask" woodmart_color_scheme="light" content_text_size="medium" vertical_alignment="bottom" content_width="80" woodmart_css_id="6063185262b98" img_size="full" link="url:%23|||" title="New ways to bring your ideas to life" custom_title_size="eyJwYXJhbV90eXBlIjoid29vZG1hcnRfcmVzcG9uc2l2ZV9zaXplIiwiY3NzX2FyZ3MiOnsiZm9udC1zaXplIjpbIiAuYmFubmVyLXRpdGxlIl19LCJzZWxlY3Rvcl9pZCI6IjYwNjMxODUyNjJiOTgiLCJkYXRhIjp7ImRlc2t0b3AiOiIyNHB4In19" hide_btn_tablet="no" hide_btn_mobile="no" increase_spaces="no"]Subtle cues that also visual[/promo_banner][/vc_column][vc_column width="1/2" css=".vc_custom_1615813636419{margin-bottom: 30px !important;padding-top: 0px !important;}" mobile_bg_img_hidden="no" tablet_bg_img_hidden="no" woodmart_parallax="0" woodmart_sticky_column="false" parallax_scroll="no" mobile_reset_margin="no" tablet_reset_margin="no" offset="vc_col-lg-4 vc_col-md-4 vc_col-xs-12"][promo_banner image="7168" style="mask" woodmart_color_scheme="light" content_text_size="medium" vertical_alignment="bottom" content_width="80" woodmart_css_id="6063185d9c0ce" img_size="full" link="url:%23|||" title="Our company history and facts" custom_title_size="eyJwYXJhbV90eXBlIjoid29vZG1hcnRfcmVzcG9uc2l2ZV9zaXplIiwiY3NzX2FyZ3MiOnsiZm9udC1zaXplIjpbIiAuYmFubmVyLXRpdGxlIl19LCJzZWxlY3Rvcl9pZCI6IjYwNjMxODVkOWMwY2UiLCJkYXRhIjp7ImRlc2t0b3AiOiIyNHB4In19" hide_btn_tablet="no" hide_btn_mobile="no" increase_spaces="no"]Depending on the state of[/promo_banner][vc_empty_space height="30px" woodmart_hide_large="0" woodmart_hide_medium="0" woodmart_hide_small="0" woodmart_hide_extra_small="0"][promo_banner image="7169" style="mask" woodmart_color_scheme="light" content_text_size="medium" vertical_alignment="bottom" content_width="80" woodmart_css_id="6063186cce66e" img_size="full" link="url:%23|||" title="We take every aspects" custom_title_size="eyJwYXJhbV90eXBlIjoid29vZG1hcnRfcmVzcG9uc2l2ZV9zaXplIiwiY3NzX2FyZ3MiOnsiZm9udC1zaXplIjpbIiAuYmFubmVyLXRpdGxlIl19LCJzZWxlY3Rvcl9pZCI6IjYwNjMxODZjY2U2NmUiLCJkYXRhIjp7ImRlc2t0b3AiOiIyNHB4In19" hide_btn_tablet="no" hide_btn_mobile="no" increase_spaces="no"]A wonderful serenity taken[/promo_banner][/vc_column][/vc_row][vc_row css=".vc_custom_1615813382328{margin-bottom: 4vh !important;}" mobile_bg_img_hidden="no" tablet_bg_img_hidden="no" woodmart_parallax="0" woodmart_gradient_switch="no" row_reverse_mobile="0" row_reverse_tablet="0" woodmart_disable_overflow="0"][vc_column css=".vc_custom_1615813418845{margin-right: 30px !important;margin-bottom: 4vh !important;padding-top: 0px !important;}" mobile_bg_img_hidden="no" tablet_bg_img_hidden="no" woodmart_parallax="0" woodmart_sticky_column="false" parallax_scroll="no" mobile_reset_margin="yes" tablet_reset_margin="yes" offset="vc_col-lg-6 vc_col-md-6 vc_col-xs-12"][vc_empty_space height="4vh" woodmart_hide_large="0" woodmart_hide_medium="0" woodmart_hide_small="1" woodmart_hide_extra_small="1"][vc_single_image image="7173" img_size="50x50" alignment="right" parallax_scroll="no" css=".vc_custom_1617107186381{margin-bottom: 20px !important;}" woodmart_inline="no"][woodmart_title size="large" align="right" woodmart_css_id="6050ab9984237" title="We develop a convenient and beautiful design" title_width="90" after_title="Usually, we prefer the real thing, wine without sulfur based preservatives, real butter, not margarine, and so we'd like our layouts and designs to be filled with real words with thoughts that count." after_font_size="eyJwYXJhbV90eXBlIjoid29vZG1hcnRfcmVzcG9uc2l2ZV9zaXplIiwiY3NzX2FyZ3MiOnsiZm9udC1zaXplIjpbIiAudGl0bGUtYWZ0ZXJfdGl0bGUiXX0sInNlbGVjdG9yX2lkIjoiNjA1MGFiOTk4NDIzNyIsImRhdGEiOnsiZGVza3RvcCI6IjE2cHgifX0="][woodmart_button color="primary" align="right" woodmart_css_id="604c71cf66e75" title="View more" link="url:%23|||" full_width="no" button_inline="no" button_smooth_scroll="no"][/vc_column][vc_column width="1/2" css=".vc_custom_1615813430851{padding-top: 0px !important;}" mobile_bg_img_hidden="no" tablet_bg_img_hidden="no" woodmart_parallax="0" woodmart_sticky_column="false" parallax_scroll="no" mobile_reset_margin="no" tablet_reset_margin="no" offset="vc_col-lg-3 vc_col-md-3 vc_col-xs-12"][team_member image="7170" name="Marvin McKinney" position="CEO / Founder" align="center" size="small" style="colored" img_size="full" facebook="#" twitter="#" skype="#" instagram="#"][/team_member][/vc_column][vc_column width="1/2" css=".vc_custom_1615813440296{padding-top: 0px !important;}" mobile_bg_img_hidden="no" tablet_bg_img_hidden="no" woodmart_parallax="0" woodmart_sticky_column="false" parallax_scroll="no" mobile_reset_margin="no" tablet_reset_margin="no" offset="vc_col-lg-3 vc_col-md-3 vc_col-xs-12"][team_member image="7171" name="Brandie Russell" position="CEO / Founder" align="center" size="small" style="colored" img_size="full" facebook="#" twitter="#" skype="#" instagram="#"][/team_member][/vc_column][/vc_row][vc_row full_width="stretch_row" content_placement="bottom" css=".vc_custom_1615813515024{margin-bottom: -40px !important;padding-top: 8vh !important;padding-bottom: 4vh !important;background-color: #83b735 !important;}" mobile_bg_img_hidden="no" tablet_bg_img_hidden="no" woodmart_parallax="0" woodmart_gradient_switch="no" row_reverse_mobile="0" row_reverse_tablet="0" woodmart_disable_overflow="0"][vc_column css=".vc_custom_1615813521519{margin-bottom: 4vh !important;padding-top: 0px !important;}" mobile_bg_img_hidden="no" tablet_bg_img_hidden="no" woodmart_parallax="0" woodmart_sticky_column="false" parallax_scroll="no" mobile_reset_margin="no" tablet_reset_margin="no" offset="vc_col-lg-6 vc_col-md-6 vc_col-xs-12"][woodmart_title size="large" color="white" align="left" subtitle_font_weight="600" woodmart_css_id="604f5b92b9c40" title="''Excellence is not a skill it's an attitude'' - Ralph Marston" title_width="100" subtitle="WOODMART - BEST THEME OF ALL TIME" css=".vc_custom_1615813524987{margin-bottom: 0px !important;}"][/vc_column][vc_column woodmart_color_scheme="light" css=".vc_custom_1615813528988{margin-bottom: 4vh !important;padding-top: 0px !important;}" mobile_bg_img_hidden="no" tablet_bg_img_hidden="no" woodmart_parallax="0" woodmart_sticky_column="false" parallax_scroll="no" mobile_reset_margin="no" tablet_reset_margin="no" offset="vc_col-lg-6 vc_col-md-6 vc_col-xs-12"][vc_column_text css=".vc_custom_1615823942976{margin-bottom: 0px !important;}" text_larger="no" el_class="text-larger"]A wonderful serenity has taken possession of my entire soul, like these sweet mornings of spring which I enjoy with my whole heart. I am alone, and feel the charm of existence in this spot, which was created for the bliss of souls like mine.

<a href="http://xtemos.com"><strong><em>Developed by <span style="color: #cd1d1d">X</span>temos Studio @ 2021.</em></strong></a>[/vc_column_text][/vc_column][/vc_row]]]></content:encoded>
		<excerpt:encoded><![CDATA[]]></excerpt:encoded>
		<wp:post_id>7158</wp:post_id>
		<wp:post_date>2021-03-30 12:16:23</wp:post_date>
		<wp:post_date_gmt>2021-03-30 12:16:23</wp:post_date_gmt>
		<wp:comment_status>closed</wp:comment_status>
		<wp:ping_status>closed</wp:ping_status>
		<wp:post_name>about-us-4</wp:post_name>
		<wp:status>publish</wp:status>
		<wp:post_parent>0</wp:post_parent>
		<wp:menu_order>0</wp:menu_order>
		<wp:post_type>page</wp:post_type>
		<wp:post_password></wp:post_password>
		<wp:is_sticky>0</wp:is_sticky>
		<wp:postmeta>
			<wp:meta_key>_wp_page_template</wp:meta_key>
			<wp:meta_value><![CDATA[default]]></wp:meta_value>
		</wp:postmeta>
		<wp:postmeta>
			<wp:meta_key>rs_page_bg_color</wp:meta_key>
			<wp:meta_value><![CDATA[#ffffff]]></wp:meta_value>
		</wp:postmeta>
		<wp:postmeta>
			<wp:meta_key>woodmart_shortcodes_custom_css</wp:meta_key>
			<wp:meta_value><![CDATA[#wd-606317d0df451 .info-box-icon{border-color:#e6e6e6;}#wd-606317d0df451 .info-box-inner{line-height:26px;font-size:16px;}#wd-606317e789ab4 .info-box-icon{border-color:#e6e6e6;}#wd-606317e789ab4 .info-box-inner{line-height:26px;font-size:16px;}#wd-6050abdb658a2 .title-after_title{line-height:26px;font-size:16px;}#wd-6063183b7c1e6 .banner-title{line-height:34px;font-size:24px;}#wd-6063185262b98 .banner-title{line-height:34px;font-size:24px;}#wd-6063185d9c0ce .banner-title{line-height:34px;font-size:24px;}#wd-6063186cce66e .banner-title{line-height:34px;font-size:24px;}#wd-6050ab9984237 .title-after_title{line-height:26px;font-size:16px;}]]></wp:meta_value>
		</wp:postmeta>
		<wp:postmeta>
			<wp:meta_key>_woodmart_mobile_content</wp:meta_key>
			<wp:meta_value><![CDATA[]]></wp:meta_value>
		</wp:postmeta>
		<wp:postmeta>
			<wp:meta_key>_woodmart_whb_header</wp:meta_key>
			<wp:meta_value><![CDATA[none]]></wp:meta_value>
		</wp:postmeta>
		<wp:postmeta>
			<wp:meta_key>_woodmart_title_off</wp:meta_key>
			<wp:meta_value><![CDATA[on]]></wp:meta_value>
		</wp:postmeta>
		<wp:postmeta>
			<wp:meta_key>_woodmart_title_image</wp:meta_key>
			<wp:meta_value><![CDATA[]]></wp:meta_value>
		</wp:postmeta>
		<wp:postmeta>
			<wp:meta_key>_woodmart_title_bg_color</wp:meta_key>
			<wp:meta_value><![CDATA[]]></wp:meta_value>
		</wp:postmeta>
		<wp:postmeta>
			<wp:meta_key>_woodmart_page-title-size</wp:meta_key>
			<wp:meta_value><![CDATA[inherit]]></wp:meta_value>
		</wp:postmeta>
		<wp:postmeta>
			<wp:meta_key>_woodmart_main_layout</wp:meta_key>
			<wp:meta_value><![CDATA[full-width]]></wp:meta_value>
		</wp:postmeta>
		<wp:postmeta>
			<wp:meta_key>_wpb_shortcodes_custom_css</wp:meta_key>
			<wp:meta_value><![CDATA[.vc_custom_1615823146420{margin-top: -40px !important;margin-bottom: 12vh !important;padding-top: 12vh !important;padding-bottom: 8vh !important;background-color: #f9f9f9 !important;}.vc_custom_1615813109770{margin-bottom: 4vh !important;}.vc_custom_1615822729667{margin-bottom: 12vh !important;padding-top: 8vh !important;padding-bottom: 5vh !important;background-color: #f9f9f9 !important;}.vc_custom_1615813382328{margin-bottom: 4vh !important;}.vc_custom_1615813515024{margin-bottom: -40px !important;padding-top: 8vh !important;padding-bottom: 4vh !important;background-color: #83b735 !important;}.vc_custom_1615823819707{padding-top: 40px !important;}.vc_custom_1615823804676{padding-top: 40px !important;}.vc_custom_1615620421528{margin-bottom: 30px !important;}.vc_custom_1615813698283{padding-top: 0px !important;}.vc_custom_1615813713538{padding-top: 0px !important;}.vc_custom_1617106887036{margin-bottom: 0px !important;}.vc_custom_1617632675249{margin-right: 25px !important;margin-bottom: 0px !important;}.vc_custom_1617632643307{margin-bottom: 0px !important;}.vc_custom_1617106926425{margin-bottom: 0px !important;}.vc_custom_1615812980475{padding-top: 0px !important;}.vc_custom_1615812974656{padding-top: 0px !important;}.vc_custom_1615813169706{margin-bottom: 4vh !important;margin-left: 30px !important;padding-top: 0px !important;}.vc_custom_1617107177512{margin-bottom: 20px !important;}.vc_custom_1615813348573{margin-bottom: 4vh !important;padding-top: 0px !important;}.vc_custom_1615813625237{margin-bottom: 30px !important;padding-top: 0px !important;}.vc_custom_1615813636419{margin-bottom: 30px !important;padding-top: 0px !important;}.vc_custom_1615813418845{margin-right: 30px !important;margin-bottom: 4vh !important;padding-top: 0px !important;}.vc_custom_1615813430851{padding-top: 0px !important;}.vc_custom_1615813440296{padding-top: 0px !important;}.vc_custom_1617107186381{margin-bottom: 20px !important;}.vc_custom_1615813521519{margin-bottom: 4vh !important;padding-top: 0px !important;}.vc_custom_1615813528988{margin-bottom: 4vh !important;padding-top: 0px !important;}.vc_custom_1615813524987{margin-bottom: 0px !important;}.vc_custom_1615823942976{margin-bottom: 0px !important;}]]></wp:meta_value>
		</wp:postmeta>
		<wp:postmeta>
			<wp:meta_key>wd_page_css_files</wp:meta_key>
			<wp:meta_value><![CDATA[a:14:{i:0;s:12:"wp-gutenberg";i:1;s:5:"wpcf7";i:2;s:5:"mc4wp";i:3;s:17:"revolution-slider";i:4;s:17:"woo-yith-wishlist";i:5;s:13:"wpbakery-base";i:6;s:13:"notices-fixed";i:7;s:16:"woocommerce-base";i:8;s:12:"social-icons";i:9;s:13:"section-title";i:10;s:8:"info-box";i:11;s:11:"team-member";i:12;s:6:"banner";i:13;s:10:"scroll-top";}]]></wp:meta_value>
		</wp:postmeta>
	</item>
	<item>
		<title>w-about-us2-ava-top-opt</title>
		<link>http://dummy.xtemos.com/woodmart/demos/about-us-4/w-about-us2-ava-top-opt/</link>
		<pubDate>Tue, 30 Mar 2021 12:21:23 +0000</pubDate>
		<dc:creator><![CDATA[zakhar]]></dc:creator>
		<guid isPermaLink="false">http://dummy.xtemos.com/woodmart/demos/wp-content/uploads/sites/2/2021/03/w-about-us2-ava-top-opt.jpg</guid>
		<description></description>
		<content:encoded><![CDATA[]]></content:encoded>
		<excerpt:encoded><![CDATA[]]></excerpt:encoded>
		<wp:post_id>7160</wp:post_id>
		<wp:post_date>2021-03-30 12:21:23</wp:post_date>
		<wp:post_date_gmt>2021-03-30 12:21:23</wp:post_date_gmt>
		<wp:comment_status>open</wp:comment_status>
		<wp:ping_status>closed</wp:ping_status>
		<wp:post_name>w-about-us2-ava-top-opt</wp:post_name>
		<wp:status>inherit</wp:status>
		<wp:post_parent>7158</wp:post_parent>
		<wp:menu_order>0</wp:menu_order>
		<wp:post_type>attachment</wp:post_type>
		<wp:post_password></wp:post_password>
		<wp:is_sticky>0</wp:is_sticky>
		<wp:attachment_url>http://dummy.xtemos.com/woodmart/demos/wp-content/uploads/sites/2/2021/03/w-about-us2-ava-top-opt.jpg</wp:attachment_url>
		<wp:postmeta>
			<wp:meta_key>_wp_attached_file</wp:meta_key>
			<wp:meta_value><![CDATA[2021/03/w-about-us2-ava-top-opt.jpg]]></wp:meta_value>
		</wp:postmeta>
	</item>
	<item>
		<title>w-finished-works</title>
		<link>http://dummy.xtemos.com/woodmart/demos/about-us-4/w-finished-works/</link>
		<pubDate>Tue, 30 Mar 2021 12:21:50 +0000</pubDate>
		<dc:creator><![CDATA[zakhar]]></dc:creator>
		<guid isPermaLink="false">http://dummy.xtemos.com/woodmart/demos/wp-content/uploads/sites/2/2021/03/w-finished-works.svg</guid>
		<description></description>
		<content:encoded><![CDATA[]]></content:encoded>
		<excerpt:encoded><![CDATA[]]></excerpt:encoded>
		<wp:post_id>7161</wp:post_id>
		<wp:post_date>2021-03-30 12:21:50</wp:post_date>
		<wp:post_date_gmt>2021-03-30 12:21:50</wp:post_date_gmt>
		<wp:comment_status>open</wp:comment_status>
		<wp:ping_status>closed</wp:ping_status>
		<wp:post_name>w-finished-works</wp:post_name>
		<wp:status>inherit</wp:status>
		<wp:post_parent>7158</wp:post_parent>
		<wp:menu_order>0</wp:menu_order>
		<wp:post_type>attachment</wp:post_type>
		<wp:post_password></wp:post_password>
		<wp:is_sticky>0</wp:is_sticky>
		<wp:attachment_url>http://dummy.xtemos.com/woodmart/demos/wp-content/uploads/sites/2/2021/03/w-finished-works.svg</wp:attachment_url>
		<wp:postmeta>
			<wp:meta_key>_wp_attached_file</wp:meta_key>
			<wp:meta_value><![CDATA[2021/03/w-finished-works.svg]]></wp:meta_value>
		</wp:postmeta>
	</item>
	<item>
		<title>w-happy-clients</title>
		<link>http://dummy.xtemos.com/woodmart/demos/about-us-4/w-happy-clients/</link>
		<pubDate>Tue, 30 Mar 2021 12:21:51 +0000</pubDate>
		<dc:creator><![CDATA[zakhar]]></dc:creator>
		<guid isPermaLink="false">http://dummy.xtemos.com/woodmart/demos/wp-content/uploads/sites/2/2021/03/w-happy-clients.svg</guid>
		<description></description>
		<content:encoded><![CDATA[]]></content:encoded>
		<excerpt:encoded><![CDATA[]]></excerpt:encoded>
		<wp:post_id>7162</wp:post_id>
		<wp:post_date>2021-03-30 12:21:51</wp:post_date>
		<wp:post_date_gmt>2021-03-30 12:21:51</wp:post_date_gmt>
		<wp:comment_status>open</wp:comment_status>
		<wp:ping_status>closed</wp:ping_status>
		<wp:post_name>w-happy-clients</wp:post_name>
		<wp:status>inherit</wp:status>
		<wp:post_parent>7158</wp:post_parent>
		<wp:menu_order>0</wp:menu_order>
		<wp:post_type>attachment</wp:post_type>
		<wp:post_password></wp:post_password>
		<wp:is_sticky>0</wp:is_sticky>
		<wp:attachment_url>http://dummy.xtemos.com/woodmart/demos/wp-content/uploads/sites/2/2021/03/w-happy-clients.svg</wp:attachment_url>
		<wp:postmeta>
			<wp:meta_key>_wp_attached_file</wp:meta_key>
			<wp:meta_value><![CDATA[2021/03/w-happy-clients.svg]]></wp:meta_value>
		</wp:postmeta>
	</item>
	<item>
		<title>w-about-us2-per-1-opt-1</title>
		<link>http://dummy.xtemos.com/woodmart/demos/about-us-4/w-about-us2-per-1-opt-1/</link>
		<pubDate>Tue, 30 Mar 2021 12:22:24 +0000</pubDate>
		<dc:creator><![CDATA[zakhar]]></dc:creator>
		<guid isPermaLink="false">http://dummy.xtemos.com/woodmart/demos/wp-content/uploads/sites/2/2021/03/w-about-us2-per-1-opt-1.jpg</guid>
		<description></description>
		<content:encoded><![CDATA[]]></content:encoded>
		<excerpt:encoded><![CDATA[]]></excerpt:encoded>
		<wp:post_id>7164</wp:post_id>
		<wp:post_date>2021-03-30 12:22:24</wp:post_date>
		<wp:post_date_gmt>2021-03-30 12:22:24</wp:post_date_gmt>
		<wp:comment_status>open</wp:comment_status>
		<wp:ping_status>closed</wp:ping_status>
		<wp:post_name>w-about-us2-per-1-opt-1</wp:post_name>
		<wp:status>inherit</wp:status>
		<wp:post_parent>7158</wp:post_parent>
		<wp:menu_order>0</wp:menu_order>
		<wp:post_type>attachment</wp:post_type>
		<wp:post_password></wp:post_password>
		<wp:is_sticky>0</wp:is_sticky>
		<wp:attachment_url>http://dummy.xtemos.com/woodmart/demos/wp-content/uploads/sites/2/2021/03/w-about-us2-per-1-opt-1.jpg</wp:attachment_url>
		<wp:postmeta>
			<wp:meta_key>_wp_attached_file</wp:meta_key>
			<wp:meta_value><![CDATA[2021/03/w-about-us2-per-1-opt-1.jpg]]></wp:meta_value>
		</wp:postmeta>
	</item>
	<item>
		<title>w-about-us2-per-2-opt-1</title>
		<link>http://dummy.xtemos.com/woodmart/demos/about-us-4/w-about-us2-per-2-opt-1/</link>
		<pubDate>Tue, 30 Mar 2021 12:22:35 +0000</pubDate>
		<dc:creator><![CDATA[zakhar]]></dc:creator>
		<guid isPermaLink="false">http://dummy.xtemos.com/woodmart/demos/wp-content/uploads/sites/2/2021/03/w-about-us2-per-2-opt-1.jpg</guid>
		<description></description>
		<content:encoded><![CDATA[]]></content:encoded>
		<excerpt:encoded><![CDATA[]]></excerpt:encoded>
		<wp:post_id>7165</wp:post_id>
		<wp:post_date>2021-03-30 12:22:35</wp:post_date>
		<wp:post_date_gmt>2021-03-30 12:22:35</wp:post_date_gmt>
		<wp:comment_status>open</wp:comment_status>
		<wp:ping_status>closed</wp:ping_status>
		<wp:post_name>w-about-us2-per-2-opt-1</wp:post_name>
		<wp:status>inherit</wp:status>
		<wp:post_parent>7158</wp:post_parent>
		<wp:menu_order>0</wp:menu_order>
		<wp:post_type>attachment</wp:post_type>
		<wp:post_password></wp:post_password>
		<wp:is_sticky>0</wp:is_sticky>
		<wp:attachment_url>http://dummy.xtemos.com/woodmart/demos/wp-content/uploads/sites/2/2021/03/w-about-us2-per-2-opt-1.jpg</wp:attachment_url>
		<wp:postmeta>
			<wp:meta_key>_wp_attached_file</wp:meta_key>
			<wp:meta_value><![CDATA[2021/03/w-about-us2-per-2-opt-1.jpg]]></wp:meta_value>
		</wp:postmeta>
	</item>
	<item>
		<title>w-about-us2-img-1-opt</title>
		<link>http://dummy.xtemos.com/woodmart/demos/about-us-4/w-about-us2-img-1-opt/</link>
		<pubDate>Tue, 30 Mar 2021 12:23:09 +0000</pubDate>
		<dc:creator><![CDATA[zakhar]]></dc:creator>
		<guid isPermaLink="false">http://dummy.xtemos.com/woodmart/demos/wp-content/uploads/sites/2/2021/03/w-about-us2-img-1-opt.jpg</guid>
		<description></description>
		<content:encoded><![CDATA[]]></content:encoded>
		<excerpt:encoded><![CDATA[]]></excerpt:encoded>
		<wp:post_id>7166</wp:post_id>
		<wp:post_date>2021-03-30 12:23:09</wp:post_date>
		<wp:post_date_gmt>2021-03-30 12:23:09</wp:post_date_gmt>
		<wp:comment_status>open</wp:comment_status>
		<wp:ping_status>closed</wp:ping_status>
		<wp:post_name>w-about-us2-img-1-opt</wp:post_name>
		<wp:status>inherit</wp:status>
		<wp:post_parent>7158</wp:post_parent>
		<wp:menu_order>0</wp:menu_order>
		<wp:post_type>attachment</wp:post_type>
		<wp:post_password></wp:post_password>
		<wp:is_sticky>0</wp:is_sticky>
		<wp:attachment_url>http://dummy.xtemos.com/woodmart/demos/wp-content/uploads/sites/2/2021/03/w-about-us2-img-1-opt.jpg</wp:attachment_url>
		<wp:postmeta>
			<wp:meta_key>_wp_attached_file</wp:meta_key>
			<wp:meta_value><![CDATA[2021/03/w-about-us2-img-1-opt.jpg]]></wp:meta_value>
		</wp:postmeta>
	</item>
	<item>
		<title>w-about-us2-img-3-opt</title>
		<link>http://dummy.xtemos.com/woodmart/demos/about-us-4/w-about-us2-img-3-opt/</link>
		<pubDate>Tue, 30 Mar 2021 12:23:36 +0000</pubDate>
		<dc:creator><![CDATA[zakhar]]></dc:creator>
		<guid isPermaLink="false">http://dummy.xtemos.com/woodmart/demos/wp-content/uploads/sites/2/2021/03/w-about-us2-img-3-opt.jpg</guid>
		<description></description>
		<content:encoded><![CDATA[]]></content:encoded>
		<excerpt:encoded><![CDATA[]]></excerpt:encoded>
		<wp:post_id>7167</wp:post_id>
		<wp:post_date>2021-03-30 12:23:36</wp:post_date>
		<wp:post_date_gmt>2021-03-30 12:23:36</wp:post_date_gmt>
		<wp:comment_status>open</wp:comment_status>
		<wp:ping_status>closed</wp:ping_status>
		<wp:post_name>w-about-us2-img-3-opt</wp:post_name>
		<wp:status>inherit</wp:status>
		<wp:post_parent>7158</wp:post_parent>
		<wp:menu_order>0</wp:menu_order>
		<wp:post_type>attachment</wp:post_type>
		<wp:post_password></wp:post_password>
		<wp:is_sticky>0</wp:is_sticky>
		<wp:attachment_url>http://dummy.xtemos.com/woodmart/demos/wp-content/uploads/sites/2/2021/03/w-about-us2-img-3-opt.jpg</wp:attachment_url>
		<wp:postmeta>
			<wp:meta_key>_wp_attached_file</wp:meta_key>
			<wp:meta_value><![CDATA[2021/03/w-about-us2-img-3-opt.jpg]]></wp:meta_value>
		</wp:postmeta>
	</item>
	<item>
		<title>w-about-us2-img-2-opt</title>
		<link>http://dummy.xtemos.com/woodmart/demos/about-us-4/w-about-us2-img-2-opt/</link>
		<pubDate>Tue, 30 Mar 2021 12:24:06 +0000</pubDate>
		<dc:creator><![CDATA[zakhar]]></dc:creator>
		<guid isPermaLink="false">http://dummy.xtemos.com/woodmart/demos/wp-content/uploads/sites/2/2021/03/w-about-us2-img-2-opt.jpg</guid>
		<description></description>
		<content:encoded><![CDATA[]]></content:encoded>
		<excerpt:encoded><![CDATA[]]></excerpt:encoded>
		<wp:post_id>7168</wp:post_id>
		<wp:post_date>2021-03-30 12:24:06</wp:post_date>
		<wp:post_date_gmt>2021-03-30 12:24:06</wp:post_date_gmt>
		<wp:comment_status>open</wp:comment_status>
		<wp:ping_status>closed</wp:ping_status>
		<wp:post_name>w-about-us2-img-2-opt</wp:post_name>
		<wp:status>inherit</wp:status>
		<wp:post_parent>7158</wp:post_parent>
		<wp:menu_order>0</wp:menu_order>
		<wp:post_type>attachment</wp:post_type>
		<wp:post_password></wp:post_password>
		<wp:is_sticky>0</wp:is_sticky>
		<wp:attachment_url>http://dummy.xtemos.com/woodmart/demos/wp-content/uploads/sites/2/2021/03/w-about-us2-img-2-opt.jpg</wp:attachment_url>
		<wp:postmeta>
			<wp:meta_key>_wp_attached_file</wp:meta_key>
			<wp:meta_value><![CDATA[2021/03/w-about-us2-img-2-opt.jpg]]></wp:meta_value>
		</wp:postmeta>
	</item>
	<item>
		<title>w-about-us2-img-4-opt</title>
		<link>http://dummy.xtemos.com/woodmart/demos/about-us-4/w-about-us2-img-4-opt/</link>
		<pubDate>Tue, 30 Mar 2021 12:24:19 +0000</pubDate>
		<dc:creator><![CDATA[zakhar]]></dc:creator>
		<guid isPermaLink="false">http://dummy.xtemos.com/woodmart/demos/wp-content/uploads/sites/2/2021/03/w-about-us2-img-4-opt.jpg</guid>
		<description></description>
		<content:encoded><![CDATA[]]></content:encoded>
		<excerpt:encoded><![CDATA[]]></excerpt:encoded>
		<wp:post_id>7169</wp:post_id>
		<wp:post_date>2021-03-30 12:24:19</wp:post_date>
		<wp:post_date_gmt>2021-03-30 12:24:19</wp:post_date_gmt>
		<wp:comment_status>open</wp:comment_status>
		<wp:ping_status>closed</wp:ping_status>
		<wp:post_name>w-about-us2-img-4-opt</wp:post_name>
		<wp:status>inherit</wp:status>
		<wp:post_parent>7158</wp:post_parent>
		<wp:menu_order>0</wp:menu_order>
		<wp:post_type>attachment</wp:post_type>
		<wp:post_password></wp:post_password>
		<wp:is_sticky>0</wp:is_sticky>
		<wp:attachment_url>http://dummy.xtemos.com/woodmart/demos/wp-content/uploads/sites/2/2021/03/w-about-us2-img-4-opt.jpg</wp:attachment_url>
		<wp:postmeta>
			<wp:meta_key>_wp_attached_file</wp:meta_key>
			<wp:meta_value><![CDATA[2021/03/w-about-us2-img-4-opt.jpg]]></wp:meta_value>
		</wp:postmeta>
	</item>
	<item>
		<title>w-about-us2-per-3-opt-1</title>
		<link>http://dummy.xtemos.com/woodmart/demos/about-us-4/w-about-us2-per-3-opt-1/</link>
		<pubDate>Tue, 30 Mar 2021 12:24:32 +0000</pubDate>
		<dc:creator><![CDATA[zakhar]]></dc:creator>
		<guid isPermaLink="false">http://dummy.xtemos.com/woodmart/demos/wp-content/uploads/sites/2/2021/03/w-about-us2-per-3-opt-1.jpg</guid>
		<description></description>
		<content:encoded><![CDATA[]]></content:encoded>
		<excerpt:encoded><![CDATA[]]></excerpt:encoded>
		<wp:post_id>7170</wp:post_id>
		<wp:post_date>2021-03-30 12:24:32</wp:post_date>
		<wp:post_date_gmt>2021-03-30 12:24:32</wp:post_date_gmt>
		<wp:comment_status>open</wp:comment_status>
		<wp:ping_status>closed</wp:ping_status>
		<wp:post_name>w-about-us2-per-3-opt-1</wp:post_name>
		<wp:status>inherit</wp:status>
		<wp:post_parent>7158</wp:post_parent>
		<wp:menu_order>0</wp:menu_order>
		<wp:post_type>attachment</wp:post_type>
		<wp:post_password></wp:post_password>
		<wp:is_sticky>0</wp:is_sticky>
		<wp:attachment_url>http://dummy.xtemos.com/woodmart/demos/wp-content/uploads/sites/2/2021/03/w-about-us2-per-3-opt-1.jpg</wp:attachment_url>
		<wp:postmeta>
			<wp:meta_key>_wp_attached_file</wp:meta_key>
			<wp:meta_value><![CDATA[2021/03/w-about-us2-per-3-opt-1.jpg]]></wp:meta_value>
		</wp:postmeta>
	</item>
	<item>
		<title>w-about-us2-per-4-opt-1</title>
		<link>http://dummy.xtemos.com/woodmart/demos/about-us-4/w-about-us2-per-4-opt-1/</link>
		<pubDate>Tue, 30 Mar 2021 12:24:54 +0000</pubDate>
		<dc:creator><![CDATA[zakhar]]></dc:creator>
		<guid isPermaLink="false">http://dummy.xtemos.com/woodmart/demos/wp-content/uploads/sites/2/2021/03/w-about-us2-per-4-opt-1.jpg</guid>
		<description></description>
		<content:encoded><![CDATA[]]></content:encoded>
		<excerpt:encoded><![CDATA[]]></excerpt:encoded>
		<wp:post_id>7171</wp:post_id>
		<wp:post_date>2021-03-30 12:24:54</wp:post_date>
		<wp:post_date_gmt>2021-03-30 12:24:54</wp:post_date_gmt>
		<wp:comment_status>open</wp:comment_status>
		<wp:ping_status>closed</wp:ping_status>
		<wp:post_name>w-about-us2-per-4-opt-1</wp:post_name>
		<wp:status>inherit</wp:status>
		<wp:post_parent>7158</wp:post_parent>
		<wp:menu_order>0</wp:menu_order>
		<wp:post_type>attachment</wp:post_type>
		<wp:post_password></wp:post_password>
		<wp:is_sticky>0</wp:is_sticky>
		<wp:attachment_url>http://dummy.xtemos.com/woodmart/demos/wp-content/uploads/sites/2/2021/03/w-about-us2-per-4-opt-1.jpg</wp:attachment_url>
		<wp:postmeta>
			<wp:meta_key>_wp_attached_file</wp:meta_key>
			<wp:meta_value><![CDATA[2021/03/w-about-us2-per-4-opt-1.jpg]]></wp:meta_value>
		</wp:postmeta>
	</item>
	<item>
		<title>w-about-us2-code</title>
		<link>http://dummy.xtemos.com/woodmart/demos/about-us-4/w-about-us2-code/</link>
		<pubDate>Tue, 30 Mar 2021 12:26:06 +0000</pubDate>
		<dc:creator><![CDATA[zakhar]]></dc:creator>
		<guid isPermaLink="false">http://dummy.xtemos.com/woodmart/demos/wp-content/uploads/sites/2/2021/03/w-about-us2-code.svg</guid>
		<description></description>
		<content:encoded><![CDATA[]]></content:encoded>
		<excerpt:encoded><![CDATA[]]></excerpt:encoded>
		<wp:post_id>7173</wp:post_id>
		<wp:post_date>2021-03-30 12:26:06</wp:post_date>
		<wp:post_date_gmt>2021-03-30 12:26:06</wp:post_date_gmt>
		<wp:comment_status>open</wp:comment_status>
		<wp:ping_status>closed</wp:ping_status>
		<wp:post_name>w-about-us2-code</wp:post_name>
		<wp:status>inherit</wp:status>
		<wp:post_parent>7158</wp:post_parent>
		<wp:menu_order>0</wp:menu_order>
		<wp:post_type>attachment</wp:post_type>
		<wp:post_password></wp:post_password>
		<wp:is_sticky>0</wp:is_sticky>
		<wp:attachment_url>http://dummy.xtemos.com/woodmart/demos/wp-content/uploads/sites/2/2021/03/w-about-us2-code.svg</wp:attachment_url>
		<wp:postmeta>
			<wp:meta_key>_wp_attached_file</wp:meta_key>
			<wp:meta_value><![CDATA[2021/03/w-about-us2-code.svg]]></wp:meta_value>
		</wp:postmeta>
	</item>
	<item>
		<title>w-about-us2-design</title>
		<link>http://dummy.xtemos.com/woodmart/demos/about-us-4/w-about-us2-design/</link>
		<pubDate>Tue, 30 Mar 2021 12:26:12 +0000</pubDate>
		<dc:creator><![CDATA[zakhar]]></dc:creator>
		<guid isPermaLink="false">http://dummy.xtemos.com/woodmart/demos/wp-content/uploads/sites/2/2021/03/w-about-us2-design.svg</guid>
		<description></description>
		<content:encoded><![CDATA[]]></content:encoded>
		<excerpt:encoded><![CDATA[]]></excerpt:encoded>
		<wp:post_id>7174</wp:post_id>
		<wp:post_date>2021-03-30 12:26:12</wp:post_date>
		<wp:post_date_gmt>2021-03-30 12:26:12</wp:post_date_gmt>
		<wp:comment_status>open</wp:comment_status>
		<wp:ping_status>closed</wp:ping_status>
		<wp:post_name>w-about-us2-design</wp:post_name>
		<wp:status>inherit</wp:status>
		<wp:post_parent>7158</wp:post_parent>
		<wp:menu_order>0</wp:menu_order>
		<wp:post_type>attachment</wp:post_type>
		<wp:post_password></wp:post_password>
		<wp:is_sticky>0</wp:is_sticky>
		<wp:attachment_url>http://dummy.xtemos.com/woodmart/demos/wp-content/uploads/sites/2/2021/03/w-about-us2-design.svg</wp:attachment_url>
		<wp:postmeta>
			<wp:meta_key>_wp_attached_file</wp:meta_key>
			<wp:meta_value><![CDATA[2021/03/w-about-us2-design.svg]]></wp:meta_value>
		</wp:postmeta>
	</item>
	<item>
		<title>w-autog-black</title>
		<link>http://dummy.xtemos.com/woodmart/demos/w-autog-black/</link>
		<pubDate>Tue, 30 Mar 2021 12:34:18 +0000</pubDate>
		<dc:creator><![CDATA[zakhar]]></dc:creator>
		<guid isPermaLink="false">http://dummy.xtemos.com/woodmart/demos/wp-content/uploads/sites/2/2021/03/w-autog-black.svg</guid>
		<description></description>
		<content:encoded><![CDATA[]]></content:encoded>
		<excerpt:encoded><![CDATA[]]></excerpt:encoded>
		<wp:post_id>7176</wp:post_id>
		<wp:post_date>2021-03-30 12:34:18</wp:post_date>
		<wp:post_date_gmt>2021-03-30 12:34:18</wp:post_date_gmt>
		<wp:comment_status>open</wp:comment_status>
		<wp:ping_status>closed</wp:ping_status>
		<wp:post_name>w-autog-black</wp:post_name>
		<wp:status>inherit</wp:status>
		<wp:post_parent>0</wp:post_parent>
		<wp:menu_order>0</wp:menu_order>
		<wp:post_type>attachment</wp:post_type>
		<wp:post_password></wp:post_password>
		<wp:is_sticky>0</wp:is_sticky>
		<wp:attachment_url>http://dummy.xtemos.com/woodmart/demos/wp-content/uploads/sites/2/2021/03/w-autog-black.svg</wp:attachment_url>
		<wp:postmeta>
			<wp:meta_key>_wp_attached_file</wp:meta_key>
			<wp:meta_value><![CDATA[2021/03/w-autog-black.svg]]></wp:meta_value>
		</wp:postmeta>
	</item>
</channel>
</rss>
