<?xml version="1.0" encoding="UTF-8" ?>
<!-- This is a WordPress eXtended RSS file generated by WordPress as an export of your site. -->
<!-- It contains information about your site's posts, pages, comments, categories, and other content. -->
<!-- You may use this file to transfer that content from one site to another. -->
<!-- This file is not intended to serve as a complete backup of your site. -->

<!-- To import this information into a WordPress site follow these steps: -->
<!-- 1. Log in to that site as an administrator. -->
<!-- 2. Go to Tools: Import in the WordPress admin panel. -->
<!-- 3. Install the "WordPress" importer from the list. -->
<!-- 4. Activate & Run Importer. -->
<!-- 5. Upload this file using the form provided on that page. -->
<!-- 6. You will first be asked to map the authors in this export file to users -->
<!--    on the site. For each author, you may choose to map to an -->
<!--    existing user on the site or to create a new user. -->
<!-- 7. WordPress will then import each of the posts, pages, comments, categories, etc. -->
<!--    contained in this file into your site. -->

	<!-- generator="WordPress/5.4.2" created="2020-07-13 08:57" -->
<rss version="2.0"
	xmlns:excerpt="http://wordpress.org/export/1.2/excerpt/"
	xmlns:content="http://purl.org/rss/1.0/modules/content/"
	xmlns:wfw="http://wellformedweb.org/CommentAPI/"
	xmlns:dc="http://purl.org/dc/elements/1.1/"
	xmlns:wp="http://wordpress.org/export/1.2/"
>

<channel>
	<title>Woodmart dummy demos</title>
	<link>http://dummy.xtemos.com/woodmart-elementor/demos</link>
	<description>Just another Woodmart Dummy Content Sites site</description>
	<pubDate>Mon, 13 Jul 2020 08:57:15 +0000</pubDate>
	<language>en-US</language>
	<wp:wxr_version>1.2</wp:wxr_version>
	<wp:base_site_url>http://dummy.xtemos.com/woodmart-elementor/</wp:base_site_url>
	<wp:base_blog_url>http://dummy.xtemos.com/woodmart-elementor/demos</wp:base_blog_url>

		<wp:author><wp:author_id>2</wp:author_id><wp:author_login>erwin</wp:author_login><wp:author_email>ss@asas.as</wp:author_email><wp:author_display_name><![CDATA[erwin]]></wp:author_display_name><wp:author_first_name><![CDATA[]]></wp:author_first_name><wp:author_last_name><![CDATA[]]></wp:author_last_name></wp:author>

				
	<generator>https://wordpress.org/?v=5.4.2</generator>

		<item>
		<title>
				wood-main-bg		</title>
		<link>http://dummy.xtemos.com/woodmart-elementor/demos/?attachment_id=44</link>
		<pubDate>Wed, 14 Jun 2017 08:07:10 +0000</pubDate>
		<dc:creator><![CDATA[admin]]></dc:creator>
		<guid isPermaLink="false">http://dummy.xtemos.com/woodmart-elementor/demos/wp-content/uploads/sites/2/2017/06/wood-main-bg.jpg</guid>
		<description></description>
		<content:encoded><![CDATA[]]></content:encoded>
		<excerpt:encoded><![CDATA[]]></excerpt:encoded>
		<wp:post_id>44</wp:post_id>
		<wp:post_date>2017-06-14 08:07:10</wp:post_date>
		<wp:post_date_gmt>2017-06-14 08:07:10</wp:post_date_gmt>
		<wp:comment_status>open</wp:comment_status>
		<wp:ping_status>closed</wp:ping_status>
		<wp:post_name>wood-main-bg</wp:post_name>
		<wp:status>inherit</wp:status>
		<wp:post_parent>42</wp:post_parent>
		<wp:menu_order>0</wp:menu_order>
		<wp:post_type>attachment</wp:post_type>
		<wp:post_password></wp:post_password>
		<wp:is_sticky>0</wp:is_sticky>
						<wp:attachment_url>http://dummy.xtemos.com/woodmart-elementor/demos/wp-content/uploads/sites/2/2017/06/wood-main-bg.jpg</wp:attachment_url>
												<wp:postmeta>
			<wp:meta_key>_wp_attached_file</wp:meta_key>
			<wp:meta_value><![CDATA[2017/06/wood-main-bg.jpg]]></wp:meta_value>
		</wp:postmeta>
						</item>
					<item>
		<title>
				wood-gallery-placeholder		</title>
		<link>http://dummy.xtemos.com/woodmart-elementor/demos/home-base/wood-gallery-placeholder/</link>
		<pubDate>Wed, 14 Jun 2017 11:33:24 +0000</pubDate>
		<dc:creator><![CDATA[admin]]></dc:creator>
		<guid isPermaLink="false">http://dummy.xtemos.com/woodmart-elementor/demos/wp-content/uploads/sites/2/2017/06/wood-gallery-placeholder.jpg</guid>
		<description></description>
		<content:encoded><![CDATA[]]></content:encoded>
		<excerpt:encoded><![CDATA[]]></excerpt:encoded>
		<wp:post_id>78</wp:post_id>
		<wp:post_date>2017-06-14 11:33:24</wp:post_date>
		<wp:post_date_gmt>2017-06-14 11:33:24</wp:post_date_gmt>
		<wp:comment_status>open</wp:comment_status>
		<wp:ping_status>closed</wp:ping_status>
		<wp:post_name>wood-gallery-placeholder</wp:post_name>
		<wp:status>inherit</wp:status>
		<wp:post_parent>57</wp:post_parent>
		<wp:menu_order>0</wp:menu_order>
		<wp:post_type>attachment</wp:post_type>
		<wp:post_password></wp:post_password>
		<wp:is_sticky>0</wp:is_sticky>
						<wp:attachment_url>http://dummy.xtemos.com/woodmart-elementor/demos/wp-content/uploads/sites/2/2017/06/wood-gallery-placeholder.jpg</wp:attachment_url>
												<wp:postmeta>
			<wp:meta_key>_wp_attached_file</wp:meta_key>
			<wp:meta_value><![CDATA[2017/06/wood-gallery-placeholder.jpg]]></wp:meta_value>
		</wp:postmeta>
						</item>
					<item>
		<title>
				wood-gallery-placeholder-2		</title>
		<link>http://dummy.xtemos.com/woodmart-elementor/demos/home-base/wood-gallery-placeholder-2/</link>
		<pubDate>Wed, 14 Jun 2017 11:33:26 +0000</pubDate>
		<dc:creator><![CDATA[admin]]></dc:creator>
		<guid isPermaLink="false">http://dummy.xtemos.com/woodmart-elementor/demos/wp-content/uploads/sites/2/2017/06/wood-gallery-placeholder-2.jpg</guid>
		<description></description>
		<content:encoded><![CDATA[]]></content:encoded>
		<excerpt:encoded><![CDATA[]]></excerpt:encoded>
		<wp:post_id>79</wp:post_id>
		<wp:post_date>2017-06-14 11:33:26</wp:post_date>
		<wp:post_date_gmt>2017-06-14 11:33:26</wp:post_date_gmt>
		<wp:comment_status>open</wp:comment_status>
		<wp:ping_status>closed</wp:ping_status>
		<wp:post_name>wood-gallery-placeholder-2</wp:post_name>
		<wp:status>inherit</wp:status>
		<wp:post_parent>57</wp:post_parent>
		<wp:menu_order>0</wp:menu_order>
		<wp:post_type>attachment</wp:post_type>
		<wp:post_password></wp:post_password>
		<wp:is_sticky>0</wp:is_sticky>
						<wp:attachment_url>http://dummy.xtemos.com/woodmart-elementor/demos/wp-content/uploads/sites/2/2017/06/wood-gallery-placeholder-2.jpg</wp:attachment_url>
												<wp:postmeta>
			<wp:meta_key>_wp_attached_file</wp:meta_key>
			<wp:meta_value><![CDATA[2017/06/wood-gallery-placeholder-2.jpg]]></wp:meta_value>
		</wp:postmeta>
						</item>
					<item>
		<title>
				wood-gallery-placeholder-3		</title>
		<link>http://dummy.xtemos.com/woodmart-elementor/demos/home-base/wood-gallery-placeholder-3/</link>
		<pubDate>Wed, 14 Jun 2017 11:33:28 +0000</pubDate>
		<dc:creator><![CDATA[admin]]></dc:creator>
		<guid isPermaLink="false">http://dummy.xtemos.com/woodmart-elementor/demos/wp-content/uploads/sites/2/2017/06/wood-gallery-placeholder-3.jpg</guid>
		<description></description>
		<content:encoded><![CDATA[]]></content:encoded>
		<excerpt:encoded><![CDATA[]]></excerpt:encoded>
		<wp:post_id>80</wp:post_id>
		<wp:post_date>2017-06-14 11:33:28</wp:post_date>
		<wp:post_date_gmt>2017-06-14 11:33:28</wp:post_date_gmt>
		<wp:comment_status>open</wp:comment_status>
		<wp:ping_status>closed</wp:ping_status>
		<wp:post_name>wood-gallery-placeholder-3</wp:post_name>
		<wp:status>inherit</wp:status>
		<wp:post_parent>57</wp:post_parent>
		<wp:menu_order>0</wp:menu_order>
		<wp:post_type>attachment</wp:post_type>
		<wp:post_password></wp:post_password>
		<wp:is_sticky>0</wp:is_sticky>
						<wp:attachment_url>http://dummy.xtemos.com/woodmart-elementor/demos/wp-content/uploads/sites/2/2017/06/wood-gallery-placeholder-3.jpg</wp:attachment_url>
												<wp:postmeta>
			<wp:meta_key>_wp_attached_file</wp:meta_key>
			<wp:meta_value><![CDATA[2017/06/wood-gallery-placeholder-3.jpg]]></wp:meta_value>
		</wp:postmeta>
						</item>
					<item>
		<title>
				wood-gallery-placeholder-4		</title>
		<link>http://dummy.xtemos.com/woodmart-elementor/demos/home-base/wood-gallery-placeholder-4/</link>
		<pubDate>Wed, 14 Jun 2017 11:33:30 +0000</pubDate>
		<dc:creator><![CDATA[admin]]></dc:creator>
		<guid isPermaLink="false">http://dummy.xtemos.com/woodmart-elementor/demos/wp-content/uploads/sites/2/2017/06/wood-gallery-placeholder-4.jpg</guid>
		<description></description>
		<content:encoded><![CDATA[]]></content:encoded>
		<excerpt:encoded><![CDATA[]]></excerpt:encoded>
		<wp:post_id>81</wp:post_id>
		<wp:post_date>2017-06-14 11:33:30</wp:post_date>
		<wp:post_date_gmt>2017-06-14 11:33:30</wp:post_date_gmt>
		<wp:comment_status>open</wp:comment_status>
		<wp:ping_status>closed</wp:ping_status>
		<wp:post_name>wood-gallery-placeholder-4</wp:post_name>
		<wp:status>inherit</wp:status>
		<wp:post_parent>57</wp:post_parent>
		<wp:menu_order>0</wp:menu_order>
		<wp:post_type>attachment</wp:post_type>
		<wp:post_password></wp:post_password>
		<wp:is_sticky>0</wp:is_sticky>
						<wp:attachment_url>http://dummy.xtemos.com/woodmart-elementor/demos/wp-content/uploads/sites/2/2017/06/wood-gallery-placeholder-4.jpg</wp:attachment_url>
												<wp:postmeta>
			<wp:meta_key>_wp_attached_file</wp:meta_key>
			<wp:meta_value><![CDATA[2017/06/wood-gallery-placeholder-4.jpg]]></wp:meta_value>
		</wp:postmeta>
						</item>
					<item>
		<title>Old About Me</title>
		<link>http://dummy.xtemos.com/woodmart-elementor/demos/about-me/</link>
		<pubDate>Wed, 02 Aug 2017 11:41:42 +0000</pubDate>
		<dc:creator><![CDATA[erwin]]></dc:creator>
		<guid isPermaLink="false">http://dummy.xtemos.com/woodmart-elementor/demos/?page_id=861</guid>
		<description></description>
		<content:encoded><![CDATA[<h4>
					My name is<br />
- Steve Rogers.<br />
				</h4>
		<p>There are many variations of passages of Lorem Ipsum available, but the majority have suffered alteration in some form, by injected humour, or randomised words.</p><p>which don't look even slightly believable. If you are going to use a passage of Lorem Ipsum, you need to be sure there isn't anything embarrassing hidden.</p><p>Follow me on <strong><a href="https://twitter.com/">Twitter</a></strong> and <strong><a href="http://facebook.com">Facebook</a></strong></p>
										<img src="http://dummy.xtemos.com/woodmart-elementor/demos/wp-content/uploads/sites/2/elementor/thumbs/dummy-austen-oqf427bxdcojnokat2ngex45hjqffvlu2jul0yiogy.jpg" title="dummy-austen" alt="dummy-austen" />											
													<a data-height="1200" data-index="0" data-elementor-open-lightbox="no">
							<img src="http://dummy.xtemos.com/woodmart-elementor/demos/wp-content/uploads/sites/2/elementor/thumbs/wood-gallery-placeholder-oqf427c5ecvkpjby1ou8pbixss7d7ogzyir4qu3mo8.jpg">							
													</a>
													<a data-height="1200" data-index="1" data-elementor-open-lightbox="no">
							<img src="http://dummy.xtemos.com/woodmart-elementor/demos/wp-content/uploads/sites/2/elementor/thumbs/wood-gallery-placeholder-2-oqf427c5ecvkpjby1ou8pbixss7d7ogzyir4qu3mo8.jpg">							
													</a>
													<a data-height="1200" data-index="2" data-elementor-open-lightbox="no">
							<img src="http://dummy.xtemos.com/woodmart-elementor/demos/wp-content/uploads/sites/2/elementor/thumbs/wood-gallery-placeholder-3-oqf427c5ecvkpjby1ou8pbixss7d7ogzyir4qu3mo8.jpg">							
													</a>
													<a data-height="1200" data-index="3" data-elementor-open-lightbox="no">
							<img src="http://dummy.xtemos.com/woodmart-elementor/demos/wp-content/uploads/sites/2/elementor/thumbs/wood-gallery-placeholder-4-oqf427c5ecvkpjby1ou8pbixss7d7ogzyir4qu3mo8.jpg">							
													</a>]]></content:encoded>
		<excerpt:encoded><![CDATA[]]></excerpt:encoded>
		<wp:post_id>861</wp:post_id>
		<wp:post_date>2017-08-02 11:41:42</wp:post_date>
		<wp:post_date_gmt>2017-08-02 11:41:42</wp:post_date_gmt>
		<wp:comment_status>closed</wp:comment_status>
		<wp:ping_status>closed</wp:ping_status>
		<wp:post_name>about-me</wp:post_name>
		<wp:status>publish</wp:status>
		<wp:post_parent>0</wp:post_parent>
		<wp:menu_order>0</wp:menu_order>
		<wp:post_type>page</wp:post_type>
		<wp:post_password></wp:post_password>
		<wp:is_sticky>0</wp:is_sticky>
														<wp:postmeta>
			<wp:meta_key>_wp_page_template</wp:meta_key>
			<wp:meta_value><![CDATA[default]]></wp:meta_value>
		</wp:postmeta>
							<wp:postmeta>
			<wp:meta_key>_woodmart_main_layout</wp:meta_key>
			<wp:meta_value><![CDATA[full-width]]></wp:meta_value>
		</wp:postmeta>
							<wp:postmeta>
			<wp:meta_key>_woodmart_header</wp:meta_key>
			<wp:meta_value><![CDATA[simple]]></wp:meta_value>
		</wp:postmeta>
							<wp:postmeta>
			<wp:meta_key>_woodmart_header-overlap</wp:meta_key>
			<wp:meta_value><![CDATA[on]]></wp:meta_value>
		</wp:postmeta>
							<wp:postmeta>
			<wp:meta_key>_woodmart_header_color_scheme</wp:meta_key>
			<wp:meta_value><![CDATA[dark]]></wp:meta_value>
		</wp:postmeta>
							<wp:postmeta>
			<wp:meta_key>_woodmart_title_off</wp:meta_key>
			<wp:meta_value><![CDATA[on]]></wp:meta_value>
		</wp:postmeta>
							<wp:postmeta>
			<wp:meta_key>_woodmart_top_bar_off</wp:meta_key>
			<wp:meta_value><![CDATA[on]]></wp:meta_value>
		</wp:postmeta>
							<wp:postmeta>
			<wp:meta_key>_elementor_data</wp:meta_key>
			<wp:meta_value><![CDATA[[{"id":"1b631e6","elType":"section","settings":{"height":"min-height","custom_height":{"unit":"vh","size":"100","sizes":[]},"custom_height_tablet":{"unit":"vh","size":"","sizes":[]},"custom_height_mobile":{"unit":"vh","size":"","sizes":[]},"wd_section_stretch":"stretch","background_background":"classic","background_image":{"url":"http:\/\/dummy.xtemos.com\/woodmart-elementor\/demos\/wp-content\/uploads\/sites\/2\/2017\/06\/wood-main-bg.jpg","id":"44"},"background_repeat":"no-repeat","background_size":"cover","background_overlay_background":"gradient","background_overlay_color":"rgba(255, 255, 255, 0.9019607843137255)","background_overlay_color_stop":{"unit":"%","size":"29","sizes":[]},"background_overlay_color_b":"rgba(122, 122, 122, 0.02)","background_overlay_opacity":{"unit":"px","size":"1","sizes":[]}},"elements":[{"id":"efbafb2","elType":"column","settings":{"_column_size":"100","column_sticky_offset":"50","scroll_y":"-80"},"elements":[{"id":"ac7466b","elType":"section","settings":{"structure":"20","margin":{"unit":"px","top":"0","right":"10","bottom":"0","left":"10","isLinked":""}},"elements":[{"id":"9fad525","elType":"column","settings":{"_column_size":"50","content_position":"center","align":"space-between","background_background":"classic","background_color":"#FFFFFF","padding":{"unit":"px","top":"40","right":"40","bottom":"40","left":"40","isLinked":"1"},"column_sticky_offset":"50","scroll_y":"-80"},"elements":[{"id":"03796c1","elType":"widget","settings":{"subtitle":"","after_title":"","image_size":"custom","size":"extra-large","align":"left","title":"My name is\n- Steve Rogers.\n","_margin":{"unit":"px","top":"0","right":"0","bottom":"10","left":"0","isLinked":""},"scroll_y":"-80"},"elements":[],"widgetType":"wd_title"},{"id":"4f2da60","elType":"widget","settings":{"editor":"<p>There are many variations of passages of Lorem Ipsum available, but the majority have suffered alteration in some form, by injected humour, or randomised words.<\/p><p>which don't look even slightly believable. If you are going to use a passage of Lorem Ipsum, you need to be sure there isn't anything embarrassing hidden.<\/p>","typography_typography":"custom","typography_font_size":{"unit":"px","size":"15","sizes":[]},"typography_font_size_mobile":{"unit":"px","size":"14","sizes":[]},"text_columns":"2","text_columns_tablet":"1","column_gap":{"unit":"px","size":"30","sizes":[]},"_padding":{"unit":"px","top":"0","right":"0","bottom":"15","left":"0","isLinked":""},"scroll_y":"-80","_border_border":"solid","_border_width":{"unit":"px","top":"0","right":"0","bottom":"1","left":"0","isLinked":""},"_border_color":"rgba(130, 130, 130, 0.22)"},"elements":[],"widgetType":"text-editor"},{"id":"3030687","elType":"widget","settings":{"typography_typography":"custom","align":"left","el_class":"text-larger","editor":"<p>Follow me on <strong><a href=\"https:\/\/twitter.com\/\">Twitter<\/a><\/strong>\u00a0and <strong><a href=\"http:\/\/facebook.com\">Facebook<\/a><\/strong><\/p>\n","_margin_tablet":{"unit":"px","top":"0","right":"0","bottom":"15","left":"0","isLinked":""},"scroll_y":"-80","_element_width":"auto"},"elements":[],"widgetType":"text-editor"},{"id":"4299492","elType":"widget","settings":{"align":"right","image_size":"custom","image":{"id":"863","url":"#"},"image_custom_dimension":{"width":"141","height":"29"},"scroll_y":"-80","_element_width":"auto"},"elements":[],"widgetType":"image"}],"isInner":"1"},{"id":"1e1d32b","elType":"column","settings":{"_column_size":"50","column_sticky_offset":"50","scroll_y":"-80","hide_mobile":"hidden-phone"},"elements":[],"isInner":"1"}],"isInner":"1"}],"isInner":""}],"isInner":""},{"id":"2045656","elType":"section","settings":{"wd_section_stretch":"stretch-content","gap":"no","margin":{"unit":"px","top":"0","right":"0","bottom":"-40","left":"0","isLinked":""},"padding":{"unit":"px","top":"0","right":"0","bottom":"0","left":"0","isLinked":""}},"elements":[{"id":"6246587","elType":"column","settings":{"_column_size":"100","column_sticky_offset":"50","scroll_y":"-80"},"elements":[{"id":"9682813","elType":"widget","settings":{"ids_size":"custom","ids":[{"id":"78","url":""},{"id":"79","url":""},{"id":"80","url":""},{"id":"81","url":""}],"view":"carousel","spacing":"0","slides_per_view":{"size":"3","unit":"px","sizes":[]},"hide_pagination_control":"yes","hide_prev_next_buttons":"yes","caption":"","ids_custom_dimension":{"width":"800","height":"500"},"scroll_y":"-80"},"elements":[],"widgetType":"wd_images_gallery"}],"isInner":""}],"isInner":""}]]]></wp:meta_value>
		</wp:postmeta>
							<wp:postmeta>
			<wp:meta_key>_elementor_edit_mode</wp:meta_key>
			<wp:meta_value><![CDATA[builder]]></wp:meta_value>
		</wp:postmeta>
							<wp:postmeta>
			<wp:meta_key>_elementor_version</wp:meta_key>
			<wp:meta_value><![CDATA[2.9.11]]></wp:meta_value>
		</wp:postmeta>
							<wp:postmeta>
			<wp:meta_key>_elementor_template_type</wp:meta_key>
			<wp:meta_value><![CDATA[wp-page]]></wp:meta_value>
		</wp:postmeta>
							<wp:postmeta>
			<wp:meta_key>_elementor_controls_usage</wp:meta_key>
			<wp:meta_value><![CDATA[a:6:{s:8:"wd_title";a:3:{s:5:"count";i:1;s:15:"control_percent";i:3;s:8:"controls";a:3:{s:7:"content";a:1:{s:23:"general_content_section";a:3:{s:8:"subtitle";i:1;s:11:"after_title";i:1;s:5:"title";i:1;}}s:5:"style";a:2:{s:19:"title_style_section";a:1:{s:10:"image_size";i:1;}s:21:"general_style_section";a:2:{s:4:"size";i:1;s:5:"align";i:1;}}s:8:"advanced";a:2:{s:14:"_section_style";a:1:{s:7:"_margin";i:1;}s:8:"wd_extra";a:1:{s:8:"scroll_y";i:1;}}}}s:11:"text-editor";a:3:{s:5:"count";i:2;s:15:"control_percent";i:2;s:8:"controls";a:3:{s:7:"content";a:1:{s:14:"section_editor";a:1:{s:6:"editor";i:2;}}s:5:"style";a:1:{s:13:"section_style";a:7:{s:21:"typography_typography";i:2;s:20:"typography_font_size";i:1;s:27:"typography_font_size_mobile";i:1;s:12:"text_columns";i:1;s:19:"text_columns_tablet";i:1;s:10:"column_gap";i:1;s:5:"align";i:1;}}s:8:"advanced";a:4:{s:14:"_section_style";a:2:{s:8:"_padding";i:1;s:14:"_margin_tablet";i:1;}s:8:"wd_extra";a:1:{s:8:"scroll_y";i:2;}s:15:"_section_border";a:3:{s:14:"_border_border";i:1;s:13:"_border_width";i:1;s:13:"_border_color";i:1;}s:17:"_section_position";a:1:{s:14:"_element_width";i:1;}}}}s:5:"image";a:3:{s:5:"count";i:1;s:15:"control_percent";i:2;s:8:"controls";a:2:{s:7:"content";a:1:{s:13:"section_image";a:4:{s:5:"align";i:1;s:10:"image_size";i:1;s:5:"image";i:1;s:22:"image_custom_dimension";i:1;}}s:8:"advanced";a:2:{s:8:"wd_extra";a:1:{s:8:"scroll_y";i:1;}s:17:"_section_position";a:1:{s:14:"_element_width";i:1;}}}}s:6:"column";a:3:{s:5:"count";i:4;s:15:"control_percent";i:1;s:8:"controls";a:3:{s:6:"layout";a:1:{s:6:"layout";a:2:{s:16:"content_position";i:1;s:5:"align";i:1;}}s:5:"style";a:1:{s:13:"section_style";a:2:{s:21:"background_background";i:1;s:16:"background_color";i:1;}}s:8:"advanced";a:3:{s:16:"section_advanced";a:1:{s:7:"padding";i:1;}s:8:"wd_extra";a:2:{s:20:"column_sticky_offset";i:4;s:8:"scroll_y";i:4;}s:19:"_section_responsive";a:1:{s:11:"hide_mobile";i:1;}}}}s:7:"section";a:3:{s:5:"count";i:3;s:15:"control_percent";i:1;s:8:"controls";a:3:{s:6:"layout";a:3:{s:17:"section_structure";a:1:{s:9:"structure";i:1;}s:14:"section_layout";a:5:{s:6:"height";i:1;s:13:"custom_height";i:1;s:20:"custom_height_tablet";i:1;s:20:"custom_height_mobile";i:1;s:3:"gap";i:1;}s:15:"wd_extra_layout";a:1:{s:18:"wd_section_stretch";i:2;}}s:8:"advanced";a:1:{s:16:"section_advanced";a:2:{s:6:"margin";i:2;s:7:"padding";i:1;}}s:5:"style";a:2:{s:18:"section_background";a:4:{s:21:"background_background";i:1;s:16:"background_image";i:1;s:17:"background_repeat";i:1;s:15:"background_size";i:1;}s:26:"section_background_overlay";a:5:{s:29:"background_overlay_background";i:1;s:24:"background_overlay_color";i:1;s:29:"background_overlay_color_stop";i:1;s:26:"background_overlay_color_b";i:1;s:26:"background_overlay_opacity";i:1;}}}}s:17:"wd_images_gallery";a:3:{s:5:"count";i:1;s:15:"control_percent";i:5;s:8:"controls";a:3:{s:7:"content";a:2:{s:23:"general_content_section";a:3:{s:8:"ids_size";i:1;s:3:"ids";i:1;s:20:"ids_custom_dimension";i:1;}s:20:"click_action_section";a:1:{s:7:"caption";i:1;}}s:5:"style";a:2:{s:20:"layout_style_section";a:2:{s:4:"view";i:1;s:7:"spacing";i:1;}s:22:"carousel_style_section";a:3:{s:15:"slides_per_view";i:1;s:23:"hide_pagination_control";i:1;s:22:"hide_prev_next_buttons";i:1;}}s:8:"advanced";a:1:{s:8:"wd_extra";a:1:{s:8:"scroll_y";i:1;}}}}}]]></wp:meta_value>
		</wp:postmeta>
						</item>
					<item>
		<title>
				dummy-austen		</title>
		<link>http://dummy.xtemos.com/woodmart-elementor/demos/about-me/dummy-austen/</link>
		<pubDate>Wed, 02 Aug 2017 11:48:04 +0000</pubDate>
		<dc:creator><![CDATA[erwin]]></dc:creator>
		<guid isPermaLink="false">http://dummy.xtemos.com/woodmart-elementor/demos/wp-content/uploads/sites/2/2017/08/dummy-austen.jpg</guid>
		<description></description>
		<content:encoded><![CDATA[]]></content:encoded>
		<excerpt:encoded><![CDATA[]]></excerpt:encoded>
		<wp:post_id>863</wp:post_id>
		<wp:post_date>2017-08-02 11:48:04</wp:post_date>
		<wp:post_date_gmt>2017-08-02 11:48:04</wp:post_date_gmt>
		<wp:comment_status>open</wp:comment_status>
		<wp:ping_status>closed</wp:ping_status>
		<wp:post_name>dummy-austen</wp:post_name>
		<wp:status>inherit</wp:status>
		<wp:post_parent>861</wp:post_parent>
		<wp:menu_order>0</wp:menu_order>
		<wp:post_type>attachment</wp:post_type>
		<wp:post_password></wp:post_password>
		<wp:is_sticky>0</wp:is_sticky>
						<wp:attachment_url>http://dummy.xtemos.com/woodmart-elementor/demos/wp-content/uploads/sites/2/2017/08/dummy-austen.jpg</wp:attachment_url>
												<wp:postmeta>
			<wp:meta_key>_wp_attached_file</wp:meta_key>
			<wp:meta_value><![CDATA[2017/08/dummy-austen.jpg]]></wp:meta_value>
		</wp:postmeta>
						</item>
				</channel>
</rss>
	