<?xml version="1.0" encoding="UTF-8" ?>
<!-- This is a WordPress eXtended RSS file generated by WordPress as an export of your site. -->
<!-- It contains information about your site's posts, pages, comments, categories, and other content. -->
<!-- You may use this file to transfer that content from one site to another. -->
<!-- This file is not intended to serve as a complete backup of your site. -->

<!-- To import this information into a WordPress site follow these steps: -->
<!-- 1. Log in to that site as an administrator. -->
<!-- 2. Go to Tools: Import in the WordPress admin panel. -->
<!-- 3. Install the "WordPress" importer from the list. -->
<!-- 4. Activate & Run Importer. -->
<!-- 5. Upload this file using the form provided on that page. -->
<!-- 6. You will first be asked to map the authors in this export file to users -->
<!--    on the site. For each author, you may choose to map to an -->
<!--    existing user on the site or to create a new user. -->
<!-- 7. WordPress will then import each of the posts, pages, comments, categories, etc. -->
<!--    contained in this file into your site. -->

	<!-- generator="WordPress/5.4.2" created="2020-07-17 13:07" -->
<rss version="2.0"
	xmlns:excerpt="http://wordpress.org/export/1.2/excerpt/"
	xmlns:content="http://purl.org/rss/1.0/modules/content/"
	xmlns:wfw="http://wellformedweb.org/CommentAPI/"
	xmlns:dc="http://purl.org/dc/elements/1.1/"
	xmlns:wp="http://wordpress.org/export/1.2/"
>

<channel>
	<title>Woodmart dummy demos</title>
	<link>http://dummy.xtemos.com/woodmart-elementor/demos</link>
	<description>Just another Woodmart Dummy Content Sites site</description>
	<pubDate>Fri, 17 Jul 2020 13:07:02 +0000</pubDate>
	<language>en-US</language>
	<wp:wxr_version>1.2</wp:wxr_version>
	<wp:base_site_url>http://dummy.xtemos.com/woodmart-elementor/</wp:base_site_url>
	<wp:base_blog_url>http://dummy.xtemos.com/woodmart-elementor/demos</wp:base_blog_url>

		<wp:author><wp:author_id>2</wp:author_id><wp:author_login>erwin</wp:author_login><wp:author_email>ss@asas.as</wp:author_email><wp:author_display_name><![CDATA[erwin]]></wp:author_display_name><wp:author_first_name><![CDATA[]]></wp:author_first_name><wp:author_last_name><![CDATA[]]></wp:author_last_name></wp:author>

				
	<generator>https://wordpress.org/?v=5.4.2</generator>

		<item>
		<title>
				chair-1		</title>
		<link>http://dummy.xtemos.com/woodmart-elementor/demos/chair-1/</link>
		<pubDate>Thu, 15 Jun 2017 07:56:27 +0000</pubDate>
		<dc:creator><![CDATA[admin]]></dc:creator>
		<guid isPermaLink="false">http://dummy.xtemos.com/woodmart-elementor/demos/wp-content/uploads/sites/2/2017/06/chair-1.svg</guid>
		<description></description>
		<content:encoded><![CDATA[]]></content:encoded>
		<excerpt:encoded><![CDATA[]]></excerpt:encoded>
		<wp:post_id>161</wp:post_id>
		<wp:post_date>2017-06-15 07:56:27</wp:post_date>
		<wp:post_date_gmt>2017-06-15 07:56:27</wp:post_date_gmt>
		<wp:comment_status>open</wp:comment_status>
		<wp:ping_status>closed</wp:ping_status>
		<wp:post_name>chair-1</wp:post_name>
		<wp:status>inherit</wp:status>
		<wp:post_parent>0</wp:post_parent>
		<wp:menu_order>0</wp:menu_order>
		<wp:post_type>attachment</wp:post_type>
		<wp:post_password></wp:post_password>
		<wp:is_sticky>0</wp:is_sticky>
						<wp:attachment_url>http://dummy.xtemos.com/woodmart-elementor/demos/wp-content/uploads/sites/2/2017/06/chair-1.svg</wp:attachment_url>
												<wp:postmeta>
			<wp:meta_key>_wp_attached_file</wp:meta_key>
			<wp:meta_value><![CDATA[2017/06/chair-1.svg]]></wp:meta_value>
		</wp:postmeta>
						</item>
					<item>
		<title>
				AJAX products tabs		</title>
		<link>http://dummy.xtemos.com/woodmart-elementor/demos/ajax-products-tabs/</link>
		<pubDate>Tue, 04 Jul 2017 13:42:59 +0000</pubDate>
		<dc:creator><![CDATA[erwin]]></dc:creator>
		<guid isPermaLink="false">http://dummy.xtemos.com/woodmart-elementor/demos/?page_id=790</guid>
		<description></description>
		<content:encoded><![CDATA[XTEMOS ELEMENT				
				
					AJAX PRODUCTS TABS				
						Featured					
					
							
									Featured								
							
							
									Acc]]></content:encoded>
		<excerpt:encoded><![CDATA[]]></excerpt:encoded>
		<wp:post_id>790</wp:post_id>
		<wp:post_date>2017-07-04 13:42:59</wp:post_date>
		<wp:post_date_gmt>2017-07-04 13:42:59</wp:post_date_gmt>
		<wp:comment_status>closed</wp:comment_status>
		<wp:ping_status>closed</wp:ping_status>
		<wp:post_name>ajax-products-tabs</wp:post_name>
		<wp:status>publish</wp:status>
		<wp:post_parent>0</wp:post_parent>
		<wp:menu_order>0</wp:menu_order>
		<wp:post_type>page</wp:post_type>
		<wp:post_password></wp:post_password>
		<wp:is_sticky>0</wp:is_sticky>
														<wp:postmeta>
			<wp:meta_key>_wp_page_template</wp:meta_key>
			<wp:meta_value><![CDATA[default]]></wp:meta_value>
		</wp:postmeta>
							<wp:postmeta>
			<wp:meta_key>_woodmart_header_color_scheme</wp:meta_key>
			<wp:meta_value><![CDATA[inherit]]></wp:meta_value>
		</wp:postmeta>
							<wp:postmeta>
			<wp:meta_key>_woodmart_main_layout</wp:meta_key>
			<wp:meta_value><![CDATA[full-width]]></wp:meta_value>
		</wp:postmeta>
							<wp:postmeta>
			<wp:meta_key>_woodmart_whb_header</wp:meta_key>
			<wp:meta_value><![CDATA[none]]></wp:meta_value>
		</wp:postmeta>
							<wp:postmeta>
			<wp:meta_key>_elementor_data</wp:meta_key>
			<wp:meta_value><![CDATA[[{"id":"5809198","elType":"section","settings":{"margin":{"unit":"px","top":"0","right":"0","bottom":"65","left":"0","isLinked":""},"margin_tablet":{"unit":"px","top":"0","right":"0","bottom":"70","left":"0","isLinked":""},"margin_mobile":{"unit":"px","top":"0","right":"0","bottom":"50","left":"0","isLinked":""}},"elements":[{"id":"481195","elType":"column","settings":{"_column_size":"100","column_sticky_offset":"50","scroll_y":"-80"},"elements":[{"id":"44373","elType":"widget","settings":{"subtitle":"XTEMOS ELEMENT","after_title":"","image_size":"custom","color":"primary","style":"bordered","title":"AJAX PRODUCTS TABS","_margin":{"unit":"px","top":"0","right":"0","bottom":"20","left":"0","isLinked":""},"scroll_y":"-80"},"elements":[],"widgetType":"wd_title"},{"id":"15889","elType":"widget","settings":{"title":"","image":{"id":"948","url":""},"color":"#83b735","tabs_items":[{"_id":"7148959","image_size":"custom","title":"Featured","items_per_page":"4","columns":{"size":"4","unit":"px","sizes":[]},"orderby":"","post_type":"product","include":"","taxonomies":"","offset":"","query_type":"OR","order":"","meta_key":"","exclude":"","image":{"url":"","id":""},"image_custom_dimension":{"width":"","height":""}},{"_id":"7790259","image_size":"custom","title":"Accessories","items_per_page":"4","columns":{"size":"4","unit":"px","sizes":[]},"post_type":"product","include":"","taxonomies":"","orderby":"","offset":"","query_type":"OR","order":"","meta_key":"","exclude":"","image":{"url":"","id":""},"image_custom_dimension":{"width":"","height":""}},{"_id":"3744981","image_size":"custom","title":"Furniture","items_per_page":"4","columns":{"size":"4","unit":"px","sizes":[]},"post_type":"product","include":"","taxonomies":"","orderby":"","offset":"","query_type":"OR","order":"","meta_key":"","exclude":"","image":{"url":"","id":""},"image_custom_dimension":{"width":"","height":""}}],"items_per_page":"4","scroll_y":"-80"},"elements":[],"widgetType":"wd_products_tabs"}],"isInner":""}],"isInner":""},{"id":"811937","elType":"section","settings":{"margin":{"unit":"px","top":"0","right":"0","bottom":"65","left":"0","isLinked":""},"margin_tablet":{"unit":"px","top":"0","right":"0","bottom":"70","left":"0","isLinked":""},"margin_mobile":{"unit":"px","top":"0","right":"0","bottom":"50","left":"0","isLinked":""}},"elements":[{"id":"4636602","elType":"column","settings":{"_column_size":"100","column_sticky_offset":"50","scroll_y":"-80"},"elements":[{"id":"5592858","elType":"widget","settings":{"subtitle":"XTEMOS ELEMENT","after_title":"","image_size":"custom","color":"primary","style":"bordered","title":"AJAX PRODUCTS TABS SIMPLE","_margin":{"unit":"px","top":"0","right":"0","bottom":"20","left":"0","isLinked":""},"scroll_y":"-80"},"elements":[],"widgetType":"wd_title"},{"id":"7794224","elType":"widget","settings":{"title":"Fashion","image":{"id":"792","url":""},"design":"simple","color":"#dd3333","tabs_items":[{"_id":"3900551","image_size":"custom","title":"Featured","items_per_page":"4","columns":{"size":"4","unit":"px","sizes":[]},"orderby":"","post_type":"product","include":"","taxonomies":"","offset":"","query_type":"OR","order":"","meta_key":"","exclude":"","image":{"url":"","id":""},"image_custom_dimension":{"width":"","height":""}},{"_id":"4803955","image_size":"custom","title":"Man","items_per_page":"4","columns":{"size":"4","unit":"px","sizes":[]},"post_type":"product","include":"","taxonomies":"","orderby":"","offset":"","query_type":"OR","order":"","meta_key":"","exclude":"","image":{"url":"","id":""},"image_custom_dimension":{"width":"","height":""}},{"_id":"2040154","image_size":"custom","title":"Woman","items_per_page":"4","columns":{"size":"4","unit":"px","sizes":[]},"post_type":"product","include":"","taxonomies":"","orderby":"","offset":"","query_type":"OR","order":"","meta_key":"","exclude":"","image":{"url":"","id":""},"image_custom_dimension":{"width":"","height":""}}],"items_per_page":"4","scroll_y":"-80"},"elements":[],"widgetType":"wd_products_tabs"}],"isInner":""}],"isInner":""},{"id":"838841","elType":"section","settings":{"margin":{"unit":"px","top":"0","right":"0","bottom":"65","left":"0","isLinked":""},"margin_tablet":{"unit":"px","top":"0","right":"0","bottom":"70","left":"0","isLinked":""},"margin_mobile":{"unit":"px","top":"0","right":"0","bottom":"50","left":"0","isLinked":""}},"elements":[{"id":"1495580","elType":"column","settings":{"_column_size":"100","column_sticky_offset":"50","scroll_y":"-80"},"elements":[{"id":"7731295","elType":"widget","settings":{"subtitle":"XTEMOS ELEMENT","after_title":"","image_size":"custom","color":"primary","style":"bordered","title":"AJAX PRODUCTS TABS ALTERNATIVE","_margin":{"unit":"px","top":"0","right":"0","bottom":"20","left":"0","isLinked":""},"scroll_y":"-80"},"elements":[],"widgetType":"wd_title"},{"id":"7966564","elType":"widget","settings":{"title":"Fashion","design":"alt","tabs_items":[{"_id":"2700335","image_size":"custom","title":"Featured","items_per_page":"4","columns":{"size":"4","unit":"px","sizes":[]},"orderby":"","post_type":"product","include":"","taxonomies":"","offset":"","query_type":"OR","order":"","meta_key":"","exclude":"","image":{"url":"","id":""},"image_custom_dimension":{"width":"","height":""}},{"_id":"2665175","image_size":"custom","title":"Man","items_per_page":"4","columns":{"size":"4","unit":"px","sizes":[]},"post_type":"product","include":"","taxonomies":"","orderby":"","offset":"","query_type":"OR","order":"","meta_key":"","exclude":"","image":{"url":"","id":""},"image_custom_dimension":{"width":"","height":""}},{"_id":"2423648","image_size":"custom","title":"Woman","items_per_page":"4","columns":{"size":"4","unit":"px","sizes":[]},"post_type":"product","include":"","taxonomies":"","orderby":"","offset":"","query_type":"OR","order":"","meta_key":"","exclude":"","image":{"url":"","id":""},"image_custom_dimension":{"width":"","height":""}}],"items_per_page":"4","scroll_y":"-80"},"elements":[],"widgetType":"wd_products_tabs"}],"isInner":""}],"isInner":""},{"id":"1375732","elType":"section","settings":{"margin":{"unit":"px","top":"0","right":"0","bottom":"65","left":"0","isLinked":""},"margin_tablet":{"unit":"px","top":"0","right":"0","bottom":"70","left":"0","isLinked":""},"margin_mobile":{"unit":"px","top":"0","right":"0","bottom":"50","left":"0","isLinked":""}},"elements":[{"id":"1696305","elType":"column","settings":{"_column_size":"100","column_sticky_offset":"50","scroll_y":"-80"},"elements":[{"id":"6547914","elType":"widget","settings":{"subtitle":"XTEMOS ELEMENT","after_title":"","image_size":"custom","color":"primary","style":"bordered","title":"AJAX PRODUCTS TABS ARROWS PAGINATION","_margin":{"unit":"px","top":"0","right":"0","bottom":"20","left":"0","isLinked":""},"scroll_y":"-80"},"elements":[],"widgetType":"wd_title"},{"id":"8311703","elType":"widget","settings":{"title":"Electronics","image":{"id":"792","url":""},"design":"simple","color":"#007bc4","tabs_items":[{"_id":"8706572","image_size":"custom","title":"Featured","items_per_page":"4","pagination":"arrows","columns":{"size":"4","unit":"px","sizes":[]},"orderby":"","post_type":"product","include":"","taxonomies":"","offset":"","query_type":"OR","order":"","meta_key":"","exclude":"","image":{"url":"","id":""},"image_custom_dimension":{"width":"","height":""}},{"_id":"8127007","image_size":"custom","title":"Mobile","items_per_page":"4","pagination":"arrows","columns":{"size":"4","unit":"px","sizes":[]},"orderby":"","post_type":"product","include":"","taxonomies":"","offset":"","query_type":"OR","order":"","meta_key":"","exclude":"","image":{"url":"","id":""},"image_custom_dimension":{"width":"","height":""}},{"_id":"4405033","image_size":"custom","title":"Smartwatches","items_per_page":"4","pagination":"arrows","columns":{"size":"4","unit":"px","sizes":[]},"orderby":"","post_type":"product","include":"","taxonomies":"","offset":"","query_type":"OR","order":"","meta_key":"","exclude":"","image":{"url":"","id":""},"image_custom_dimension":{"width":"","height":""}}],"items_per_page":"4","pagination":"arrows","scroll_y":"-80"},"elements":[],"widgetType":"wd_products_tabs"}],"isInner":""}],"isInner":""},{"id":"6505641","elType":"section","settings":{"margin":{"unit":"px","top":"0","right":"0","bottom":"65","left":"0","isLinked":""},"margin_tablet":{"unit":"px","top":"0","right":"0","bottom":"70","left":"0","isLinked":""},"margin_mobile":{"unit":"px","top":"0","right":"0","bottom":"50","left":"0","isLinked":""}},"elements":[{"id":"4829042","elType":"column","settings":{"_column_size":"100","column_sticky_offset":"50","scroll_y":"-80"},"elements":[{"id":"1851825","elType":"widget","settings":{"subtitle":"XTEMOS ELEMENT","after_title":"","image_size":"custom","color":"primary","style":"bordered","title":"AJAX PRODUCTS TABS WITH ICONS","_margin":{"unit":"px","top":"0","right":"0","bottom":"20","left":"0","isLinked":""},"scroll_y":"-80"},"elements":[],"widgetType":"wd_title"},{"id":"4015477","elType":"widget","settings":{"title":"","image":{"id":"948","url":""},"color":"#83b735","tabs_items":[{"_id":"3918473","image_size":"custom","title":"Furniture","image":{"id":"161","url":""},"items_per_page":"4","columns":{"size":"4","unit":"px","sizes":[]},"orderby":"","image_custom_dimension":{"width":"35","height":"35"},"post_type":"product","include":"","taxonomies":"","offset":"","query_type":"OR","order":"","meta_key":"","exclude":""},{"_id":"9358508","image_size":"custom","title":"Lighting","image":{"id":"161","url":""},"items_per_page":"4","columns":{"size":"4","unit":"px","sizes":[]},"image_custom_dimension":{"width":"35","height":"35"},"post_type":"product","include":"","taxonomies":"","orderby":"","offset":"","query_type":"OR","order":"","meta_key":"","exclude":""},{"_id":"2906717","image_size":"custom","title":"Accessories","image":{"id":"161","url":""},"items_per_page":"4","columns":{"size":"4","unit":"px","sizes":[]},"image_custom_dimension":{"width":"35","height":"35"},"post_type":"product","include":"","taxonomies":"","orderby":"","offset":"","query_type":"OR","order":"","meta_key":"","exclude":""},{"_id":"1858743","image_size":"custom","title":"Clocks","image":{"id":"161","url":""},"items_per_page":"4","columns":{"size":"4","unit":"px","sizes":[]},"image_custom_dimension":{"width":"35","height":"35"},"post_type":"product","include":"","taxonomies":"","orderby":"","offset":"","query_type":"OR","order":"","meta_key":"","exclude":""},{"_id":"995235","image_size":"custom","title":"Cooking","image":{"id":"161","url":""},"items_per_page":"4","columns":{"size":"4","unit":"px","sizes":[]},"image_custom_dimension":{"width":"35","height":"35"},"post_type":"product","include":"","taxonomies":"","orderby":"","offset":"","query_type":"OR","order":"","meta_key":"","exclude":""}],"items_per_page":"4","scroll_y":"-80"},"elements":[],"widgetType":"wd_products_tabs"}],"isInner":""}],"isInner":""},{"id":"8627447","elType":"section","settings":{"margin":{"unit":"px","top":"0","right":"0","bottom":"75","left":"0","isLinked":""},"margin_tablet":{"unit":"px","top":"0","right":"0","bottom":"70","left":"0","isLinked":""},"margin_mobile":{"unit":"px","top":"0","right":"0","bottom":"50","left":"0","isLinked":""}},"elements":[{"id":"275056","elType":"column","settings":{"_column_size":"100","column_sticky_offset":"50","scroll_y":"-80"},"elements":[{"id":"8688854","elType":"widget","settings":{"subtitle":"XTEMOS ELEMENT","after_title":"","image_size":"custom","color":"primary","style":"bordered","title":"AJAX PRODUCTS TABS LOAD MORE PAGINATION","_margin":{"unit":"px","top":"0","right":"0","bottom":"20","left":"0","isLinked":""},"scroll_y":"-80"},"elements":[],"widgetType":"wd_title"},{"id":"2390853","elType":"widget","settings":{"title":"","image":{"id":"948","url":""},"color":"#c91010","tabs_items":[{"_id":"7212566","image_size":"custom","title":"Featured","items_per_page":"4","pagination":"more-btn","columns":{"size":"4","unit":"px","sizes":[]},"orderby":"","post_type":"product","include":"","taxonomies":"","offset":"","query_type":"OR","order":"","meta_key":"","exclude":"","image":{"url":"","id":""},"image_custom_dimension":{"width":"","height":""}},{"_id":"9760482","image_size":"custom","title":"Lighting","items_per_page":"4","pagination":"more-btn","columns":{"size":"4","unit":"px","sizes":[]},"orderby":"","post_type":"product","include":"","taxonomies":"","offset":"","query_type":"OR","order":"","meta_key":"","exclude":"","image":{"url":"","id":""},"image_custom_dimension":{"width":"","height":""}},{"_id":"6130989","image_size":"custom","title":"Accessories","items_per_page":"4","pagination":"more-btn","columns":{"size":"4","unit":"px","sizes":[]},"orderby":"","post_type":"product","include":"","taxonomies":"","offset":"","query_type":"OR","order":"","meta_key":"","exclude":"","image":{"url":"","id":""},"image_custom_dimension":{"width":"","height":""}}],"items_per_page":"4","pagination":"more-btn","scroll_y":"-80"},"elements":[],"widgetType":"wd_products_tabs"}],"isInner":""}],"isInner":""},{"id":"9620773","elType":"section","settings":{"margin":{"unit":"px","top":"0","right":"0","bottom":"20","left":"0","isLinked":""},"margin_mobile":{"unit":"px","top":"0","right":"0","bottom":"10","left":"0","isLinked":""}},"elements":[{"id":"7001043","elType":"column","settings":{"_column_size":"100","column_sticky_offset":"50","scroll_y":"-80"},"elements":[{"id":"1798456","elType":"widget","settings":{"subtitle":"XTEMOS ELEMENT","after_title":"","image_size":"custom","color":"primary","style":"bordered","title":"AJAX PRODUCTS TABS CAROUSEL","_margin":{"unit":"px","top":"0","right":"0","bottom":"20","left":"0","isLinked":""},"scroll_y":"-80"},"elements":[],"widgetType":"wd_title"},{"id":"1597390","elType":"widget","settings":{"title":"","image":{"id":"948","url":""},"color":"#000000","tabs_items":[{"_id":"3129785","image_size":"custom","title":"Featured","layout":"carousel","items_per_page":"8","slides_per_view":{"size":"4","unit":"px","sizes":[]},"orderby":"","post_type":"product","include":"","taxonomies":"","offset":"","query_type":"OR","order":"","meta_key":"","exclude":"","image":{"url":"","id":""},"image_custom_dimension":{"width":"","height":""}},{"_id":"7660851","image_size":"custom","title":"Cooking","layout":"carousel","items_per_page":"8","slides_per_view":{"size":"4","unit":"px","sizes":[]},"orderby":"","post_type":"product","include":"","taxonomies":"","offset":"","query_type":"OR","order":"","meta_key":"","exclude":"","image":{"url":"","id":""},"image_custom_dimension":{"width":"","height":""}},{"_id":"8030984","image_size":"custom","title":"Furniture","layout":"carousel","items_per_page":"8","slides_per_view":{"size":"4","unit":"px","sizes":[]},"orderby":"","taxonomies":["19"],"post_type":"product","include":"","offset":"","query_type":"OR","order":"","meta_key":"","exclude":"","image":{"url":"","id":""},"image_custom_dimension":{"width":"","height":""}}],"layout":"carousel","items_per_page":"8","slides_per_view":{"unit":"px","size":"4","sizes":[]},"scroll_y":"-80"},"elements":[],"widgetType":"wd_products_tabs"}],"isInner":""}],"isInner":""}]]]></wp:meta_value>
		</wp:postmeta>
							<wp:postmeta>
			<wp:meta_key>_elementor_edit_mode</wp:meta_key>
			<wp:meta_value><![CDATA[builder]]></wp:meta_value>
		</wp:postmeta>
							<wp:postmeta>
			<wp:meta_key>_elementor_version</wp:meta_key>
			<wp:meta_value><![CDATA[2.9.11]]></wp:meta_value>
		</wp:postmeta>
							<wp:postmeta>
			<wp:meta_key>_elementor_template_type</wp:meta_key>
			<wp:meta_value><![CDATA[wp-page]]></wp:meta_value>
		</wp:postmeta>
							<wp:postmeta>
			<wp:meta_key>_elementor_controls_usage</wp:meta_key>
			<wp:meta_value><![CDATA[a:4:{s:8:"wd_title";a:3:{s:5:"count";i:7;s:15:"control_percent";i:3;s:8:"controls";a:3:{s:7:"content";a:1:{s:23:"general_content_section";a:3:{s:8:"subtitle";i:7;s:11:"after_title";i:7;s:5:"title";i:7;}}s:5:"style";a:2:{s:19:"title_style_section";a:1:{s:10:"image_size";i:7;}s:21:"general_style_section";a:2:{s:5:"color";i:7;s:5:"style";i:7;}}s:8:"advanced";a:2:{s:14:"_section_style";a:1:{s:7:"_margin";i:7;}s:8:"wd_extra";a:1:{s:8:"scroll_y";i:7;}}}}s:16:"wd_products_tabs";a:3:{s:5:"count";i:7;s:15:"control_percent";i:3;s:8:"controls";a:3:{s:7:"content";a:3:{s:23:"general_content_section";a:1:{s:5:"title";i:7;}s:21:"image_content_section";a:1:{s:5:"image";i:6;}s:20:"tabs_content_section";a:1:{s:10:"tabs_items";i:7;}}s:5:"style";a:3:{s:21:"heading_style_section";a:2:{s:5:"color";i:6;s:6:"design";i:3;}s:29:"products_layout_style_section";a:3:{s:14:"items_per_page";i:7;s:10:"pagination";i:2;s:6:"layout";i:1;}s:22:"carousel_style_section";a:1:{s:15:"slides_per_view";i:1;}}s:8:"advanced";a:1:{s:8:"wd_extra";a:1:{s:8:"scroll_y";i:7;}}}}s:6:"column";a:3:{s:5:"count";i:7;s:15:"control_percent";i:1;s:8:"controls";a:1:{s:8:"advanced";a:1:{s:8:"wd_extra";a:2:{s:20:"column_sticky_offset";i:7;s:8:"scroll_y";i:7;}}}}s:7:"section";a:3:{s:5:"count";i:7;s:15:"control_percent";i:1;s:8:"controls";a:1:{s:8:"advanced";a:1:{s:16:"section_advanced";a:3:{s:6:"margin";i:7;s:13:"margin_tablet";i:6;s:13:"margin_mobile";i:7;}}}}}]]></wp:meta_value>
		</wp:postmeta>
							<wp:postmeta>
			<wp:meta_key>wd_page_css_files</wp:meta_key>
			<wp:meta_value><![CDATA[a:18:{i:0;s:12:"wp-gutenberg";i:1;s:5:"wpcf7";i:2;s:5:"mc4wp";i:3;s:17:"revolution-slider";i:4;s:14:"elementor-base";i:5;s:13:"wpbakery-base";i:6;s:13:"notices-fixed";i:7;s:16:"woocommerce-base";i:8;s:12:"social-icons";i:9;s:8:"info-box";i:10;s:6:"banner";i:11;s:13:"section-title";i:12;s:12:"product-tabs";i:13;s:12:"product-loop";i:14;s:17:"add-to-cart-popup";i:15;s:9:"mfp-popup";i:16;s:12:"owl-carousel";i:17;s:10:"scroll-top";}]]></wp:meta_value>
		</wp:postmeta>
						</item>
					<item>
		<title>
				shirt-tab		</title>
		<link>http://dummy.xtemos.com/woodmart-elementor/demos/ajax-products-tabs/shirt-tab/</link>
		<pubDate>Tue, 04 Jul 2017 13:45:00 +0000</pubDate>
		<dc:creator><![CDATA[erwin]]></dc:creator>
		<guid isPermaLink="false">http://dummy.xtemos.com/woodmart-elementor/demos/wp-content/uploads/sites/2/2017/07/shirt-tab.png</guid>
		<description></description>
		<content:encoded><![CDATA[]]></content:encoded>
		<excerpt:encoded><![CDATA[]]></excerpt:encoded>
		<wp:post_id>792</wp:post_id>
		<wp:post_date>2017-07-04 13:45:00</wp:post_date>
		<wp:post_date_gmt>2017-07-04 13:45:00</wp:post_date_gmt>
		<wp:comment_status>open</wp:comment_status>
		<wp:ping_status>closed</wp:ping_status>
		<wp:post_name>shirt-tab</wp:post_name>
		<wp:status>inherit</wp:status>
		<wp:post_parent>790</wp:post_parent>
		<wp:menu_order>0</wp:menu_order>
		<wp:post_type>attachment</wp:post_type>
		<wp:post_password></wp:post_password>
		<wp:is_sticky>0</wp:is_sticky>
						<wp:attachment_url>http://dummy.xtemos.com/woodmart-elementor/demos/wp-content/uploads/sites/2/2017/07/shirt-tab.png</wp:attachment_url>
												<wp:postmeta>
			<wp:meta_key>_wp_attached_file</wp:meta_key>
			<wp:meta_value><![CDATA[2017/07/shirt-tab.png]]></wp:meta_value>
		</wp:postmeta>
						</item>
					<item>
		<title>
				Home dark		</title>
		<link>http://dummy.xtemos.com/woodmart-elementor/demos/2017/08/08/945-revision-v1/</link>
		<pubDate>Tue, 08 Aug 2017 13:47:34 +0000</pubDate>
		<dc:creator><![CDATA[erwin]]></dc:creator>
		<guid isPermaLink="false">http://dummy.xtemos.com/woodmart-elementor/demos/2017/08/08/945-revision-v1/</guid>
		<description></description>
		<content:encoded><![CDATA[[vc_row full_width="stretch_row_content_no_spaces" css=".vc_custom_1496220814548{margin-top: -40px !important;margin-bottom: 8vh !important;padding-top: 0px !important;}"][vc_column css=".vc_custom_1496220809434{padding-top: 0px !important;}"][rev_slider_vc alias="main-slider-dark"][/vc_column][/vc_row][vc_row woodmart_disable_overflow="1" css=".vc_custom_1496402498927{margin-bottom: 8vh !important;}" el_class="bg-bottom"][vc_column 0="" css=".vc_custom_1496220821354{padding-top: 0px !important;}"][woodmart_title size="medium" title="FEATURED CATEGORIES" subtitle="WOODMART COLLECTIONS" after_title="WoodMart is a powerful eCommerce theme for WordPress. "][woodmart_categories orderby="" order="ASC" style="masonry-first" spacing="20" number="5" ids=""][/vc_column][/vc_row][vc_row full_width="stretch_row" woodmart_bg_position="left-bottom" woodmart_disable_overflow="1" css=".vc_custom_1501761242822{margin-bottom: 0px !important;padding-bottom: 8vh !important;background-position: 0 0 !important;background-repeat: no-repeat !important;}"][vc_column 0="" css=".vc_custom_1501839992075{padding-top: 0px !important;}"][woodmart_title size="medium" title="FEATURED PRODUCTS" subtitle="WOODEN ACCESSORIES" after_title="Visit our shop to see amazing creations from our designers." css=".vc_custom_1501775361904{margin-bottom: 30px !important;}"][woodmart_products items_per_page="8" columns="4" orderby="date" order="ASC" taxonomies="165"][/vc_column][/vc_row][vc_row full_width="stretch_row_content_no_spaces" css=".vc_custom_1501771343236{padding-top: 0px !important;padding-bottom: 0px !important;}"][vc_column css=".vc_custom_1495003905736{padding-top: 0px !important;padding-bottom: 0px !important;}"][rev_slider_vc alias="best-seller-dark"][/vc_column][/vc_row][vc_row full_width="stretch_row" woodmart_bg_position="center-center" css=".vc_custom_1501773238661{margin-bottom: 0px !important;border-top-width: 0px !important;padding-top: 11vh !important;padding-bottom: 11vh !important;background-image: url(https://woodmart.xtemos.com/wp-content/uploads/2017/08/dark-about-us.jpg?id=11276) !important;background-position: center !important;background-repeat: no-repeat !important;background-size: cover !important;}" el_class="mobile-bg-img-hidden"][vc_column 0="" width="7/12" css=".vc_custom_1501839998596{padding-top: 0px !important;padding-right: 5% !important;}" offset="vc_col-lg-6 vc_col-md-6 vc_col-xs-12"][woodmart_responsive_text_block size="custom" font_weight="300" align="left" color_scheme="light" desktop_text_size="24" css=".vc_custom_1501761663229{margin-bottom: 0px !important;}" tablet_text_size="22" mobile_text_size="18"]<span style="color: #8e8e8e">ALL-IN-ONE ECOMMERCE SOLUTION</span>[/woodmart_responsive_text_block][woodmart_responsive_text_block size="custom" font_weight="600" align="left" color_scheme="light" desktop_text_size="30" css=".vc_custom_1501761671243{margin-bottom: 15px !important;}" tablet_text_size="28" mobile_text_size="28"]ABOUT OUR WOODMART STORE[/woodmart_responsive_text_block][vc_column_text el_class="text-larger" css=".vc_custom_1496412868095{margin-bottom: 30px !important;}"]
<p style="text-align: left">Nec  adipiscing luctus consequat penatibus parturient massa cubilia etiam a adipiscing enigm dignissim congue egestas sapien a. Scelerisque ac non ut ac bibendum himenaeos ullamcorper justo himenaeos vel a sapien quis.</p>

[/vc_column_text][woodmart_button color="primary" button_inline="yes" title="Read More" link="url:%23|||"][woodmart_button color="white" style="bordered" button_inline="yes" title="Contact us" link="url:%23|||"][/vc_column][/vc_row][vc_row full_width="stretch_row" woodmart_bg_position="left-top" css=".vc_custom_1501773314128{margin-bottom: 8vh !important;border-top-width: 2px !important;border-bottom-width: 2px !important;padding-top: 5vh !important;padding-bottom: 5vh !important;background-image: url(https://woodmart.xtemos.com/wp-content/uploads/2017/08/dark-newslatter.jpg?id=11275) !important;background-position: 0 0 !important;background-repeat: no-repeat !important;border-top-color: rgba(129,129,129,0.2) !important;border-top-style: solid !important;border-bottom-color: rgba(129,129,129,0.2) !important;border-bottom-style: solid !important;}" el_class="mobile-bg-img-hidden"][vc_column 0="" css=".vc_custom_1496402347651{padding-top: 0px !important;}"][woodmart_title title="<strong>JOIN OUR NEWSLETTER NOW</strong>" css=".vc_custom_1496394323731{margin-bottom: 20px !important;}"][vc_column_text css=".vc_custom_1502198682142{margin-bottom: 0px !important;}"][mc4wp_form id="74"][/vc_column_text][vc_column_text 0="" css=".vc_custom_1502198935031{margin-bottom: 0px !important;}"]
<p style="text-align: center">Will be used in accordance with our <a href="#"><strong>Privacy Policy</strong></a></p>

[/vc_column_text][/vc_column][/vc_row][vc_row 0="" css=".vc_custom_1497356820510{margin-bottom: 0px !important;}"][vc_column 0="" css=".vc_custom_1496404193503{padding-top: 0px !important;}"][woodmart_title size="medium" title="OUR LATEST NEWS" subtitle="FURNITURE GUIDES" after_title="Latest trends and inspiration in interior design." css=".vc_custom_1497356866356{margin-bottom: 25px !important;}"][woodmart_blog items_per_page="4" blog_design="carousel" blog_style="shadow" parts_title="1" parts_meta="1" parts_text="1" parts_btn="1" slides_per_view="3" hide_pagination_control="yes" img_size="388x273"][/vc_column][/vc_row][vc_row css=".vc_custom_1496413800534{margin-bottom: 4vh !important;}"][vc_column 0="" css=".vc_custom_1501840232040{margin-bottom: -30px !important;}"][woodmart_brands orderby="" order="" hover="default" brand_style="default" style="carousel" per_row="6" ids=""][/vc_column][/vc_row][vc_row full_width="stretch_row" equal_height="yes" content_placement="middle" css=".vc_custom_1501761195541{margin-bottom: -40px !important;border-top-width: 2px !important;border-bottom-width: 2px !important;padding-top: 20px !important;padding-bottom: 0px !important;background-color: #1f1f1f !important;border-top-color: #303030 !important;border-top-style: solid !important;border-bottom-color: #303030 !important;border-bottom-style: solid !important;}"][vc_column width="1/3" css=".vc_custom_1501840139173{margin-bottom: 30px !important;padding-top: 0px !important;}" offset="vc_col-lg-3 vc_col-md-3"][woodmart_title title="WOODMART DARK" subtitle="COLOR-SCHEME" css=".vc_custom_1501762162814{margin-bottom: 15px !important;}" after_title="High-quality demos and layouts."][woodmart_button color="white" style="link" title="View All" el_class="xtemos-show-demos" link="url:%23|||"][/vc_column][vc_column width="2/3" css=".vc_custom_1497353278195{margin-bottom: -10px !important;padding-top: 0px !important;}" offset="vc_col-lg-9 vc_col-md-9"][woodmart_gallery images="81,80,79,78,77" view="carousel" spacing="2" slides_per_view="4" hide_pagination_control="yes" on_click="links" target_blank="yes" caption="" img_size="full"][/vc_column][/vc_row]]]></content:encoded>
		<excerpt:encoded><![CDATA[]]></excerpt:encoded>
		<wp:post_id>948</wp:post_id>
		<wp:post_date>2017-08-08 13:47:34</wp:post_date>
		<wp:post_date_gmt>2017-08-08 13:47:34</wp:post_date_gmt>
		<wp:comment_status>closed</wp:comment_status>
		<wp:ping_status>closed</wp:ping_status>
		<wp:post_name>945-revision-v1</wp:post_name>
		<wp:status>inherit</wp:status>
		<wp:post_parent>945</wp:post_parent>
		<wp:menu_order>0</wp:menu_order>
		<wp:post_type>revision</wp:post_type>
		<wp:post_password></wp:post_password>
		<wp:is_sticky>0</wp:is_sticky>
													</item>
				</channel>
</rss>
	