<?xml version="1.0" encoding="UTF-8" ?>
<!-- This is a WordPress eXtended RSS file generated by WordPress as an export of your site. -->
<!-- It contains information about your site's posts, pages, comments, categories, and other content. -->
<!-- You may use this file to transfer that content from one site to another. -->
<!-- This file is not intended to serve as a complete backup of your site. -->

<!-- To import this information into a WordPress site follow these steps: -->
<!-- 1. Log in to that site as an administrator. -->
<!-- 2. Go to Tools: Import in the WordPress admin panel. -->
<!-- 3. Install the "WordPress" importer from the list. -->
<!-- 4. Activate & Run Importer. -->
<!-- 5. Upload this file using the form provided on that page. -->
<!-- 6. You will first be asked to map the authors in this export file to users -->
<!--    on the site. For each author, you may choose to map to an -->
<!--    existing user on the site or to create a new user. -->
<!-- 7. WordPress will then import each of the posts, pages, comments, categories, etc. -->
<!--    contained in this file into your site. -->

<!-- generator="WordPress/5.3.4" created="2020-07-20 13:58" -->
<rss version="2.0"
	xmlns:excerpt="http://wordpress.org/export/1.2/excerpt/"
	xmlns:content="http://purl.org/rss/1.0/modules/content/"
	xmlns:wfw="http://wellformedweb.org/CommentAPI/"
	xmlns:dc="http://purl.org/dc/elements/1.1/"
	xmlns:wp="http://wordpress.org/export/1.2/"
>

<channel>
	<title>Woodmart dummy demos</title>
	<link>http://dummy.xtemos.com/woodmart/demos</link>
	<description>Just another Woodmart Dummy Content Sites site</description>
	<pubDate>Mon, 20 Jul 2020 13:58:51 +0000</pubDate>
	<language>en-US</language>
	<wp:wxr_version>1.2</wp:wxr_version>
	<wp:base_site_url>http://dummy.xtemos.com/woodmart/</wp:base_site_url>
	<wp:base_blog_url>http://dummy.xtemos.com/woodmart/demos</wp:base_blog_url>

	<wp:author><wp:author_id>1</wp:author_id><wp:author_login>admin</wp:author_login><wp:author_email>se@as.as</wp:author_email><wp:author_display_name><![CDATA[admin]]></wp:author_display_name><wp:author_first_name><![CDATA[]]></wp:author_first_name><wp:author_last_name><![CDATA[]]></wp:author_last_name></wp:author>
	<wp:author><wp:author_id>2</wp:author_id><wp:author_login>erwin</wp:author_login><wp:author_email>ss@asas.as</wp:author_email><wp:author_display_name><![CDATA[erwin]]></wp:author_display_name><wp:author_first_name><![CDATA[]]></wp:author_first_name><wp:author_last_name><![CDATA[]]></wp:author_last_name></wp:author>


	<generator>https://wordpress.org/?v=5.3.4</generator>

	<item>
		<title>wood-main-bg</title>
		<link>http://dummy.xtemos.com/woodmart/demos/?attachment_id=44</link>
		<pubDate>Wed, 14 Jun 2017 08:07:10 +0000</pubDate>
		<dc:creator><![CDATA[admin]]></dc:creator>
		<guid isPermaLink="false">http://dummy.xtemos.com/woodmart/demos/wp-content/uploads/sites/2/2017/06/wood-main-bg.jpg</guid>
		<description></description>
		<content:encoded><![CDATA[]]></content:encoded>
		<excerpt:encoded><![CDATA[]]></excerpt:encoded>
		<wp:post_id>44</wp:post_id>
		<wp:post_date>2017-06-14 08:07:10</wp:post_date>
		<wp:post_date_gmt>2017-06-14 08:07:10</wp:post_date_gmt>
		<wp:comment_status>open</wp:comment_status>
		<wp:ping_status>closed</wp:ping_status>
		<wp:post_name>wood-main-bg</wp:post_name>
		<wp:status>inherit</wp:status>
		<wp:post_parent>42</wp:post_parent>
		<wp:menu_order>0</wp:menu_order>
		<wp:post_type>attachment</wp:post_type>
		<wp:post_password></wp:post_password>
		<wp:is_sticky>0</wp:is_sticky>
		<wp:attachment_url>http://dummy.xtemos.com/woodmart/demos/wp-content/uploads/sites/2/2017/06/wood-main-bg.jpg</wp:attachment_url>
		<wp:postmeta>
			<wp:meta_key>_wp_attached_file</wp:meta_key>
			<wp:meta_value><![CDATA[2017/06/wood-main-bg.jpg]]></wp:meta_value>
		</wp:postmeta>
		<wp:comment>
			<wp:comment_id>4</wp:comment_id>
			<wp:comment_author><![CDATA[Marynesee]]></wp:comment_author>
			<wp:comment_author_email>rosierobles@probbox.com</wp:comment_author_email>
			<wp:comment_author_url>https://elimite2.com/</wp:comment_author_url>
			<wp:comment_author_IP>5.188.210.242</wp:comment_author_IP>
			<wp:comment_date>2019-11-27 10:27:53</wp:comment_date>
			<wp:comment_date_gmt>2019-11-27 10:27:53</wp:comment_date_gmt>
			<wp:comment_content><![CDATA[<a href="https://elimite2.com/" rel="nofollow">where can you buy elimite cream</a>]]></wp:comment_content>
			<wp:comment_approved>0</wp:comment_approved>
			<wp:comment_type></wp:comment_type>
			<wp:comment_parent>0</wp:comment_parent>
			<wp:comment_user_id>0</wp:comment_user_id>
			<wp:commentmeta>
				<wp:meta_key>akismet_error</wp:meta_key>
				<wp:meta_value><![CDATA[1574850473]]></wp:meta_value>
			</wp:commentmeta>
			<wp:commentmeta>
				<wp:meta_key>akismet_history</wp:meta_key>
				<wp:meta_value><![CDATA[a:3:{s:4:"time";d:1574850473.504775;s:5:"event";s:11:"check-error";s:4:"meta";a:1:{s:8:"response";s:7:"invalid";}}]]></wp:meta_value>
			</wp:commentmeta>
		</wp:comment>
		<wp:comment>
			<wp:comment_id>5</wp:comment_id>
			<wp:comment_author><![CDATA[Paulnesee]]></wp:comment_author>
			<wp:comment_author_email>dsmyers@probbox.com</wp:comment_author_email>
			<wp:comment_author_url>https://elimite2.com/</wp:comment_author_url>
			<wp:comment_author_IP>5.188.210.242</wp:comment_author_IP>
			<wp:comment_date>2019-11-28 04:55:01</wp:comment_date>
			<wp:comment_date_gmt>2019-11-28 04:55:01</wp:comment_date_gmt>
			<wp:comment_content><![CDATA[<a href="https://elimite2.com/" rel="nofollow">buy elimite cream online</a>]]></wp:comment_content>
			<wp:comment_approved>0</wp:comment_approved>
			<wp:comment_type></wp:comment_type>
			<wp:comment_parent>0</wp:comment_parent>
			<wp:comment_user_id>0</wp:comment_user_id>
			<wp:commentmeta>
				<wp:meta_key>akismet_error</wp:meta_key>
				<wp:meta_value><![CDATA[1574916901]]></wp:meta_value>
			</wp:commentmeta>
			<wp:commentmeta>
				<wp:meta_key>akismet_history</wp:meta_key>
				<wp:meta_value><![CDATA[a:3:{s:4:"time";d:1574916901.9205561;s:5:"event";s:11:"check-error";s:4:"meta";a:1:{s:8:"response";s:7:"invalid";}}]]></wp:meta_value>
			</wp:commentmeta>
		</wp:comment>
		<wp:comment>
			<wp:comment_id>6</wp:comment_id>
			<wp:comment_author><![CDATA[Marknesee]]></wp:comment_author>
			<wp:comment_author_email>hwoods@probbox.com</wp:comment_author_email>
			<wp:comment_author_url>https://elimite2.com/</wp:comment_author_url>
			<wp:comment_author_IP>5.188.210.242</wp:comment_author_IP>
			<wp:comment_date>2019-11-29 23:13:46</wp:comment_date>
			<wp:comment_date_gmt>2019-11-29 23:13:46</wp:comment_date_gmt>
			<wp:comment_content><![CDATA[<a href="https://elimite2.com/" rel="nofollow">elimite cream cost</a>]]></wp:comment_content>
			<wp:comment_approved>0</wp:comment_approved>
			<wp:comment_type></wp:comment_type>
			<wp:comment_parent>0</wp:comment_parent>
			<wp:comment_user_id>0</wp:comment_user_id>
			<wp:commentmeta>
				<wp:meta_key>akismet_error</wp:meta_key>
				<wp:meta_value><![CDATA[1575069226]]></wp:meta_value>
			</wp:commentmeta>
			<wp:commentmeta>
				<wp:meta_key>akismet_history</wp:meta_key>
				<wp:meta_value><![CDATA[a:3:{s:4:"time";d:1575069226.3809769;s:5:"event";s:11:"check-error";s:4:"meta";a:1:{s:8:"response";s:7:"invalid";}}]]></wp:meta_value>
			</wp:commentmeta>
		</wp:comment>
		<wp:comment>
			<wp:comment_id>7</wp:comment_id>
			<wp:comment_author><![CDATA[Lisanesee]]></wp:comment_author>
			<wp:comment_author_email>kendonago@probbox.com</wp:comment_author_email>
			<wp:comment_author_url>http://elimite2.com/</wp:comment_author_url>
			<wp:comment_author_IP>5.188.210.242</wp:comment_author_IP>
			<wp:comment_date>2019-11-29 23:36:00</wp:comment_date>
			<wp:comment_date_gmt>2019-11-29 23:36:00</wp:comment_date_gmt>
			<wp:comment_content><![CDATA[<a href="http://elimite2.com/" rel="nofollow">buy elimite cream online</a>]]></wp:comment_content>
			<wp:comment_approved>0</wp:comment_approved>
			<wp:comment_type></wp:comment_type>
			<wp:comment_parent>0</wp:comment_parent>
			<wp:comment_user_id>0</wp:comment_user_id>
			<wp:commentmeta>
				<wp:meta_key>akismet_error</wp:meta_key>
				<wp:meta_value><![CDATA[1575070560]]></wp:meta_value>
			</wp:commentmeta>
			<wp:commentmeta>
				<wp:meta_key>akismet_history</wp:meta_key>
				<wp:meta_value><![CDATA[a:3:{s:4:"time";d:1575070560.6964481;s:5:"event";s:11:"check-error";s:4:"meta";a:1:{s:8:"response";s:7:"invalid";}}]]></wp:meta_value>
			</wp:commentmeta>
		</wp:comment>
		<wp:comment>
			<wp:comment_id>8</wp:comment_id>
			<wp:comment_author><![CDATA[Marynesee]]></wp:comment_author>
			<wp:comment_author_email>corinne@probbox.com</wp:comment_author_email>
			<wp:comment_author_url>https://elimite2.com/</wp:comment_author_url>
			<wp:comment_author_IP>5.188.210.242</wp:comment_author_IP>
			<wp:comment_date>2019-12-12 01:37:39</wp:comment_date>
			<wp:comment_date_gmt>2019-12-12 01:37:39</wp:comment_date_gmt>
			<wp:comment_content><![CDATA[<a href="https://elimite2.com/" rel="nofollow">elimite otc price</a>]]></wp:comment_content>
			<wp:comment_approved>0</wp:comment_approved>
			<wp:comment_type></wp:comment_type>
			<wp:comment_parent>0</wp:comment_parent>
			<wp:comment_user_id>0</wp:comment_user_id>
			<wp:commentmeta>
				<wp:meta_key>akismet_error</wp:meta_key>
				<wp:meta_value><![CDATA[1576114659]]></wp:meta_value>
			</wp:commentmeta>
			<wp:commentmeta>
				<wp:meta_key>akismet_history</wp:meta_key>
				<wp:meta_value><![CDATA[a:3:{s:4:"time";d:1576114659.7693069;s:5:"event";s:11:"check-error";s:4:"meta";a:1:{s:8:"response";s:7:"invalid";}}]]></wp:meta_value>
			</wp:commentmeta>
		</wp:comment>
		<wp:comment>
			<wp:comment_id>9</wp:comment_id>
			<wp:comment_author><![CDATA[Paulnesee]]></wp:comment_author>
			<wp:comment_author_email>siljelima@probbox.com</wp:comment_author_email>
			<wp:comment_author_url>https://elimite2.com/</wp:comment_author_url>
			<wp:comment_author_IP>5.188.210.242</wp:comment_author_IP>
			<wp:comment_date>2019-12-12 21:58:27</wp:comment_date>
			<wp:comment_date_gmt>2019-12-12 21:58:27</wp:comment_date_gmt>
			<wp:comment_content><![CDATA[<a href="https://elimite2.com/" rel="nofollow">where can you buy elimite cream</a>]]></wp:comment_content>
			<wp:comment_approved>0</wp:comment_approved>
			<wp:comment_type></wp:comment_type>
			<wp:comment_parent>0</wp:comment_parent>
			<wp:comment_user_id>0</wp:comment_user_id>
			<wp:commentmeta>
				<wp:meta_key>akismet_error</wp:meta_key>
				<wp:meta_value><![CDATA[1576187907]]></wp:meta_value>
			</wp:commentmeta>
			<wp:commentmeta>
				<wp:meta_key>akismet_history</wp:meta_key>
				<wp:meta_value><![CDATA[a:3:{s:4:"time";d:1576187907.2008171;s:5:"event";s:11:"check-error";s:4:"meta";a:1:{s:8:"response";s:7:"invalid";}}]]></wp:meta_value>
			</wp:commentmeta>
		</wp:comment>
		<wp:comment>
			<wp:comment_id>10</wp:comment_id>
			<wp:comment_author><![CDATA[Lisanesee]]></wp:comment_author>
			<wp:comment_author_email>susanweaver1@probbox.com</wp:comment_author_email>
			<wp:comment_author_url>http://elimite2.com/</wp:comment_author_url>
			<wp:comment_author_IP>5.188.210.242</wp:comment_author_IP>
			<wp:comment_date>2019-12-14 17:11:13</wp:comment_date>
			<wp:comment_date_gmt>2019-12-14 17:11:13</wp:comment_date_gmt>
			<wp:comment_content><![CDATA[<a href="http://elimite2.com/" rel="nofollow">elimite cream</a>]]></wp:comment_content>
			<wp:comment_approved>0</wp:comment_approved>
			<wp:comment_type></wp:comment_type>
			<wp:comment_parent>0</wp:comment_parent>
			<wp:comment_user_id>0</wp:comment_user_id>
			<wp:commentmeta>
				<wp:meta_key>akismet_error</wp:meta_key>
				<wp:meta_value><![CDATA[1576343473]]></wp:meta_value>
			</wp:commentmeta>
			<wp:commentmeta>
				<wp:meta_key>akismet_history</wp:meta_key>
				<wp:meta_value><![CDATA[a:3:{s:4:"time";d:1576343473.8046291;s:5:"event";s:11:"check-error";s:4:"meta";a:1:{s:8:"response";s:7:"invalid";}}]]></wp:meta_value>
			</wp:commentmeta>
		</wp:comment>
		<wp:comment>
			<wp:comment_id>11</wp:comment_id>
			<wp:comment_author><![CDATA[Marknesee]]></wp:comment_author>
			<wp:comment_author_email>timcasey@probbox.com</wp:comment_author_email>
			<wp:comment_author_url>https://elimite2.com/</wp:comment_author_url>
			<wp:comment_author_IP>5.188.210.242</wp:comment_author_IP>
			<wp:comment_date>2019-12-14 21:52:50</wp:comment_date>
			<wp:comment_date_gmt>2019-12-14 21:52:50</wp:comment_date_gmt>
			<wp:comment_content><![CDATA[<a href="https://elimite2.com/" rel="nofollow">elimite cream</a>]]></wp:comment_content>
			<wp:comment_approved>0</wp:comment_approved>
			<wp:comment_type></wp:comment_type>
			<wp:comment_parent>0</wp:comment_parent>
			<wp:comment_user_id>0</wp:comment_user_id>
			<wp:commentmeta>
				<wp:meta_key>akismet_error</wp:meta_key>
				<wp:meta_value><![CDATA[1576360370]]></wp:meta_value>
			</wp:commentmeta>
			<wp:commentmeta>
				<wp:meta_key>akismet_history</wp:meta_key>
				<wp:meta_value><![CDATA[a:3:{s:4:"time";d:1576360370.43911;s:5:"event";s:11:"check-error";s:4:"meta";a:1:{s:8:"response";s:7:"invalid";}}]]></wp:meta_value>
			</wp:commentmeta>
		</wp:comment>
		<wp:comment>
			<wp:comment_id>12</wp:comment_id>
			<wp:comment_author><![CDATA[rjryxWouct]]></wp:comment_author>
			<wp:comment_author_email>xhenljpz@oiltempof.icu</wp:comment_author_email>
			<wp:comment_author_url>https://cbdoilnumber1.com</wp:comment_author_url>
			<wp:comment_author_IP>5.188.210.4</wp:comment_author_IP>
			<wp:comment_date>2020-01-08 19:52:59</wp:comment_date>
			<wp:comment_date_gmt>2020-01-08 19:52:59</wp:comment_date_gmt>
			<wp:comment_content><![CDATA[cbd oil hempworx cbd oil  cbd oil  <a href="https://cbdoilnumber1.com" rel="nofollow">best cbd oil buy cbd oil  </a>  cbd oil for vaping cbd oil  cbd oil 
 
cbd oil  buy cbd oil cure buy cbd oil  <a href="https://cbdoilnumber1.com" rel="nofollow">cbd oil </a>  ananda cbd oil  cbd oil]]></wp:comment_content>
			<wp:comment_approved>0</wp:comment_approved>
			<wp:comment_type></wp:comment_type>
			<wp:comment_parent>0</wp:comment_parent>
			<wp:comment_user_id>0</wp:comment_user_id>
			<wp:commentmeta>
				<wp:meta_key>akismet_error</wp:meta_key>
				<wp:meta_value><![CDATA[1578513179]]></wp:meta_value>
			</wp:commentmeta>
			<wp:commentmeta>
				<wp:meta_key>akismet_history</wp:meta_key>
				<wp:meta_value><![CDATA[a:3:{s:4:"time";d:1578513179.9934621;s:5:"event";s:11:"check-error";s:4:"meta";a:1:{s:8:"response";s:7:"invalid";}}]]></wp:meta_value>
			</wp:commentmeta>
		</wp:comment>
	</item>
	item>
		<title>wood-gallery-placeholder</title>
		<link>http://dummy.xtemos.com/woodmart/demos/home-base/wood-gallery-placeholder/</link>
		<pubDate>Wed, 14 Jun 2017 11:33:24 +0000</pubDate>
		<dc:creator><![CDATA[admin]]></dc:creator>
		<guid isPermaLink="false">http://dummy.xtemos.com/woodmart/demos/wp-content/uploads/sites/2/2017/06/wood-gallery-placeholder.jpg</guid>
		<description></description>
		<content:encoded><![CDATA[]]></content:encoded>
		<excerpt:encoded><![CDATA[]]></excerpt:encoded>
		<wp:post_id>78</wp:post_id>
		<wp:post_date>2017-06-14 11:33:24</wp:post_date>
		<wp:post_date_gmt>2017-06-14 11:33:24</wp:post_date_gmt>
		<wp:comment_status>open</wp:comment_status>
		<wp:ping_status>closed</wp:ping_status>
		<wp:post_name>wood-gallery-placeholder</wp:post_name>
		<wp:status>inherit</wp:status>
		<wp:post_parent>57</wp:post_parent>
		<wp:menu_order>0</wp:menu_order>
		<wp:post_type>attachment</wp:post_type>
		<wp:post_password></wp:post_password>
		<wp:is_sticky>0</wp:is_sticky>
		<wp:attachment_url>http://dummy.xtemos.com/woodmart/demos/wp-content/uploads/sites/2/2017/06/wood-gallery-placeholder.jpg</wp:attachment_url>
		<wp:postmeta>
			<wp:meta_key>_wp_attached_file</wp:meta_key>
			<wp:meta_value><![CDATA[2017/06/wood-gallery-placeholder.jpg]]></wp:meta_value>
		</wp:postmeta>
	</item>
	<item>
		<title>wood-gallery-placeholder-2</title>
		<link>http://dummy.xtemos.com/woodmart/demos/home-base/wood-gallery-placeholder-2/</link>
		<pubDate>Wed, 14 Jun 2017 11:33:26 +0000</pubDate>
		<dc:creator><![CDATA[admin]]></dc:creator>
		<guid isPermaLink="false">http://dummy.xtemos.com/woodmart/demos/wp-content/uploads/sites/2/2017/06/wood-gallery-placeholder-2.jpg</guid>
		<description></description>
		<content:encoded><![CDATA[]]></content:encoded>
		<excerpt:encoded><![CDATA[]]></excerpt:encoded>
		<wp:post_id>79</wp:post_id>
		<wp:post_date>2017-06-14 11:33:26</wp:post_date>
		<wp:post_date_gmt>2017-06-14 11:33:26</wp:post_date_gmt>
		<wp:comment_status>open</wp:comment_status>
		<wp:ping_status>closed</wp:ping_status>
		<wp:post_name>wood-gallery-placeholder-2</wp:post_name>
		<wp:status>inherit</wp:status>
		<wp:post_parent>57</wp:post_parent>
		<wp:menu_order>0</wp:menu_order>
		<wp:post_type>attachment</wp:post_type>
		<wp:post_password></wp:post_password>
		<wp:is_sticky>0</wp:is_sticky>
		<wp:attachment_url>http://dummy.xtemos.com/woodmart/demos/wp-content/uploads/sites/2/2017/06/wood-gallery-placeholder-2.jpg</wp:attachment_url>
		<wp:postmeta>
			<wp:meta_key>_wp_attached_file</wp:meta_key>
			<wp:meta_value><![CDATA[2017/06/wood-gallery-placeholder-2.jpg]]></wp:meta_value>
		</wp:postmeta>
	</item>
	<item>
		<title>wood-gallery-placeholder-3</title>
		<link>http://dummy.xtemos.com/woodmart/demos/home-base/wood-gallery-placeholder-3/</link>
		<pubDate>Wed, 14 Jun 2017 11:33:28 +0000</pubDate>
		<dc:creator><![CDATA[admin]]></dc:creator>
		<guid isPermaLink="false">http://dummy.xtemos.com/woodmart/demos/wp-content/uploads/sites/2/2017/06/wood-gallery-placeholder-3.jpg</guid>
		<description></description>
		<content:encoded><![CDATA[]]></content:encoded>
		<excerpt:encoded><![CDATA[]]></excerpt:encoded>
		<wp:post_id>80</wp:post_id>
		<wp:post_date>2017-06-14 11:33:28</wp:post_date>
		<wp:post_date_gmt>2017-06-14 11:33:28</wp:post_date_gmt>
		<wp:comment_status>open</wp:comment_status>
		<wp:ping_status>closed</wp:ping_status>
		<wp:post_name>wood-gallery-placeholder-3</wp:post_name>
		<wp:status>inherit</wp:status>
		<wp:post_parent>57</wp:post_parent>
		<wp:menu_order>0</wp:menu_order>
		<wp:post_type>attachment</wp:post_type>
		<wp:post_password></wp:post_password>
		<wp:is_sticky>0</wp:is_sticky>
		<wp:attachment_url>http://dummy.xtemos.com/woodmart/demos/wp-content/uploads/sites/2/2017/06/wood-gallery-placeholder-3.jpg</wp:attachment_url>
		<wp:postmeta>
			<wp:meta_key>_wp_attached_file</wp:meta_key>
			<wp:meta_value><![CDATA[2017/06/wood-gallery-placeholder-3.jpg]]></wp:meta_value>
		</wp:postmeta>
	</item>
	<item>
		<title>wood-gallery-placeholder-4</title>
		<link>http://dummy.xtemos.com/woodmart/demos/home-base/wood-gallery-placeholder-4/</link>
		<pubDate>Wed, 14 Jun 2017 11:33:30 +0000</pubDate>
		<dc:creator><![CDATA[admin]]></dc:creator>
		<guid isPermaLink="false">http://dummy.xtemos.com/woodmart/demos/wp-content/uploads/sites/2/2017/06/wood-gallery-placeholder-4.jpg</guid>
		<description></description>
		<content:encoded><![CDATA[]]></content:encoded>
		<excerpt:encoded><![CDATA[]]></excerpt:encoded>
		<wp:post_id>81</wp:post_id>
		<wp:post_date>2017-06-14 11:33:30</wp:post_date>
		<wp:post_date_gmt>2017-06-14 11:33:30</wp:post_date_gmt>
		<wp:comment_status>open</wp:comment_status>
		<wp:ping_status>closed</wp:ping_status>
		<wp:post_name>wood-gallery-placeholder-4</wp:post_name>
		<wp:status>inherit</wp:status>
		<wp:post_parent>57</wp:post_parent>
		<wp:menu_order>0</wp:menu_order>
		<wp:post_type>attachment</wp:post_type>
		<wp:post_password></wp:post_password>
		<wp:is_sticky>0</wp:is_sticky>
		<wp:attachment_url>http://dummy.xtemos.com/woodmart/demos/wp-content/uploads/sites/2/2017/06/wood-gallery-placeholder-4.jpg</wp:attachment_url>
		<wp:postmeta>
			<wp:meta_key>_wp_attached_file</wp:meta_key>
			<wp:meta_value><![CDATA[2017/06/wood-gallery-placeholder-4.jpg]]></wp:meta_value>
		</wp:postmeta>
	</item>
	<item>
		<title>wood-portfolio-placeholder</title>
		<link>http://dummy.xtemos.com/woodmart/demos/wood-portfolio-placeholder/</link>
		<pubDate>Wed, 14 Jun 2017 14:02:43 +0000</pubDate>
		<dc:creator><![CDATA[admin]]></dc:creator>
		<guid isPermaLink="false">http://dummy.xtemos.com/woodmart/demos/wp-content/uploads/sites/2/2017/06/wood-portfolio-placeholder.jpg</guid>
		<description></description>
		<content:encoded><![CDATA[]]></content:encoded>
		<excerpt:encoded><![CDATA[]]></excerpt:encoded>
		<wp:post_id>117</wp:post_id>
		<wp:post_date>2017-06-14 14:02:43</wp:post_date>
		<wp:post_date_gmt>2017-06-14 14:02:43</wp:post_date_gmt>
		<wp:comment_status>open</wp:comment_status>
		<wp:ping_status>closed</wp:ping_status>
		<wp:post_name>wood-portfolio-placeholder</wp:post_name>
		<wp:status>inherit</wp:status>
		<wp:post_parent>0</wp:post_parent>
		<wp:menu_order>0</wp:menu_order>
		<wp:post_type>attachment</wp:post_type>
		<wp:post_password></wp:post_password>
		<wp:is_sticky>0</wp:is_sticky>
		<wp:attachment_url>http://dummy.xtemos.com/woodmart/demos/wp-content/uploads/sites/2/2017/06/wood-portfolio-placeholder.jpg</wp:attachment_url>
		<wp:postmeta>
			<wp:meta_key>_wp_attached_file</wp:meta_key>
			<wp:meta_value><![CDATA[2017/06/wood-portfolio-placeholder.jpg]]></wp:meta_value>
		</wp:postmeta>
	</item>
	<item>
		<title>Home Fashion-flat</title>
		<link>http://dummy.xtemos.com/woodmart/demos/home-fashion-flat/</link>
		<pubDate>Thu, 22 Jun 2017 13:21:53 +0000</pubDate>
		<dc:creator><![CDATA[erwin]]></dc:creator>
		<guid isPermaLink="false">http://dummy.xtemos.com/woodmart/demos/?page_id=459</guid>
		<description></description>
		<content:encoded><![CDATA[[vc_row full_width="stretch_row_content_no_spaces" css=".vc_custom_1497451701902{margin-top: -40px !important;margin-bottom: 10px !important;}"][vc_column][rev_slider alias="fashion-flat"][/vc_column][/vc_row][vc_row full_width="stretch_row_content" css=".vc_custom_1497449072113{margin-bottom: 8vh !important;}"][vc_column css=".vc_custom_1491321665449{padding-top: 0px !important;padding-right: 10px !important;padding-left: 10px !important;}"][banners_carousel slider_spacing="10" slides_per_view="4" hide_pagination_control="yes" hide_prev_next_buttons="yes"][promo_banner image="463" woodmart_color_scheme="dark" title_size="large" font_weight="400" btn_position="static" btn_color="primary" btn_style="link" vertical_alignment="middle" link="url:%23|||" title="Summer
Men's Wear" btn_text="See more" subtitle="Hot list"][/promo_banner][promo_banner image="463" woodmart_color_scheme="dark" title_size="large" font_weight="400" btn_position="static" btn_color="primary" btn_style="link" vertical_alignment="middle" link="url:%23|||" title="Fantastic
Special Shoes" btn_text="See more" subtitle="Category"][/promo_banner][promo_banner image="463" woodmart_color_scheme="dark" title_size="large" font_weight="400" btn_position="static" btn_color="primary" btn_style="link" vertical_alignment="middle" link="url:%23|||" title="Bags &amp;
Handbags" btn_text="See more" subtitle="Women's"][/promo_banner][promo_banner image="463" woodmart_color_scheme="dark" title_size="large" font_weight="400" btn_position="static" btn_color="primary" btn_style="link" vertical_alignment="middle" link="url:%23|||" title="Women's
Mid-Season" btn_text="See more" subtitle="Summertime"][/promo_banner][/banners_carousel][/vc_column][/vc_row][vc_row css=".vc_custom_1497449091475{margin-bottom: 7vh !important;}"][vc_column 0=""][woodmart_title size="large" title_width="40" title="Featured Categories" subtitle="WELCOME TO WOODMART" after_title="Nec sem consequat mi gravida augue augue suspendisse condimentum condimentum vestibulum augue mi gravida ugue." css=".vc_custom_1491394269771{margin-bottom: 20px !important;}"][woodmart_categories orderby="include" order="ASC" style="masonry-first" spacing="20" categories_design="default" number="5" ids=""][/vc_column][/vc_row][vc_row css=".vc_custom_1491394317187{margin-bottom: 7vh !important;}"][vc_column 0=""][woodmart_title size="large" title_width="40" title="Featured Products" subtitle="WELCOME TO WOODMART" after_title="Nec sem consequat mi gravida augue augue suspendisse condimentum condimentum vestibulum augue mi gravida ugue." css=".vc_custom_1493196069875{margin-bottom: 15px !important;}"][products_tabs color="#bea163"][products_tab products_masonry="disable" items_per_page="8" pagination="arrows" title="MAN COLLECTION" columns="4" sale_countdown="0" stock_progress_bar="0" products_bordered_grid="0" lazy_loading="no"][products_tab products_masonry="disable" items_per_page="8" pagination="arrows" product_hover="icons" order="DESC" title="WOMAN COLLECTION" columns="4" sale_countdown="0" stock_progress_bar="0" products_bordered_grid="0" lazy_loading="no"][/products_tabs][/vc_column][/vc_row][vc_row full_width="stretch_row" content_placement="middle" css=".vc_custom_1498137527121{margin-bottom: 8vh !important;padding-top: 7vh !important;padding-bottom: 7vh !important;background-image: url(http://dummy.xtemos.com/woodmart/demos/wp-content/uploads/sites/2/2017/06/wood-main-dark-bg.jpg?id=246) !important;background-position: center !important;background-repeat: no-repeat !important;background-size: cover !important;}"][vc_column width="1/2" css=".vc_custom_1497451542181{margin-bottom: 0px !important;padding-top: 15px !important;padding-bottom: 15px !important;}"][vc_video link="https://www.youtube.com/watch?v=j8LBnHOSLYQ" poster_image="44" image_poster_switch="yes" css=".vc_custom_1498137554227{margin-bottom: 0px !important;}"][/vc_column][vc_column width="1/2" woodmart_color_scheme="light" css=".vc_custom_1497449920115{padding-top: 15px !important;padding-right: 5% !important;padding-bottom: 15px !important;padding-left: 5% !important;}"][woodmart_title size="large" color="white" align="left" title_width="90" title="Enjoy the best quality and features made by WoodMart." subtitle="PORTTITOR ADIPISCING PARTURIENT" after_title="Etiam semper nibh orci, ac tincidunt mi consectetur a. In quis tortor ex. Morbi cursus sed neque quis dictum. Duis bibendum ullamcorper pharetra. Vivamus quis turpis et enim cursus neque quis dictum volutpat convallis."][woodmart_button color="white" button_inline="yes" title="SHOP NOW" link="url:%23|||"][woodmart_button color="white" style="bordered" button_inline="yes" title="VIEW MORE" link="url:%23|||"][/vc_column][/vc_row][vc_row css=".vc_custom_1497449108191{margin-bottom: 5vh !important;}"][vc_column 0="" css=".vc_custom_1497447166000{padding-top: 0px !important;}"][woodmart_title size="large" title_width="40" title="Our Latest Posts" subtitle="WELCOME TO WOODMART" after_title="Nec sem consequat mi gravida augue augue suspendisse condimentum condimentum vestibulum augue mi gravida ugue." css=".vc_custom_1496926908646{margin-bottom: 20px !important;}"][woodmart_blog post_type="ids" items_per_page="5" blog_design="carousel" parts_title="1" parts_meta="1" parts_text="1" parts_btn="1" slides_per_view="4" img_size="medium"][/vc_column][/vc_row][vc_row full_width="stretch_row" content_placement="middle" css=".vc_custom_1498137516565{margin-bottom: 7vh !important;padding-top: 15vh !important;padding-bottom: 15vh !important;background-image: url(http://dummy.xtemos.com/woodmart/demos/wp-content/uploads/sites/2/2017/06/wood-main-dark-bg.jpg?id=246) !important;background-position: center !important;background-repeat: no-repeat !important;background-size: cover !important;}"][vc_column css=".vc_custom_1491408565410{padding-top: 0px !important;}"][woodmart_title size="extra-large" color="white" title_width="40" title="Hi there, sign up and connect to WoodMart!" css=".vc_custom_1497447235658{margin-bottom: 20px !important;}" after_title="Be the first to learn about our latest trends and get exclusive offers." subtitle="CONDIM PARTURIENT VENENATIS"][woodmart_button color="primary" size="extra-large" title="Newsletter Subscribe" el_class="woodmart-open-newsletter" link="|||"][/vc_column][/vc_row][vc_row content_placement="middle" css=".vc_custom_1497451833177{margin-bottom: 8vh !important;}"][vc_column 0="" width="1/2" css=".vc_custom_1497451527205{padding-top: 15px !important;padding-bottom: 15px !important;}" el_class="text-center"][woodmart_title size="large" title_width="80" title="Discover fashion and style on our online worldwide store." subtitle="CONDIMENTUM QUIS NASCETUR" after_title="Etiam semper nibh orci, ac tincidunt mi consectetur a. In quis tortor ex. Morbi cursus sed neque quis dictum. Duis bibendum ullamcorper pharetra. Vivamus quis turpis et enim cursus neque quis."][woodmart_button color="primary" button_inline="yes" title="SHOP NOW" link="url:%23|||"][woodmart_button style="bordered" button_inline="yes" title="VIEW MORE" link="url:%23|||"][/vc_column][vc_column width="1/2" css=".vc_custom_1497451532053{padding-top: 15px !important;padding-bottom: 15px !important;}"][woodmart_brands orderby="" order="" hover="alt" brand_style="bordered" style="grid" columns="3" number="9" ids=""][/vc_column][/vc_row][vc_row full_width="stretch_row_content_no_spaces" css=".vc_custom_1491382868111{margin-bottom: -40px !important;}"][vc_column 0="" css=".vc_custom_1490949189874{padding-top: 0px !important;}"][woodmart_instagram data_source="images" images="117,81,80,79,78,77" per_row="6" username="yoyokulala" images_size="full" images_link="https://www.instagram.com/yoyokulala/" spacing="0" rounded="0" hide_mask="0"]
<h4 style="text-align: center;margin-bottom: 0"><strong>INSTAGRAM</strong></h4>
<h6 style="text-align: center;margin-bottom: 10px"><span style="color: #c4c4c4">@WOOD_FASHION</span></h6>
<p style="text-align: center">Porttitor adipiscing a velmus lacinia parturient adipiscing lobortis vestibulum lacinia class.</p>
[/woodmart_instagram][/vc_column][/vc_row]]]></content:encoded>
		<excerpt:encoded><![CDATA[]]></excerpt:encoded>
		<wp:post_id>459</wp:post_id>
		<wp:post_date>2017-06-22 13:21:53</wp:post_date>
		<wp:post_date_gmt>2017-06-22 13:21:53</wp:post_date_gmt>
		<wp:comment_status>closed</wp:comment_status>
		<wp:ping_status>closed</wp:ping_status>
		<wp:post_name>home-fashion-flat</wp:post_name>
		<wp:status>publish</wp:status>
		<wp:post_parent>0</wp:post_parent>
		<wp:menu_order>0</wp:menu_order>
		<wp:post_type>page</wp:post_type>
		<wp:post_password></wp:post_password>
		<wp:is_sticky>0</wp:is_sticky>
		<wp:postmeta>
			<wp:meta_key>_wp_page_template</wp:meta_key>
			<wp:meta_value><![CDATA[default]]></wp:meta_value>
		</wp:postmeta>
		<wp:postmeta>
			<wp:meta_key>_wpb_shortcodes_custom_css</wp:meta_key>
			<wp:meta_value><![CDATA[.vc_custom_1497451701902{margin-top: -40px !important;margin-bottom: 10px !important;}.vc_custom_1497449072113{margin-bottom: 8vh !important;}.vc_custom_1497449091475{margin-bottom: 7vh !important;}.vc_custom_1491394317187{margin-bottom: 7vh !important;}.vc_custom_1498137527121{margin-bottom: 8vh !important;padding-top: 7vh !important;padding-bottom: 7vh !important;background-image: url(http://dummy.xtemos.com/woodmart/demos/wp-content/uploads/sites/2/2017/06/wood-main-dark-bg.jpg?id=246) !important;background-position: center !important;background-repeat: no-repeat !important;background-size: cover !important;}.vc_custom_1497449108191{margin-bottom: 5vh !important;}.vc_custom_1498137516565{margin-bottom: 7vh !important;padding-top: 15vh !important;padding-bottom: 15vh !important;background-image: url(http://dummy.xtemos.com/woodmart/demos/wp-content/uploads/sites/2/2017/06/wood-main-dark-bg.jpg?id=246) !important;background-position: center !important;background-repeat: no-repeat !important;background-size: cover !important;}.vc_custom_1497451833177{margin-bottom: 8vh !important;}.vc_custom_1491382868111{margin-bottom: -40px !important;}.vc_custom_1491321665449{padding-top: 0px !important;padding-right: 10px !important;padding-left: 10px !important;}.vc_custom_1491394269771{margin-bottom: 20px !important;}.vc_custom_1493196069875{margin-bottom: 15px !important;}.vc_custom_1497451542181{margin-bottom: 0px !important;padding-top: 15px !important;padding-bottom: 15px !important;}.vc_custom_1497449920115{padding-top: 15px !important;padding-right: 5% !important;padding-bottom: 15px !important;padding-left: 5% !important;}.vc_custom_1498137554227{margin-bottom: 0px !important;}.vc_custom_1497447166000{padding-top: 0px !important;}.vc_custom_1496926908646{margin-bottom: 20px !important;}.vc_custom_1491408565410{padding-top: 0px !important;}.vc_custom_1497447235658{margin-bottom: 20px !important;}.vc_custom_1497451527205{padding-top: 15px !important;padding-bottom: 15px !important;}.vc_custom_1497451532053{padding-top: 15px !important;padding-bottom: 15px !important;}.vc_custom_1490949189874{padding-top: 0px !important;}]]></wp:meta_value>
		</wp:postmeta>
		<wp:postmeta>
			<wp:meta_key>_woodmart_main_layout</wp:meta_key>
			<wp:meta_value><![CDATA[full-width]]></wp:meta_value>
		</wp:postmeta>
		<wp:postmeta>
			<wp:meta_key>_woodmart_header_color_scheme</wp:meta_key>
			<wp:meta_value><![CDATA[inherit]]></wp:meta_value>
		</wp:postmeta>
		<wp:postmeta>
			<wp:meta_key>_woodmart_title_off</wp:meta_key>
			<wp:meta_value><![CDATA[on]]></wp:meta_value>
		</wp:postmeta>
		<wp:postmeta>
			<wp:meta_key>_woodmart_prefooter_off</wp:meta_key>
			<wp:meta_value><![CDATA[on]]></wp:meta_value>
		</wp:postmeta>
		<wp:postmeta>
			<wp:meta_key>_oembed_d22d391431c0644e4c9db68838d19137</wp:meta_key>
			<wp:meta_value><![CDATA[<iframe width="500" height="281" src="https://www.youtube.com/embed/j8LBnHOSLYQ?feature=oembed" frameborder="0" allowfullscreen></iframe>]]></wp:meta_value>
		</wp:postmeta>
		<wp:postmeta>
			<wp:meta_key>_oembed_time_d22d391431c0644e4c9db68838d19137</wp:meta_key>
			<wp:meta_value><![CDATA[1498137739]]></wp:meta_value>
		</wp:postmeta>
		<wp:postmeta>
			<wp:meta_key>rs_page_bg_color</wp:meta_key>
			<wp:meta_value><![CDATA[#ffffff]]></wp:meta_value>
		</wp:postmeta>
		<wp:postmeta>
			<wp:meta_key>_woodmart_whb_header</wp:meta_key>
			<wp:meta_value><![CDATA[none]]></wp:meta_value>
		</wp:postmeta>
		<wp:postmeta>
			<wp:meta_key>_woodmart_title_image</wp:meta_key>
			<wp:meta_value><![CDATA[]]></wp:meta_value>
		</wp:postmeta>
		<wp:postmeta>
			<wp:meta_key>_woodmart_title_bg_color</wp:meta_key>
			<wp:meta_value><![CDATA[]]></wp:meta_value>
		</wp:postmeta>
		<wp:postmeta>
			<wp:meta_key>_woodmart_page-title-size</wp:meta_key>
			<wp:meta_value><![CDATA[inherit]]></wp:meta_value>
		</wp:postmeta>
		<wp:postmeta>
			<wp:meta_key>_woodmart_mobile_content</wp:meta_key>
			<wp:meta_value><![CDATA[]]></wp:meta_value>
		</wp:postmeta>
		<wp:postmeta>
			<wp:meta_key>wd_page_css_files</wp:meta_key>
			<wp:meta_value><![CDATA[a:21:{i:0;s:12:"wp-gutenberg";i:1;s:5:"wpcf7";i:2;s:5:"mc4wp";i:3;s:17:"revolution-slider";i:4;s:17:"woo-yith-wishlist";i:5;s:13:"wpbakery-base";i:6;s:13:"notices-fixed";i:7;s:16:"woocommerce-base";i:8;s:12:"social-icons";i:9;s:12:"owl-carousel";i:10;s:6:"banner";i:11;s:13:"section-title";i:12;s:15:"categories-loop";i:13;s:12:"product-tabs";i:14;s:12:"product-loop";i:15;s:17:"add-to-cart-popup";i:16;s:9:"mfp-popup";i:17;s:9:"blog-base";i:18;s:6:"brands";i:19;s:9:"instagram";i:20;s:10:"scroll-top";}]]></wp:meta_value>
		</wp:postmeta>
	</item>
	<item>
		<title>baner-flat-fashion-7</title>
		<link>http://dummy.xtemos.com/woodmart/demos/home-fashion-flat/baner-flat-fashion-7/</link>
		<pubDate>Thu, 22 Jun 2017 13:30:23 +0000</pubDate>
		<dc:creator><![CDATA[erwin]]></dc:creator>
		<guid isPermaLink="false">http://dummy.xtemos.com/woodmart/demos/wp-content/uploads/sites/2/2017/06/baner-flat-fashion-7.jpg</guid>
		<description></description>
		<content:encoded><![CDATA[]]></content:encoded>
		<excerpt:encoded><![CDATA[]]></excerpt:encoded>
		<wp:post_id>463</wp:post_id>
		<wp:post_date>2017-06-22 13:30:23</wp:post_date>
		<wp:post_date_gmt>2017-06-22 13:30:23</wp:post_date_gmt>
		<wp:comment_status>open</wp:comment_status>
		<wp:ping_status>closed</wp:ping_status>
		<wp:post_name>baner-flat-fashion-7</wp:post_name>
		<wp:status>inherit</wp:status>
		<wp:post_parent>459</wp:post_parent>
		<wp:menu_order>0</wp:menu_order>
		<wp:post_type>attachment</wp:post_type>
		<wp:post_password></wp:post_password>
		<wp:is_sticky>0</wp:is_sticky>
		<wp:attachment_url>http://dummy.xtemos.com/woodmart/demos/wp-content/uploads/sites/2/2017/06/baner-flat-fashion-7.jpg</wp:attachment_url>
		<wp:postmeta>
			<wp:meta_key>_wp_attached_file</wp:meta_key>
			<wp:meta_value><![CDATA[2017/06/baner-flat-fashion-7.jpg]]></wp:meta_value>
		</wp:postmeta>
	</item>
</channel>
</rss>
