<?xml version="1.0" encoding="UTF-8" ?>
<!-- This is a WordPress eXtended RSS file generated by WordPress as an export of your site. -->
<!-- It contains information about your site's posts, pages, comments, categories, and other content. -->
<!-- You may use this file to transfer that content from one site to another. -->
<!-- This file is not intended to serve as a complete backup of your site. -->

<!-- To import this information into a WordPress site follow these steps: -->
<!-- 1. Log in to that site as an administrator. -->
<!-- 2. Go to Tools: Import in the WordPress admin panel. -->
<!-- 3. Install the "WordPress" importer from the list. -->
<!-- 4. Activate & Run Importer. -->
<!-- 5. Upload this file using the form provided on that page. -->
<!-- 6. You will first be asked to map the authors in this export file to users -->
<!--    on the site. For each author, you may choose to map to an -->
<!--    existing user on the site or to create a new user. -->
<!-- 7. WordPress will then import each of the posts, pages, comments, categories, etc. -->
<!--    contained in this file into your site. -->

	<!-- generator="WordPress/5.4.6" created="2021-05-20 14:30" -->
<rss version="2.0"
	xmlns:excerpt="http://wordpress.org/export/1.2/excerpt/"
	xmlns:content="http://purl.org/rss/1.0/modules/content/"
	xmlns:wfw="http://wellformedweb.org/CommentAPI/"
	xmlns:dc="http://purl.org/dc/elements/1.1/"
	xmlns:wp="http://wordpress.org/export/1.2/"
>

<channel>
	<title>Woodmart dummy demos</title>
	<link>http://dummy.xtemos.com/woodmart-elementor/demos</link>
	<description>Just another Woodmart Dummy Content Sites site</description>
	<pubDate>Thu, 20 May 2021 14:30:23 +0000</pubDate>
	<language>en-US</language>
	<wp:wxr_version>1.2</wp:wxr_version>
	<wp:base_site_url>http://dummy.xtemos.com/woodmart-elementor/</wp:base_site_url>
	<wp:base_blog_url>http://dummy.xtemos.com/woodmart-elementor/demos</wp:base_blog_url>

		<wp:author><wp:author_id>2</wp:author_id><wp:author_login>erwin</wp:author_login><wp:author_email>ss@asas.as</wp:author_email><wp:author_display_name><![CDATA[erwin]]></wp:author_display_name><wp:author_first_name><![CDATA[]]></wp:author_first_name><wp:author_last_name><![CDATA[]]></wp:author_last_name></wp:author>

				
	<generator>https://wordpress.org/?v=5.4.6</generator>

		<item>
		<title>
				Blog element		</title>
		<link>http://dummy.xtemos.com/woodmart-elementor/demos/blog-element/</link>
		<pubDate>Tue, 04 Jul 2017 12:14:17 +0000</pubDate>
		<dc:creator><![CDATA[erwin]]></dc:creator>
		<guid isPermaLink="false">http://dummy.xtemos.com/woodmart-elementor/demos/?page_id=770</guid>
		<description></description>
		<content:encoded><![CDATA[
		
							
						
													
				
					22				
					Jun				
				
							Furniture
							
					Minimalist Japanese-]]></content:encoded>
		<excerpt:encoded><![CDATA[]]></excerpt:encoded>
		<wp:post_id>770</wp:post_id>
		<wp:post_date>2017-07-04 12:14:17</wp:post_date>
		<wp:post_date_gmt>2017-07-04 12:14:17</wp:post_date_gmt>
		<wp:comment_status>closed</wp:comment_status>
		<wp:ping_status>closed</wp:ping_status>
		<wp:post_name>blog-element</wp:post_name>
		<wp:status>publish</wp:status>
		<wp:post_parent>0</wp:post_parent>
		<wp:menu_order>0</wp:menu_order>
		<wp:post_type>page</wp:post_type>
		<wp:post_password></wp:post_password>
		<wp:is_sticky>0</wp:is_sticky>
														<wp:postmeta>
			<wp:meta_key>_wp_page_template</wp:meta_key>
			<wp:meta_value><![CDATA[default]]></wp:meta_value>
		</wp:postmeta>
							<wp:postmeta>
			<wp:meta_key>_woodmart_header_color_scheme</wp:meta_key>
			<wp:meta_value><![CDATA[inherit]]></wp:meta_value>
		</wp:postmeta>
							<wp:postmeta>
			<wp:meta_key>_woodmart_main_layout</wp:meta_key>
			<wp:meta_value><![CDATA[full-width]]></wp:meta_value>
		</wp:postmeta>
							<wp:postmeta>
			<wp:meta_key>_elementor_data</wp:meta_key>
			<wp:meta_value><![CDATA[[{"id":"6138558","elType":"section","settings":{"margin":{"unit":"px","top":"0","right":"0","bottom":"45","left":"0","isLinked":""},"margin_tablet":{"unit":"px","top":"0","right":"0","bottom":"35","left":"0","isLinked":""},"margin_mobile":{"unit":"px","top":"0","right":"0","bottom":"40","left":"0","isLinked":""}},"elements":[{"id":"1931057","elType":"column","settings":{"_column_size":"100","_inline_size":"","column_sticky_offset":"50","scroll_y":"-80"},"elements":[{"id":"5333667","elType":"widget","settings":{"subtitle":"XTEMOS ELEMENT","after_title":"","image_size":"custom","style":"bordered","color":"primary","title":"POST ELEMENT STYLE MASONRY","_margin":{"unit":"px","top":"0","right":"0","bottom":"10","left":"0","isLinked":""},"scroll_y":"-80"},"elements":[],"widgetType":"wd_title"},{"id":"2062696","elType":"widget","settings":{"blog_spacing":"20","items_per_page":"6","pagination":"more-btn","blog_design":"masonry","img_size":"custom","img_size_custom":{"width":"600","height":"420"},"scroll_y":"-80"},"elements":[],"widgetType":"wd_blog"}],"isInner":""}],"isInner":""},{"id":"2718407","elType":"section","settings":{"el_class":"blog-space","margin":{"unit":"px","top":"0","right":"0","bottom":"45","left":"0","isLinked":""},"margin_tablet":{"unit":"px","top":"0","right":"0","bottom":"35","left":"0","isLinked":""},"margin_mobile":{"unit":"px","top":"0","right":"0","bottom":"40","left":"0","isLinked":""}},"elements":[{"id":"2958098","elType":"column","settings":{"_column_size":"100","_inline_size":"","column_sticky_offset":"50","scroll_y":"-80"},"elements":[{"id":"4688514","elType":"widget","settings":{"subtitle":"XTEMOS ELEMENT","after_title":"","image_size":"custom","style":"bordered","color":"primary","title":"BLOG DEFAULT","_margin":{"unit":"px","top":"0","right":"0","bottom":"10","left":"0","isLinked":""},"scroll_y":"-80"},"elements":[],"widgetType":"wd_title"},{"id":"3b80dbc","elType":"section","settings":{"gap":"no","structure":"34"},"elements":[{"id":"fe27073","elType":"column","settings":{"_column_size":"16","_inline_size":"8","column_sticky_offset":"50","scroll_y":"-80","hide_mobile":"hidden-phone"},"elements":[],"isInner":"1"},{"id":"e932a45","elType":"column","settings":{"_column_size":"66","_inline_size":"84","column_sticky_offset":"50","scroll_y":"-80"},"elements":[{"id":"2948386","elType":"widget","settings":{"blog_spacing":"20","items_per_page":"3","img_size":"full","scroll_y":"-80"},"elements":[],"widgetType":"wd_blog"}],"isInner":"1"},{"id":"804c572","elType":"column","settings":{"_column_size":"16","_inline_size":"7.332","column_sticky_offset":"50","scroll_y":"-80","hide_mobile":"hidden-phone"},"elements":[],"isInner":"1"}],"isInner":"1"}],"isInner":""}],"isInner":""},{"id":"1037849","elType":"section","settings":{"el_class":"blog-space","margin":{"unit":"px","top":"0","right":"0","bottom":"45","left":"0","isLinked":""},"margin_tablet":{"unit":"px","top":"0","right":"0","bottom":"35","left":"0","isLinked":""},"margin_mobile":{"unit":"px","top":"0","right":"0","bottom":"40","left":"0","isLinked":""}},"elements":[{"id":"2761489","elType":"column","settings":{"_column_size":"100","_inline_size":"","column_sticky_offset":"50","scroll_y":"-80"},"elements":[{"id":"9797913","elType":"widget","settings":{"subtitle":"XTEMOS ELEMENT","after_title":"","image_size":"custom","style":"bordered","color":"primary","title":"BLOG WITH SMALL IMAGES","_margin":{"unit":"px","top":"0","right":"0","bottom":"10","left":"0","isLinked":""},"scroll_y":"-80"},"elements":[],"widgetType":"wd_title"},{"id":"a15e8cb","elType":"section","settings":{"structure":"34"},"elements":[{"id":"feb180e","elType":"column","settings":{"_column_size":"16","_inline_size":"","column_sticky_offset":"50","scroll_y":"-80","hide_mobile":"hidden-phone"},"elements":[],"isInner":"1"},{"id":"5a57b80","elType":"column","settings":{"_column_size":"66","_inline_size":"","column_sticky_offset":"50","scroll_y":"-80"},"elements":[{"id":"6630730","elType":"widget","settings":{"blog_spacing":"20","items_per_page":"3","blog_design":"small-images","img_size":"full","scroll_y":"-80"},"elements":[],"widgetType":"wd_blog"}],"isInner":"1"},{"id":"09bfc4f","elType":"column","settings":{"_column_size":"16","_inline_size":"","column_sticky_offset":"50","scroll_y":"-80","hide_mobile":"hidden-phone"},"elements":[],"isInner":"1"}],"isInner":"1"}],"isInner":""}],"isInner":""},{"id":"413399","elType":"section","settings":{"el_class":"blog-space","margin":{"unit":"px","top":"0","right":"0","bottom":"45","left":"0","isLinked":""},"margin_tablet":{"unit":"px","top":"0","right":"0","bottom":"35","left":"0","isLinked":""},"margin_mobile":{"unit":"px","top":"0","right":"0","bottom":"40","left":"0","isLinked":""}},"elements":[{"id":"2700192","elType":"column","settings":{"_column_size":"100","_inline_size":"","column_sticky_offset":"50","scroll_y":"-80"},"elements":[{"id":"2820187","elType":"widget","settings":{"subtitle":"XTEMOS ELEMENT","after_title":"","image_size":"custom","style":"bordered","color":"primary","title":"BLOG CHESS","_margin":{"unit":"px","top":"0","right":"0","bottom":"10","left":"0","isLinked":""},"scroll_y":"-80"},"elements":[],"widgetType":"wd_title"},{"id":"0b6d127","elType":"section","settings":{"structure":"34"},"elements":[{"id":"e7b26cf","elType":"column","settings":{"_column_size":"16","_inline_size":"","column_sticky_offset":"50","scroll_y":"-80","hide_mobile":"hidden-phone"},"elements":[],"isInner":"1"},{"id":"e0dd021","elType":"column","settings":{"_column_size":"66","_inline_size":"","column_sticky_offset":"50","scroll_y":"-80"},"elements":[{"id":"2004280","elType":"widget","settings":{"blog_spacing":"20","items_per_page":"4","pagination":"more-btn","blog_design":"chess","img_size":"full","scroll_y":"-80"},"elements":[],"widgetType":"wd_blog"}],"isInner":"1"},{"id":"a54cea9","elType":"column","settings":{"_column_size":"16","_inline_size":"","column_sticky_offset":"50","scroll_y":"-80","hide_mobile":"hidden-phone"},"elements":[],"isInner":"1"}],"isInner":"1"}],"isInner":""}],"isInner":""},{"id":"7906117","elType":"section","settings":{"el_class":"blog-space","margin":{"unit":"px","top":"0","right":"0","bottom":"45","left":"0","isLinked":""},"margin_tablet":{"unit":"px","top":"0","right":"0","bottom":"35","left":"0","isLinked":""},"margin_mobile":{"unit":"px","top":"0","right":"0","bottom":"40","left":"0","isLinked":""}},"elements":[{"id":"9190675","elType":"column","settings":{"_column_size":"100","_inline_size":"","column_sticky_offset":"50","scroll_y":"-80"},"elements":[{"id":"6568471","elType":"widget","settings":{"subtitle":"XTEMOS ELEMENT","after_title":"","image_size":"custom","style":"bordered","color":"primary","title":"BLOG ALTERNATIVE","_margin":{"unit":"px","top":"0","right":"0","bottom":"10","left":"0","isLinked":""},"scroll_y":"-80"},"elements":[],"widgetType":"wd_title"},{"id":"2449481","elType":"section","settings":{"gap":"no","structure":"33"},"elements":[{"id":"d893ffc","elType":"column","settings":{"_column_size":"25","_inline_size":"8","column_sticky_offset":"50","scroll_y":"-80","hide_mobile":"hidden-phone"},"elements":[],"isInner":"1"},{"id":"38e5138","elType":"column","settings":{"_column_size":"50","_inline_size":"84","column_sticky_offset":"50","scroll_y":"-80"},"elements":[{"id":"3814738","elType":"widget","settings":{"blog_spacing":"20","items_per_page":"3","blog_design":"default-alt","img_size":"full","scroll_y":"-80"},"elements":[],"widgetType":"wd_blog"}],"isInner":"1"},{"id":"6f50225","elType":"column","settings":{"_column_size":"25","_inline_size":"7.752","column_sticky_offset":"50","scroll_y":"-80","hide_mobile":"hidden-phone"},"elements":[],"isInner":"1"}],"isInner":"1"}],"isInner":""}],"isInner":""},{"id":"9138564","elType":"section","settings":{"el_class":"blog-space"},"elements":[{"id":"8612030","elType":"column","settings":{"_column_size":"100","_inline_size":"","column_sticky_offset":"50","scroll_y":"-80"},"elements":[{"id":"7167472","elType":"widget","settings":{"subtitle":"XTEMOS ELEMENT","after_title":"","image_size":"custom","style":"bordered","color":"primary","title":"CAROUSEL OF POSTS","_margin":{"unit":"px","top":"0","right":"0","bottom":"10","left":"0","isLinked":""},"scroll_y":"-80"},"elements":[],"widgetType":"wd_title"},{"id":"5510676","elType":"widget","settings":{"blog_spacing":"20","items_per_page":"4","blog_design":"carousel","slides_per_view":{"size":"3","unit":"px","sizes":[]},"img_size":"full","scroll_y":"-80"},"elements":[],"widgetType":"wd_blog"}],"isInner":""}],"isInner":""}]]]></wp:meta_value>
		</wp:postmeta>
							<wp:postmeta>
			<wp:meta_key>_elementor_edit_mode</wp:meta_key>
			<wp:meta_value><![CDATA[builder]]></wp:meta_value>
		</wp:postmeta>
							<wp:postmeta>
			<wp:meta_key>_elementor_version</wp:meta_key>
			<wp:meta_value><![CDATA[2.9.11]]></wp:meta_value>
		</wp:postmeta>
							<wp:postmeta>
			<wp:meta_key>_elementor_template_type</wp:meta_key>
			<wp:meta_value><![CDATA[wp-page]]></wp:meta_value>
		</wp:postmeta>
							<wp:postmeta>
			<wp:meta_key>_elementor_controls_usage</wp:meta_key>
			<wp:meta_value><![CDATA[a:4:{s:8:"wd_title";a:3:{s:5:"count";i:6;s:15:"control_percent";i:3;s:8:"controls";a:3:{s:7:"content";a:1:{s:23:"general_content_section";a:3:{s:8:"subtitle";i:6;s:11:"after_title";i:6;s:5:"title";i:6;}}s:5:"style";a:2:{s:19:"title_style_section";a:1:{s:10:"image_size";i:6;}s:21:"general_style_section";a:2:{s:5:"style";i:6;s:5:"color";i:6;}}s:8:"advanced";a:2:{s:14:"_section_style";a:1:{s:7:"_margin";i:6;}s:8:"wd_extra";a:1:{s:8:"scroll_y";i:6;}}}}s:7:"wd_blog";a:3:{s:5:"count";i:6;s:15:"control_percent";i:3;s:8:"controls";a:2:{s:5:"style";a:2:{s:21:"general_style_section";a:6:{s:12:"blog_spacing";i:6;s:14:"items_per_page";i:6;s:10:"pagination";i:2;s:11:"blog_design";i:5;s:8:"img_size";i:6;s:15:"img_size_custom";i:1;}s:22:"carousel_style_section";a:1:{s:15:"slides_per_view";i:1;}}s:8:"advanced";a:1:{s:8:"wd_extra";a:1:{s:8:"scroll_y";i:6;}}}}s:6:"column";a:3:{s:5:"count";i:18;s:15:"control_percent";i:1;s:8:"controls";a:2:{s:8:"advanced";a:2:{s:8:"wd_extra";a:2:{s:20:"column_sticky_offset";i:18;s:8:"scroll_y";i:18;}s:19:"_section_responsive";a:1:{s:11:"hide_mobile";i:8;}}s:6:"layout";a:1:{s:6:"layout";a:1:{s:12:"_inline_size";i:6;}}}}s:7:"section";a:3:{s:5:"count";i:10;s:15:"control_percent";i:0;s:8:"controls";a:2:{s:8:"advanced";a:1:{s:16:"section_advanced";a:3:{s:6:"margin";i:5;s:13:"margin_tablet";i:5;s:13:"margin_mobile";i:5;}}s:6:"layout";a:2:{s:14:"section_layout";a:1:{s:3:"gap";i:2;}s:17:"section_structure";a:1:{s:9:"structure";i:4;}}}}}]]></wp:meta_value>
		</wp:postmeta>
							<wp:postmeta>
			<wp:meta_key>wd_page_css_files</wp:meta_key>
			<wp:meta_value><![CDATA[a:16:{i:0;s:12:"wp-gutenberg";i:1;s:5:"wpcf7";i:2;s:5:"mc4wp";i:3;s:17:"revolution-slider";i:4;s:14:"elementor-base";i:5;s:13:"wpbakery-base";i:6;s:13:"notices-fixed";i:7;s:16:"woocommerce-base";i:8;s:8:"info-box";i:9;s:9:"mfp-popup";i:10;s:13:"section-title";i:11;s:9:"blog-base";i:12;s:12:"social-icons";i:13;s:12:"owl-carousel";i:14;s:4:"list";i:15;s:10:"scroll-top";}]]></wp:meta_value>
		</wp:postmeta>
						</item>
				</channel>
</rss>
	