<?xml version="1.0" encoding="UTF-8" ?>
<!-- This is a WordPress eXtended RSS file generated by WordPress as an export of your site. -->
<!-- It contains information about your site's posts, pages, comments, categories, and other content. -->
<!-- You may use this file to transfer that content from one site to another. -->
<!-- This file is not intended to serve as a complete backup of your site. -->

<!-- To import this information into a WordPress site follow these steps: -->
<!-- 1. Log in to that site as an administrator. -->
<!-- 2. Go to Tools: Import in the WordPress admin panel. -->
<!-- 3. Install the "WordPress" importer from the list. -->
<!-- 4. Activate & Run Importer. -->
<!-- 5. Upload this file using the form provided on that page. -->
<!-- 6. You will first be asked to map the authors in this export file to users -->
<!--    on the site. For each author, you may choose to map to an -->
<!--    existing user on the site or to create a new user. -->
<!-- 7. WordPress will then import each of the posts, pages, comments, categories, etc. -->
<!--    contained in this file into your site. -->

<!-- generator="WordPress/5.3.4" created="2020-07-20 15:41" -->
<rss version="2.0"
	xmlns:excerpt="http://wordpress.org/export/1.2/excerpt/"
	xmlns:content="http://purl.org/rss/1.0/modules/content/"
	xmlns:wfw="http://wellformedweb.org/CommentAPI/"
	xmlns:dc="http://purl.org/dc/elements/1.1/"
	xmlns:wp="http://wordpress.org/export/1.2/"
>

<channel>
	<title>Woodmart dummy demos</title>
	<link>http://dummy.xtemos.com/woodmart/demos</link>
	<description>Just another Woodmart Dummy Content Sites site</description>
	<pubDate>Mon, 20 Jul 2020 15:41:20 +0000</pubDate>
	<language>en-US</language>
	<wp:wxr_version>1.2</wp:wxr_version>
	<wp:base_site_url>http://dummy.xtemos.com/woodmart/</wp:base_site_url>
	<wp:base_blog_url>http://dummy.xtemos.com/woodmart/demos</wp:base_blog_url>

	<wp:author><wp:author_id>1</wp:author_id><wp:author_login>admin</wp:author_login><wp:author_email>se@as.as</wp:author_email><wp:author_display_name><![CDATA[admin]]></wp:author_display_name><wp:author_first_name><![CDATA[]]></wp:author_first_name><wp:author_last_name><![CDATA[]]></wp:author_last_name></wp:author>
	<wp:author><wp:author_id>2</wp:author_id><wp:author_login>erwin</wp:author_login><wp:author_email>ss@asas.as</wp:author_email><wp:author_display_name><![CDATA[erwin]]></wp:author_display_name><wp:author_first_name><![CDATA[]]></wp:author_first_name><wp:author_last_name><![CDATA[]]></wp:author_last_name></wp:author>


	<generator>https://wordpress.org/?v=5.3.4</generator>

	<item>
		<title>wood-main-bg</title>
		<link>http://dummy.xtemos.com/woodmart/demos/?attachment_id=44</link>
		<pubDate>Wed, 14 Jun 2017 08:07:10 +0000</pubDate>
		<dc:creator><![CDATA[admin]]></dc:creator>
		<guid isPermaLink="false">http://dummy.xtemos.com/woodmart/demos/wp-content/uploads/sites/2/2017/06/wood-main-bg.jpg</guid>
		<description></description>
		<content:encoded><![CDATA[]]></content:encoded>
		<excerpt:encoded><![CDATA[]]></excerpt:encoded>
		<wp:post_id>44</wp:post_id>
		<wp:post_date>2017-06-14 08:07:10</wp:post_date>
		<wp:post_date_gmt>2017-06-14 08:07:10</wp:post_date_gmt>
		<wp:comment_status>open</wp:comment_status>
		<wp:ping_status>closed</wp:ping_status>
		<wp:post_name>wood-main-bg</wp:post_name>
		<wp:status>inherit</wp:status>
		<wp:post_parent>42</wp:post_parent>
		<wp:menu_order>0</wp:menu_order>
		<wp:post_type>attachment</wp:post_type>
		<wp:post_password></wp:post_password>
		<wp:is_sticky>0</wp:is_sticky>
		<wp:attachment_url>http://dummy.xtemos.com/woodmart/demos/wp-content/uploads/sites/2/2017/06/wood-main-bg.jpg</wp:attachment_url>
		<wp:postmeta>
			<wp:meta_key>_wp_attached_file</wp:meta_key>
			<wp:meta_value><![CDATA[2017/06/wood-main-bg.jpg]]></wp:meta_value>
		</wp:postmeta>
		<wp:comment>
			<wp:comment_id>4</wp:comment_id>
			<wp:comment_author><![CDATA[Marynesee]]></wp:comment_author>
			<wp:comment_author_email>rosierobles@probbox.com</wp:comment_author_email>
			<wp:comment_author_url>https://elimite2.com/</wp:comment_author_url>
			<wp:comment_author_IP>5.188.210.242</wp:comment_author_IP>
			<wp:comment_date>2019-11-27 10:27:53</wp:comment_date>
			<wp:comment_date_gmt>2019-11-27 10:27:53</wp:comment_date_gmt>
			<wp:comment_content><![CDATA[<a href="https://elimite2.com/" rel="nofollow">where can you buy elimite cream</a>]]></wp:comment_content>
			<wp:comment_approved>0</wp:comment_approved>
			<wp:comment_type></wp:comment_type>
			<wp:comment_parent>0</wp:comment_parent>
			<wp:comment_user_id>0</wp:comment_user_id>
			<wp:commentmeta>
				<wp:meta_key>akismet_error</wp:meta_key>
				<wp:meta_value><![CDATA[1574850473]]></wp:meta_value>
			</wp:commentmeta>
			<wp:commentmeta>
				<wp:meta_key>akismet_history</wp:meta_key>
				<wp:meta_value><![CDATA[a:3:{s:4:"time";d:1574850473.504775;s:5:"event";s:11:"check-error";s:4:"meta";a:1:{s:8:"response";s:7:"invalid";}}]]></wp:meta_value>
			</wp:commentmeta>
		</wp:comment>
		<wp:comment>
			<wp:comment_id>5</wp:comment_id>
			<wp:comment_author><![CDATA[Paulnesee]]></wp:comment_author>
			<wp:comment_author_email>dsmyers@probbox.com</wp:comment_author_email>
			<wp:comment_author_url>https://elimite2.com/</wp:comment_author_url>
			<wp:comment_author_IP>5.188.210.242</wp:comment_author_IP>
			<wp:comment_date>2019-11-28 04:55:01</wp:comment_date>
			<wp:comment_date_gmt>2019-11-28 04:55:01</wp:comment_date_gmt>
			<wp:comment_content><![CDATA[<a href="https://elimite2.com/" rel="nofollow">buy elimite cream online</a>]]></wp:comment_content>
			<wp:comment_approved>0</wp:comment_approved>
			<wp:comment_type></wp:comment_type>
			<wp:comment_parent>0</wp:comment_parent>
			<wp:comment_user_id>0</wp:comment_user_id>
			<wp:commentmeta>
				<wp:meta_key>akismet_error</wp:meta_key>
				<wp:meta_value><![CDATA[1574916901]]></wp:meta_value>
			</wp:commentmeta>
			<wp:commentmeta>
				<wp:meta_key>akismet_history</wp:meta_key>
				<wp:meta_value><![CDATA[a:3:{s:4:"time";d:1574916901.9205561;s:5:"event";s:11:"check-error";s:4:"meta";a:1:{s:8:"response";s:7:"invalid";}}]]></wp:meta_value>
			</wp:commentmeta>
		</wp:comment>
		<wp:comment>
			<wp:comment_id>6</wp:comment_id>
			<wp:comment_author><![CDATA[Marknesee]]></wp:comment_author>
			<wp:comment_author_email>hwoods@probbox.com</wp:comment_author_email>
			<wp:comment_author_url>https://elimite2.com/</wp:comment_author_url>
			<wp:comment_author_IP>5.188.210.242</wp:comment_author_IP>
			<wp:comment_date>2019-11-29 23:13:46</wp:comment_date>
			<wp:comment_date_gmt>2019-11-29 23:13:46</wp:comment_date_gmt>
			<wp:comment_content><![CDATA[<a href="https://elimite2.com/" rel="nofollow">elimite cream cost</a>]]></wp:comment_content>
			<wp:comment_approved>0</wp:comment_approved>
			<wp:comment_type></wp:comment_type>
			<wp:comment_parent>0</wp:comment_parent>
			<wp:comment_user_id>0</wp:comment_user_id>
			<wp:commentmeta>
				<wp:meta_key>akismet_error</wp:meta_key>
				<wp:meta_value><![CDATA[1575069226]]></wp:meta_value>
			</wp:commentmeta>
			<wp:commentmeta>
				<wp:meta_key>akismet_history</wp:meta_key>
				<wp:meta_value><![CDATA[a:3:{s:4:"time";d:1575069226.3809769;s:5:"event";s:11:"check-error";s:4:"meta";a:1:{s:8:"response";s:7:"invalid";}}]]></wp:meta_value>
			</wp:commentmeta>
		</wp:comment>
		<wp:comment>
			<wp:comment_id>7</wp:comment_id>
			<wp:comment_author><![CDATA[Lisanesee]]></wp:comment_author>
			<wp:comment_author_email>kendonago@probbox.com</wp:comment_author_email>
			<wp:comment_author_url>http://elimite2.com/</wp:comment_author_url>
			<wp:comment_author_IP>5.188.210.242</wp:comment_author_IP>
			<wp:comment_date>2019-11-29 23:36:00</wp:comment_date>
			<wp:comment_date_gmt>2019-11-29 23:36:00</wp:comment_date_gmt>
			<wp:comment_content><![CDATA[<a href="http://elimite2.com/" rel="nofollow">buy elimite cream online</a>]]></wp:comment_content>
			<wp:comment_approved>0</wp:comment_approved>
			<wp:comment_type></wp:comment_type>
			<wp:comment_parent>0</wp:comment_parent>
			<wp:comment_user_id>0</wp:comment_user_id>
			<wp:commentmeta>
				<wp:meta_key>akismet_error</wp:meta_key>
				<wp:meta_value><![CDATA[1575070560]]></wp:meta_value>
			</wp:commentmeta>
			<wp:commentmeta>
				<wp:meta_key>akismet_history</wp:meta_key>
				<wp:meta_value><![CDATA[a:3:{s:4:"time";d:1575070560.6964481;s:5:"event";s:11:"check-error";s:4:"meta";a:1:{s:8:"response";s:7:"invalid";}}]]></wp:meta_value>
			</wp:commentmeta>
		</wp:comment>
		<wp:comment>
			<wp:comment_id>8</wp:comment_id>
			<wp:comment_author><![CDATA[Marynesee]]></wp:comment_author>
			<wp:comment_author_email>corinne@probbox.com</wp:comment_author_email>
			<wp:comment_author_url>https://elimite2.com/</wp:comment_author_url>
			<wp:comment_author_IP>5.188.210.242</wp:comment_author_IP>
			<wp:comment_date>2019-12-12 01:37:39</wp:comment_date>
			<wp:comment_date_gmt>2019-12-12 01:37:39</wp:comment_date_gmt>
			<wp:comment_content><![CDATA[<a href="https://elimite2.com/" rel="nofollow">elimite otc price</a>]]></wp:comment_content>
			<wp:comment_approved>0</wp:comment_approved>
			<wp:comment_type></wp:comment_type>
			<wp:comment_parent>0</wp:comment_parent>
			<wp:comment_user_id>0</wp:comment_user_id>
			<wp:commentmeta>
				<wp:meta_key>akismet_error</wp:meta_key>
				<wp:meta_value><![CDATA[1576114659]]></wp:meta_value>
			</wp:commentmeta>
			<wp:commentmeta>
				<wp:meta_key>akismet_history</wp:meta_key>
				<wp:meta_value><![CDATA[a:3:{s:4:"time";d:1576114659.7693069;s:5:"event";s:11:"check-error";s:4:"meta";a:1:{s:8:"response";s:7:"invalid";}}]]></wp:meta_value>
			</wp:commentmeta>
		</wp:comment>
		<wp:comment>
			<wp:comment_id>9</wp:comment_id>
			<wp:comment_author><![CDATA[Paulnesee]]></wp:comment_author>
			<wp:comment_author_email>siljelima@probbox.com</wp:comment_author_email>
			<wp:comment_author_url>https://elimite2.com/</wp:comment_author_url>
			<wp:comment_author_IP>5.188.210.242</wp:comment_author_IP>
			<wp:comment_date>2019-12-12 21:58:27</wp:comment_date>
			<wp:comment_date_gmt>2019-12-12 21:58:27</wp:comment_date_gmt>
			<wp:comment_content><![CDATA[<a href="https://elimite2.com/" rel="nofollow">where can you buy elimite cream</a>]]></wp:comment_content>
			<wp:comment_approved>0</wp:comment_approved>
			<wp:comment_type></wp:comment_type>
			<wp:comment_parent>0</wp:comment_parent>
			<wp:comment_user_id>0</wp:comment_user_id>
			<wp:commentmeta>
				<wp:meta_key>akismet_error</wp:meta_key>
				<wp:meta_value><![CDATA[1576187907]]></wp:meta_value>
			</wp:commentmeta>
			<wp:commentmeta>
				<wp:meta_key>akismet_history</wp:meta_key>
				<wp:meta_value><![CDATA[a:3:{s:4:"time";d:1576187907.2008171;s:5:"event";s:11:"check-error";s:4:"meta";a:1:{s:8:"response";s:7:"invalid";}}]]></wp:meta_value>
			</wp:commentmeta>
		</wp:comment>
		<wp:comment>
			<wp:comment_id>10</wp:comment_id>
			<wp:comment_author><![CDATA[Lisanesee]]></wp:comment_author>
			<wp:comment_author_email>susanweaver1@probbox.com</wp:comment_author_email>
			<wp:comment_author_url>http://elimite2.com/</wp:comment_author_url>
			<wp:comment_author_IP>5.188.210.242</wp:comment_author_IP>
			<wp:comment_date>2019-12-14 17:11:13</wp:comment_date>
			<wp:comment_date_gmt>2019-12-14 17:11:13</wp:comment_date_gmt>
			<wp:comment_content><![CDATA[<a href="http://elimite2.com/" rel="nofollow">elimite cream</a>]]></wp:comment_content>
			<wp:comment_approved>0</wp:comment_approved>
			<wp:comment_type></wp:comment_type>
			<wp:comment_parent>0</wp:comment_parent>
			<wp:comment_user_id>0</wp:comment_user_id>
			<wp:commentmeta>
				<wp:meta_key>akismet_error</wp:meta_key>
				<wp:meta_value><![CDATA[1576343473]]></wp:meta_value>
			</wp:commentmeta>
			<wp:commentmeta>
				<wp:meta_key>akismet_history</wp:meta_key>
				<wp:meta_value><![CDATA[a:3:{s:4:"time";d:1576343473.8046291;s:5:"event";s:11:"check-error";s:4:"meta";a:1:{s:8:"response";s:7:"invalid";}}]]></wp:meta_value>
			</wp:commentmeta>
		</wp:comment>
		<wp:comment>
			<wp:comment_id>11</wp:comment_id>
			<wp:comment_author><![CDATA[Marknesee]]></wp:comment_author>
			<wp:comment_author_email>timcasey@probbox.com</wp:comment_author_email>
			<wp:comment_author_url>https://elimite2.com/</wp:comment_author_url>
			<wp:comment_author_IP>5.188.210.242</wp:comment_author_IP>
			<wp:comment_date>2019-12-14 21:52:50</wp:comment_date>
			<wp:comment_date_gmt>2019-12-14 21:52:50</wp:comment_date_gmt>
			<wp:comment_content><![CDATA[<a href="https://elimite2.com/" rel="nofollow">elimite cream</a>]]></wp:comment_content>
			<wp:comment_approved>0</wp:comment_approved>
			<wp:comment_type></wp:comment_type>
			<wp:comment_parent>0</wp:comment_parent>
			<wp:comment_user_id>0</wp:comment_user_id>
			<wp:commentmeta>
				<wp:meta_key>akismet_error</wp:meta_key>
				<wp:meta_value><![CDATA[1576360370]]></wp:meta_value>
			</wp:commentmeta>
			<wp:commentmeta>
				<wp:meta_key>akismet_history</wp:meta_key>
				<wp:meta_value><![CDATA[a:3:{s:4:"time";d:1576360370.43911;s:5:"event";s:11:"check-error";s:4:"meta";a:1:{s:8:"response";s:7:"invalid";}}]]></wp:meta_value>
			</wp:commentmeta>
		</wp:comment>
		<wp:comment>
			<wp:comment_id>12</wp:comment_id>
			<wp:comment_author><![CDATA[rjryxWouct]]></wp:comment_author>
			<wp:comment_author_email>xhenljpz@oiltempof.icu</wp:comment_author_email>
			<wp:comment_author_url>https://cbdoilnumber1.com</wp:comment_author_url>
			<wp:comment_author_IP>5.188.210.4</wp:comment_author_IP>
			<wp:comment_date>2020-01-08 19:52:59</wp:comment_date>
			<wp:comment_date_gmt>2020-01-08 19:52:59</wp:comment_date_gmt>
			<wp:comment_content><![CDATA[cbd oil hempworx cbd oil  cbd oil  <a href="https://cbdoilnumber1.com" rel="nofollow">best cbd oil buy cbd oil  </a>  cbd oil for vaping cbd oil  cbd oil 
 
cbd oil  buy cbd oil cure buy cbd oil  <a href="https://cbdoilnumber1.com" rel="nofollow">cbd oil </a>  ananda cbd oil  cbd oil]]></wp:comment_content>
			<wp:comment_approved>0</wp:comment_approved>
			<wp:comment_type></wp:comment_type>
			<wp:comment_parent>0</wp:comment_parent>
			<wp:comment_user_id>0</wp:comment_user_id>
			<wp:commentmeta>
				<wp:meta_key>akismet_error</wp:meta_key>
				<wp:meta_value><![CDATA[1578513179]]></wp:meta_value>
			</wp:commentmeta>
			<wp:commentmeta>
				<wp:meta_key>akismet_history</wp:meta_key>
				<wp:meta_value><![CDATA[a:3:{s:4:"time";d:1578513179.9934621;s:5:"event";s:11:"check-error";s:4:"meta";a:1:{s:8:"response";s:7:"invalid";}}]]></wp:meta_value>
			</wp:commentmeta>
		</wp:comment>
	</item>
	<item>
		<title>Home furniture</title>
		<link>http://dummy.xtemos.com/woodmart/demos/home-furniture/</link>
		<pubDate>Fri, 23 Jun 2017 09:42:21 +0000</pubDate>
		<dc:creator><![CDATA[erwin]]></dc:creator>
		<guid isPermaLink="false">http://dummy.xtemos.com/woodmart/demos/?page_id=520</guid>
		<description></description>
		<content:encoded><![CDATA[<p>[vc_row full_width="stretch_row_content_no_spaces" css=".vc_custom_1496994191040{margin-top: -40px !important;margin-bottom: 5vh !important;padding-right: 0px !important;padding-left: 0px !important;}"][vc_column 0=""][rev_slider_vc alias="furniture-slider" el_class="furniture-slider"][/vc_column][/vc_row][vc_row css=".vc_custom_1493740874121{margin-bottom: 10vh !important;}"][vc_column 0=""][vc_custom_heading text="WORLDWIDE SHOP" font_container="tag:h4|font_size:70|text_align:center|color:rgba(124%2C124%2C124%2C0.05)|line_height:1" use_theme_fonts="yes" css=".vc_custom_1496063892524{margin-bottom: -90px !important;}" el_class="hidden-xs"][woodmart_title size="large" color="primary" title_width="40" title="Featured Categories" subtitle="<strong>FURNITURE COLLECTIONS 2018</strong>" after_title="Elit rhoncus dui ullamcorper tristique aenean nascetur accumsan ac himenaeos adipiscing quam potenti ac senectus consequat."][woodmart_categories orderby="date" order="ASC" style="carousel" spacing="10" categories_design="alt" slides_per_view="3" hide_pagination_control="yes" ids="" number="4"][/vc_column][/vc_row][vc_row full_width="stretch_row_content" equal_height="yes" content_placement="middle" css=".vc_custom_1493905779187{margin-bottom: 10vh !important;padding-right: 0px !important;padding-left: 0px !important;}"][vc_column width="1/4" css=".vc_custom_1496235321146{padding-right: 0px !important;padding-left: 0px !important;}" offset="vc_hidden-sm vc_hidden-xs"][promo_banner image="529" woodmart_color_scheme="light" title_size="extra-large" subtitle_color="primary" btn_position="static" btn_color="white" btn_size="small" btn_style="bordered" horizontal_alignment="center" text_alignment="center" increase_spaces="yes" alignment="center" img_size="full" link="url:%23|||" btn_text="Read More"]</p>
<h3 style="padding-top: 5vh;font-size: 38px;font-weight: 800;color: #246763;line-height: 1;margin-bottom: 25px">MINIMAL<br />
ARMCHAIRS</h3>
<div class="visible-lg">Facilisis volutpat augue non himenaeos eros hendrerit habitant mi cras nascetur semper bibendum consectetur in est imperdiet sociis.</div>
<p>[/promo_banner][/vc_column][vc_column offset="vc_col-md-9 vc_col-xs-12"][vc_row_inner equal_height="yes" content_placement="middle" css=".vc_custom_1496235162334{background-color: #ffffff !important;}"][vc_column_inner width="1/3" css=".vc_custom_1496235611243{padding-top: 5vh !important;padding-right: 0px !important;padding-bottom: 5vh !important;padding-left: 0px !important;background-color: #339059 !important;background-position: center !important;background-repeat: no-repeat !important;background-size: cover !important;}"][vc_custom_heading text="HOT SALE<br />
UP TO 70%" font_container="tag:h4|font_size:36|text_align:center|color:%23ffffff|line_height:1.2" use_theme_fonts="yes" css=".vc_custom_1493826762548{margin-bottom: 15px !important;}"][woodmart_countdown_timer style="transparent" woodmart_color_scheme="light" size="small" date="2017/12/12"][/vc_column_inner][vc_column_inner width="2/3" css=".vc_custom_1493107215495{padding-top: 0px !important;padding-right: 0px !important;padding-bottom: 0px !important;padding-left: 0px !important;}"][promo_banner image="530" woodmart_color_scheme="dark" title_size="extra-large" btn_position="static" btn_color="alt" btn_size="small" vertical_alignment="middle" increase_spaces="yes" img_size="full" link="url:%23|||" btn_text="Read More"]</p>
<h3 style="font-size: 38px;font-weight: 800;color: #ecd637;line-height: 1">FURNITURE<br />
FACTORY</h3>
<div class="visible-lg">Lobortis semper nullam hac gravida<br />
scelerisque sed ad cum erat.</div>
<p>[/promo_banner][/vc_column_inner][/vc_row_inner][vc_row_inner content_placement="middle" css=".vc_custom_1493627241162{padding-top: 0px !important;padding-bottom: 0px !important;background-color: #fcfcfc !important;}"][vc_column_inner width="1/3" css=".vc_custom_1496235331794{padding-top: 0px !important;padding-right: 0px !important;padding-bottom: 0px !important;padding-left: 0px !important;}" offset="vc_hidden-xs"][promo_banner image="531" woodmart_color_scheme="dark" vertical_alignment="middle" alignment="center" img_size="full" link="url:%23|||"][/promo_banner][/vc_column_inner][vc_column_inner width="1/3" css=".vc_custom_1493109213434{padding-top: 0px !important;padding-right: 0px !important;padding-bottom: 0px !important;padding-left: 0px !important;}"][promo_banner image="528" hover="parallax" woodmart_color_scheme="light" title_size="extra-large" horizontal_alignment="center" vertical_alignment="middle" text_alignment="center" alignment="center" img_size="full" link="url:%23|||" title="YELLOW<br />
TREND SOFA"][/promo_banner][/vc_column_inner][vc_column_inner width="1/3" css=".vc_custom_1496235336714{padding-top: 0px !important;padding-right: 0px !important;padding-bottom: 0px !important;padding-left: 0px !important;}" offset="vc_hidden-xs"][promo_banner image="531" woodmart_color_scheme="dark" vertical_alignment="middle" alignment="center" img_size="full" link="url:%23|||"][/promo_banner][/vc_column_inner][/vc_row_inner][/vc_column][/vc_row][vc_row css=".vc_custom_1493105985388{margin-bottom: 5vh !important;}"][vc_column 0=""][vc_custom_heading text="NEW COLLECTION" font_container="tag:h4|font_size:70|text_align:center|color:rgba(124%2C124%2C124%2C0.05)|line_height:1" use_theme_fonts="yes" css=".vc_custom_1495446005319{margin-bottom: -90px !important;}" el_class="hidden-xs"][woodmart_title size="large" color="primary" title_width="40" title="Featured Products" subtitle="<strong>FURNITURE COLLECTIONS 2018</strong>" after_title="Elit rhoncus dui ullamcorper tristique aenean nascetur accumsan ac himenaeos adipiscing quam potenti ac senectus consequat."][woodmart_products products_masonry="disable" items_per_page="8" pagination="arrows" columns="4" exclude="1097" sale_countdown="0" stock_progress_bar="0" highlighted_products="0" products_bordered_grid="0" lazy_loading="no"][/vc_column][/vc_row][vc_row full_width="stretch_row_content_no_spaces" equal_height="yes" content_placement="middle" css=".vc_custom_1493796739523{margin-bottom: 5vh !important;padding-top: 0px !important;padding-bottom: 0px !important;background-color: #141414 !important;}"][vc_column css=".vc_custom_1496236506556{padding-top: 0px !important;background-position: center !important;background-repeat: no-repeat !important;background-size: cover !important;}" offset="vc_col-md-6 vc_col-xs-12"][woodmart_gallery images="536,538,537" view="masonry" spacing="0" columns="2" img_size="full"][/vc_column][vc_column woodmart_color_scheme="light" css=".vc_custom_1497001837435{padding-top: 5vh !important;padding-right: 7vh !important;padding-bottom: 5vh !important;padding-left: 7vh !important;background-color: #141414 !important;background-position: 0 0 !important;background-repeat: no-repeat !important;}" offset="vc_col-md-6 vc_col-xs-12"][vc_column_text css=".vc_custom_1493799943936{margin-bottom: 10px !important;}"]<strong style="color: #fff;font-size: 16px;letter-spacing: 3px;font-weight: 500">ULLAMCORPER PARTURIENT</strong>[/vc_column_text][woodmart_title size="extra-large" align="left" title="ABOUT OUR FACTORY" css=".vc_custom_1499244693443{margin-bottom: 15px !important;}"][vc_custom_heading text="COMPANY HISTORY &amp; FACTS" font_container="tag:p|font_size:32|text_align:left|color:%23bcbcbc|line_height:32px" google_fonts="font_family:Ubuntu%3A300%2C300italic%2Cregular%2Citalic%2C500%2C500italic%2C700%2C700italic|font_style:300%20light%20regular%3A300%3Anormal" el_class="visible-lg" css=".vc_custom_1497001447309{margin-top: -10px !important;}"][vc_separator color="custom" align="align_left" border_width="2" el_width="10" accent_color="#339059" css=".vc_custom_1497001455031{margin-bottom: 25px !important;padding-top: 5px !important;}"][vc_row_inner css=".vc_custom_1497001704725{margin-bottom: 10px !important;}"][vc_column_inner css=".vc_custom_1496236412384{padding-right: 30px !important;}" offset="vc_col-lg-6 vc_col-xs-12"][vc_column_text css=".vc_custom_1499243890773{margin-bottom: 20px !important;}"]</p>
<h4 style="color: #fff;font-size: 16px;margin-bottom: 10px"><span style="color: #339059">1.</span> SAGITTIS RIDILUS VESULUM</h4>
<p>Praesent a nostra lacus aliquet torquent molestie class ullamcorper leo vulputate ut nascetur sociis mus a mi sem conubia.[/vc_column_text][vc_column_text css=".vc_custom_1499243910522{margin-bottom: 20px !important;}"]</p>
<h4 style="color: #fff;font-size: 16px;margin-bottom: 10px"><span style="color: #339059">2.</span> EUISMOD PORTA LIGULA</h4>
<p>Praesent a nostra lacus aliquet torquent molestie class ullamcorper leo vulputate ut nascetur sociis mus a mi sem conubia.[/vc_column_text][/vc_column_inner][vc_column_inner width="1/2" css=".vc_custom_1496236392182{padding-right: 30px !important;}" offset="vc_hidden-md vc_hidden-sm vc_hidden-xs"][vc_column_text css=".vc_custom_1499243922490{margin-bottom: 20px !important;}"]</p>
<h4 style="color: #fff;font-size: 16px;margin-bottom: 10px"><span style="color: #339059">3.</span> FUSCE RIDICULUS SCELERIS</h4>
<p>Praesent a nostra lacus aliquet torquent molestie class ullamcorper leo vulputate ut nascetur sociis mus a mi sem conubia.[/vc_column_text][vc_column_text css=".vc_custom_1499243934230{margin-bottom: 20px !important;}"]</p>
<h4 style="color: #fff;font-size: 16px;margin-bottom: 10px"><span style="color: #339059">4.</span> ELEIFEND MAURIS VOLUTPAT</h4>
<p>Praesent a nostra lacus aliquet torquent molestie class ullamcorper leo vulputate ut nascetur sociis mus a mi sem conubia.[/vc_column_text][/vc_column_inner][/vc_row_inner][woodmart_button color="primary" button_inline="yes" title="CONTACT US" link="url:%23|||"][woodmart_button color="white" style="bordered" button_inline="yes" title="READ MORE" link="url:%23|||"][/vc_column][/vc_row][vc_row css=".vc_custom_1496237344402{margin-bottom: 4vh !important;}"][vc_column 0=""][vc_custom_heading text="FEATURED POSTS" font_container="tag:h4|font_size:70|text_align:center|color:rgba(124%2C124%2C124%2C0.05)|line_height:1" use_theme_fonts="yes" css=".vc_custom_1496063999899{margin-bottom: -90px !important;}" el_class="hidden-xs"][woodmart_title size="large" color="primary" title_width="40" title="Furniture Magazine" subtitle="<strong>BEST DESIGNERS IDEAS</strong>" after_title="Elit rhoncus dui ullamcorper tristique aenean nascetur accumsan ac himenaeos adipiscing quam potenti ac senectus consequat."][woodmart_blog items_per_page="6" blog_design="carousel" parts_title="1" parts_meta="1" parts_text="1" parts_btn="1" slides_per_view="3" img_size="full"][/vc_column][/vc_row][vc_row equal_height="yes" content_placement="middle" css=".vc_custom_1496237335125{margin-bottom: 3vh !important;}"][vc_column css=".vc_custom_1496237153921{margin-bottom: 0px !important;}" offset="vc_col-md-6 vc_col-xs-12"][vc_video poster_image="44" image_poster_switch="yes" css=".vc_custom_1498210818245{margin-top: 3vh !important;margin-bottom: 3vh !important;}"][/vc_column][vc_column css=".vc_custom_1496237358092{padding-top: 3vh !important;padding-right: 20px !important;padding-bottom: 3vh !important;padding-left: 20px !important;}" offset="vc_col-md-6 vc_col-xs-12"][woodmart_title size="extra-large" align="left" title="VIDEO PRESENTATION" css=".vc_custom_1499244688577{margin-bottom: 15px !important;}"][vc_custom_heading text="MAURIS VOLUTPAT &amp; METUS" font_container="tag:p|font_size:32|text_align:left|color:%238e8e8e|line_height:32px" google_fonts="font_family:Ubuntu%3A300%2C300italic%2Cregular%2Citalic%2C500%2C500italic%2C700%2C700italic|font_style:300%20light%20regular%3A300%3Anormal" css=".vc_custom_1497002332700{margin-top: -10px !important;}" el_class="visible-lg"][vc_separator color="custom" align="align_left" border_width="2" el_width="10" accent_color="#339059" css=".vc_custom_1493366463510{margin-bottom: 25px !important;padding-top: 5px !important;}"][vc_column_text 0="" el_class="text-larger" css=".vc_custom_1497000672744{margin-bottom: 25px !important;}"]Praesent a nostra lacus aliquet torquent molestie class ullamcorper leo vulputate ut nascetur magnis sociis sodales condimentum mus dignissim a mi sem scelerisque ligula fermentum sociosqu et cursus parturient nostra ultricies vehicula.[/vc_column_text][woodmart_button color="primary" button_inline="yes" title="CONTACT US" link="url:%23|||"][woodmart_button style="bordered" button_inline="yes" title="READ MORE" link="url:%23|||"][/vc_column][/vc_row][vc_row full_width="stretch_row" woodmart_gradient_switch="yes" css=".vc_custom_1498218281037{margin-bottom: -40px !important;padding-bottom: 35vh !important;background-image: url(http://dummy.xtemos.com/woodmart/demos/wp-content/uploads/sites/2/2017/06/furniture-bg2.jpg?id=540) !important;background-position: center !important;background-repeat: no-repeat !important;background-size: cover !important;}" woodmart_color_gradient="rgb(255, 255, 255)-0/rgb(255, 255, 255)-40/rgba(255, 255, 255, 0.545)-61/rgba(255, 255, 255, 0)-79/rgba(255, 255, 255, 0)-100/|linear-gradient(top , rgb(255, 255, 255) , rgb(255, 255, 255) 40% , rgba(255, 255, 255, 0.545) 61% , rgba(255, 255, 255, 0) 79% , rgba(255, 255, 255, 0) 100%)|linear|top"][vc_column 0=""][vc_custom_heading text="WOOD STORE" font_container="tag:h4|font_size:70|text_align:center|color:rgba(124%2C124%2C124%2C0.05)|line_height:1" use_theme_fonts="yes" css=".vc_custom_1496237821863{margin-bottom: -90px !important;}" el_class="hidden-xs"][woodmart_title size="large" color="primary" title_width="40" title="Interesting Facts" subtitle="<strong>SOMETHING ABOUT US</strong>" after_title="Elit rhoncus dui ullamcorper tristique aenean nascetur accumsan ac himenaeos adipiscing quam potenti ac senectus consequat."][vc_row_inner 0=""][vc_column_inner width="1/4"][woodmart_info_box image="542" alignment="center" btn_color="primary" btn_style="link" img_size="60x60" title="APTENT VESTIBULUM" link="url:%23|||" btn_text="Read More"]Nullam  suscipit aliquet ad leo ultricies vestibulum non in cubilia eros.[/woodmart_info_box][/vc_column_inner][vc_column_inner width="1/4"][woodmart_info_box image="542" alignment="center" btn_color="primary" btn_style="link" img_size="60x60" title="RIDICULUS SCELERIS" link="url:%23|||" btn_text="Read More"]Nullam  suscipit aliquet ad leo ultricies vestibulum non in cubilia eros.[/woodmart_info_box][/vc_column_inner][vc_column_inner width="1/4"][woodmart_info_box image="542" alignment="center" btn_color="primary" btn_style="link" img_size="60x60" title="METUS EUISMOD" link="url:%23|||" btn_text="Read More"]Nullam  suscipit aliquet ad leo ultricies vestibulum non in cubilia eros.[/woodmart_info_box][/vc_column_inner][vc_column_inner width="1/4"][woodmart_info_box image="542" alignment="center" btn_color="primary" btn_style="link" img_size="60x60" title="FUSCE RIDICULUS" link="url:%23|||" btn_text="Read More"]Nullam  suscipit aliquet ad leo ultricies vestibulum non in cubilia eros.[/woodmart_info_box][/vc_column_inner][/vc_row_inner][/vc_column][/vc_row]</p>
]]></content:encoded>
		<excerpt:encoded><![CDATA[]]></excerpt:encoded>
		<wp:post_id>520</wp:post_id>
		<wp:post_date>2017-06-23 09:42:21</wp:post_date>
		<wp:post_date_gmt>2017-06-23 09:42:21</wp:post_date_gmt>
		<wp:comment_status>closed</wp:comment_status>
		<wp:ping_status>closed</wp:ping_status>
		<wp:post_name>home-furniture</wp:post_name>
		<wp:status>publish</wp:status>
		<wp:post_parent>0</wp:post_parent>
		<wp:menu_order>0</wp:menu_order>
		<wp:post_type>page</wp:post_type>
		<wp:post_password></wp:post_password>
		<wp:is_sticky>0</wp:is_sticky>
		<wp:postmeta>
			<wp:meta_key>_wp_page_template</wp:meta_key>
			<wp:meta_value><![CDATA[default]]></wp:meta_value>
		</wp:postmeta>
		<wp:postmeta>
			<wp:meta_key>_wpb_shortcodes_custom_css</wp:meta_key>
			<wp:meta_value><![CDATA[.vc_custom_1496994191040{margin-top: -40px !important;margin-bottom: 5vh !important;padding-right: 0px !important;padding-left: 0px !important;}.vc_custom_1493740874121{margin-bottom: 10vh !important;}.vc_custom_1493905779187{margin-bottom: 10vh !important;padding-right: 0px !important;padding-left: 0px !important;}.vc_custom_1493105985388{margin-bottom: 5vh !important;}.vc_custom_1493796739523{margin-bottom: 5vh !important;padding-top: 0px !important;padding-bottom: 0px !important;background-color: #141414 !important;}.vc_custom_1496237344402{margin-bottom: 4vh !important;}.vc_custom_1496237335125{margin-bottom: 3vh !important;}.vc_custom_1498218281037{margin-bottom: -40px !important;padding-bottom: 35vh !important;background-image: url(http://dummy.xtemos.com/woodmart/demos/wp-content/uploads/sites/2/2017/06/furniture-bg2.jpg?id=540) !important;background-position: center !important;background-repeat: no-repeat !important;background-size: cover !important;}.vc_custom_1496063892524{margin-bottom: -90px !important;}.vc_custom_1496235321146{padding-right: 0px !important;padding-left: 0px !important;}.vc_custom_1496235162334{background-color: #ffffff !important;}.vc_custom_1493627241162{padding-top: 0px !important;padding-bottom: 0px !important;background-color: #fcfcfc !important;}.vc_custom_1496235611243{padding-top: 5vh !important;padding-right: 0px !important;padding-bottom: 5vh !important;padding-left: 0px !important;background-color: #339059 !important;background-position: center !important;background-repeat: no-repeat !important;background-size: cover !important;}.vc_custom_1493107215495{padding-top: 0px !important;padding-right: 0px !important;padding-bottom: 0px !important;padding-left: 0px !important;}.vc_custom_1493826762548{margin-bottom: 15px !important;}.vc_custom_1496235331794{padding-top: 0px !important;padding-right: 0px !important;padding-bottom: 0px !important;padding-left: 0px !important;}.vc_custom_1493109213434{padding-top: 0px !important;padding-right: 0px !important;padding-bottom: 0px !important;padding-left: 0px !important;}.vc_custom_1496235336714{padding-top: 0px !important;padding-right: 0px !important;padding-bottom: 0px !important;padding-left: 0px !important;}.vc_custom_1495446005319{margin-bottom: -90px !important;}.vc_custom_1496236506556{padding-top: 0px !important;background-position: center !important;background-repeat: no-repeat !important;background-size: cover !important;}.vc_custom_1497001837435{padding-top: 5vh !important;padding-right: 7vh !important;padding-bottom: 5vh !important;padding-left: 7vh !important;background-color: #141414 !important;background-position: 0 0 !important;background-repeat: no-repeat !important;}.vc_custom_1493799943936{margin-bottom: 10px !important;}.vc_custom_1499244693443{margin-bottom: 15px !important;}.vc_custom_1497001447309{margin-top: -10px !important;}.vc_custom_1497001455031{margin-bottom: 25px !important;padding-top: 5px !important;}.vc_custom_1497001704725{margin-bottom: 10px !important;}.vc_custom_1496236412384{padding-right: 30px !important;}.vc_custom_1496236392182{padding-right: 30px !important;}.vc_custom_1499243890773{margin-bottom: 20px !important;}.vc_custom_1499243910522{margin-bottom: 20px !important;}.vc_custom_1499243922490{margin-bottom: 20px !important;}.vc_custom_1499243934230{margin-bottom: 20px !important;}.vc_custom_1496063999899{margin-bottom: -90px !important;}.vc_custom_1496237153921{margin-bottom: 0px !important;}.vc_custom_1496237358092{padding-top: 3vh !important;padding-right: 20px !important;padding-bottom: 3vh !important;padding-left: 20px !important;}.vc_custom_1498210818245{margin-top: 3vh !important;margin-bottom: 3vh !important;}.vc_custom_1499244688577{margin-bottom: 15px !important;}.vc_custom_1497002332700{margin-top: -10px !important;}.vc_custom_1493366463510{margin-bottom: 25px !important;padding-top: 5px !important;}.vc_custom_1497000672744{margin-bottom: 25px !important;}.vc_custom_1496237821863{margin-bottom: -90px !important;}]]></wp:meta_value>
		</wp:postmeta>
		<wp:postmeta>
			<wp:meta_key>_woodmart_main_layout</wp:meta_key>
			<wp:meta_value><![CDATA[full-width]]></wp:meta_value>
		</wp:postmeta>
		<wp:postmeta>
			<wp:meta_key>_woodmart_header_color_scheme</wp:meta_key>
			<wp:meta_value><![CDATA[inherit]]></wp:meta_value>
		</wp:postmeta>
		<wp:postmeta>
			<wp:meta_key>_woodmart_title_off</wp:meta_key>
			<wp:meta_value><![CDATA[on]]></wp:meta_value>
		</wp:postmeta>
		<wp:postmeta>
			<wp:meta_key>_oembed_71ae0db7f6e61ffd19b757ea6a0c207c</wp:meta_key>
			<wp:meta_value><![CDATA[<iframe src="https://player.vimeo.com/video/51589652" width="500" height="281" frameborder="0" title="Timelapse - Lighthouse (Oct 2012)" webkitallowfullscreen mozallowfullscreen allowfullscreen></iframe>]]></wp:meta_value>
		</wp:postmeta>
		<wp:postmeta>
			<wp:meta_key>_oembed_time_71ae0db7f6e61ffd19b757ea6a0c207c</wp:meta_key>
			<wp:meta_value><![CDATA[1498210951]]></wp:meta_value>
		</wp:postmeta>
		<wp:postmeta>
			<wp:meta_key>rs_page_bg_color</wp:meta_key>
			<wp:meta_value><![CDATA[#ffffff]]></wp:meta_value>
		</wp:postmeta>
		<wp:postmeta>
			<wp:meta_key>_woodmart_whb_header</wp:meta_key>
			<wp:meta_value><![CDATA[none]]></wp:meta_value>
		</wp:postmeta>
		<wp:postmeta>
			<wp:meta_key>_woodmart_title_image</wp:meta_key>
			<wp:meta_value><![CDATA[]]></wp:meta_value>
		</wp:postmeta>
		<wp:postmeta>
			<wp:meta_key>_woodmart_title_bg_color</wp:meta_key>
			<wp:meta_value><![CDATA[]]></wp:meta_value>
		</wp:postmeta>
		<wp:postmeta>
			<wp:meta_key>_woodmart_page-title-size</wp:meta_key>
			<wp:meta_value><![CDATA[inherit]]></wp:meta_value>
		</wp:postmeta>
	</item>
	<item>
		<title>furniture-banner-4</title>
		<link>http://dummy.xtemos.com/woodmart/demos/home-furniture/furniture-banner-4/</link>
		<pubDate>Fri, 23 Jun 2017 11:23:56 +0000</pubDate>
		<dc:creator><![CDATA[erwin]]></dc:creator>
		<guid isPermaLink="false">http://dummy.xtemos.com/woodmart/demos/wp-content/uploads/sites/2/2017/06/furniture-banner-4.jpg</guid>
		<description></description>
		<content:encoded><![CDATA[]]></content:encoded>
		<excerpt:encoded><![CDATA[]]></excerpt:encoded>
		<wp:post_id>528</wp:post_id>
		<wp:post_date>2017-06-23 11:23:56</wp:post_date>
		<wp:post_date_gmt>2017-06-23 11:23:56</wp:post_date_gmt>
		<wp:comment_status>open</wp:comment_status>
		<wp:ping_status>closed</wp:ping_status>
		<wp:post_name>furniture-banner-4</wp:post_name>
		<wp:status>inherit</wp:status>
		<wp:post_parent>520</wp:post_parent>
		<wp:menu_order>0</wp:menu_order>
		<wp:post_type>attachment</wp:post_type>
		<wp:post_password></wp:post_password>
		<wp:is_sticky>0</wp:is_sticky>
		<wp:attachment_url>http://dummy.xtemos.com/woodmart/demos/wp-content/uploads/sites/2/2017/06/furniture-banner-4.jpg</wp:attachment_url>
		<wp:postmeta>
			<wp:meta_key>_wp_attached_file</wp:meta_key>
			<wp:meta_value><![CDATA[2017/06/furniture-banner-4.jpg]]></wp:meta_value>
		</wp:postmeta>
	</item>
	<item>
		<title>furniture-banner-1</title>
		<link>http://dummy.xtemos.com/woodmart/demos/home-furniture/furniture-banner-1/</link>
		<pubDate>Fri, 23 Jun 2017 11:23:57 +0000</pubDate>
		<dc:creator><![CDATA[erwin]]></dc:creator>
		<guid isPermaLink="false">http://dummy.xtemos.com/woodmart/demos/wp-content/uploads/sites/2/2017/06/furniture-banner-1.jpg</guid>
		<description></description>
		<content:encoded><![CDATA[]]></content:encoded>
		<excerpt:encoded><![CDATA[]]></excerpt:encoded>
		<wp:post_id>529</wp:post_id>
		<wp:post_date>2017-06-23 11:23:57</wp:post_date>
		<wp:post_date_gmt>2017-06-23 11:23:57</wp:post_date_gmt>
		<wp:comment_status>open</wp:comment_status>
		<wp:ping_status>closed</wp:ping_status>
		<wp:post_name>furniture-banner-1</wp:post_name>
		<wp:status>inherit</wp:status>
		<wp:post_parent>520</wp:post_parent>
		<wp:menu_order>0</wp:menu_order>
		<wp:post_type>attachment</wp:post_type>
		<wp:post_password></wp:post_password>
		<wp:is_sticky>0</wp:is_sticky>
		<wp:attachment_url>http://dummy.xtemos.com/woodmart/demos/wp-content/uploads/sites/2/2017/06/furniture-banner-1.jpg</wp:attachment_url>
		<wp:postmeta>
			<wp:meta_key>_wp_attached_file</wp:meta_key>
			<wp:meta_value><![CDATA[2017/06/furniture-banner-1.jpg]]></wp:meta_value>
		</wp:postmeta>
	</item>
	<item>
		<title>furniture-banner-2</title>
		<link>http://dummy.xtemos.com/woodmart/demos/home-furniture/furniture-banner-2/</link>
		<pubDate>Fri, 23 Jun 2017 11:23:59 +0000</pubDate>
		<dc:creator><![CDATA[erwin]]></dc:creator>
		<guid isPermaLink="false">http://dummy.xtemos.com/woodmart/demos/wp-content/uploads/sites/2/2017/06/furniture-banner-2.jpg</guid>
		<description></description>
		<content:encoded><![CDATA[]]></content:encoded>
		<excerpt:encoded><![CDATA[]]></excerpt:encoded>
		<wp:post_id>530</wp:post_id>
		<wp:post_date>2017-06-23 11:23:59</wp:post_date>
		<wp:post_date_gmt>2017-06-23 11:23:59</wp:post_date_gmt>
		<wp:comment_status>open</wp:comment_status>
		<wp:ping_status>closed</wp:ping_status>
		<wp:post_name>furniture-banner-2</wp:post_name>
		<wp:status>inherit</wp:status>
		<wp:post_parent>520</wp:post_parent>
		<wp:menu_order>0</wp:menu_order>
		<wp:post_type>attachment</wp:post_type>
		<wp:post_password></wp:post_password>
		<wp:is_sticky>0</wp:is_sticky>
		<wp:attachment_url>http://dummy.xtemos.com/woodmart/demos/wp-content/uploads/sites/2/2017/06/furniture-banner-2.jpg</wp:attachment_url>
		<wp:postmeta>
			<wp:meta_key>_wp_attached_file</wp:meta_key>
			<wp:meta_value><![CDATA[2017/06/furniture-banner-2.jpg]]></wp:meta_value>
		</wp:postmeta>
	</item>
	<item>
		<title>furniture-banner-3</title>
		<link>http://dummy.xtemos.com/woodmart/demos/home-furniture/furniture-banner-3/</link>
		<pubDate>Fri, 23 Jun 2017 11:24:01 +0000</pubDate>
		<dc:creator><![CDATA[erwin]]></dc:creator>
		<guid isPermaLink="false">http://dummy.xtemos.com/woodmart/demos/wp-content/uploads/sites/2/2017/06/furniture-banner-3.jpg</guid>
		<description></description>
		<content:encoded><![CDATA[]]></content:encoded>
		<excerpt:encoded><![CDATA[]]></excerpt:encoded>
		<wp:post_id>531</wp:post_id>
		<wp:post_date>2017-06-23 11:24:01</wp:post_date>
		<wp:post_date_gmt>2017-06-23 11:24:01</wp:post_date_gmt>
		<wp:comment_status>open</wp:comment_status>
		<wp:ping_status>closed</wp:ping_status>
		<wp:post_name>furniture-banner-3</wp:post_name>
		<wp:status>inherit</wp:status>
		<wp:post_parent>520</wp:post_parent>
		<wp:menu_order>0</wp:menu_order>
		<wp:post_type>attachment</wp:post_type>
		<wp:post_password></wp:post_password>
		<wp:is_sticky>0</wp:is_sticky>
		<wp:attachment_url>http://dummy.xtemos.com/woodmart/demos/wp-content/uploads/sites/2/2017/06/furniture-banner-3.jpg</wp:attachment_url>
		<wp:postmeta>
			<wp:meta_key>_wp_attached_file</wp:meta_key>
			<wp:meta_value><![CDATA[2017/06/furniture-banner-3.jpg]]></wp:meta_value>
		</wp:postmeta>
	</item>
	<item>
		<title>furniture-gallery3</title>
		<link>http://dummy.xtemos.com/woodmart/demos/home-furniture/furniture-gallery3/</link>
		<pubDate>Fri, 23 Jun 2017 11:42:10 +0000</pubDate>
		<dc:creator><![CDATA[erwin]]></dc:creator>
		<guid isPermaLink="false">http://dummy.xtemos.com/woodmart/demos/wp-content/uploads/sites/2/2017/06/furniture-gallery3.jpg</guid>
		<description></description>
		<content:encoded><![CDATA[]]></content:encoded>
		<excerpt:encoded><![CDATA[]]></excerpt:encoded>
		<wp:post_id>536</wp:post_id>
		<wp:post_date>2017-06-23 11:42:10</wp:post_date>
		<wp:post_date_gmt>2017-06-23 11:42:10</wp:post_date_gmt>
		<wp:comment_status>open</wp:comment_status>
		<wp:ping_status>closed</wp:ping_status>
		<wp:post_name>furniture-gallery3</wp:post_name>
		<wp:status>inherit</wp:status>
		<wp:post_parent>520</wp:post_parent>
		<wp:menu_order>0</wp:menu_order>
		<wp:post_type>attachment</wp:post_type>
		<wp:post_password></wp:post_password>
		<wp:is_sticky>0</wp:is_sticky>
		<wp:attachment_url>http://dummy.xtemos.com/woodmart/demos/wp-content/uploads/sites/2/2017/06/furniture-gallery3.jpg</wp:attachment_url>
		<wp:postmeta>
			<wp:meta_key>_wp_attached_file</wp:meta_key>
			<wp:meta_value><![CDATA[2017/06/furniture-gallery3.jpg]]></wp:meta_value>
		</wp:postmeta>
	</item>
	<item>
		<title>furniture-gallery1-1</title>
		<link>http://dummy.xtemos.com/woodmart/demos/home-furniture/furniture-gallery1-1/</link>
		<pubDate>Fri, 23 Jun 2017 11:42:11 +0000</pubDate>
		<dc:creator><![CDATA[erwin]]></dc:creator>
		<guid isPermaLink="false">http://dummy.xtemos.com/woodmart/demos/wp-content/uploads/sites/2/2017/06/furniture-gallery1-1.jpg</guid>
		<description></description>
		<content:encoded><![CDATA[]]></content:encoded>
		<excerpt:encoded><![CDATA[]]></excerpt:encoded>
		<wp:post_id>537</wp:post_id>
		<wp:post_date>2017-06-23 11:42:11</wp:post_date>
		<wp:post_date_gmt>2017-06-23 11:42:11</wp:post_date_gmt>
		<wp:comment_status>open</wp:comment_status>
		<wp:ping_status>closed</wp:ping_status>
		<wp:post_name>furniture-gallery1-1</wp:post_name>
		<wp:status>inherit</wp:status>
		<wp:post_parent>520</wp:post_parent>
		<wp:menu_order>0</wp:menu_order>
		<wp:post_type>attachment</wp:post_type>
		<wp:post_password></wp:post_password>
		<wp:is_sticky>0</wp:is_sticky>
		<wp:attachment_url>http://dummy.xtemos.com/woodmart/demos/wp-content/uploads/sites/2/2017/06/furniture-gallery1-1.jpg</wp:attachment_url>
		<wp:postmeta>
			<wp:meta_key>_wp_attached_file</wp:meta_key>
			<wp:meta_value><![CDATA[2017/06/furniture-gallery1-1.jpg]]></wp:meta_value>
		</wp:postmeta>
	</item>
	<item>
		<title>furniture-gallery2-1</title>
		<link>http://dummy.xtemos.com/woodmart/demos/home-furniture/furniture-gallery2-1/</link>
		<pubDate>Fri, 23 Jun 2017 11:42:12 +0000</pubDate>
		<dc:creator><![CDATA[erwin]]></dc:creator>
		<guid isPermaLink="false">http://dummy.xtemos.com/woodmart/demos/wp-content/uploads/sites/2/2017/06/furniture-gallery2-1.jpg</guid>
		<description></description>
		<content:encoded><![CDATA[]]></content:encoded>
		<excerpt:encoded><![CDATA[]]></excerpt:encoded>
		<wp:post_id>538</wp:post_id>
		<wp:post_date>2017-06-23 11:42:12</wp:post_date>
		<wp:post_date_gmt>2017-06-23 11:42:12</wp:post_date_gmt>
		<wp:comment_status>open</wp:comment_status>
		<wp:ping_status>closed</wp:ping_status>
		<wp:post_name>furniture-gallery2-1</wp:post_name>
		<wp:status>inherit</wp:status>
		<wp:post_parent>520</wp:post_parent>
		<wp:menu_order>0</wp:menu_order>
		<wp:post_type>attachment</wp:post_type>
		<wp:post_password></wp:post_password>
		<wp:is_sticky>0</wp:is_sticky>
		<wp:attachment_url>http://dummy.xtemos.com/woodmart/demos/wp-content/uploads/sites/2/2017/06/furniture-gallery2-1.jpg</wp:attachment_url>
		<wp:postmeta>
			<wp:meta_key>_wp_attached_file</wp:meta_key>
			<wp:meta_value><![CDATA[2017/06/furniture-gallery2-1.jpg]]></wp:meta_value>
		</wp:postmeta>
	</item>
	<item>
		<title>004-furniture</title>
		<link>http://dummy.xtemos.com/woodmart/demos/home-furniture/004-furniture/</link>
		<pubDate>Fri, 23 Jun 2017 11:58:49 +0000</pubDate>
		<dc:creator><![CDATA[erwin]]></dc:creator>
		<guid isPermaLink="false">http://dummy.xtemos.com/woodmart/demos/wp-content/uploads/sites/2/2017/06/004-furniture.svg</guid>
		<description></description>
		<content:encoded><![CDATA[]]></content:encoded>
		<excerpt:encoded><![CDATA[]]></excerpt:encoded>
		<wp:post_id>542</wp:post_id>
		<wp:post_date>2017-06-23 11:58:49</wp:post_date>
		<wp:post_date_gmt>2017-06-23 11:58:49</wp:post_date_gmt>
		<wp:comment_status>open</wp:comment_status>
		<wp:ping_status>closed</wp:ping_status>
		<wp:post_name>004-furniture</wp:post_name>
		<wp:status>inherit</wp:status>
		<wp:post_parent>520</wp:post_parent>
		<wp:menu_order>0</wp:menu_order>
		<wp:post_type>attachment</wp:post_type>
		<wp:post_password></wp:post_password>
		<wp:is_sticky>0</wp:is_sticky>
		<wp:attachment_url>http://dummy.xtemos.com/woodmart/demos/wp-content/uploads/sites/2/2017/06/004-furniture.svg</wp:attachment_url>
		<wp:postmeta>
			<wp:meta_key>_wp_attached_file</wp:meta_key>
			<wp:meta_value><![CDATA[2017/06/004-furniture.svg]]></wp:meta_value>
		</wp:postmeta>
	</item>
	<item>
		<title>furniture-bg2</title>
		<link>http://dummy.xtemos.com/woodmart/demos/home-furniture/furniture-bg2/</link>
		<pubDate>Fri, 23 Jun 2017 11:48:56 +0000</pubDate>
		<dc:creator><![CDATA[erwin]]></dc:creator>
		<guid isPermaLink="false">http://dummy.xtemos.com/woodmart/demos/wp-content/uploads/sites/2/2017/06/furniture-bg2.jpg</guid>
		<description></description>
		<content:encoded><![CDATA[]]></content:encoded>
		<excerpt:encoded><![CDATA[]]></excerpt:encoded>
		<wp:post_id>540</wp:post_id>
		<wp:post_date>2017-06-23 11:48:56</wp:post_date>
		<wp:post_date_gmt>2017-06-23 11:48:56</wp:post_date_gmt>
		<wp:comment_status>open</wp:comment_status>
		<wp:ping_status>closed</wp:ping_status>
		<wp:post_name>furniture-bg2</wp:post_name>
		<wp:status>inherit</wp:status>
		<wp:post_parent>520</wp:post_parent>
		<wp:menu_order>0</wp:menu_order>
		<wp:post_type>attachment</wp:post_type>
		<wp:post_password></wp:post_password>
		<wp:is_sticky>0</wp:is_sticky>
		<wp:attachment_url>http://dummy.xtemos.com/woodmart/demos/wp-content/uploads/sites/2/2017/06/furniture-bg2.jpg</wp:attachment_url>
		<wp:postmeta>
			<wp:meta_key>_wp_attached_file</wp:meta_key>
			<wp:meta_value><![CDATA[2017/06/furniture-bg2.jpg]]></wp:meta_value>
		</wp:postmeta>
	</item>
</channel>
</rss>
