<?xml version="1.0" encoding="UTF-8" ?>
<!-- This is a WordPress eXtended RSS file generated by WordPress as an export of your site. -->
<!-- It contains information about your site's posts, pages, comments, categories, and other content. -->
<!-- You may use this file to transfer that content from one site to another. -->
<!-- This file is not intended to serve as a complete backup of your site. -->

<!-- To import this information into a WordPress site follow these steps: -->
<!-- 1. Log in to that site as an administrator. -->
<!-- 2. Go to Tools: Import in the WordPress admin panel. -->
<!-- 3. Install the "WordPress" importer from the list. -->
<!-- 4. Activate & Run Importer. -->
<!-- 5. Upload this file using the form provided on that page. -->
<!-- 6. You will first be asked to map the authors in this export file to users -->
<!--    on the site. For each author, you may choose to map to an -->
<!--    existing user on the site or to create a new user. -->
<!-- 7. WordPress will then import each of the posts, pages, comments, categories, etc. -->
<!--    contained in this file into your site. -->

	<!-- generator="WordPress/5.4.4" created="2021-03-24 17:17" -->
<rss version="2.0"
	xmlns:excerpt="http://wordpress.org/export/1.2/excerpt/"
	xmlns:content="http://purl.org/rss/1.0/modules/content/"
	xmlns:wfw="http://wellformedweb.org/CommentAPI/"
	xmlns:dc="http://purl.org/dc/elements/1.1/"
	xmlns:wp="http://wordpress.org/export/1.2/"
>

<channel>
	<title>Woodmart dummy demos</title>
	<link>http://dummy.xtemos.com/woodmart-elementor/demos</link>
	<description>Just another Woodmart Dummy Content Sites site</description>
	<pubDate>Wed, 24 Mar 2021 17:17:45 +0000</pubDate>
	<language>en-US</language>
	<wp:wxr_version>1.2</wp:wxr_version>
	<wp:base_site_url>http://dummy.xtemos.com/woodmart-elementor/</wp:base_site_url>
	<wp:base_blog_url>http://dummy.xtemos.com/woodmart-elementor/demos</wp:base_blog_url>

		<wp:author><wp:author_id>2</wp:author_id><wp:author_login>erwin</wp:author_login><wp:author_email>ss@asas.as</wp:author_email><wp:author_display_name><![CDATA[erwin]]></wp:author_display_name><wp:author_first_name><![CDATA[]]></wp:author_first_name><wp:author_last_name><![CDATA[]]></wp:author_last_name></wp:author>

				
	<generator>https://wordpress.org/?v=5.4.4</generator>

		<item>
		<title>
				wood-main-bg		</title>
		<link>http://dummy.xtemos.com/woodmart-elementor/demos/?attachment_id=44</link>
		<pubDate>Wed, 14 Jun 2017 08:07:10 +0000</pubDate>
		<dc:creator><![CDATA[admin]]></dc:creator>
		<guid isPermaLink="false">http://dummy.xtemos.com/woodmart-elementor/demos/wp-content/uploads/sites/2/2017/06/wood-main-bg.jpg</guid>
		<description></description>
		<content:encoded><![CDATA[]]></content:encoded>
		<excerpt:encoded><![CDATA[]]></excerpt:encoded>
		<wp:post_id>44</wp:post_id>
		<wp:post_date>2017-06-14 08:07:10</wp:post_date>
		<wp:post_date_gmt>2017-06-14 08:07:10</wp:post_date_gmt>
		<wp:comment_status>open</wp:comment_status>
		<wp:ping_status>closed</wp:ping_status>
		<wp:post_name>wood-main-bg</wp:post_name>
		<wp:status>inherit</wp:status>
		<wp:post_parent>42</wp:post_parent>
		<wp:menu_order>0</wp:menu_order>
		<wp:post_type>attachment</wp:post_type>
		<wp:post_password></wp:post_password>
		<wp:is_sticky>0</wp:is_sticky>
						<wp:attachment_url>http://dummy.xtemos.com/woodmart-elementor/demos/wp-content/uploads/sites/2/2017/06/wood-main-bg.jpg</wp:attachment_url>
												<wp:postmeta>
			<wp:meta_key>_wp_attached_file</wp:meta_key>
			<wp:meta_value><![CDATA[2017/06/wood-main-bg.jpg]]></wp:meta_value>
		</wp:postmeta>
						</item>
					<item>
		<title>
				Home furniture		</title>
		<link>http://dummy.xtemos.com/woodmart-elementor/demos/home-furniture/</link>
		<pubDate>Fri, 23 Jun 2017 09:42:21 +0000</pubDate>
		<dc:creator><![CDATA[erwin]]></dc:creator>
		<guid isPermaLink="false">http://dummy.xtemos.com/woodmart-elementor/demos/?page_id=520</guid>
		<description></description>
		<content:encoded><![CDATA[ 						

		
							
						
													
				
					22				
					Jun				
				
							Furniture
							
					Minimalist J]]></content:encoded>
		<excerpt:encoded><![CDATA[]]></excerpt:encoded>
		<wp:post_id>520</wp:post_id>
		<wp:post_date>2017-06-23 09:42:21</wp:post_date>
		<wp:post_date_gmt>2017-06-23 09:42:21</wp:post_date_gmt>
		<wp:comment_status>closed</wp:comment_status>
		<wp:ping_status>closed</wp:ping_status>
		<wp:post_name>home-furniture</wp:post_name>
		<wp:status>publish</wp:status>
		<wp:post_parent>0</wp:post_parent>
		<wp:menu_order>0</wp:menu_order>
		<wp:post_type>page</wp:post_type>
		<wp:post_password></wp:post_password>
		<wp:is_sticky>0</wp:is_sticky>
														<wp:postmeta>
			<wp:meta_key>_wp_page_template</wp:meta_key>
			<wp:meta_value><![CDATA[default]]></wp:meta_value>
		</wp:postmeta>
							<wp:postmeta>
			<wp:meta_key>_woodmart_main_layout</wp:meta_key>
			<wp:meta_value><![CDATA[full-width]]></wp:meta_value>
		</wp:postmeta>
							<wp:postmeta>
			<wp:meta_key>_woodmart_header_color_scheme</wp:meta_key>
			<wp:meta_value><![CDATA[inherit]]></wp:meta_value>
		</wp:postmeta>
							<wp:postmeta>
			<wp:meta_key>_woodmart_title_off</wp:meta_key>
			<wp:meta_value><![CDATA[on]]></wp:meta_value>
		</wp:postmeta>
							<wp:postmeta>
			<wp:meta_key>_oembed_71ae0db7f6e61ffd19b757ea6a0c207c</wp:meta_key>
			<wp:meta_value><![CDATA[<iframe src="https://player.vimeo.com/video/51589652" width="500" height="281" frameborder="0" title="Timelapse - Lighthouse (Oct 2012)" webkitallowfullscreen mozallowfullscreen allowfullscreen></iframe>]]></wp:meta_value>
		</wp:postmeta>
							<wp:postmeta>
			<wp:meta_key>_oembed_time_71ae0db7f6e61ffd19b757ea6a0c207c</wp:meta_key>
			<wp:meta_value><![CDATA[1498210951]]></wp:meta_value>
		</wp:postmeta>
							<wp:postmeta>
			<wp:meta_key>_elementor_data</wp:meta_key>
			<wp:meta_value><![CDATA[[{"id":"9259545","elType":"section","settings":{"wd_section_stretch":"stretch-content","gap":"no","margin":{"unit":"px","top":"-40","right":"0","bottom":"10","left":"0","isLinked":""}},"elements":[{"id":"8829991","elType":"column","settings":{"_column_size":"100","column_sticky_offset":"50","scroll_y":"-80"},"elements":[{"id":"31640ec","elType":"widget","settings":{"revslidertitle":"furniture-slider","shortcode":"[rev_slider alias=\"furniture-slider\"][\/rev_slider]","scroll_y":"-80"},"elements":[],"widgetType":"slider_revolution"}],"isInner":""}],"isInner":""},{"id":"8417010","elType":"section","settings":{"margin":{"unit":"px","top":"0","right":"0","bottom":"100","left":"0","isLinked":""},"margin_mobile":{"unit":"px","top":"0","right":"0","bottom":"65","left":"0","isLinked":""}},"elements":[{"id":"8536094","elType":"column","settings":{"_column_size":"100","column_sticky_offset":"50","scroll_y":"-80"},"elements":[{"id":"5070261","elType":"widget","settings":{"subtitle":"<strong>FURNITURE COLLECTIONS 2018<\/strong>","after_title":"Elit rhoncus dui ullamcorper tristique aenean nascetur accumsan ac himenaeos adipiscing quam potenti ac senectus consequat.","image_size":"custom","width":{"size":"40","unit":"%"},"color":"primary","size":"large","title":"Featured Categories","width_tablet":{"unit":"%","size":"60","sizes":[]},"width_mobile":{"unit":"%","size":"100","sizes":[]},"_margin":{"unit":"px","top":"0","right":"0","bottom":"10","left":"0","isLinked":""},"scroll_y":"-80"},"elements":[],"widgetType":"wd_title"},{"id":"5060639","elType":"widget","settings":{"orderby":"date","order":"ASC","style":"carousel","categories_design":"alt","spacing":"10","slides_per_view":{"size":"3","unit":"px","sizes":[]},"hide_pagination_control":"yes","ids":[""],"number":"4","scroll_y":"-80"},"elements":[],"widgetType":"wd_product_categories"}],"isInner":""}],"isInner":""},{"id":"2032576","elType":"section","settings":{"wd_section_stretch":"stretch_row_content","equal_height":"yes","content_position":"middle","structure":"20","gap":"no","margin":{"unit":"px","top":"0","right":"0","bottom":"80","left":"0","isLinked":""},"margin_mobile":{"unit":"px","top":"0","right":"0","bottom":"55","left":"0","isLinked":""},"padding":{"unit":"px","top":"0","right":"0","bottom":"0","left":"0","isLinked":"1"}},"elements":[{"id":"3769415","elType":"column","settings":{"_column_size":"25","hide_mobile":"hidden-phone","hide_tablet":"hidden-tablet","column_sticky_offset":"50","scroll_y":"-80"},"elements":[{"id":"4070039","elType":"widget","settings":{"align":"left","image_size":"full","title":"","subtitle":"","content":"\n<h3 style=\"padding-top: 5vh;font-size: 38px;font-weight: 800;color: #246763;line-height: 1;margin-bottom: 25px\">MINIMAL\nARMCHAIRS<\/h3>\n<div>Facilisis volutpat augue non himenaeos eros hendrerit habitant mi cras nascetur semper bibendum consectetur in est imperdiet sociis.<\/div>\n","btn_text":"Read More","btn_position":"static","hover":"zoom","woodmart_color_scheme":"light","image_custom_dimension":[],"image":{"id":"529","url":"#"},"btn_color":"white","btn_style":"bordered","btn_size":"small","subtitle_color":"primary","title_size":"extra-large","text_alignment":"center","horizontal_alignment":"center","increase_spaces":"yes","alignment":"center","scroll_y":"-80"},"elements":[],"widgetType":"wd_banner"}],"isInner":""},{"id":"2018007","elType":"column","settings":{"_column_size":"75","_inline_size_tablet":"100","_inline_size_mobile":"100","column_sticky_offset":"50","scroll_y":"-80"},"elements":[{"id":"1632241","elType":"section","settings":{"equal_height":"yes","content_position":"middle","_background_background":"classic","_background_color":"#ffffff","structure":"20","gap":"no","margin":{"unit":"px","top":"0","right":"0","bottom":"0","left":"0","isLinked":"1"}},"elements":[{"id":"3493101","elType":"column","settings":{"_column_size":"33","_background_background":"classic","_background_color":"#339059","_background_size":"cover","_background_repeat":"no-repeat","background_background":"classic","background_color":"#339059","padding":{"unit":"%","top":"5","right":"2","bottom":"5","left":"2","isLinked":""},"padding_mobile":{"unit":"px","top":"40","right":"15","bottom":"40","left":"15","isLinked":""},"column_sticky_offset":"50","scroll_y":"-80"},"elements":[{"id":"8788714","elType":"widget","settings":{"subtitle":"","after_title":"","image_size":"custom","title":"HOT SALE\r\nUP TO 70%","font_container":"tag:h4|font_size:36|text_align:center|color:%23ffffff|line_height:1.2","use_theme_fonts":"yes","size":"large","color":"white","title_typography_typography":"custom","title_typography_font_size_mobile":{"unit":"px","size":"36","sizes":[]},"scroll_y":"-80"},"elements":[],"widgetType":"wd_title"},{"id":"3694625","elType":"widget","settings":{"woodmart_color_scheme":"light","size":"small","style":"transparent","date":"2021-01-01 00:00","scroll_y":"-80"},"elements":[],"widgetType":"wd_countdown_timer"}],"isInner":"1"},{"id":"6528717","elType":"column","settings":{"_column_size":"66","column_sticky_offset":"50","scroll_y":"-80"},"elements":[{"id":"8560190","elType":"widget","settings":{"align":"left","image_size":"full","title":"","subtitle":"","content":"\n<h3 style=\"font-size: 38px;font-weight: 800;color: #ecd637;line-height: 1\">FURNITURE\nFACTORY<\/h3>\n<div>Lobortis semper nullam hac gravida\nscelerisque sed ad cum erat.<\/div>\n","btn_text":"Read More","btn_position":"static","hover":"zoom","woodmart_color_scheme":"dark","image_custom_dimension":[],"image":{"id":"530","url":"#"},"btn_color":"alt","btn_size":"small","title_size":"extra-large","vertical_alignment":"middle","increase_spaces":"yes","hide_btn_tablet":"yes","hide_btn_mobile":"yes","scroll_y":"-80"},"elements":[],"widgetType":"wd_banner"}],"isInner":""}],"isInner":"1"},{"id":"4033075","elType":"section","settings":{"content_position":"middle","_background_background":"classic","_background_color":"#fcfcfc","structure":"30","gap":"no"},"elements":[{"id":"3360087","elType":"column","settings":{"_column_size":"33","hide_mobile":"hidden-phone","column_sticky_offset":"50","scroll_y":"-80"},"elements":[{"id":"6054306","elType":"widget","settings":{"align":"left","image_size":"full","title":"","subtitle":"","content":"","btn_text":"","hover":"zoom","woodmart_color_scheme":"dark","image_custom_dimension":[],"image":{"id":"531","url":"#"},"vertical_alignment":"middle","alignment":"center","scroll_y":"-80"},"elements":[],"widgetType":"wd_banner"}],"isInner":"1"},{"id":"2785243","elType":"column","settings":{"_column_size":"33","column_sticky_offset":"50","scroll_y":"-80"},"elements":[{"id":"7352133","elType":"widget","settings":{"align":"left","image_size":"full","title":"YELLOW\r\nTREND SOFA","subtitle":"","content":"","btn_text":"","hover":"parallax","woodmart_color_scheme":"light","image_custom_dimension":[],"image":{"id":"528","url":"#"},"title_size":"extra-large","text_alignment":"center","horizontal_alignment":"center","vertical_alignment":"middle","alignment":"center","scroll_y":"-80"},"elements":[],"widgetType":"wd_banner"}],"isInner":""},{"id":"9003379","elType":"column","settings":{"_column_size":"33","hide_mobile":"hidden-phone","column_sticky_offset":"50","scroll_y":"-80"},"elements":[{"id":"9022734","elType":"widget","settings":{"align":"left","image_size":"full","title":"","subtitle":"","content":"","btn_text":"","hover":"zoom","woodmart_color_scheme":"dark","image_custom_dimension":[],"image":{"id":"531","url":"#"},"vertical_alignment":"middle","alignment":"center","scroll_y":"-80"},"elements":[],"widgetType":"wd_banner"}],"isInner":""}],"isInner":"1"}],"isInner":""}],"isInner":""},{"id":"6224995","elType":"section","settings":{"margin":{"unit":"px","top":"0","right":"0","bottom":"80","left":"0","isLinked":""}},"elements":[{"id":"384091","elType":"column","settings":{"_column_size":"100","column_sticky_offset":"50","scroll_y":"-80"},"elements":[{"id":"1949553","elType":"widget","settings":{"subtitle":"<strong>FURNITURE COLLECTIONS 2018<\/strong>","after_title":"Elit rhoncus dui ullamcorper tristique aenean nascetur accumsan ac himenaeos adipiscing quam potenti ac senectus consequat.","image_size":"custom","width":{"size":"40","unit":"%"},"color":"primary","size":"large","title":"Featured Products","width_tablet":{"unit":"%","size":"60","sizes":[]},"width_mobile":{"unit":"%","size":"100","sizes":[]},"_margin":{"unit":"px","top":"0","right":"0","bottom":"10","left":"0","isLinked":""},"scroll_y":"-80"},"elements":[],"widgetType":"wd_title"},{"id":"7ad2ddb","elType":"widget","settings":{"items_per_page":"8","pagination":"arrows","scroll_y":"-80"},"elements":[],"widgetType":"wd_products"}],"isInner":""}],"isInner":""},{"id":"3392684","elType":"section","settings":{"wd_section_stretch":"stretch-content","equal_height":"yes","content_position":"middle","background_background":"classic","background_color":"#141414","structure":"20","gap":"no","margin":{"unit":"px","top":"0","right":"0","bottom":"75","left":"0","isLinked":""},"margin_tablet":{"unit":"px","top":"0","right":"0","bottom":"60","left":"0","isLinked":""},"padding":{"unit":"px","top":"0","right":"0","bottom":"0","left":"0","isLinked":"1"}},"elements":[{"id":"760981","elType":"column","settings":{"_column_size":"50","background_size":"cover","background_repeat":"no-repeat","_inline_size_tablet":"100","_inline_size_mobile":"100","column_sticky_offset":"50","scroll_y":"-80"},"elements":[{"id":"8462221","elType":"widget","settings":{"ids_size":"full","ids":[{"id":"536","url":""},{"id":"538","url":""},{"id":"537","url":""}],"view":"masonry","spacing":"0","columns":{"size":"2","unit":"px","sizes":[]},"caption":"","ids_custom_dimension":[],"scroll_y":"-80"},"elements":[],"widgetType":"wd_images_gallery"}],"isInner":""},{"id":"5024505","elType":"column","settings":{"_column_size":"50","wd_color_scheme":"light","background_background":"classic","background_color":"#141414","background_repeat":"no-repeat","_inline_size_tablet":"100","_inline_size_mobile":"100","padding":{"unit":"%","top":"5","right":"7","bottom":"5","left":"7","isLinked":""},"padding_tablet":{"unit":"%","top":"10","right":"10","bottom":"10","left":"10","isLinked":""},"padding_mobile":{"unit":"%","top":"15","right":"10","bottom":"15","left":"10","isLinked":""},"column_sticky_offset":"50","scroll_y":"-80"},"elements":[{"id":"5045306","elType":"widget","settings":{"subtitle":"ULLAMCORPER PARTURIENT","after_title":"","image_size":"custom","size":"extra-large","align":"left","title":"ABOUT OUR FACTORY","subtitle_color":"#FFFFFF","subtitle_typography_typography":"custom","subtitle_typography_font_size":{"unit":"px","size":"16","sizes":[]},"subtitle_typography_letter_spacing":{"unit":"px","size":"3","sizes":[]},"title_color":"#FFFFFF","_margin":{"unit":"px","top":"0","right":"0","bottom":"-15","left":"0","isLinked":""},"scroll_y":"-80"},"elements":[],"widgetType":"wd_title"},{"id":"c12b0f0","elType":"widget","settings":{"editor":"<p>COMPANY HISTORY &amp; FACTS<\/p>","text_color":"#BCBCBC","typography_typography":"custom","typography_font_family":"Ubuntu","typography_font_size":{"unit":"px","size":"32","sizes":[]},"typography_font_weight":"300","typography_line_height":{"unit":"em","size":"1","sizes":[]},"_margin":{"unit":"px","top":"0","right":"0","bottom":"5","left":"0","isLinked":""},"scroll_y":"-80","hide_tablet":"hidden-tablet","hide_mobile":"hidden-phone"},"elements":[],"widgetType":"text-editor"},{"id":"7809227","elType":"widget","settings":{"color":"#339059","align":"left","border_width":"2","el_width":"10","width":{"unit":"%","size":"10","sizes":[]},"text":"Divider","weight":{"unit":"px","size":"2","sizes":[]},"gap":{"unit":"px","size":"0","sizes":[]},"scroll_y":"-80"},"elements":[],"widgetType":"divider"},{"id":"8578416","elType":"section","settings":{"structure":"20","margin":{"unit":"px","top":"0","right":"0","bottom":"20","left":"0","isLinked":""}},"elements":[{"id":"1606916","elType":"column","settings":{"_column_size":"50","_inline_size_tablet":"100","_inline_size_mobile":"100","column_sticky_offset":"50","scroll_y":"-80"},"elements":[{"id":"57d5edc","elType":"widget","settings":{"icon_text":"","subtitle":"","title":"SAGITTIS RIDILUS VESULUM","content":"<p>Praesent a nostra lacus aliquet torquent molestie class ullamcorper leo vulputate ut nascetur sociis mus\u00a0a mi sem conubia.<\/p>","btn_text":"","link":{"url":"","is_external":"","nofollow":"","custom_attributes":""},"alignment":"left","title_typography_typography":"custom","title_typography_font_size":{"unit":"px","size":"16","sizes":[]},"scroll_y":"-80"},"elements":[],"widgetType":"wd_infobox"},{"id":"3f17f59","elType":"widget","settings":{"icon_text":"","subtitle":"","title":"EUISMOD PORTA LIGULA","content":"<p>Praesent a nostra lacus aliquet torquent molestie class ullamcorper leo vulputate ut nascetur sociis mus\u00a0a mi sem conubia.<\/p>","btn_text":"","link":{"url":"","is_external":"","nofollow":"","custom_attributes":""},"alignment":"left","title_typography_typography":"custom","title_typography_font_size":{"unit":"px","size":"16","sizes":[]},"scroll_y":"-80"},"elements":[],"widgetType":"wd_infobox"}],"isInner":"1"},{"id":"483161","elType":"column","settings":{"_column_size":"50","hide_mobile":"hidden-phone","hide_tablet":"hidden-tablet","column_sticky_offset":"50","scroll_y":"-80"},"elements":[{"id":"b80cc74","elType":"widget","settings":{"icon_text":"","subtitle":"","title":"FUSCE RIDICULUS SCELERIS","content":"<p>Praesent a nostra lacus aliquet torquent molestie class ullamcorper leo vulputate ut nascetur sociis mus\u00a0a mi sem conubia.<\/p>","btn_text":"","link":{"url":"","is_external":"","nofollow":"","custom_attributes":""},"alignment":"left","title_typography_typography":"custom","title_typography_font_size":{"unit":"px","size":"16","sizes":[]},"scroll_y":"-80"},"elements":[],"widgetType":"wd_infobox"},{"id":"dc5279d","elType":"widget","settings":{"icon_text":"","subtitle":"","title":"ELEIFEND MAURIS VOLUTPAT","content":"<p>Praesent a nostra lacus aliquet torquent molestie class ullamcorper leo vulputate ut nascetur sociis mus\u00a0a mi sem conubia.<\/p>","btn_text":"","link":{"url":"","is_external":"","nofollow":"","custom_attributes":""},"alignment":"left","title_typography_typography":"custom","title_typography_font_size":{"unit":"px","size":"16","sizes":[]},"scroll_y":"-80"},"elements":[],"widgetType":"wd_infobox"}],"isInner":""}],"isInner":"1"},{"id":"4714009","elType":"widget","settings":{"color":"primary","_element_width":"auto","text":"CONTACT US","_margin":{"unit":"px","top":"0","right":"15","bottom":"0","left":"0","isLinked":""},"scroll_y":"-80"},"elements":[],"widgetType":"wd_button"},{"id":"5010021","elType":"widget","settings":{"color":"white","style":"bordered","_element_width":"auto","text":"READ MORE","scroll_y":"-80"},"elements":[],"widgetType":"wd_button"}],"isInner":""}],"isInner":""},{"id":"3841479","elType":"section","settings":{"margin":{"unit":"px","top":"0","right":"0","bottom":"60","left":"0","isLinked":""}},"elements":[{"id":"5262635","elType":"column","settings":{"_column_size":"100","column_sticky_offset":"50","scroll_y":"-80"},"elements":[{"id":"8551926","elType":"widget","settings":{"subtitle":"<strong>BEST DESIGNERS IDEAS<\/strong>","after_title":"Elit rhoncus dui ullamcorper tristique aenean nascetur accumsan ac himenaeos adipiscing quam potenti ac senectus consequat.","image_size":"custom","width":{"size":"40","unit":"%"},"color":"primary","size":"large","title":"Furniture Magazine","width_tablet":{"unit":"%","size":"60","sizes":[]},"width_mobile":{"unit":"%","size":"100","sizes":[]},"scroll_y":"-80"},"elements":[],"widgetType":"wd_title"},{"id":"659896","elType":"widget","settings":{"blog_spacing":"20","items_per_page":"6","blog_design":"carousel","slides_per_view":{"size":"3","unit":"px","sizes":[]},"img_size":"full","scroll_y":"-80"},"elements":[],"widgetType":"wd_blog"}],"isInner":""}],"isInner":""},{"id":"2746019","elType":"section","settings":{"equal_height":"yes","content_position":"middle","structure":"20","gap":"extended","margin":{"unit":"px","top":"0","right":"0","bottom":"60","left":"0","isLinked":""}},"elements":[{"id":"7252670","elType":"column","settings":{"_column_size":"50","_inline_size_tablet":"100","_inline_size_mobile":"100","margin_tablet":{"unit":"px","top":"0","right":"0","bottom":"20","left":"0","isLinked":""},"column_sticky_offset":"50","scroll_y":"-80"},"elements":[{"id":"5167812","elType":"widget","settings":{"video_type":"vimeo","show_image_overlay":"yes","image_overlay":{"id":"44","url":"#"},"youtube_url":"https:\/\/www.youtube.com\/watch?v=XHOmBV4js_E","vimeo_url":"https:\/\/vimeo.com\/235215203","dailymotion_url":"https:\/\/www.dailymotion.com\/video\/x6tqhqb","scroll_y":"-80","wd_theme_style":"theme-style"},"elements":[],"widgetType":"video"}],"isInner":""},{"id":"10018","elType":"column","settings":{"_column_size":"50","_inline_size_tablet":"100","_inline_size_mobile":"100","column_sticky_offset":"50","scroll_y":"-80"},"elements":[{"id":"5057812","elType":"widget","settings":{"subtitle":"","after_title":"","image_size":"custom","size":"extra-large","align":"left","title":"VIDEO PRESENTATION","_margin":{"unit":"px","top":"0","right":"0","bottom":"-15","left":"0","isLinked":""},"_margin_tablet":{"unit":"px","top":"0","right":"0","bottom":"10","left":"0","isLinked":""},"scroll_y":"-80"},"elements":[],"widgetType":"wd_title"},{"id":"7e26221","elType":"widget","settings":{"editor":"<p>MAURIS VOLUTPAT &amp; METUS<\/p>","text_color":"#8E8E8E","typography_typography":"custom","typography_font_family":"Ubuntu","typography_font_size":{"unit":"px","size":"32","sizes":[]},"typography_font_weight":"300","typography_line_height":{"unit":"em","size":"1","sizes":[]},"_margin":{"unit":"px","top":"0","right":"0","bottom":"5","left":"0","isLinked":""},"scroll_y":"-80","hide_tablet":"hidden-tablet","hide_mobile":"hidden-phone"},"elements":[],"widgetType":"text-editor"},{"id":"5114046","elType":"widget","settings":{"color":"#339059","align":"left","border_width":"2","el_width":"10","width":{"unit":"%","size":"10","sizes":[]},"text":"Divider","weight":{"unit":"px","size":"2","sizes":[]},"gap":{"unit":"px","size":"0","sizes":[]},"_margin_tablet":{"unit":"px","top":"0","right":"0","bottom":"10","left":"0","isLinked":""},"scroll_y":"-80"},"elements":[],"widgetType":"divider"},{"id":"3898081","elType":"widget","settings":{"typography_typography":"custom","align":"left","el_class":"text-larger","editor":"<p>Praesent a nostra lacus aliquet torquent molestie class ullamcorper leo vulputate ut nascetur magnis sociis sodales condimentum mus dignissim a mi sem scelerisque ligula fermentum sociosqu et cursus parturient nostra ultricies vehicula.<\/p>\n","scroll_y":"-80"},"elements":[],"widgetType":"text-editor"},{"id":"210039","elType":"widget","settings":{"color":"primary","_element_width":"auto","text":"CONTACT US","_margin":{"unit":"px","top":"0","right":"15","bottom":"0","left":"0","isLinked":""},"scroll_y":"-80"},"elements":[],"widgetType":"wd_button"},{"id":"1423795","elType":"widget","settings":{"style":"bordered","_element_width":"auto","text":"READ MORE","scroll_y":"-80"},"elements":[],"widgetType":"wd_button"}],"isInner":""}],"isInner":""},{"id":"4623883","elType":"section","settings":{"wd_section_stretch":"stretch","woodmart_gradient_switch":"yes","background_background":"classic","background_image":{"url":"http:\/\/dummy.xtemos.com\/woodmart-elementor\/demos\/wp-content\/uploads\/sites\/2\/2017\/06\/furniture-bg2.jpg?id=540","id":""},"background_size":"cover","background_repeat":"no-repeat","woodmart_color_gradient":"rgb(255, 255, 255)-0\/rgb(255, 255, 255)-40\/rgba(255, 255, 255, 0.545)-61\/rgba(255, 255, 255, 0)-79\/rgba(255, 255, 255, 0)-100\/|linear-gradient(top , rgb(255, 255, 255) , rgb(255, 255, 255) 40% , rgba(255, 255, 255, 0.545) 61% , rgba(255, 255, 255, 0) 79% , rgba(255, 255, 255, 0) 100%)|linear|top","background_position":"center center","margin":{"unit":"px","top":"0","right":"0","bottom":"-40","left":"0","isLinked":""},"padding":{"unit":"px","top":"0","right":"15","bottom":"340","left":"15","isLinked":""},"padding_mobile":{"unit":"px","top":"0","right":"15","bottom":"270","left":"15","isLinked":""}},"elements":[{"id":"4362051","elType":"column","settings":{"_column_size":"100","column_sticky_offset":"50","scroll_y":"-80"},"elements":[{"id":"c866079","elType":"widget","settings":{"space":{"unit":"px","size":"600","sizes":[]},"_z_index":"0","scroll_y":"-80","_background_background":"gradient","_background_color":"#FFFFFF","_background_color_stop":{"unit":"%","size":"45","sizes":[]},"_background_color_b":"rgba(255, 255, 255, 0)","_element_width":"initial","_element_custom_width":{"unit":"vw","size":"120","sizes":[]},"_position":"absolute","_offset_x":{"size":"-20","unit":"vw"},"_offset_y":{"size":"-10","unit":"px"}},"elements":[],"widgetType":"spacer"},{"id":"9779472","elType":"widget","settings":{"subtitle":"<strong>SOMETHING ABOUT US<\/strong>","after_title":"Elit rhoncus dui ullamcorper tristique aenean nascetur accumsan ac himenaeos adipiscing quam potenti ac senectus consequat.","image_size":"custom","width":{"size":"40","unit":"%"},"color":"primary","size":"large","title":"Interesting Facts","width_tablet":{"unit":"%","size":"60","sizes":[]},"width_mobile":{"unit":"%","size":"100","sizes":[]},"scroll_y":"-80"},"elements":[],"widgetType":"wd_title"},{"id":"7989449","elType":"section","settings":{"structure":"40"},"elements":[{"id":"7377971","elType":"column","settings":{"_column_size":"25","column_sticky_offset":"50","scroll_y":"-80"},"elements":[{"id":"6448160","elType":"widget","settings":{"icon_type":"icon","btn_text":"Read More","image_size":"custom","subtitle":"","title":"APTENT VESTIBULUM","btn_position":"hover","image":{"id":"542","url":"#"},"btn_color":"primary","btn_style":"link","image_custom_dimension":{"width":"60","height":"60"},"content":"Nullam \u00a0suscipit aliquet ad leo ultricies vestibulum non in cubilia eros.","icon_text":"53","scroll_y":"-80"},"elements":[],"widgetType":"wd_infobox"}],"isInner":"1"},{"id":"5698036","elType":"column","settings":{"_column_size":"25","column_sticky_offset":"50","scroll_y":"-80"},"elements":[{"id":"7872355","elType":"widget","settings":{"icon_type":"icon","btn_text":"Read More","image_size":"custom","subtitle":"","title":"RIDICULUS SCELERIS","btn_position":"hover","image":{"id":"542","url":"#"},"btn_color":"primary","btn_style":"link","image_custom_dimension":{"width":"60","height":"60"},"content":"Nullam \u00a0suscipit aliquet ad leo ultricies vestibulum non in cubilia eros.","icon_text":"53","scroll_y":"-80"},"elements":[],"widgetType":"wd_infobox"}],"isInner":""},{"id":"2300061","elType":"column","settings":{"_column_size":"25","column_sticky_offset":"50","scroll_y":"-80"},"elements":[{"id":"4585564","elType":"widget","settings":{"icon_type":"icon","btn_text":"Read More","image_size":"custom","subtitle":"","title":"METUS EUISMOD","btn_position":"hover","image":{"id":"542","url":"#"},"btn_color":"primary","btn_style":"link","image_custom_dimension":{"width":"60","height":"60"},"content":"Nullam \u00a0suscipit aliquet ad leo ultricies vestibulum non in cubilia eros.","icon_text":"53","scroll_y":"-80"},"elements":[],"widgetType":"wd_infobox"}],"isInner":""},{"id":"4133033","elType":"column","settings":{"_column_size":"25","column_sticky_offset":"50","scroll_y":"-80"},"elements":[{"id":"9458452","elType":"widget","settings":{"icon_type":"icon","btn_text":"Read More","image_size":"custom","subtitle":"","title":"FUSCE RIDICULUS","btn_position":"hover","image":{"id":"542","url":"#"},"btn_color":"primary","btn_style":"link","image_custom_dimension":{"width":"60","height":"60"},"content":"Nullam \u00a0suscipit aliquet ad leo ultricies vestibulum non in cubilia eros.","icon_text":"53","scroll_y":"-80"},"elements":[],"widgetType":"wd_infobox"}],"isInner":""}],"isInner":"1"}],"isInner":""}],"isInner":""}]]]></wp:meta_value>
		</wp:postmeta>
							<wp:postmeta>
			<wp:meta_key>_elementor_edit_mode</wp:meta_key>
			<wp:meta_value><![CDATA[builder]]></wp:meta_value>
		</wp:postmeta>
							<wp:postmeta>
			<wp:meta_key>_elementor_version</wp:meta_key>
			<wp:meta_value><![CDATA[2.9.11]]></wp:meta_value>
		</wp:postmeta>
							<wp:postmeta>
			<wp:meta_key>_elementor_template_type</wp:meta_key>
			<wp:meta_value><![CDATA[wp-page]]></wp:meta_value>
		</wp:postmeta>
							<wp:postmeta>
			<wp:meta_key>_oembed_992c44b3a32aec363189635e67914edf</wp:meta_key>
			<wp:meta_value><![CDATA[<iframe title="vimeo placeholder" src="https://player.vimeo.com/video/235215203?dnt=1&amp;app_id=122963" width="500" height="281" frameborder="0" allow="autoplay; fullscreen" allowfullscreen></iframe>]]></wp:meta_value>
		</wp:postmeta>
							<wp:postmeta>
			<wp:meta_key>_oembed_time_992c44b3a32aec363189635e67914edf</wp:meta_key>
			<wp:meta_value><![CDATA[1593091127]]></wp:meta_value>
		</wp:postmeta>
							<wp:postmeta>
			<wp:meta_key>_elementor_controls_usage</wp:meta_key>
			<wp:meta_value><![CDATA[a:16:{s:17:"slider_revolution";a:3:{s:5:"count";i:1;s:15:"control_percent";i:2;s:8:"controls";a:2:{s:7:"content";a:1:{s:15:"content_section";a:2:{s:14:"revslidertitle";i:1;s:9:"shortcode";i:1;}}s:8:"advanced";a:1:{s:8:"wd_extra";a:1:{s:8:"scroll_y";i:1;}}}}s:6:"column";a:3:{s:5:"count";i:22;s:15:"control_percent";i:1;s:8:"controls";a:3:{s:8:"advanced";a:3:{s:8:"wd_extra";a:2:{s:20:"column_sticky_offset";i:22;s:8:"scroll_y";i:22;}s:19:"_section_responsive";a:2:{s:11:"hide_mobile";i:4;s:11:"hide_tablet";i:2;}s:16:"section_advanced";a:4:{s:7:"padding";i:2;s:14:"padding_mobile";i:2;s:14:"padding_tablet";i:1;s:13:"margin_tablet";i:1;}}s:5:"style";a:2:{s:13:"section_style";a:4:{s:21:"background_background";i:2;s:16:"background_color";i:2;s:15:"background_size";i:1;s:17:"background_repeat";i:2;}s:14:"wd_extra_style";a:1:{s:15:"wd_color_scheme";i:1;}}s:6:"layout";a:1:{s:6:"layout";a:2:{s:19:"_inline_size_tablet";i:6;s:19:"_inline_size_mobile";i:6;}}}}s:7:"section";a:3:{s:5:"count";i:12;s:15:"control_percent";i:3;s:8:"controls";a:3:{s:6:"layout";a:3:{s:15:"wd_extra_layout";a:1:{s:18:"wd_section_stretch";i:4;}s:14:"section_layout";a:2:{s:3:"gap";i:6;s:16:"content_position";i:5;}s:17:"section_structure";a:1:{s:9:"structure";i:7;}}s:8:"advanced";a:1:{s:16:"section_advanced";a:5:{s:6:"margin";i:10;s:13:"margin_mobile";i:2;s:7:"padding";i:3;s:13:"margin_tablet";i:1;s:14:"padding_mobile";i:1;}}s:5:"style";a:1:{s:18:"section_background";a:6:{s:21:"background_background";i:2;s:16:"background_color";i:1;s:16:"background_image";i:1;s:15:"background_size";i:1;s:17:"background_repeat";i:1;s:19:"background_position";i:1;}}}}s:8:"wd_title";a:3:{s:5:"count";i:7;s:15:"control_percent";i:3;s:8:"controls";a:3:{s:7:"content";a:1:{s:23:"general_content_section";a:3:{s:8:"subtitle";i:7;s:11:"after_title";i:7;s:5:"title";i:7;}}s:5:"style";a:3:{s:19:"title_style_section";a:4:{s:10:"image_size";i:7;s:27:"title_typography_typography";i:1;s:33:"title_typography_font_size_mobile";i:1;s:11:"title_color";i:1;}s:21:"general_style_section";a:6:{s:5:"width";i:4;s:5:"color";i:5;s:4:"size";i:7;s:12:"width_tablet";i:4;s:12:"width_mobile";i:4;s:5:"align";i:2;}s:22:"subtitle_style_section";a:4:{s:14:"subtitle_color";i:1;s:30:"subtitle_typography_typography";i:1;s:29:"subtitle_typography_font_size";i:1;s:34:"subtitle_typography_letter_spacing";i:1;}}s:8:"advanced";a:2:{s:14:"_section_style";a:2:{s:7:"_margin";i:4;s:14:"_margin_tablet";i:1;}s:8:"wd_extra";a:1:{s:8:"scroll_y";i:7;}}}}s:21:"wd_product_categories";a:3:{s:5:"count";i:1;s:15:"control_percent";i:5;s:8:"controls";a:3:{s:7:"content";a:1:{s:23:"general_content_section";a:4:{s:7:"orderby";i:1;s:5:"order";i:1;s:3:"ids";i:1;s:6:"number";i:1;}}s:5:"style";a:3:{s:20:"layout_style_section";a:2:{s:5:"style";i:1;s:7:"spacing";i:1;}s:20:"design_style_section";a:1:{s:17:"categories_design";i:1;}s:22:"carousel_style_section";a:2:{s:15:"slides_per_view";i:1;s:23:"hide_pagination_control";i:1;}}s:8:"advanced";a:1:{s:8:"wd_extra";a:1:{s:8:"scroll_y";i:1;}}}}s:9:"wd_banner";a:3:{s:5:"count";i:5;s:15:"control_percent";i:4;s:8:"controls";a:3:{s:7:"content";a:2:{s:21:"image_content_section";a:3:{s:10:"image_size";i:5;s:22:"image_custom_dimension";i:5;s:5:"image";i:5;}s:15:"content_section";a:4:{s:5:"title";i:5;s:8:"subtitle";i:5;s:7:"content";i:5;s:8:"btn_text";i:5;}}s:5:"style";a:4:{s:20:"button_style_section";a:6:{s:12:"btn_position";i:2;s:9:"btn_color";i:2;s:9:"btn_style";i:1;s:8:"btn_size";i:2;s:15:"hide_btn_tablet";i:1;s:15:"hide_btn_mobile";i:1;}s:21:"general_style_section";a:3:{s:5:"hover";i:5;s:21:"woodmart_color_scheme";i:5;s:10:"title_size";i:3;}s:22:"subtitle_style_section";a:1:{s:14:"subtitle_color";i:1;}s:20:"layout_style_section";a:4:{s:14:"text_alignment";i:2;s:20:"horizontal_alignment";i:2;s:15:"increase_spaces";i:2;s:18:"vertical_alignment";i:4;}}s:8:"advanced";a:1:{s:8:"wd_extra";a:1:{s:8:"scroll_y";i:5;}}}}s:18:"wd_countdown_timer";a:3:{s:5:"count";i:1;s:15:"control_percent";i:3;s:8:"controls";a:3:{s:5:"style";a:1:{s:21:"general_style_section";a:3:{s:21:"woodmart_color_scheme";i:1;s:4:"size";i:1;s:5:"style";i:1;}}s:7:"content";a:1:{s:23:"general_content_section";a:1:{s:4:"date";i:1;}}s:8:"advanced";a:1:{s:8:"wd_extra";a:1:{s:8:"scroll_y";i:1;}}}}s:11:"wd_products";a:3:{s:5:"count";i:1;s:15:"control_percent";i:1;s:8:"controls";a:2:{s:5:"style";a:1:{s:20:"layout_style_section";a:2:{s:14:"items_per_page";i:1;s:10:"pagination";i:1;}}s:8:"advanced";a:1:{s:8:"wd_extra";a:1:{s:8:"scroll_y";i:1;}}}}s:17:"wd_images_gallery";a:3:{s:5:"count";i:1;s:15:"control_percent";i:4;s:8:"controls";a:3:{s:7:"content";a:2:{s:23:"general_content_section";a:3:{s:8:"ids_size";i:1;s:3:"ids";i:1;s:20:"ids_custom_dimension";i:1;}s:20:"click_action_section";a:1:{s:7:"caption";i:1;}}s:5:"style";a:1:{s:20:"layout_style_section";a:3:{s:4:"view";i:1;s:7:"spacing";i:1;s:7:"columns";i:1;}}s:8:"advanced";a:1:{s:8:"wd_extra";a:1:{s:8:"scroll_y";i:1;}}}}s:11:"text-editor";a:3:{s:5:"count";i:3;s:15:"control_percent";i:2;s:8:"controls";a:3:{s:7:"content";a:1:{s:14:"section_editor";a:1:{s:6:"editor";i:3;}}s:5:"style";a:1:{s:13:"section_style";a:7:{s:10:"text_color";i:2;s:21:"typography_typography";i:3;s:22:"typography_font_family";i:2;s:20:"typography_font_size";i:2;s:22:"typography_font_weight";i:2;s:22:"typography_line_height";i:2;s:5:"align";i:1;}}s:8:"advanced";a:3:{s:14:"_section_style";a:1:{s:7:"_margin";i:2;}s:8:"wd_extra";a:1:{s:8:"scroll_y";i:3;}s:19:"_section_responsive";a:2:{s:11:"hide_tablet";i:2;s:11:"hide_mobile";i:2;}}}}s:7:"divider";a:3:{s:5:"count";i:2;s:15:"control_percent";i:3;s:8:"controls";a:3:{s:5:"style";a:1:{s:21:"section_divider_style";a:3:{s:5:"color";i:2;s:6:"weight";i:2;s:3:"gap";i:2;}}s:7:"content";a:1:{s:15:"section_divider";a:2:{s:5:"align";i:2;s:5:"width";i:2;}}s:8:"advanced";a:2:{s:8:"wd_extra";a:1:{s:8:"scroll_y";i:2;}s:14:"_section_style";a:1:{s:14:"_margin_tablet";i:1;}}}}s:10:"wd_infobox";a:3:{s:5:"count";i:8;s:15:"control_percent";i:3;s:8:"controls";a:3:{s:7:"content";a:2:{s:20:"icon_content_section";a:5:{s:9:"icon_text";i:4;s:9:"icon_type";i:4;s:10:"image_size";i:4;s:5:"image";i:4;s:22:"image_custom_dimension";i:4;}s:15:"content_section";a:5:{s:8:"subtitle";i:8;s:5:"title";i:8;s:7:"content";i:8;s:8:"btn_text";i:8;s:4:"link";i:4;}}s:5:"style";a:3:{s:21:"general_style_section";a:1:{s:9:"alignment";i:4;}s:19:"title_style_section";a:2:{s:27:"title_typography_typography";i:4;s:26:"title_typography_font_size";i:4;}s:22:"button_content_section";a:3:{s:12:"btn_position";i:4;s:9:"btn_color";i:4;s:9:"btn_style";i:4;}}s:8:"advanced";a:1:{s:8:"wd_extra";a:1:{s:8:"scroll_y";i:8;}}}}s:9:"wd_button";a:3:{s:5:"count";i:4;s:15:"control_percent";i:2;s:8:"controls";a:3:{s:5:"style";a:1:{s:21:"general_style_section";a:2:{s:5:"color";i:3;s:5:"style";i:2;}}s:8:"advanced";a:3:{s:17:"_section_position";a:1:{s:14:"_element_width";i:4;}s:14:"_section_style";a:1:{s:7:"_margin";i:2;}s:8:"wd_extra";a:1:{s:8:"scroll_y";i:4;}}s:7:"content";a:1:{s:23:"general_content_section";a:1:{s:4:"text";i:4;}}}}s:7:"wd_blog";a:3:{s:5:"count";i:1;s:15:"control_percent";i:3;s:8:"controls";a:2:{s:5:"style";a:2:{s:21:"general_style_section";a:4:{s:12:"blog_spacing";i:1;s:14:"items_per_page";i:1;s:11:"blog_design";i:1;s:8:"img_size";i:1;}s:22:"carousel_style_section";a:1:{s:15:"slides_per_view";i:1;}}s:8:"advanced";a:1:{s:8:"wd_extra";a:1:{s:8:"scroll_y";i:1;}}}}s:5:"video";a:3:{s:5:"count";i:1;s:15:"control_percent";i:2;s:8:"controls";a:3:{s:7:"content";a:2:{s:13:"section_video";a:1:{s:10:"video_type";i:1;}s:21:"section_image_overlay";a:2:{s:18:"show_image_overlay";i:1;s:13:"image_overlay";i:1;}}s:8:"advanced";a:1:{s:8:"wd_extra";a:1:{s:8:"scroll_y";i:1;}}s:5:"style";a:1:{s:19:"section_video_style";a:1:{s:14:"wd_theme_style";i:1;}}}}s:6:"spacer";a:3:{s:5:"count";i:1;s:15:"control_percent";i:6;s:8:"controls";a:2:{s:7:"content";a:1:{s:14:"section_spacer";a:1:{s:5:"space";i:1;}}s:8:"advanced";a:4:{s:14:"_section_style";a:1:{s:8:"_z_index";i:1;}s:8:"wd_extra";a:1:{s:8:"scroll_y";i:1;}s:19:"_section_background";a:4:{s:22:"_background_background";i:1;s:17:"_background_color";i:1;s:22:"_background_color_stop";i:1;s:19:"_background_color_b";i:1;}s:17:"_section_position";a:5:{s:14:"_element_width";i:1;s:21:"_element_custom_width";i:1;s:9:"_position";i:1;s:9:"_offset_x";i:1;s:9:"_offset_y";i:1;}}}}}]]></wp:meta_value>
		</wp:postmeta>
						</item>
					<item>
		<title>
				furniture-banner-4		</title>
		<link>http://dummy.xtemos.com/woodmart-elementor/demos/home-furniture/furniture-banner-4/</link>
		<pubDate>Fri, 23 Jun 2017 11:23:56 +0000</pubDate>
		<dc:creator><![CDATA[erwin]]></dc:creator>
		<guid isPermaLink="false">http://dummy.xtemos.com/woodmart-elementor/demos/wp-content/uploads/sites/2/2017/06/furniture-banner-4.jpg</guid>
		<description></description>
		<content:encoded><![CDATA[]]></content:encoded>
		<excerpt:encoded><![CDATA[]]></excerpt:encoded>
		<wp:post_id>528</wp:post_id>
		<wp:post_date>2017-06-23 11:23:56</wp:post_date>
		<wp:post_date_gmt>2017-06-23 11:23:56</wp:post_date_gmt>
		<wp:comment_status>open</wp:comment_status>
		<wp:ping_status>closed</wp:ping_status>
		<wp:post_name>furniture-banner-4</wp:post_name>
		<wp:status>inherit</wp:status>
		<wp:post_parent>520</wp:post_parent>
		<wp:menu_order>0</wp:menu_order>
		<wp:post_type>attachment</wp:post_type>
		<wp:post_password></wp:post_password>
		<wp:is_sticky>0</wp:is_sticky>
						<wp:attachment_url>http://dummy.xtemos.com/woodmart-elementor/demos/wp-content/uploads/sites/2/2017/06/furniture-banner-4.jpg</wp:attachment_url>
												<wp:postmeta>
			<wp:meta_key>_wp_attached_file</wp:meta_key>
			<wp:meta_value><![CDATA[2017/06/furniture-banner-4.jpg]]></wp:meta_value>
		</wp:postmeta>
						</item>
					<item>
		<title>
				furniture-banner-1		</title>
		<link>http://dummy.xtemos.com/woodmart-elementor/demos/home-furniture/furniture-banner-1/</link>
		<pubDate>Fri, 23 Jun 2017 11:23:57 +0000</pubDate>
		<dc:creator><![CDATA[erwin]]></dc:creator>
		<guid isPermaLink="false">http://dummy.xtemos.com/woodmart-elementor/demos/wp-content/uploads/sites/2/2017/06/furniture-banner-1.jpg</guid>
		<description></description>
		<content:encoded><![CDATA[]]></content:encoded>
		<excerpt:encoded><![CDATA[]]></excerpt:encoded>
		<wp:post_id>529</wp:post_id>
		<wp:post_date>2017-06-23 11:23:57</wp:post_date>
		<wp:post_date_gmt>2017-06-23 11:23:57</wp:post_date_gmt>
		<wp:comment_status>open</wp:comment_status>
		<wp:ping_status>closed</wp:ping_status>
		<wp:post_name>furniture-banner-1</wp:post_name>
		<wp:status>inherit</wp:status>
		<wp:post_parent>520</wp:post_parent>
		<wp:menu_order>0</wp:menu_order>
		<wp:post_type>attachment</wp:post_type>
		<wp:post_password></wp:post_password>
		<wp:is_sticky>0</wp:is_sticky>
						<wp:attachment_url>http://dummy.xtemos.com/woodmart-elementor/demos/wp-content/uploads/sites/2/2017/06/furniture-banner-1.jpg</wp:attachment_url>
												<wp:postmeta>
			<wp:meta_key>_wp_attached_file</wp:meta_key>
			<wp:meta_value><![CDATA[2017/06/furniture-banner-1.jpg]]></wp:meta_value>
		</wp:postmeta>
						</item>
					<item>
		<title>
				furniture-banner-2		</title>
		<link>http://dummy.xtemos.com/woodmart-elementor/demos/home-furniture/furniture-banner-2/</link>
		<pubDate>Fri, 23 Jun 2017 11:23:59 +0000</pubDate>
		<dc:creator><![CDATA[erwin]]></dc:creator>
		<guid isPermaLink="false">http://dummy.xtemos.com/woodmart-elementor/demos/wp-content/uploads/sites/2/2017/06/furniture-banner-2.jpg</guid>
		<description></description>
		<content:encoded><![CDATA[]]></content:encoded>
		<excerpt:encoded><![CDATA[]]></excerpt:encoded>
		<wp:post_id>530</wp:post_id>
		<wp:post_date>2017-06-23 11:23:59</wp:post_date>
		<wp:post_date_gmt>2017-06-23 11:23:59</wp:post_date_gmt>
		<wp:comment_status>open</wp:comment_status>
		<wp:ping_status>closed</wp:ping_status>
		<wp:post_name>furniture-banner-2</wp:post_name>
		<wp:status>inherit</wp:status>
		<wp:post_parent>520</wp:post_parent>
		<wp:menu_order>0</wp:menu_order>
		<wp:post_type>attachment</wp:post_type>
		<wp:post_password></wp:post_password>
		<wp:is_sticky>0</wp:is_sticky>
						<wp:attachment_url>http://dummy.xtemos.com/woodmart-elementor/demos/wp-content/uploads/sites/2/2017/06/furniture-banner-2.jpg</wp:attachment_url>
												<wp:postmeta>
			<wp:meta_key>_wp_attached_file</wp:meta_key>
			<wp:meta_value><![CDATA[2017/06/furniture-banner-2.jpg]]></wp:meta_value>
		</wp:postmeta>
						</item>
					<item>
		<title>
				furniture-banner-3		</title>
		<link>http://dummy.xtemos.com/woodmart-elementor/demos/home-furniture/furniture-banner-3/</link>
		<pubDate>Fri, 23 Jun 2017 11:24:01 +0000</pubDate>
		<dc:creator><![CDATA[erwin]]></dc:creator>
		<guid isPermaLink="false">http://dummy.xtemos.com/woodmart-elementor/demos/wp-content/uploads/sites/2/2017/06/furniture-banner-3.jpg</guid>
		<description></description>
		<content:encoded><![CDATA[]]></content:encoded>
		<excerpt:encoded><![CDATA[]]></excerpt:encoded>
		<wp:post_id>531</wp:post_id>
		<wp:post_date>2017-06-23 11:24:01</wp:post_date>
		<wp:post_date_gmt>2017-06-23 11:24:01</wp:post_date_gmt>
		<wp:comment_status>open</wp:comment_status>
		<wp:ping_status>closed</wp:ping_status>
		<wp:post_name>furniture-banner-3</wp:post_name>
		<wp:status>inherit</wp:status>
		<wp:post_parent>520</wp:post_parent>
		<wp:menu_order>0</wp:menu_order>
		<wp:post_type>attachment</wp:post_type>
		<wp:post_password></wp:post_password>
		<wp:is_sticky>0</wp:is_sticky>
						<wp:attachment_url>http://dummy.xtemos.com/woodmart-elementor/demos/wp-content/uploads/sites/2/2017/06/furniture-banner-3.jpg</wp:attachment_url>
												<wp:postmeta>
			<wp:meta_key>_wp_attached_file</wp:meta_key>
			<wp:meta_value><![CDATA[2017/06/furniture-banner-3.jpg]]></wp:meta_value>
		</wp:postmeta>
						</item>
					<item>
		<title>
				furniture-gallery3		</title>
		<link>http://dummy.xtemos.com/woodmart-elementor/demos/home-furniture/furniture-gallery3/</link>
		<pubDate>Fri, 23 Jun 2017 11:42:10 +0000</pubDate>
		<dc:creator><![CDATA[erwin]]></dc:creator>
		<guid isPermaLink="false">http://dummy.xtemos.com/woodmart-elementor/demos/wp-content/uploads/sites/2/2017/06/furniture-gallery3.jpg</guid>
		<description></description>
		<content:encoded><![CDATA[]]></content:encoded>
		<excerpt:encoded><![CDATA[]]></excerpt:encoded>
		<wp:post_id>536</wp:post_id>
		<wp:post_date>2017-06-23 11:42:10</wp:post_date>
		<wp:post_date_gmt>2017-06-23 11:42:10</wp:post_date_gmt>
		<wp:comment_status>open</wp:comment_status>
		<wp:ping_status>closed</wp:ping_status>
		<wp:post_name>furniture-gallery3</wp:post_name>
		<wp:status>inherit</wp:status>
		<wp:post_parent>520</wp:post_parent>
		<wp:menu_order>0</wp:menu_order>
		<wp:post_type>attachment</wp:post_type>
		<wp:post_password></wp:post_password>
		<wp:is_sticky>0</wp:is_sticky>
						<wp:attachment_url>http://dummy.xtemos.com/woodmart-elementor/demos/wp-content/uploads/sites/2/2017/06/furniture-gallery3.jpg</wp:attachment_url>
												<wp:postmeta>
			<wp:meta_key>_wp_attached_file</wp:meta_key>
			<wp:meta_value><![CDATA[2017/06/furniture-gallery3.jpg]]></wp:meta_value>
		</wp:postmeta>
						</item>
					<item>
		<title>
				furniture-gallery1-1		</title>
		<link>http://dummy.xtemos.com/woodmart-elementor/demos/home-furniture/furniture-gallery1-1/</link>
		<pubDate>Fri, 23 Jun 2017 11:42:11 +0000</pubDate>
		<dc:creator><![CDATA[erwin]]></dc:creator>
		<guid isPermaLink="false">http://dummy.xtemos.com/woodmart-elementor/demos/wp-content/uploads/sites/2/2017/06/furniture-gallery1-1.jpg</guid>
		<description></description>
		<content:encoded><![CDATA[]]></content:encoded>
		<excerpt:encoded><![CDATA[]]></excerpt:encoded>
		<wp:post_id>537</wp:post_id>
		<wp:post_date>2017-06-23 11:42:11</wp:post_date>
		<wp:post_date_gmt>2017-06-23 11:42:11</wp:post_date_gmt>
		<wp:comment_status>open</wp:comment_status>
		<wp:ping_status>closed</wp:ping_status>
		<wp:post_name>furniture-gallery1-1</wp:post_name>
		<wp:status>inherit</wp:status>
		<wp:post_parent>520</wp:post_parent>
		<wp:menu_order>0</wp:menu_order>
		<wp:post_type>attachment</wp:post_type>
		<wp:post_password></wp:post_password>
		<wp:is_sticky>0</wp:is_sticky>
						<wp:attachment_url>http://dummy.xtemos.com/woodmart-elementor/demos/wp-content/uploads/sites/2/2017/06/furniture-gallery1-1.jpg</wp:attachment_url>
												<wp:postmeta>
			<wp:meta_key>_wp_attached_file</wp:meta_key>
			<wp:meta_value><![CDATA[2017/06/furniture-gallery1-1.jpg]]></wp:meta_value>
		</wp:postmeta>
						</item>
					<item>
		<title>
				furniture-gallery2-1		</title>
		<link>http://dummy.xtemos.com/woodmart-elementor/demos/home-furniture/furniture-gallery2-1/</link>
		<pubDate>Fri, 23 Jun 2017 11:42:12 +0000</pubDate>
		<dc:creator><![CDATA[erwin]]></dc:creator>
		<guid isPermaLink="false">http://dummy.xtemos.com/woodmart-elementor/demos/wp-content/uploads/sites/2/2017/06/furniture-gallery2-1.jpg</guid>
		<description></description>
		<content:encoded><![CDATA[]]></content:encoded>
		<excerpt:encoded><![CDATA[]]></excerpt:encoded>
		<wp:post_id>538</wp:post_id>
		<wp:post_date>2017-06-23 11:42:12</wp:post_date>
		<wp:post_date_gmt>2017-06-23 11:42:12</wp:post_date_gmt>
		<wp:comment_status>open</wp:comment_status>
		<wp:ping_status>closed</wp:ping_status>
		<wp:post_name>furniture-gallery2-1</wp:post_name>
		<wp:status>inherit</wp:status>
		<wp:post_parent>520</wp:post_parent>
		<wp:menu_order>0</wp:menu_order>
		<wp:post_type>attachment</wp:post_type>
		<wp:post_password></wp:post_password>
		<wp:is_sticky>0</wp:is_sticky>
						<wp:attachment_url>http://dummy.xtemos.com/woodmart-elementor/demos/wp-content/uploads/sites/2/2017/06/furniture-gallery2-1.jpg</wp:attachment_url>
												<wp:postmeta>
			<wp:meta_key>_wp_attached_file</wp:meta_key>
			<wp:meta_value><![CDATA[2017/06/furniture-gallery2-1.jpg]]></wp:meta_value>
		</wp:postmeta>
						</item>
					<item>
		<title>
				004-furniture		</title>
		<link>http://dummy.xtemos.com/woodmart-elementor/demos/home-furniture/004-furniture/</link>
		<pubDate>Fri, 23 Jun 2017 11:58:49 +0000</pubDate>
		<dc:creator><![CDATA[erwin]]></dc:creator>
		<guid isPermaLink="false">http://dummy.xtemos.com/woodmart-elementor/demos/wp-content/uploads/sites/2/2017/06/004-furniture.svg</guid>
		<description></description>
		<content:encoded><![CDATA[]]></content:encoded>
		<excerpt:encoded><![CDATA[]]></excerpt:encoded>
		<wp:post_id>542</wp:post_id>
		<wp:post_date>2017-06-23 11:58:49</wp:post_date>
		<wp:post_date_gmt>2017-06-23 11:58:49</wp:post_date_gmt>
		<wp:comment_status>open</wp:comment_status>
		<wp:ping_status>closed</wp:ping_status>
		<wp:post_name>004-furniture</wp:post_name>
		<wp:status>inherit</wp:status>
		<wp:post_parent>520</wp:post_parent>
		<wp:menu_order>0</wp:menu_order>
		<wp:post_type>attachment</wp:post_type>
		<wp:post_password></wp:post_password>
		<wp:is_sticky>0</wp:is_sticky>
						<wp:attachment_url>http://dummy.xtemos.com/woodmart-elementor/demos/wp-content/uploads/sites/2/2017/06/004-furniture.svg</wp:attachment_url>
												<wp:postmeta>
			<wp:meta_key>_wp_attached_file</wp:meta_key>
			<wp:meta_value><![CDATA[2017/06/004-furniture.svg]]></wp:meta_value>
		</wp:postmeta>
						</item>
					<item>
		<title>
				Our team #2		</title>
		<link>http://dummy.xtemos.com/woodmart-elementor/demos/2021/03/17/9977-revision-v1/</link>
		<pubDate>Wed, 17 Mar 2021 15:56:09 +0000</pubDate>
		<dc:creator><![CDATA[zakhar]]></dc:creator>
		<guid isPermaLink="false">http://dummy.xtemos.com/woodmart-elementor/demos/2021/03/17/9977-revision-v1/</guid>
		<description></description>
		<content:encoded><![CDATA[
					There are no secrets to success. It is the result of preparation, hard work, and learning from failure.				
		By Colin Powell		
						]]></content:encoded>
		<excerpt:encoded><![CDATA[]]></excerpt:encoded>
		<wp:post_id>10018</wp:post_id>
		<wp:post_date>2021-03-17 15:56:09</wp:post_date>
		<wp:post_date_gmt>2021-03-17 15:56:09</wp:post_date_gmt>
		<wp:comment_status>closed</wp:comment_status>
		<wp:ping_status>closed</wp:ping_status>
		<wp:post_name>9977-revision-v1</wp:post_name>
		<wp:status>inherit</wp:status>
		<wp:post_parent>9977</wp:post_parent>
		<wp:menu_order>0</wp:menu_order>
		<wp:post_type>revision</wp:post_type>
		<wp:post_password></wp:post_password>
		<wp:is_sticky>0</wp:is_sticky>
														<wp:postmeta>
			<wp:meta_key>_elementor_edit_mode</wp:meta_key>
			<wp:meta_value><![CDATA[builder]]></wp:meta_value>
		</wp:postmeta>
							<wp:postmeta>
			<wp:meta_key>_elementor_template_type</wp:meta_key>
			<wp:meta_value><![CDATA[wp-page]]></wp:meta_value>
		</wp:postmeta>
							<wp:postmeta>
			<wp:meta_key>_elementor_version</wp:meta_key>
			<wp:meta_value><![CDATA[2.9.11]]></wp:meta_value>
		</wp:postmeta>
							<wp:postmeta>
			<wp:meta_key>_wp_page_template</wp:meta_key>
			<wp:meta_value><![CDATA[default]]></wp:meta_value>
		</wp:postmeta>
							<wp:postmeta>
			<wp:meta_key>_elementor_data</wp:meta_key>
			<wp:meta_value><![CDATA[[{"id":"8a755ce","elType":"section","settings":{"content_position":"middle","wd_section_stretch":"stretch","background_background":"classic","background_image":{"url":"http:\/\/dummy.xtemos.com\/woodmart-elementor\/demos\/wp-content\/uploads\/sites\/2\/2021\/03\/w-our-team-top-opt.jpg","id":"9979"},"background_position":"center center","background_repeat":"no-repeat","background_size":"cover","margin":{"unit":"px","top":"-40","right":"0","bottom":"80","left":"0","isLinked":""},"margin_tablet":{"unit":"px","top":"-40","right":"0","bottom":"60","left":"0","isLinked":""},"margin_mobile":{"unit":"px","top":"-40","right":"0","bottom":"40","left":"0","isLinked":""},"padding":{"unit":"px","top":"80","right":"10","bottom":"80","left":"10","isLinked":""},"padding_tablet":{"unit":"px","top":"60","right":"15","bottom":"60","left":"15","isLinked":""},"padding_mobile":{"unit":"px","top":"40","right":"15","bottom":"40","left":"15","isLinked":""}},"elements":[{"id":"d976078","elType":"column","settings":{"_column_size":"100","_inline_size":"","background_background":"classic","background_image":{"url":"http:\/\/dummy.xtemos.com\/woodmart-elementor\/demos\/wp-content\/uploads\/sites\/2\/2021\/03\/w-fonts-quotes.svg","id":"9860"},"background_position":"initial","background_position_tablet":"initial","background_xpos":{"unit":"%","size":"76","sizes":[]},"background_xpos_tablet":{"unit":"%","size":"80","sizes":[]},"background_ypos":{"unit":"px","size":"57","sizes":[]},"background_ypos_tablet":{"unit":"%","size":"40","sizes":[]},"background_repeat":"no-repeat","background_size_mobile":"initial","background_bg_width_mobile":{"unit":"px","size":"0","sizes":[]},"column_sticky_offset":"50","scroll_y":"-80"},"elements":[{"id":"da6e695","elType":"widget","settings":{"subtitle":"","title":"There are no <u>secrets to success<\/u>. It is the result of preparation, hard work, and learning from failure.","after_title":"","color":"white","size":"large","align":"left","width":{"unit":"%","size":"61","sizes":[]},"width_mobile":{"unit":"%","size":"100","sizes":[]},"scroll_y":"-80"},"elements":[],"widgetType":"wd_title"},{"id":"9d29f12","elType":"widget","settings":{"editor":"<p>By\u00a0<span style=\"color: #ffffff\">Colin Powell<\/span><\/p>","wd_color_scheme":"light","typography_typography":"custom","typography_font_size":{"unit":"px","size":"16","sizes":[]},"_margin":{"unit":"px","top":"0","right":"25","bottom":"0","left":"0","isLinked":""},"scroll_y":"-80","_element_width":"auto"},"elements":[],"widgetType":"text-editor"},{"id":"0f9c10c","elType":"widget","settings":{"image":{"url":"http:\/\/dummy.xtemos.com\/woodmart-elementor\/demos\/wp-content\/uploads\/sites\/2\/2021\/03\/w-autog.svg","id":"9856"},"image_size":"full","align":"left","scroll_y":"-80","_element_width":"auto"},"elements":[],"widgetType":"image"}],"isInner":""}],"isInner":""},{"id":"66644fd","elType":"section","settings":{"content_position":"middle","structure":"31","margin":{"unit":"px","top":"0","right":"0","bottom":"80","left":"0","isLinked":""},"margin_tablet":{"unit":"px","top":"0","right":"0","bottom":"60","left":"0","isLinked":""},"margin_mobile":{"unit":"px","top":"0","right":"0","bottom":"40","left":"0","isLinked":""}},"elements":[{"id":"9a2dd6b","elType":"column","settings":{"_column_size":"25","_inline_size":"","column_sticky_offset":"50","scroll_y":"-80","hide_tablet":"hidden-tablet","hide_mobile":"hidden-phone"},"elements":[{"id":"b68d98e","elType":"widget","settings":{"image":{"url":"http:\/\/dummy.xtemos.com\/woodmart-elementor\/demos\/wp-content\/uploads\/sites\/2\/2021\/03\/w-our-team-img-1-opt-1.jpg","id":"10010"},"image_size":"full","scroll_y":"-80"},"elements":[],"widgetType":"image"}],"isInner":""},{"id":"f66ffe1","elType":"column","settings":{"_column_size":"25","_inline_size":"30.2","_inline_size_tablet":"50","column_sticky_offset":"50","scroll_y":"-80"},"elements":[{"id":"09efaaf","elType":"widget","settings":{"image":{"url":"http:\/\/dummy.xtemos.com\/woodmart-elementor\/demos\/wp-content\/uploads\/sites\/2\/2021\/03\/w-our-team-img-2-opt.jpg","id":"9986"},"image_size":"full","scroll_y":"-80"},"elements":[],"widgetType":"image"}],"isInner":""},{"id":"b2a2b1b","elType":"column","settings":{"_column_size":"50","_inline_size":"44.8","_inline_size_tablet":"50","margin":{"unit":"px","top":"0","right":"0","bottom":"0","left":"30","isLinked":""},"margin_tablet":{"unit":"px","top":"0","right":"0","bottom":"0","left":"0","isLinked":""},"column_sticky_offset":"50","scroll_y":"-80"},"elements":[{"id":"e17d805","elType":"widget","settings":{"subtitle":"SEEMINGLY ELEGANT DESIGN","title":"We love what we do","after_title":"","size":"large","align":"left","subtitle_color":"#83B735","subtitle_typography_typography":"custom","subtitle_typography_font_weight":"600","scroll_y":"-80"},"elements":[],"widgetType":"wd_title"},{"id":"c610974","elType":"widget","settings":{"editor":"<p>Authorities in our business will tell in no uncertain terms that Lorem Ipsum is that huge, huge no no to forswear forever. Not so fast, I\u2019d say, there are some redeeming factors in favor of greeking text.<\/p><p>You begin with a text, you sculpt information, you chisel away what\u2019s not needed, you come to the point, make things clear, add value, you\u2019re a content person, you like words.<\/p>","typography_typography":"custom","typography_font_size":{"unit":"px","size":"16","sizes":[]},"scroll_y":"-80"},"elements":[],"widgetType":"text-editor"},{"id":"50271ef","elType":"widget","settings":{"editor":"<p><em>A seemingly elegant design can quickly begin to bloat with unexpected content or break under the weight of actual activity.<\/em><\/p>","text_color":"rgba(0, 0, 0, 0.3)","typography_typography":"custom","typography_font_size":{"unit":"px","size":"16","sizes":[]},"scroll_y":"-80"},"elements":[],"widgetType":"text-editor"}],"isInner":""}],"isInner":""},{"id":"29a177a","elType":"section","settings":[],"elements":[{"id":"6ca9f9c","elType":"column","settings":{"_column_size":"100","_inline_size":"","column_sticky_offset":"50","scroll_y":"-80"},"elements":[{"id":"66a9cd2","elType":"widget","settings":{"subtitle":"DEPENDING ON THE STATE","title":"Professionals only","after_title":"<p>Convallis ullamcorper aliquet ultrices orci cum vestibulum lobortis erat.<\/p>","style":"bordered","size":"large","subtitle_color":"#83B735","subtitle_typography_typography":"custom","subtitle_typography_font_weight":"600","text_typography_typography":"custom","text_typography_font_size":{"unit":"px","size":"16","sizes":[]},"scroll_y":"-80"},"elements":[],"widgetType":"wd_title"}],"isInner":""}],"isInner":""},{"id":"b1080f5","elType":"section","settings":{"structure":"40","margin":{"unit":"px","top":"0","right":"0","bottom":"80","left":"0","isLinked":""},"margin_tablet":{"unit":"px","top":"0","right":"0","bottom":"60","left":"0","isLinked":""},"margin_mobile":{"unit":"px","top":"0","right":"0","bottom":"40","left":"0","isLinked":""}},"elements":[{"id":"f2523e7","elType":"column","settings":{"_column_size":"25","_inline_size":"","_inline_size_tablet":"50","column_sticky_offset":"50","scroll_y":"-80"},"elements":[{"id":"57fdd4f","elType":"widget","settings":{"image":{"url":"http:\/\/dummy.xtemos.com\/woodmart-elementor\/demos\/wp-content\/uploads\/sites\/2\/2021\/03\/w-our-team-per-1-opt.jpg","id":"9993"},"image_size":"full","name":"Dianne Russell","position":"CEO \/ FOUNDER","content":"","facebook":"#","twitter":"#","linkedin":"","skype":"#","instagram":"#","layout":"hover","align":"center","woodmart_color_scheme":"light","size":"small","style":"colored","scroll_y":"-80"},"elements":[],"widgetType":"wd_team_member"},{"id":"f069d3a","elType":"widget","settings":{"image":{"url":"http:\/\/dummy.xtemos.com\/woodmart-elementor\/demos\/wp-content\/uploads\/sites\/2\/2021\/03\/w-our-team-per-5-opt.jpg","id":"9998"},"image_size":"full","name":"Kristin Watson","position":"CEO \/ FOUNDER","content":"","facebook":"#","twitter":"#","linkedin":"","skype":"#","instagram":"#","layout":"hover","align":"center","woodmart_color_scheme":"light","size":"small","style":"colored","scroll_y":"-80"},"elements":[],"widgetType":"wd_team_member"}],"isInner":""},{"id":"ab2f61d","elType":"column","settings":{"_column_size":"25","_inline_size":"","_inline_size_tablet":"50","column_sticky_offset":"50","scroll_y":"-80"},"elements":[{"id":"bca1025","elType":"widget","settings":{"image":{"url":"http:\/\/dummy.xtemos.com\/woodmart-elementor\/demos\/wp-content\/uploads\/sites\/2\/2021\/03\/w-our-team-per-2-opt.jpg","id":"9995"},"image_size":"full","name":"Mark Jance","position":"CEO \/ FOUNDER","content":"","facebook":"#","twitter":"#","linkedin":"","skype":"#","instagram":"#","layout":"hover","align":"center","woodmart_color_scheme":"light","size":"small","style":"colored","scroll_y":"-80"},"elements":[],"widgetType":"wd_team_member"},{"id":"7fbfc5d","elType":"widget","settings":{"image":{"url":"http:\/\/dummy.xtemos.com\/woodmart-elementor\/demos\/wp-content\/uploads\/sites\/2\/2021\/03\/w-our-team-per-6-opt.jpg","id":"9999"},"image_size":"full","name":"Braydon Wilkerson","position":"CEO \/ FOUNDER","content":"","facebook":"#","twitter":"#","linkedin":"","skype":"#","instagram":"#","layout":"hover","align":"center","woodmart_color_scheme":"light","size":"small","style":"colored","scroll_y":"-80"},"elements":[],"widgetType":"wd_team_member"}],"isInner":""},{"id":"6d23966","elType":"column","settings":{"_column_size":"25","_inline_size":"","_inline_size_tablet":"50","column_sticky_offset":"50","scroll_y":"-80"},"elements":[{"id":"50b5884","elType":"widget","settings":{"image":{"url":"http:\/\/dummy.xtemos.com\/woodmart-elementor\/demos\/wp-content\/uploads\/sites\/2\/2021\/03\/w-our-team-per-3-opt.jpg","id":"9996"},"image_size":"full","name":"Brandie Russell","position":"CEO \/ FOUNDER","content":"","facebook":"#","twitter":"#","linkedin":"","skype":"#","instagram":"#","layout":"hover","align":"center","woodmart_color_scheme":"light","size":"small","style":"colored","scroll_y":"-80"},"elements":[],"widgetType":"wd_team_member"},{"id":"066f6dd","elType":"widget","settings":{"image":{"url":"http:\/\/dummy.xtemos.com\/woodmart-elementor\/demos\/wp-content\/uploads\/sites\/2\/2021\/03\/w-our-team-per-7-opt.jpg","id":"10000"},"image_size":"full","name":"acob Hawkins","position":"CEO \/ FOUNDER","content":"","facebook":"#","twitter":"#","linkedin":"","skype":"#","instagram":"#","layout":"hover","align":"center","woodmart_color_scheme":"light","size":"small","style":"colored","scroll_y":"-80"},"elements":[],"widgetType":"wd_team_member"}],"isInner":""},{"id":"403edb0","elType":"column","settings":{"_column_size":"25","_inline_size":"","_inline_size_tablet":"50","column_sticky_offset":"50","scroll_y":"-80"},"elements":[{"id":"4fed3d2","elType":"widget","settings":{"image":{"url":"http:\/\/dummy.xtemos.com\/woodmart-elementor\/demos\/wp-content\/uploads\/sites\/2\/2021\/03\/w-our-team-per-4-opt.jpg","id":"9997"},"image_size":"full","name":"Marvin McKinney","position":"CEO \/ FOUNDER","content":"","facebook":"#","twitter":"#","linkedin":"","skype":"#","instagram":"#","layout":"hover","align":"center","woodmart_color_scheme":"light","size":"small","style":"colored","scroll_y":"-80"},"elements":[],"widgetType":"wd_team_member"},{"id":"07d1350","elType":"widget","settings":{"image":{"url":"http:\/\/dummy.xtemos.com\/woodmart-elementor\/demos\/wp-content\/uploads\/sites\/2\/2021\/03\/w-our-team-per-8-opt.jpg","id":"10001"},"image_size":"full","name":"Ronald Richards","position":"CEO \/ FOUNDER","content":"","facebook":"#","twitter":"#","linkedin":"","skype":"#","instagram":"#","layout":"hover","align":"center","woodmart_color_scheme":"light","size":"small","style":"colored","scroll_y":"-80"},"elements":[],"widgetType":"wd_team_member"}],"isInner":""}],"isInner":""},{"id":"67992d2","elType":"section","settings":{"content_position":"middle","structure":"20","margin":{"unit":"px","top":"0","right":"0","bottom":"40","left":"0","isLinked":""},"margin_tablet":{"unit":"px","top":"0","right":"0","bottom":"20","left":"0","isLinked":""},"margin_mobile":{"unit":"px","top":"0","right":"0","bottom":"0","left":"0","isLinked":""},"reverse_order_tablet":"reverse-tablet","reverse_order_mobile":"reverse-mobile"},"elements":[{"id":"2e92c5f","elType":"column","settings":{"_column_size":"50","_inline_size":"","_inline_size_tablet":"100","column_sticky_offset":"50","scroll_y":"-80"},"elements":[{"id":"53c0e77","elType":"widget","settings":{"youtube_url":"https:\/\/www.youtube.com\/watch?v=XHOmBV4js_E","vimeo_url":"https:\/\/vimeo.com\/235215203","dailymotion_url":"https:\/\/www.dailymotion.com\/video\/x6tqhqb","controls":"","show_image_overlay":"yes","image_overlay":{"url":"http:\/\/dummy.xtemos.com\/woodmart-elementor\/demos\/wp-content\/uploads\/sites\/2\/2021\/03\/w-our-team-video-bg-opt.jpg","id":"10004"},"scroll_y":"-80"},"elements":[],"widgetType":"video"}],"isInner":""},{"id":"c2d4ef1","elType":"column","settings":{"_column_size":"50","_inline_size":"","_inline_size_tablet":"100","column_sticky_offset":"50","scroll_y":"-80"},"elements":[{"id":"1366c10","elType":"widget","settings":{"subtitle":"DESIGN DIRECTION THEY REQUIRE","title":"Our working progress","after_title":"<p>Commercial publishing platforms and content management systems ensure that you can show different text, different data using the same template. When it's about controlling hundreds of articles, product pages.<\/p>","size":"large","align":"left","width":{"unit":"%","size":"93","sizes":[]},"subtitle_color":"#83B735","subtitle_typography_typography":"custom","subtitle_typography_font_weight":"600","text_typography_typography":"custom","text_typography_font_size":{"unit":"px","size":"16","sizes":[]},"scroll_y":"-80"},"elements":[],"widgetType":"wd_title"},{"id":"bdf6c78","elType":"section","settings":{"structure":"20","margin_tablet":{"unit":"px","top":"0","right":"0","bottom":"20","left":"0","isLinked":""}},"elements":[{"id":"b1af5cc","elType":"column","settings":{"_column_size":"50","_inline_size":"","column_sticky_offset":"50","scroll_y":"-80"},"elements":[{"id":"f8f4a5a","elType":"widget","settings":{"icon_type":"icon","icon_text":"53","image":{"url":"http:\/\/dummy.xtemos.com\/woodmart-elementor\/demos\/wp-content\/uploads\/sites\/2\/2021\/03\/w-our-team-presentation.svg","id":"9861"},"image_size":"custom","image_custom_dimension":{"width":"50","height":"50"},"subtitle":"","title":"Multiple variations","content":"<p>Hierarchies of information, weight, emphasis.<\/p>","btn_text":"","alignment":"left","image_alignment":"left","content_typography_typography":"custom","content_typography_font_size":{"unit":"px","size":"16","sizes":[]},"scroll_y":"-80"},"elements":[],"widgetType":"wd_infobox"}],"isInner":"1"},{"id":"99a1ed2","elType":"column","settings":{"_column_size":"50","_inline_size":"","column_sticky_offset":"50","scroll_y":"-80"},"elements":[{"id":"73f1183","elType":"widget","settings":{"icon_type":"icon","icon_text":"53","image":{"url":"http:\/\/dummy.xtemos.com\/woodmart-elementor\/demos\/wp-content\/uploads\/sites\/2\/2021\/03\/w-our-team-rocket.svg","id":"9862"},"image_size":"custom","image_custom_dimension":{"width":"50","height":"50"},"subtitle":"","title":"Experienced team","content":"<p>Subtle cues that also have visual and emotional.<\/p>","btn_text":"","alignment":"left","image_alignment":"left","content_typography_typography":"custom","content_typography_font_size":{"unit":"px","size":"16","sizes":[]},"scroll_y":"-80"},"elements":[],"widgetType":"wd_infobox"}],"isInner":"1"}],"isInner":"1"}],"isInner":""}],"isInner":""}]]]></wp:meta_value>
		</wp:postmeta>
						</item>
						<item>
		<title>
				furniture-bg2		</title>
		<link>http://dummy.xtemos.com/woodmart-elementor/demos/home-furniture/furniture-bg2/</link>
		<pubDate>Fri, 23 Jun 2017 11:48:56 +0000</pubDate>
		<dc:creator><![CDATA[erwin]]></dc:creator>
		<guid isPermaLink="false">http://dummy.xtemos.com/woodmart-elementor/demos/wp-content/uploads/sites/2/2017/06/furniture-bg2.jpg</guid>
		<description></description>
		<content:encoded><![CDATA[]]></content:encoded>
		<excerpt:encoded><![CDATA[]]></excerpt:encoded>
		<wp:post_id>540</wp:post_id>
		<wp:post_date>2017-06-23 11:48:56</wp:post_date>
		<wp:post_date_gmt>2017-06-23 11:48:56</wp:post_date_gmt>
		<wp:comment_status>open</wp:comment_status>
		<wp:ping_status>closed</wp:ping_status>
		<wp:post_name>furniture-bg2</wp:post_name>
		<wp:status>inherit</wp:status>
		<wp:post_parent>520</wp:post_parent>
		<wp:menu_order>0</wp:menu_order>
		<wp:post_type>attachment</wp:post_type>
		<wp:post_password></wp:post_password>
		<wp:is_sticky>0</wp:is_sticky>
						<wp:attachment_url>http://dummy.xtemos.com/woodmart-elementor/demos/wp-content/uploads/sites/2/2017/06/furniture-bg2.jpg</wp:attachment_url>
												<wp:postmeta>
			<wp:meta_key>_wp_attached_file</wp:meta_key>
			<wp:meta_value><![CDATA[2017/06/furniture-bg2.jpg]]></wp:meta_value>
		</wp:postmeta>
						</item>
				</channel>
</rss>
	