<?xml version="1.0" encoding="UTF-8" ?>
<!-- This is a WordPress eXtended RSS file generated by WordPress as an export of your site. -->
<!-- It contains information about your site's posts, pages, comments, categories, and other content. -->
<!-- You may use this file to transfer that content from one site to another. -->
<!-- This file is not intended to serve as a complete backup of your site. -->

<!-- To import this information into a WordPress site follow these steps: -->
<!-- 1. Log in to that site as an administrator. -->
<!-- 2. Go to Tools: Import in the WordPress admin panel. -->
<!-- 3. Install the "WordPress" importer from the list. -->
<!-- 4. Activate & Run Importer. -->
<!-- 5. Upload this file using the form provided on that page. -->
<!-- 6. You will first be asked to map the authors in this export file to users -->
<!--    on the site. For each author, you may choose to map to an -->
<!--    existing user on the site or to create a new user. -->
<!-- 7. WordPress will then import each of the posts, pages, comments, categories, etc. -->
<!--    contained in this file into your site. -->

<!-- generator="WordPress/5.3.4" created="2020-07-20 07:50" -->
<rss version="2.0"
	xmlns:excerpt="http://wordpress.org/export/1.2/excerpt/"
	xmlns:content="http://purl.org/rss/1.0/modules/content/"
	xmlns:wfw="http://wellformedweb.org/CommentAPI/"
	xmlns:dc="http://purl.org/dc/elements/1.1/"
	xmlns:wp="http://wordpress.org/export/1.2/"
>

<channel>
	<title>Woodmart dummy demos</title>
	<link>http://dummy.xtemos.com/woodmart/demos</link>
	<description>Just another Woodmart Dummy Content Sites site</description>
	<pubDate>Mon, 20 Jul 2020 07:50:52 +0000</pubDate>
	<language>en-US</language>
	<wp:wxr_version>1.2</wp:wxr_version>
	<wp:base_site_url>http://dummy.xtemos.com/woodmart/</wp:base_site_url>
	<wp:base_blog_url>http://dummy.xtemos.com/woodmart/demos</wp:base_blog_url>

	<wp:author><wp:author_id>1</wp:author_id><wp:author_login>admin</wp:author_login><wp:author_email>se@as.as</wp:author_email><wp:author_display_name><![CDATA[admin]]></wp:author_display_name><wp:author_first_name><![CDATA[]]></wp:author_first_name><wp:author_last_name><![CDATA[]]></wp:author_last_name></wp:author>
	<wp:author><wp:author_id>2</wp:author_id><wp:author_login>erwin</wp:author_login><wp:author_email>ss@asas.as</wp:author_email><wp:author_display_name><![CDATA[erwin]]></wp:author_display_name><wp:author_first_name><![CDATA[]]></wp:author_first_name><wp:author_last_name><![CDATA[]]></wp:author_last_name></wp:author>


	<generator>https://wordpress.org/?v=5.3.4</generator>

	<item>
		<title>wood-gallery-placeholder-5</title>
		<link>http://dummy.xtemos.com/woodmart/demos/home-base/wood-gallery-placeholder-5/</link>
		<pubDate>Wed, 14 Jun 2017 11:33:22 +0000</pubDate>
		<dc:creator><![CDATA[admin]]></dc:creator>
		<guid isPermaLink="false">http://dummy.xtemos.com/woodmart/demos/wp-content/uploads/sites/2/2017/06/wood-gallery-placeholder-5.jpg</guid>
		<description></description>
		<content:encoded><![CDATA[]]></content:encoded>
		<excerpt:encoded><![CDATA[]]></excerpt:encoded>
		<wp:post_id>77</wp:post_id>
		<wp:post_date>2017-06-14 11:33:22</wp:post_date>
		<wp:post_date_gmt>2017-06-14 11:33:22</wp:post_date_gmt>
		<wp:comment_status>open</wp:comment_status>
		<wp:ping_status>closed</wp:ping_status>
		<wp:post_name>wood-gallery-placeholder-5</wp:post_name>
		<wp:status>inherit</wp:status>
		<wp:post_parent>57</wp:post_parent>
		<wp:menu_order>0</wp:menu_order>
		<wp:post_type>attachment</wp:post_type>
		<wp:post_password></wp:post_password>
		<wp:is_sticky>0</wp:is_sticky>
		<wp:attachment_url>http://dummy.xtemos.com/woodmart/demos/wp-content/uploads/sites/2/2017/06/wood-gallery-placeholder-5.jpg</wp:attachment_url>
		<wp:postmeta>
			<wp:meta_key>_wp_attached_file</wp:meta_key>
			<wp:meta_value><![CDATA[2017/06/wood-gallery-placeholder-5.jpg]]></wp:meta_value>
		</wp:postmeta>
	</item>
	<item>
		<title>wood-gallery-placeholder</title>
		<link>http://dummy.xtemos.com/woodmart/demos/home-base/wood-gallery-placeholder/</link>
		<pubDate>Wed, 14 Jun 2017 11:33:24 +0000</pubDate>
		<dc:creator><![CDATA[admin]]></dc:creator>
		<guid isPermaLink="false">http://dummy.xtemos.com/woodmart/demos/wp-content/uploads/sites/2/2017/06/wood-gallery-placeholder.jpg</guid>
		<description></description>
		<content:encoded><![CDATA[]]></content:encoded>
		<excerpt:encoded><![CDATA[]]></excerpt:encoded>
		<wp:post_id>78</wp:post_id>
		<wp:post_date>2017-06-14 11:33:24</wp:post_date>
		<wp:post_date_gmt>2017-06-14 11:33:24</wp:post_date_gmt>
		<wp:comment_status>open</wp:comment_status>
		<wp:ping_status>closed</wp:ping_status>
		<wp:post_name>wood-gallery-placeholder</wp:post_name>
		<wp:status>inherit</wp:status>
		<wp:post_parent>57</wp:post_parent>
		<wp:menu_order>0</wp:menu_order>
		<wp:post_type>attachment</wp:post_type>
		<wp:post_password></wp:post_password>
		<wp:is_sticky>0</wp:is_sticky>
		<wp:attachment_url>http://dummy.xtemos.com/woodmart/demos/wp-content/uploads/sites/2/2017/06/wood-gallery-placeholder.jpg</wp:attachment_url>
		<wp:postmeta>
			<wp:meta_key>_wp_attached_file</wp:meta_key>
			<wp:meta_value><![CDATA[2017/06/wood-gallery-placeholder.jpg]]></wp:meta_value>
		</wp:postmeta>
	</item>
	<item>
		<title>wood-gallery-placeholder-2</title>
		<link>http://dummy.xtemos.com/woodmart/demos/home-base/wood-gallery-placeholder-2/</link>
		<pubDate>Wed, 14 Jun 2017 11:33:26 +0000</pubDate>
		<dc:creator><![CDATA[admin]]></dc:creator>
		<guid isPermaLink="false">http://dummy.xtemos.com/woodmart/demos/wp-content/uploads/sites/2/2017/06/wood-gallery-placeholder-2.jpg</guid>
		<description></description>
		<content:encoded><![CDATA[]]></content:encoded>
		<excerpt:encoded><![CDATA[]]></excerpt:encoded>
		<wp:post_id>79</wp:post_id>
		<wp:post_date>2017-06-14 11:33:26</wp:post_date>
		<wp:post_date_gmt>2017-06-14 11:33:26</wp:post_date_gmt>
		<wp:comment_status>open</wp:comment_status>
		<wp:ping_status>closed</wp:ping_status>
		<wp:post_name>wood-gallery-placeholder-2</wp:post_name>
		<wp:status>inherit</wp:status>
		<wp:post_parent>57</wp:post_parent>
		<wp:menu_order>0</wp:menu_order>
		<wp:post_type>attachment</wp:post_type>
		<wp:post_password></wp:post_password>
		<wp:is_sticky>0</wp:is_sticky>
		<wp:attachment_url>http://dummy.xtemos.com/woodmart/demos/wp-content/uploads/sites/2/2017/06/wood-gallery-placeholder-2.jpg</wp:attachment_url>
		<wp:postmeta>
			<wp:meta_key>_wp_attached_file</wp:meta_key>
			<wp:meta_value><![CDATA[2017/06/wood-gallery-placeholder-2.jpg]]></wp:meta_value>
		</wp:postmeta>
	</item>
	<item>
		<title>wood-gallery-placeholder-3</title>
		<link>http://dummy.xtemos.com/woodmart/demos/home-base/wood-gallery-placeholder-3/</link>
		<pubDate>Wed, 14 Jun 2017 11:33:28 +0000</pubDate>
		<dc:creator><![CDATA[admin]]></dc:creator>
		<guid isPermaLink="false">http://dummy.xtemos.com/woodmart/demos/wp-content/uploads/sites/2/2017/06/wood-gallery-placeholder-3.jpg</guid>
		<description></description>
		<content:encoded><![CDATA[]]></content:encoded>
		<excerpt:encoded><![CDATA[]]></excerpt:encoded>
		<wp:post_id>80</wp:post_id>
		<wp:post_date>2017-06-14 11:33:28</wp:post_date>
		<wp:post_date_gmt>2017-06-14 11:33:28</wp:post_date_gmt>
		<wp:comment_status>open</wp:comment_status>
		<wp:ping_status>closed</wp:ping_status>
		<wp:post_name>wood-gallery-placeholder-3</wp:post_name>
		<wp:status>inherit</wp:status>
		<wp:post_parent>57</wp:post_parent>
		<wp:menu_order>0</wp:menu_order>
		<wp:post_type>attachment</wp:post_type>
		<wp:post_password></wp:post_password>
		<wp:is_sticky>0</wp:is_sticky>
		<wp:attachment_url>http://dummy.xtemos.com/woodmart/demos/wp-content/uploads/sites/2/2017/06/wood-gallery-placeholder-3.jpg</wp:attachment_url>
		<wp:postmeta>
			<wp:meta_key>_wp_attached_file</wp:meta_key>
			<wp:meta_value><![CDATA[2017/06/wood-gallery-placeholder-3.jpg]]></wp:meta_value>
		</wp:postmeta>
	</item>
	<item>
		<title>wood-gallery-placeholder-4</title>
		<link>http://dummy.xtemos.com/woodmart/demos/home-base/wood-gallery-placeholder-4/</link>
		<pubDate>Wed, 14 Jun 2017 11:33:30 +0000</pubDate>
		<dc:creator><![CDATA[admin]]></dc:creator>
		<guid isPermaLink="false">http://dummy.xtemos.com/woodmart/demos/wp-content/uploads/sites/2/2017/06/wood-gallery-placeholder-4.jpg</guid>
		<description></description>
		<content:encoded><![CDATA[]]></content:encoded>
		<excerpt:encoded><![CDATA[]]></excerpt:encoded>
		<wp:post_id>81</wp:post_id>
		<wp:post_date>2017-06-14 11:33:30</wp:post_date>
		<wp:post_date_gmt>2017-06-14 11:33:30</wp:post_date_gmt>
		<wp:comment_status>open</wp:comment_status>
		<wp:ping_status>closed</wp:ping_status>
		<wp:post_name>wood-gallery-placeholder-4</wp:post_name>
		<wp:status>inherit</wp:status>
		<wp:post_parent>57</wp:post_parent>
		<wp:menu_order>0</wp:menu_order>
		<wp:post_type>attachment</wp:post_type>
		<wp:post_password></wp:post_password>
		<wp:is_sticky>0</wp:is_sticky>
		<wp:attachment_url>http://dummy.xtemos.com/woodmart/demos/wp-content/uploads/sites/2/2017/06/wood-gallery-placeholder-4.jpg</wp:attachment_url>
		<wp:postmeta>
			<wp:meta_key>_wp_attached_file</wp:meta_key>
			<wp:meta_value><![CDATA[2017/06/wood-gallery-placeholder-4.jpg]]></wp:meta_value>
		</wp:postmeta>
	</item>
	<item>
		<title>wood-portfolio-placeholder</title>
		<link>http://dummy.xtemos.com/woodmart/demos/wood-portfolio-placeholder/</link>
		<pubDate>Wed, 14 Jun 2017 14:02:43 +0000</pubDate>
		<dc:creator><![CDATA[admin]]></dc:creator>
		<guid isPermaLink="false">http://dummy.xtemos.com/woodmart/demos/wp-content/uploads/sites/2/2017/06/wood-portfolio-placeholder.jpg</guid>
		<description></description>
		<content:encoded><![CDATA[]]></content:encoded>
		<excerpt:encoded><![CDATA[]]></excerpt:encoded>
		<wp:post_id>117</wp:post_id>
		<wp:post_date>2017-06-14 14:02:43</wp:post_date>
		<wp:post_date_gmt>2017-06-14 14:02:43</wp:post_date_gmt>
		<wp:comment_status>open</wp:comment_status>
		<wp:ping_status>closed</wp:ping_status>
		<wp:post_name>wood-portfolio-placeholder</wp:post_name>
		<wp:status>inherit</wp:status>
		<wp:post_parent>0</wp:post_parent>
		<wp:menu_order>0</wp:menu_order>
		<wp:post_type>attachment</wp:post_type>
		<wp:post_password></wp:post_password>
		<wp:is_sticky>0</wp:is_sticky>
		<wp:attachment_url>http://dummy.xtemos.com/woodmart/demos/wp-content/uploads/sites/2/2017/06/wood-portfolio-placeholder.jpg</wp:attachment_url>
		<wp:postmeta>
			<wp:meta_key>_wp_attached_file</wp:meta_key>
			<wp:meta_value><![CDATA[2017/06/wood-portfolio-placeholder.jpg]]></wp:meta_value>
		</wp:postmeta>
	</item>
	<item>
		<title>Home cosmetics</title>
		<link>http://dummy.xtemos.com/woodmart/demos/home-cosmetics/</link>
		<pubDate>Tue, 03 Oct 2017 12:46:10 +0000</pubDate>
		<dc:creator><![CDATA[erwin]]></dc:creator>
		<guid isPermaLink="false">http://dummy.xtemos.com/woodmart/demos/?page_id=1043</guid>
		<description></description>
		<content:encoded><![CDATA[[vc_row full_width="stretch_row_content_no_spaces" css=".vc_custom_1506952810969{margin-top: -40px !important;margin-bottom: 8vh !important;}"][vc_column][rev_slider_vc alias="home-cosmetics"][/vc_column][/vc_row][vc_row full_width="stretch_row" css=".vc_custom_1506948288104{margin-bottom: 8vh !important;border-bottom-width: 1px !important;padding-bottom: 4vh !important;border-bottom-color: #eaeaea !important;border-bottom-style: solid !important;}"][vc_column width="1/3" css=".vc_custom_1506947185868{padding-top: 0px !important;}"][promo_banner image="78" hover="parallax" woodmart_color_scheme="dark" title_size="extra-large" subtitle_color="primary" btn_position="static" btn_color="primary" btn_size="small" btn_style="link" horizontal_alignment="center" vertical_alignment="middle" text_alignment="center" content_width="70" img_size="600x400"][/promo_banner][woodmart_info_box alignment="center" subtitle_color="primary" btn_position="static" btn_color="primary" btn_style="link" btn_text="read more" title="SERUMS &amp; OILS" css=".vc_custom_1506949169645{margin-top: -30px !important;margin-right: 20px !important;margin-bottom: 30px !important;margin-left: 20px !important;padding-top: 5% !important;padding-right: 5% !important;padding-bottom: 0px !important;padding-left: 5% !important;background-color: #ffffff !important;}" el_class="z-index-10 position-relative"]Gravida turpis placerat tristique conse ctetur a condim entum nostra aliquet adipis.[/woodmart_info_box][/vc_column][vc_column width="1/3" css=".vc_custom_1506947455194{padding-top: 0px !important;}"][promo_banner image="79" hover="parallax" woodmart_color_scheme="dark" title_size="extra-large" subtitle_color="primary" btn_position="static" btn_color="primary" btn_size="small" btn_style="link" horizontal_alignment="center" vertical_alignment="middle" text_alignment="center" content_width="70" img_size="600x400"][/promo_banner][woodmart_info_box alignment="center" subtitle_color="primary" btn_position="static" btn_color="primary" btn_style="link" btn_text="read more" title="ORGANICS CREAM" css=".vc_custom_1506949173880{margin-top: -30px !important;margin-right: 20px !important;margin-bottom: 30px !important;margin-left: 20px !important;padding-top: 5% !important;padding-right: 5% !important;padding-bottom: 0px !important;padding-left: 5% !important;background-color: #ffffff !important;}" el_class="z-index-10 position-relative"]Gravida turpis placerat tristique conse ctetur a condim entum nostra aliquet adipis.[/woodmart_info_box][/vc_column][vc_column width="1/3" css=".vc_custom_1506947193156{padding-top: 0px !important;}"][promo_banner image="80" hover="parallax" woodmart_color_scheme="dark" title_size="extra-large" subtitle_color="primary" btn_position="static" btn_color="primary" btn_size="small" btn_style="link" horizontal_alignment="center" vertical_alignment="middle" text_alignment="center" content_width="70" img_size="600x400"][/promo_banner][woodmart_info_box alignment="center" subtitle_color="primary" btn_position="static" btn_color="primary" btn_style="link" btn_text="read more" title="FACIAL CLEANSER" css=".vc_custom_1506948282339{margin-top: -30px !important;margin-right: 20px !important;margin-bottom: 4vh !important;margin-left: 20px !important;padding-top: 5% !important;padding-right: 5% !important;padding-bottom: 0px !important;padding-left: 5% !important;background-color: #ffffff !important;}" el_class="z-index-10 position-relative"]Gravida turpis placerat tristique conse ctetur a condim entum nostra aliquet adipis.[/woodmart_info_box][/vc_column][/vc_row][vc_row content_placement="middle" css=".vc_custom_1506583288111{margin-bottom: 5vh !important;}"][vc_column width="1/4" css=".vc_custom_1506945471614{margin-bottom: 25px !important;padding-top: 0px !important;}"][woodmart_responsive_text_block font="alt" size="medium" font_weight="400" color_scheme="custom" css=".vc_custom_1503993900263{margin-bottom: 5px !important;}" color="#7bbbdd"]Commodo integer[/woodmart_responsive_text_block][woodmart_responsive_text_block size="large" font_weight="400" color_scheme="dark" css=".vc_custom_1506934339574{margin-bottom: 0px !important;}"]PROFESSIONAL[/woodmart_responsive_text_block][woodmart_responsive_text_block size="large" font_weight="300" color_scheme="custom" css=".vc_custom_1506934347365{margin-bottom: 15px !important;}" color="#505050"]SKINCARE[/woodmart_responsive_text_block][vc_column_text text_larger="yes" css=".vc_custom_1503993907157{margin-bottom: 25px !important;}"]
<p style="text-align: center">There are many variations of passages of Lorem Ipsum available, but the majority have suffered alteration.</p>
[/vc_column_text][woodmart_button color="primary" style="link" title="CONTINUE SHOPPING" link="url:%23|||"][/vc_column][vc_column width="3/4" css=".vc_custom_1506945637557{padding-top: 0px !important;}"][woodmart_products layout="carousel" items_per_page="4" orderby="post__in" slides_per_view="3" hide_pagination_control="yes"][/vc_column][/vc_row][vc_row css=".vc_custom_1506583329576{margin-bottom: 8vh !important;}"][vc_column woodmart_color_scheme="light"][woodmart_categories orderby="date" order="" style="masonry" spacing="20" columns="4" ids="" number="4"][/vc_column][/vc_row][vc_row content_placement="middle" css=".vc_custom_1503923296510{margin-bottom: 5vh !important;}"][vc_column width="1/4" css=".vc_custom_1506945477180{margin-bottom: 25px !important;padding-top: 0px !important;}"][woodmart_responsive_text_block font="alt" size="medium" font_weight="400" color_scheme="custom" css=".vc_custom_1503993900263{margin-bottom: 5px !important;}" color="#7bbbdd"]Commodo integer[/woodmart_responsive_text_block][woodmart_responsive_text_block size="large" font_weight="400" color_scheme="dark" css=".vc_custom_1506934598864{margin-bottom: 0px !important;}"]REVITALIZING[/woodmart_responsive_text_block][woodmart_responsive_text_block size="large" font_weight="300" color_scheme="custom" css=".vc_custom_1506936278367{margin-bottom: 15px !important;}" color="#505050"]FACE MASKS[/woodmart_responsive_text_block][vc_column_text text_larger="yes" css=".vc_custom_1503993907157{margin-bottom: 25px !important;}"]
<p style="text-align: center">There are many variations of passages of Lorem Ipsum available, but the majority have suffered alteration.</p>
[/vc_column_text][woodmart_button color="primary" style="link" title="CONTINUE SHOPPING" link="url:%23|||"][/vc_column][vc_column width="3/4" css=".vc_custom_1506945641986{padding-top: 0px !important;}"][woodmart_products layout="carousel" items_per_page="4" orderby="ID" slides_per_view="3" hide_pagination_control="yes"][/vc_column][/vc_row][vc_row full_width="stretch_row" content_placement="middle" css=".vc_custom_1506946585498{margin-bottom: 8vh !important;padding-top: 0px !important;padding-bottom: 0px !important;background-color: #f8f8f8 !important;background-position: center !important;background-repeat: no-repeat !important;background-size: cover !important;}" el_class="mobile-bg-img-hidden"][vc_column width="1/2" css=".vc_custom_1504086875462{padding-top: 0px !important;}"][vc_single_image image="78" img_size="full" alignment="center" css=".vc_custom_1507035024161{margin-bottom: 0px !important;}"][/vc_column][vc_column width="1/2" css=".vc_custom_1506946591025{padding-top: 8vh !important;padding-bottom: 8vh !important;}"][woodmart_responsive_text_block size="custom" font_weight="300" color_scheme="dark" align="left" css=".vc_custom_1507034860430{margin-bottom: 15px !important;}" desktop_text_size="46" tablet_text_size="36" mobile_text_size="28"]<strong>Discover a beautiful you</strong> with our new <span class="font-alt" style="color: #80bbdc">Makeup Essentials</span>[/woodmart_responsive_text_block][vc_column_text text_larger="yes" css=".vc_custom_1507035714596{margin-bottom: 30px !important;}"]It is a long established fact that a reader will be distracted by the readable content of a page when looking at its layout. The point of using <a href="#"><strong>Lorem Ipsum</strong></a> is that it has a more-or-less normal distribution of letters, as opposed to using, making it look.[/vc_column_text][vc_row_inner][vc_column_inner width="1/2" offset="vc_col-lg-4 vc_col-md-4 vc_col-xs-6"][woodmart_info_box image="1051" image_alignment="left" title_size="small" title="Lasting
Formulas" img_size="45x45"][/woodmart_info_box][/vc_column_inner][vc_column_inner width="1/2" offset="vc_col-lg-4 vc_col-md-4 vc_col-xs-6"][woodmart_info_box image="1051" image_alignment="left" title_size="small" title="Face skin
Protection" img_size="45x45"][/woodmart_info_box][/vc_column_inner][vc_column_inner width="1/3" offset="vc_hidden-sm vc_hidden-xs"][woodmart_info_box image="1051" image_alignment="left" title_size="small" title="Eye care
Products" img_size="45x45"][/woodmart_info_box][/vc_column_inner][/vc_row_inner][woodmart_button color="primary" button_inline="yes" title="SHOP NOW"][woodmart_button style="bordered" button_inline="yes" title="READ MORE"][/vc_column][/vc_row][vc_row full_width="stretch_row" content_placement="middle" woodmart_bg_position="center-bottom" row_reverse_mobile="1" css=".vc_custom_1506945959934{margin-bottom: 8vh !important;border-bottom-width: 1px !important;padding-bottom: 8vh !important;border-bottom-color: #eaeaea !important;border-bottom-style: solid !important;}"][vc_column width="1/2" woodmart_text_align="center" css=".vc_custom_1506946081357{padding-top: 2vh !important;}"][woodmart_responsive_text_block size="custom" font_weight="300" color_scheme="dark" css=".vc_custom_1506942699257{margin-bottom: 15px !important;}" desktop_text_size="46" tablet_text_size="36" mobile_text_size="28"]<strong>Enjoy the best quality,</strong> cosmetics made by <span class="font-alt" style="color: #80bbdc">WoodMart</span>[/woodmart_responsive_text_block][vc_column_text text_larger="yes" css=".vc_custom_1507035700771{margin-bottom: 30px !important;padding-right: 5% !important;padding-left: 5% !important;}"]

There are many variations of passages of <a href="https://#"><strong>Lorem Ipsum available</strong></a>, but the majority have suffered alteration in some form, by injected humour, or randomised words which don’t look even slightly believable.

[/vc_column_text][woodmart_countdown_timer woodmart_color_scheme="dark" size="large" date="2018/06/06"][vc_empty_space height="25px"][woodmart_button color="primary" button_inline="yes" title="SHOP NOW"][woodmart_button style="bordered" button_inline="yes" title="READ MORE"][/vc_column][vc_column width="1/2" css=".vc_custom_1506946153663{padding-top: 0px !important;}"][vc_single_image image="77" img_size="full" alignment="center" css=".vc_custom_1507035037138{margin-bottom: 0px !important;}"][/vc_column][/vc_row][vc_row full_width="stretch_row" css=".vc_custom_1506603460883{margin-bottom: 8vh !important;border-bottom-width: 1px !important;padding-bottom: 4vh !important;border-bottom-color: #eaeaea !important;border-bottom-style: solid !important;}"][vc_column css=".vc_custom_1506602551675{padding-top: 0px !important;}"][woodmart_responsive_text_block font="alt" size="medium" font_weight="400" color_scheme="custom" css=".vc_custom_1503993900263{margin-bottom: 5px !important;}" color="#7bbbdd"]Commodo integer[/woodmart_responsive_text_block][woodmart_title size="large" color="primary" subtitle_font="alt" title_width="40" title="ORGANIC INGREDIENTS" after_title="Majority have suffered alteration in some form, by injected humour, or randomised words which don’t look even slightly believable." css=".vc_custom_1506943531982{margin-bottom: 20px !important;}"][/vc_column][vc_column width="1/3" css=".vc_custom_1506602696994{padding-top: 0px !important;padding-right: 10% !important;padding-left: 10% !important;}"][vc_single_image image="78" img_size="430x300" css=".vc_custom_1507035190918{margin-bottom: 25px !important;}"][woodmart_info_box icon_type="text" icon_text_size="large" image_alignment="left" icon_text="1." title="SALTS &amp; SUGARS"]The generated Lorem Ipsum is therefore always free from repetition humour.[/woodmart_info_box][/vc_column][vc_column width="1/3" css=".vc_custom_1506602702640{padding-top: 0px !important;padding-right: 10% !important;padding-left: 10% !important;}"][vc_single_image image="78" img_size="430x300" css=".vc_custom_1507035186383{margin-bottom: 25px !important;}"][woodmart_info_box icon_type="text" icon_text_size="large" image_alignment="left" icon_text="2." title="NATURAL TINCTURES"]The generated Lorem Ipsum is therefore always free from repetition humour.[/woodmart_info_box][/vc_column][vc_column width="1/3" css=".vc_custom_1506602710248{padding-top: 0px !important;padding-right: 10% !important;padding-left: 10% !important;}"][vc_single_image image="78" img_size="430x300" css=".vc_custom_1507035182599{margin-bottom: 25px !important;}"][woodmart_info_box icon_type="text" icon_text_size="large" image_alignment="left" icon_text="3." title="ESSENTIAL OILS"]The generated Lorem Ipsum is therefore always free from repetition humour.[/woodmart_info_box][/vc_column][/vc_row][vc_row css=".vc_custom_1506604817491{margin-bottom: 5vh !important;}"][vc_column css=".vc_custom_1506603787799{padding-top: 0px !important;}"][woodmart_responsive_text_block font="alt" size="medium" font_weight="400" color_scheme="custom" css=".vc_custom_1503993900263{margin-bottom: 5px !important;}" color="#7bbbdd"]Commodo integer[/woodmart_responsive_text_block][woodmart_title size="large" color="primary" subtitle_font="alt" title_width="40" title="OUR ARTICLE" after_title="Majority have suffered alteration in some form, by injected humour, or randomised words which don’t look even slightly believable." css=".vc_custom_1506936416659{margin-bottom: 20px !important;}"][woodmart_blog items_per_page="4" blog_design="carousel" order="ASC" parts_title="1" parts_meta="1" parts_text="1" parts_btn="1" slides_per_view="3" hide_pagination_control="yes"][/vc_column][/vc_row][vc_row full_width="stretch_row_content_no_spaces" css=".vc_custom_1504017264891{margin-bottom: -40px !important;}"][vc_column][woodmart_instagram data_source="images" images="117,81,80,79,78,77" design="slider" per_row="6" hide_pagination_control="yes" hide_prev_next_buttons="yes" username="msmadeleine_" spacing="0" rounded="0" hide_mask="0" images_size="full" images_link="https://www.instagram.com/msmadeleine_/"][/woodmart_instagram][/vc_column][/vc_row]]]></content:encoded>
		<excerpt:encoded><![CDATA[]]></excerpt:encoded>
		<wp:post_id>1043</wp:post_id>
		<wp:post_date>2017-10-03 12:46:10</wp:post_date>
		<wp:post_date_gmt>2017-10-03 12:46:10</wp:post_date_gmt>
		<wp:comment_status>closed</wp:comment_status>
		<wp:ping_status>closed</wp:ping_status>
		<wp:post_name>home-cosmetics</wp:post_name>
		<wp:status>publish</wp:status>
		<wp:post_parent>0</wp:post_parent>
		<wp:menu_order>0</wp:menu_order>
		<wp:post_type>page</wp:post_type>
		<wp:post_password></wp:post_password>
		<wp:is_sticky>0</wp:is_sticky>
		<wp:postmeta>
			<wp:meta_key>_wp_page_template</wp:meta_key>
			<wp:meta_value><![CDATA[default]]></wp:meta_value>
		</wp:postmeta>
		<wp:postmeta>
			<wp:meta_key>_wpb_shortcodes_custom_css</wp:meta_key>
			<wp:meta_value><![CDATA[.vc_custom_1506952810969{margin-top: -40px !important;margin-bottom: 8vh !important;}.vc_custom_1506948288104{margin-bottom: 8vh !important;border-bottom-width: 1px !important;padding-bottom: 4vh !important;border-bottom-color: #eaeaea !important;border-bottom-style: solid !important;}.vc_custom_1506583288111{margin-bottom: 5vh !important;}.vc_custom_1506583329576{margin-bottom: 8vh !important;}.vc_custom_1503923296510{margin-bottom: 5vh !important;}.vc_custom_1506946585498{margin-bottom: 8vh !important;padding-top: 0px !important;padding-bottom: 0px !important;background-color: #f8f8f8 !important;background-position: center !important;background-repeat: no-repeat !important;background-size: cover !important;}.vc_custom_1506945959934{margin-bottom: 8vh !important;border-bottom-width: 1px !important;padding-bottom: 8vh !important;border-bottom-color: #eaeaea !important;border-bottom-style: solid !important;}.vc_custom_1506603460883{margin-bottom: 8vh !important;border-bottom-width: 1px !important;padding-bottom: 4vh !important;border-bottom-color: #eaeaea !important;border-bottom-style: solid !important;}.vc_custom_1506604817491{margin-bottom: 5vh !important;}.vc_custom_1504017264891{margin-bottom: -40px !important;}.vc_custom_1506947185868{padding-top: 0px !important;}.vc_custom_1506947455194{padding-top: 0px !important;}.vc_custom_1506947193156{padding-top: 0px !important;}.vc_custom_1506949169645{margin-top: -30px !important;margin-right: 20px !important;margin-bottom: 30px !important;margin-left: 20px !important;padding-top: 5% !important;padding-right: 5% !important;padding-bottom: 0px !important;padding-left: 5% !important;background-color: #ffffff !important;}.vc_custom_1506949173880{margin-top: -30px !important;margin-right: 20px !important;margin-bottom: 30px !important;margin-left: 20px !important;padding-top: 5% !important;padding-right: 5% !important;padding-bottom: 0px !important;padding-left: 5% !important;background-color: #ffffff !important;}.vc_custom_1506948282339{margin-top: -30px !important;margin-right: 20px !important;margin-bottom: 4vh !important;margin-left: 20px !important;padding-top: 5% !important;padding-right: 5% !important;padding-bottom: 0px !important;padding-left: 5% !important;background-color: #ffffff !important;}.vc_custom_1506945471614{margin-bottom: 25px !important;padding-top: 0px !important;}.vc_custom_1506945637557{padding-top: 0px !important;}.vc_custom_1503993900263{margin-bottom: 5px !important;}.vc_custom_1506934339574{margin-bottom: 0px !important;}.vc_custom_1506934347365{margin-bottom: 15px !important;}.vc_custom_1503993907157{margin-bottom: 25px !important;}.vc_custom_1506945477180{margin-bottom: 25px !important;padding-top: 0px !important;}.vc_custom_1506945641986{padding-top: 0px !important;}.vc_custom_1503993900263{margin-bottom: 5px !important;}.vc_custom_1506934598864{margin-bottom: 0px !important;}.vc_custom_1506936278367{margin-bottom: 15px !important;}.vc_custom_1503993907157{margin-bottom: 25px !important;}.vc_custom_1504086875462{padding-top: 0px !important;}.vc_custom_1506946591025{padding-top: 8vh !important;padding-bottom: 8vh !important;}.vc_custom_1507035024161{margin-bottom: 0px !important;}.vc_custom_1507034860430{margin-bottom: 15px !important;}.vc_custom_1507035714596{margin-bottom: 30px !important;}.vc_custom_1506946081357{padding-top: 2vh !important;}.vc_custom_1506946153663{padding-top: 0px !important;}.vc_custom_1506942699257{margin-bottom: 15px !important;}.vc_custom_1507035700771{margin-bottom: 30px !important;padding-right: 5% !important;padding-left: 5% !important;}.vc_custom_1507035037138{margin-bottom: 0px !important;}.vc_custom_1506602551675{padding-top: 0px !important;}.vc_custom_1506602696994{padding-top: 0px !important;padding-right: 10% !important;padding-left: 10% !important;}.vc_custom_1506602702640{padding-top: 0px !important;padding-right: 10% !important;padding-left: 10% !important;}.vc_custom_1506602710248{padding-top: 0px !important;padding-right: 10% !important;padding-left: 10% !important;}.vc_custom_1503993900263{margin-bottom: 5px !important;}.vc_custom_1506943531982{margin-bottom: 20px !important;}.vc_custom_1507035190918{margin-bottom: 25px !important;}.vc_custom_1507035186383{margin-bottom: 25px !important;}.vc_custom_1507035182599{margin-bottom: 25px !important;}.vc_custom_1506603787799{padding-top: 0px !important;}.vc_custom_1503993900263{margin-bottom: 5px !important;}.vc_custom_1506936416659{margin-bottom: 20px !important;}]]></wp:meta_value>
		</wp:postmeta>
		<wp:postmeta>
			<wp:meta_key>_woodmart_main_layout</wp:meta_key>
			<wp:meta_value><![CDATA[full-width]]></wp:meta_value>
		</wp:postmeta>
		<wp:postmeta>
			<wp:meta_key>_woodmart_header_color_scheme</wp:meta_key>
			<wp:meta_value><![CDATA[inherit]]></wp:meta_value>
		</wp:postmeta>
		<wp:postmeta>
			<wp:meta_key>_woodmart_title_off</wp:meta_key>
			<wp:meta_value><![CDATA[on]]></wp:meta_value>
		</wp:postmeta>
		<wp:postmeta>
			<wp:meta_key>_woodmart_prefooter_off</wp:meta_key>
			<wp:meta_value><![CDATA[on]]></wp:meta_value>
		</wp:postmeta>
		<wp:postmeta>
			<wp:meta_key>rs_page_bg_color</wp:meta_key>
			<wp:meta_value><![CDATA[#ffffff]]></wp:meta_value>
		</wp:postmeta>
		<wp:postmeta>
			<wp:meta_key>_woodmart_whb_header</wp:meta_key>
			<wp:meta_value><![CDATA[none]]></wp:meta_value>
		</wp:postmeta>
		<wp:postmeta>
			<wp:meta_key>_woodmart_title_image</wp:meta_key>
			<wp:meta_value><![CDATA[]]></wp:meta_value>
		</wp:postmeta>
		<wp:postmeta>
			<wp:meta_key>_woodmart_title_bg_color</wp:meta_key>
			<wp:meta_value><![CDATA[]]></wp:meta_value>
		</wp:postmeta>
		<wp:postmeta>
			<wp:meta_key>_woodmart_page-title-size</wp:meta_key>
			<wp:meta_value><![CDATA[inherit]]></wp:meta_value>
		</wp:postmeta>
		<wp:postmeta>
			<wp:meta_key>_woodmart_mobile_content</wp:meta_key>
			<wp:meta_value><![CDATA[]]></wp:meta_value>
		</wp:postmeta>
		<wp:postmeta>
			<wp:meta_key>wd_page_css_files</wp:meta_key>
			<wp:meta_value><![CDATA[a:22:{i:0;s:12:"wp-gutenberg";i:1;s:5:"wpcf7";i:2;s:5:"mc4wp";i:3;s:17:"revolution-slider";i:4;s:17:"woo-yith-wishlist";i:5;s:13:"wpbakery-base";i:6;s:13:"notices-fixed";i:7;s:16:"woocommerce-base";i:8;s:12:"social-icons";i:9;s:6:"banner";i:10;s:8:"info-box";i:11;s:15:"responsive-text";i:12;s:12:"product-loop";i:13;s:12:"owl-carousel";i:14;s:17:"add-to-cart-popup";i:15;s:9:"mfp-popup";i:16;s:15:"categories-loop";i:17;s:9:"countdown";i:18;s:13:"section-title";i:19;s:9:"blog-base";i:20;s:9:"instagram";i:21;s:10:"scroll-top";}]]></wp:meta_value>
		</wp:postmeta>
	</item>
	<item>
		<title>001-cream</title>
		<link>http://dummy.xtemos.com/woodmart/demos/home-cosmetics/001-cream/</link>
		<pubDate>Tue, 03 Oct 2017 12:55:30 +0000</pubDate>
		<dc:creator><![CDATA[erwin]]></dc:creator>
		<guid isPermaLink="false">http://dummy.xtemos.com/woodmart/demos/wp-content/uploads/sites/2/2017/10/001-cream.svg</guid>
		<description></description>
		<content:encoded><![CDATA[]]></content:encoded>
		<excerpt:encoded><![CDATA[]]></excerpt:encoded>
		<wp:post_id>1051</wp:post_id>
		<wp:post_date>2017-10-03 12:55:30</wp:post_date>
		<wp:post_date_gmt>2017-10-03 12:55:30</wp:post_date_gmt>
		<wp:comment_status>open</wp:comment_status>
		<wp:ping_status>closed</wp:ping_status>
		<wp:post_name>001-cream</wp:post_name>
		<wp:status>inherit</wp:status>
		<wp:post_parent>1043</wp:post_parent>
		<wp:menu_order>0</wp:menu_order>
		<wp:post_type>attachment</wp:post_type>
		<wp:post_password></wp:post_password>
		<wp:is_sticky>0</wp:is_sticky>
		<wp:attachment_url>http://dummy.xtemos.com/woodmart/demos/wp-content/uploads/sites/2/2017/10/001-cream.svg</wp:attachment_url>
		<wp:postmeta>
			<wp:meta_key>_wp_attached_file</wp:meta_key>
			<wp:meta_value><![CDATA[2017/10/001-cream.svg]]></wp:meta_value>
		</wp:postmeta>
	</item>
</channel>
</rss>
