<?xml version="1.0" encoding="UTF-8" ?>
<!-- This is a WordPress eXtended RSS file generated by WordPress as an export of your site. -->
<!-- It contains information about your site's posts, pages, comments, categories, and other content. -->
<!-- You may use this file to transfer that content from one site to another. -->
<!-- This file is not intended to serve as a complete backup of your site. -->

<!-- To import this information into a WordPress site follow these steps: -->
<!-- 1. Log in to that site as an administrator. -->
<!-- 2. Go to Tools: Import in the WordPress admin panel. -->
<!-- 3. Install the "WordPress" importer from the list. -->
<!-- 4. Activate & Run Importer. -->
<!-- 5. Upload this file using the form provided on that page. -->
<!-- 6. You will first be asked to map the authors in this export file to users -->
<!--    on the site. For each author, you may choose to map to an -->
<!--    existing user on the site or to create a new user. -->
<!-- 7. WordPress will then import each of the posts, pages, comments, categories, etc. -->
<!--    contained in this file into your site. -->

	<!-- generator="WordPress/5.4.2" created="2020-07-15 11:35" -->
<rss version="2.0"
	xmlns:excerpt="http://wordpress.org/export/1.2/excerpt/"
	xmlns:content="http://purl.org/rss/1.0/modules/content/"
	xmlns:wfw="http://wellformedweb.org/CommentAPI/"
	xmlns:dc="http://purl.org/dc/elements/1.1/"
	xmlns:wp="http://wordpress.org/export/1.2/"
>

<channel>
	<title>Woodmart dummy demos</title>
	<link>http://dummy.xtemos.com/woodmart-elementor/demos</link>
	<description>Just another Woodmart Dummy Content Sites site</description>
	<pubDate>Wed, 15 Jul 2020 11:35:32 +0000</pubDate>
	<language>en-US</language>
	<wp:wxr_version>1.2</wp:wxr_version>
	<wp:base_site_url>http://dummy.xtemos.com/woodmart-elementor/</wp:base_site_url>
	<wp:base_blog_url>http://dummy.xtemos.com/woodmart-elementor/demos</wp:base_blog_url>

		<wp:author><wp:author_id>2</wp:author_id><wp:author_login>erwin</wp:author_login><wp:author_email>ss@asas.as</wp:author_email><wp:author_display_name><![CDATA[erwin]]></wp:author_display_name><wp:author_first_name><![CDATA[]]></wp:author_first_name><wp:author_last_name><![CDATA[]]></wp:author_last_name></wp:author>

				
	<generator>https://wordpress.org/?v=5.4.2</generator>

		<item>
		<title>
				wood-gallery-placeholder-5		</title>
		<link>http://dummy.xtemos.com/woodmart-elementor/demos/home-base/wood-gallery-placeholder-5/</link>
		<pubDate>Wed, 14 Jun 2017 11:33:22 +0000</pubDate>
		<dc:creator><![CDATA[admin]]></dc:creator>
		<guid isPermaLink="false">http://dummy.xtemos.com/woodmart-elementor/demos/wp-content/uploads/sites/2/2017/06/wood-gallery-placeholder-5.jpg</guid>
		<description></description>
		<content:encoded><![CDATA[]]></content:encoded>
		<excerpt:encoded><![CDATA[]]></excerpt:encoded>
		<wp:post_id>77</wp:post_id>
		<wp:post_date>2017-06-14 11:33:22</wp:post_date>
		<wp:post_date_gmt>2017-06-14 11:33:22</wp:post_date_gmt>
		<wp:comment_status>open</wp:comment_status>
		<wp:ping_status>closed</wp:ping_status>
		<wp:post_name>wood-gallery-placeholder-5</wp:post_name>
		<wp:status>inherit</wp:status>
		<wp:post_parent>57</wp:post_parent>
		<wp:menu_order>0</wp:menu_order>
		<wp:post_type>attachment</wp:post_type>
		<wp:post_password></wp:post_password>
		<wp:is_sticky>0</wp:is_sticky>
						<wp:attachment_url>http://dummy.xtemos.com/woodmart-elementor/demos/wp-content/uploads/sites/2/2017/06/wood-gallery-placeholder-5.jpg</wp:attachment_url>
												<wp:postmeta>
			<wp:meta_key>_wp_attached_file</wp:meta_key>
			<wp:meta_value><![CDATA[2017/06/wood-gallery-placeholder-5.jpg]]></wp:meta_value>
		</wp:postmeta>
						</item>
					<item>
		<title>
				wood-gallery-placeholder		</title>
		<link>http://dummy.xtemos.com/woodmart-elementor/demos/home-base/wood-gallery-placeholder/</link>
		<pubDate>Wed, 14 Jun 2017 11:33:24 +0000</pubDate>
		<dc:creator><![CDATA[admin]]></dc:creator>
		<guid isPermaLink="false">http://dummy.xtemos.com/woodmart-elementor/demos/wp-content/uploads/sites/2/2017/06/wood-gallery-placeholder.jpg</guid>
		<description></description>
		<content:encoded><![CDATA[]]></content:encoded>
		<excerpt:encoded><![CDATA[]]></excerpt:encoded>
		<wp:post_id>78</wp:post_id>
		<wp:post_date>2017-06-14 11:33:24</wp:post_date>
		<wp:post_date_gmt>2017-06-14 11:33:24</wp:post_date_gmt>
		<wp:comment_status>open</wp:comment_status>
		<wp:ping_status>closed</wp:ping_status>
		<wp:post_name>wood-gallery-placeholder</wp:post_name>
		<wp:status>inherit</wp:status>
		<wp:post_parent>57</wp:post_parent>
		<wp:menu_order>0</wp:menu_order>
		<wp:post_type>attachment</wp:post_type>
		<wp:post_password></wp:post_password>
		<wp:is_sticky>0</wp:is_sticky>
						<wp:attachment_url>http://dummy.xtemos.com/woodmart-elementor/demos/wp-content/uploads/sites/2/2017/06/wood-gallery-placeholder.jpg</wp:attachment_url>
												<wp:postmeta>
			<wp:meta_key>_wp_attached_file</wp:meta_key>
			<wp:meta_value><![CDATA[2017/06/wood-gallery-placeholder.jpg]]></wp:meta_value>
		</wp:postmeta>
						</item>
					<item>
		<title>
				wood-gallery-placeholder-2		</title>
		<link>http://dummy.xtemos.com/woodmart-elementor/demos/home-base/wood-gallery-placeholder-2/</link>
		<pubDate>Wed, 14 Jun 2017 11:33:26 +0000</pubDate>
		<dc:creator><![CDATA[admin]]></dc:creator>
		<guid isPermaLink="false">http://dummy.xtemos.com/woodmart-elementor/demos/wp-content/uploads/sites/2/2017/06/wood-gallery-placeholder-2.jpg</guid>
		<description></description>
		<content:encoded><![CDATA[]]></content:encoded>
		<excerpt:encoded><![CDATA[]]></excerpt:encoded>
		<wp:post_id>79</wp:post_id>
		<wp:post_date>2017-06-14 11:33:26</wp:post_date>
		<wp:post_date_gmt>2017-06-14 11:33:26</wp:post_date_gmt>
		<wp:comment_status>open</wp:comment_status>
		<wp:ping_status>closed</wp:ping_status>
		<wp:post_name>wood-gallery-placeholder-2</wp:post_name>
		<wp:status>inherit</wp:status>
		<wp:post_parent>57</wp:post_parent>
		<wp:menu_order>0</wp:menu_order>
		<wp:post_type>attachment</wp:post_type>
		<wp:post_password></wp:post_password>
		<wp:is_sticky>0</wp:is_sticky>
						<wp:attachment_url>http://dummy.xtemos.com/woodmart-elementor/demos/wp-content/uploads/sites/2/2017/06/wood-gallery-placeholder-2.jpg</wp:attachment_url>
												<wp:postmeta>
			<wp:meta_key>_wp_attached_file</wp:meta_key>
			<wp:meta_value><![CDATA[2017/06/wood-gallery-placeholder-2.jpg]]></wp:meta_value>
		</wp:postmeta>
						</item>
					<item>
		<title>
				wood-gallery-placeholder-3		</title>
		<link>http://dummy.xtemos.com/woodmart-elementor/demos/home-base/wood-gallery-placeholder-3/</link>
		<pubDate>Wed, 14 Jun 2017 11:33:28 +0000</pubDate>
		<dc:creator><![CDATA[admin]]></dc:creator>
		<guid isPermaLink="false">http://dummy.xtemos.com/woodmart-elementor/demos/wp-content/uploads/sites/2/2017/06/wood-gallery-placeholder-3.jpg</guid>
		<description></description>
		<content:encoded><![CDATA[]]></content:encoded>
		<excerpt:encoded><![CDATA[]]></excerpt:encoded>
		<wp:post_id>80</wp:post_id>
		<wp:post_date>2017-06-14 11:33:28</wp:post_date>
		<wp:post_date_gmt>2017-06-14 11:33:28</wp:post_date_gmt>
		<wp:comment_status>open</wp:comment_status>
		<wp:ping_status>closed</wp:ping_status>
		<wp:post_name>wood-gallery-placeholder-3</wp:post_name>
		<wp:status>inherit</wp:status>
		<wp:post_parent>57</wp:post_parent>
		<wp:menu_order>0</wp:menu_order>
		<wp:post_type>attachment</wp:post_type>
		<wp:post_password></wp:post_password>
		<wp:is_sticky>0</wp:is_sticky>
						<wp:attachment_url>http://dummy.xtemos.com/woodmart-elementor/demos/wp-content/uploads/sites/2/2017/06/wood-gallery-placeholder-3.jpg</wp:attachment_url>
												<wp:postmeta>
			<wp:meta_key>_wp_attached_file</wp:meta_key>
			<wp:meta_value><![CDATA[2017/06/wood-gallery-placeholder-3.jpg]]></wp:meta_value>
		</wp:postmeta>
						</item>
					<item>
		<title>
				wood-gallery-placeholder-4		</title>
		<link>http://dummy.xtemos.com/woodmart-elementor/demos/home-base/wood-gallery-placeholder-4/</link>
		<pubDate>Wed, 14 Jun 2017 11:33:30 +0000</pubDate>
		<dc:creator><![CDATA[admin]]></dc:creator>
		<guid isPermaLink="false">http://dummy.xtemos.com/woodmart-elementor/demos/wp-content/uploads/sites/2/2017/06/wood-gallery-placeholder-4.jpg</guid>
		<description></description>
		<content:encoded><![CDATA[]]></content:encoded>
		<excerpt:encoded><![CDATA[]]></excerpt:encoded>
		<wp:post_id>81</wp:post_id>
		<wp:post_date>2017-06-14 11:33:30</wp:post_date>
		<wp:post_date_gmt>2017-06-14 11:33:30</wp:post_date_gmt>
		<wp:comment_status>open</wp:comment_status>
		<wp:ping_status>closed</wp:ping_status>
		<wp:post_name>wood-gallery-placeholder-4</wp:post_name>
		<wp:status>inherit</wp:status>
		<wp:post_parent>57</wp:post_parent>
		<wp:menu_order>0</wp:menu_order>
		<wp:post_type>attachment</wp:post_type>
		<wp:post_password></wp:post_password>
		<wp:is_sticky>0</wp:is_sticky>
						<wp:attachment_url>http://dummy.xtemos.com/woodmart-elementor/demos/wp-content/uploads/sites/2/2017/06/wood-gallery-placeholder-4.jpg</wp:attachment_url>
												<wp:postmeta>
			<wp:meta_key>_wp_attached_file</wp:meta_key>
			<wp:meta_value><![CDATA[2017/06/wood-gallery-placeholder-4.jpg]]></wp:meta_value>
		</wp:postmeta>
						</item>
					<item>
		<title>
				wood-portfolio-placeholder		</title>
		<link>http://dummy.xtemos.com/woodmart-elementor/demos/wood-portfolio-placeholder/</link>
		<pubDate>Wed, 14 Jun 2017 14:02:43 +0000</pubDate>
		<dc:creator><![CDATA[admin]]></dc:creator>
		<guid isPermaLink="false">http://dummy.xtemos.com/woodmart-elementor/demos/wp-content/uploads/sites/2/2017/06/wood-portfolio-placeholder.jpg</guid>
		<description></description>
		<content:encoded><![CDATA[]]></content:encoded>
		<excerpt:encoded><![CDATA[]]></excerpt:encoded>
		<wp:post_id>117</wp:post_id>
		<wp:post_date>2017-06-14 14:02:43</wp:post_date>
		<wp:post_date_gmt>2017-06-14 14:02:43</wp:post_date_gmt>
		<wp:comment_status>open</wp:comment_status>
		<wp:ping_status>closed</wp:ping_status>
		<wp:post_name>wood-portfolio-placeholder</wp:post_name>
		<wp:status>inherit</wp:status>
		<wp:post_parent>0</wp:post_parent>
		<wp:menu_order>0</wp:menu_order>
		<wp:post_type>attachment</wp:post_type>
		<wp:post_password></wp:post_password>
		<wp:is_sticky>0</wp:is_sticky>
						<wp:attachment_url>http://dummy.xtemos.com/woodmart-elementor/demos/wp-content/uploads/sites/2/2017/06/wood-portfolio-placeholder.jpg</wp:attachment_url>
												<wp:postmeta>
			<wp:meta_key>_wp_attached_file</wp:meta_key>
			<wp:meta_value><![CDATA[2017/06/wood-portfolio-placeholder.jpg]]></wp:meta_value>
		</wp:postmeta>
						</item>
					<item>
		<title>
				Home cosmetics		</title>
		<link>http://dummy.xtemos.com/woodmart-elementor/demos/home-cosmetics/</link>
		<pubDate>Tue, 03 Oct 2017 12:46:10 +0000</pubDate>
		<dc:creator><![CDATA[erwin]]></dc:creator>
		<guid isPermaLink="false">http://dummy.xtemos.com/woodmart-elementor/demos/?page_id=1043</guid>
		<description></description>
		<content:encoded><![CDATA[ 						

		
							
						
													
				
					14				
					Jun				
				
							Furniture
							
					Non vestibul]]></content:encoded>
		<excerpt:encoded><![CDATA[]]></excerpt:encoded>
		<wp:post_id>1043</wp:post_id>
		<wp:post_date>2017-10-03 12:46:10</wp:post_date>
		<wp:post_date_gmt>2017-10-03 12:46:10</wp:post_date_gmt>
		<wp:comment_status>closed</wp:comment_status>
		<wp:ping_status>closed</wp:ping_status>
		<wp:post_name>home-cosmetics</wp:post_name>
		<wp:status>publish</wp:status>
		<wp:post_parent>0</wp:post_parent>
		<wp:menu_order>0</wp:menu_order>
		<wp:post_type>page</wp:post_type>
		<wp:post_password></wp:post_password>
		<wp:is_sticky>0</wp:is_sticky>
														<wp:postmeta>
			<wp:meta_key>_wp_page_template</wp:meta_key>
			<wp:meta_value><![CDATA[default]]></wp:meta_value>
		</wp:postmeta>
							<wp:postmeta>
			<wp:meta_key>_woodmart_main_layout</wp:meta_key>
			<wp:meta_value><![CDATA[full-width]]></wp:meta_value>
		</wp:postmeta>
							<wp:postmeta>
			<wp:meta_key>_woodmart_header_color_scheme</wp:meta_key>
			<wp:meta_value><![CDATA[inherit]]></wp:meta_value>
		</wp:postmeta>
							<wp:postmeta>
			<wp:meta_key>_woodmart_title_off</wp:meta_key>
			<wp:meta_value><![CDATA[on]]></wp:meta_value>
		</wp:postmeta>
							<wp:postmeta>
			<wp:meta_key>_woodmart_prefooter_off</wp:meta_key>
			<wp:meta_value><![CDATA[on]]></wp:meta_value>
		</wp:postmeta>
							<wp:postmeta>
			<wp:meta_key>_elementor_data</wp:meta_key>
			<wp:meta_value><![CDATA[[{"id":"8705206","elType":"section","settings":{"wd_section_stretch":"stretch-content","gap":"no","margin":{"unit":"px","top":"-40","right":"0","bottom":"60","left":"0","isLinked":""},"padding":{"unit":"px","top":"0","right":"0","bottom":"0","left":"0","isLinked":"1"},"margin_mobile":{"unit":"px","top":"-40","right":"0","bottom":"40","left":"0","isLinked":""}},"elements":[{"id":"4418480","elType":"column","settings":{"_column_size":"100","column_sticky_offset":"50","scroll_y":"-80"},"elements":[{"id":"5878009","elType":"widget","settings":{"shortcode":"[rev_slider alias=\"home-cosmetics\"][\/rev_slider]","revslidertitle":"home-cosmetics","scroll_y":"-80"},"elements":[],"widgetType":"slider_revolution"}],"isInner":""}],"isInner":""},{"id":"2301879","elType":"section","settings":{"wd_section_stretch":"stretch","border_width":{"top":"0","left":"0","right":"0","bottom":"1","unit":"px","isLinked":""},"border_border":"solid","border_color":"#eaeaea","structure":"30","margin":{"unit":"px","top":"0","right":"0","bottom":"60","left":"0","isLinked":""},"padding":{"unit":"px","top":"0","right":"15","bottom":"60","left":"15","isLinked":""},"gap":"extended","margin_mobile":{"unit":"px","top":"0","right":"0","bottom":"35","left":"0","isLinked":""},"padding_mobile":{"unit":"px","top":"0","right":"15","bottom":"40","left":"15","isLinked":""}},"elements":[{"id":"3843043","elType":"column","settings":{"_column_size":"33","column_sticky_offset":"50","scroll_y":"-80","space_between_widgets":"0"},"elements":[{"id":"5763570","elType":"widget","settings":{"align":"left","image_size":"custom","title":"","subtitle":"","content":"","btn_text":"","btn_position":"static","hover":"parallax","woodmart_color_scheme":"dark","image_custom_dimension":{"width":"600","height":"400"},"image":{"id":"78","url":"#"},"width":{"size":"70","unit":"%"},"btn_color":"primary","btn_style":"link","btn_size":"small","subtitle_color":"primary","title_size":"extra-large","text_alignment":"center","horizontal_alignment":"center","vertical_alignment":"middle","scroll_y":"-80"},"elements":[],"widgetType":"wd_banner"},{"id":"8957653","elType":"widget","settings":{"icon_type":"icon","btn_text":"read more","image_size":"custom","subtitle":"","title":"SERUMS &amp; OILS","btn_color":"primary","btn_style":"link","subtitle_color":"primary","_background_background":"classic","_background_color":"#ffffff","el_class":"z-index-10 position-relative","content":"Gravida turpis placerat tristique conse ctetur a condim entum nostra aliquet adipis.","icon_text":"53","scroll_y":"-80","_margin":{"unit":"px","top":"-30","right":"20","bottom":"0","left":"20","isLinked":""},"_padding":{"unit":"%","top":"5","right":"5","bottom":"0","left":"5","isLinked":""}},"elements":[],"widgetType":"wd_infobox"}],"isInner":""},{"id":"7226954","elType":"column","settings":{"_column_size":"33","column_sticky_offset":"50","scroll_y":"-80","space_between_widgets":"0"},"elements":[{"id":"5770067","elType":"widget","settings":{"align":"left","image_size":"custom","title":"","subtitle":"","content":"","btn_text":"","btn_position":"static","hover":"parallax","woodmart_color_scheme":"dark","image_custom_dimension":{"width":"600","height":"400"},"image":{"id":"79","url":"#"},"width":{"size":"70","unit":"%"},"btn_color":"primary","btn_style":"link","btn_size":"small","subtitle_color":"primary","title_size":"extra-large","text_alignment":"center","horizontal_alignment":"center","vertical_alignment":"middle","scroll_y":"-80"},"elements":[],"widgetType":"wd_banner"},{"id":"9853243","elType":"widget","settings":{"icon_type":"icon","btn_text":"read more","image_size":"custom","subtitle":"","title":"ORGANICS CREAM","btn_color":"primary","btn_style":"link","subtitle_color":"primary","_background_background":"classic","_background_color":"#ffffff","el_class":"z-index-10 position-relative","content":"Gravida turpis placerat tristique conse ctetur a condim entum nostra aliquet adipis.","icon_text":"53","scroll_y":"-80","_margin":{"unit":"px","top":"-30","right":"20","bottom":"0","left":"20","isLinked":""},"_padding":{"unit":"%","top":"5","right":"5","bottom":"0","left":"5","isLinked":""}},"elements":[],"widgetType":"wd_infobox"}],"isInner":""},{"id":"3698985","elType":"column","settings":{"_column_size":"33","column_sticky_offset":"50","scroll_y":"-80","space_between_widgets":"0"},"elements":[{"id":"4454848","elType":"widget","settings":{"align":"left","image_size":"custom","title":"","subtitle":"","content":"","btn_text":"","btn_position":"static","hover":"parallax","woodmart_color_scheme":"dark","image_custom_dimension":{"width":"600","height":"400"},"image":{"id":"80","url":"#"},"width":{"size":"70","unit":"%"},"btn_color":"primary","btn_style":"link","btn_size":"small","subtitle_color":"primary","title_size":"extra-large","text_alignment":"center","horizontal_alignment":"center","vertical_alignment":"middle","scroll_y":"-80"},"elements":[],"widgetType":"wd_banner"},{"id":"3012830","elType":"widget","settings":{"icon_type":"icon","btn_text":"read more","image_size":"custom","subtitle":"","title":"FACIAL CLEANSER","btn_color":"primary","btn_style":"link","subtitle_color":"primary","_background_background":"classic","_background_color":"#ffffff","el_class":"z-index-10 position-relative","content":"Gravida turpis placerat tristique conse ctetur a condim entum nostra aliquet adipis.","icon_text":"53","scroll_y":"-80","_margin":{"unit":"px","top":"-30","right":"20","bottom":"0","left":"20","isLinked":""},"_padding":{"unit":"%","top":"5","right":"5","bottom":"0","left":"5","isLinked":""}},"elements":[],"widgetType":"wd_infobox"}],"isInner":""}],"isInner":""},{"id":"7941216","elType":"section","settings":{"content_position":"middle","structure":"20","margin":{"unit":"px","top":"0","right":"0","bottom":"50","left":"0","isLinked":""}},"elements":[{"id":"8687513","elType":"column","settings":{"_column_size":"25","column_sticky_offset":"50","scroll_y":"-80"},"elements":[{"id":"b22e1f7","elType":"widget","settings":{"subtitle":"Commodo integer","title":"PROFESSIONAL","after_title":"","size":"large","subtitle_color":"#7BBBDD","subtitle_typography_typography":"custom","subtitle_typography_font_family":"Satisfy","subtitle_typography_font_size":{"unit":"px","size":"26","sizes":[]},"title_typography_typography":"custom","title_typography_font_weight":"400","_margin":{"unit":"px","top":"0","right":"0","bottom":"-20","left":"0","isLinked":""},"scroll_y":"-80","subtitle_typography_font_size_mobile":{"unit":"px","size":"22","sizes":[]}},"elements":[],"widgetType":"wd_title"},{"id":"40db9db","elType":"widget","settings":{"subtitle":"","title":"SKINCARE","after_title":"There are many variations of passages of Lorem Ipsum available, but the majority have suffered alteration.","size":"large","title_typography_typography":"custom","title_typography_font_weight":"300","scroll_y":"-80"},"elements":[],"widgetType":"wd_title"},{"id":"8124697","elType":"widget","settings":{"color":"primary","style":"link","text":"CONTINUE SHOPPING","scroll_y":"-80"},"elements":[],"widgetType":"wd_button"}],"isInner":""},{"id":"6030035","elType":"column","settings":{"_column_size":"75","column_sticky_offset":"50","scroll_y":"-80"},"elements":[{"id":"5095494","elType":"widget","settings":{"title":"","layout":"carousel","items_per_page":"4","slides_per_view":{"size":"3","unit":"px","sizes":[]},"hide_pagination_control":"yes","orderby":"post__in","scroll_y":"-80"},"elements":[],"widgetType":"wd_products"}],"isInner":""}],"isInner":""},{"id":"481990","elType":"section","settings":{"margin":{"unit":"px","top":"0","right":"0","bottom":"55","left":"0","isLinked":""}},"elements":[{"id":"2322968","elType":"column","settings":{"_column_size":"100","wd_color_scheme":"light","column_sticky_offset":"50","scroll_y":"-80"},"elements":[{"id":"6343941","elType":"widget","settings":{"orderby":"date","style":"masonry","spacing":"20","columns":{"size":"4","unit":"px","sizes":[]},"ids":[""],"number":"4","scroll_y":"-80"},"elements":[],"widgetType":"wd_product_categories"}],"isInner":""}],"isInner":""},{"id":"4143261","elType":"section","settings":{"content_position":"middle","structure":"20","margin":{"unit":"px","top":"0","right":"0","bottom":"50","left":"0","isLinked":""}},"elements":[{"id":"681848","elType":"column","settings":{"_column_size":"25","column_sticky_offset":"50","scroll_y":"-80","z_index":"100"},"elements":[{"id":"10face4","elType":"widget","settings":{"subtitle":"Commodo integer","title":"REVITALIZING","after_title":"","size":"large","subtitle_color":"#7BBBDD","subtitle_typography_typography":"custom","subtitle_typography_font_family":"Satisfy","subtitle_typography_font_size":{"unit":"px","size":"26","sizes":[]},"title_typography_typography":"custom","title_typography_font_weight":"400","_margin":{"unit":"px","top":"0","right":"0","bottom":"-20","left":"0","isLinked":""},"scroll_y":"-80","subtitle_typography_font_size_mobile":{"unit":"px","size":"22","sizes":[]}},"elements":[],"widgetType":"wd_title"},{"id":"7d9664a","elType":"widget","settings":{"subtitle":"","title":"FACE MASKS","after_title":"There are many variations of passages of Lorem Ipsum available, but the majority have suffered alteration.","size":"large","title_typography_typography":"custom","title_typography_font_weight":"300","scroll_y":"-80"},"elements":[],"widgetType":"wd_title"},{"id":"1179991","elType":"widget","settings":{"color":"primary","style":"link","text":"CONTINUE SHOPPING","scroll_y":"-80"},"elements":[],"widgetType":"wd_button"}],"isInner":""},{"id":"6099558","elType":"column","settings":{"_column_size":"75","column_sticky_offset":"50","scroll_y":"-80"},"elements":[{"id":"9907593","elType":"widget","settings":{"title":"","layout":"carousel","items_per_page":"4","slides_per_view":{"size":"3","unit":"px","sizes":[]},"hide_pagination_control":"yes","orderby":"ID","scroll_y":"-80"},"elements":[],"widgetType":"wd_products"}],"isInner":""}],"isInner":""},{"id":"5331399","elType":"section","settings":{"wd_section_stretch":"stretch","content_position":"middle","background_background":"classic","background_color":"#f8f8f8","background_size":"cover","background_repeat":"no-repeat","el_class":"mobile-bg-img-hidden","structure":"20","gap":"wider","margin":{"unit":"px","top":"0","right":"0","bottom":"70","left":"0","isLinked":""},"margin_mobile":{"unit":"px","top":"0","right":"0","bottom":"40","left":"0","isLinked":""}},"elements":[{"id":"8220071","elType":"column","settings":{"_column_size":"50","_inline_size":"50","column_sticky_offset":"50","scroll_y":"-80","margin":{"unit":"px","top":"-30","right":"0","bottom":"-30","left":"0","isLinked":""},"margin_tablet":{"unit":"px","top":"0","right":"0","bottom":"0","left":"0","isLinked":"1"}},"elements":[{"id":"4466267","elType":"widget","settings":{"align":"center","image_size":"full","image":{"id":"78","url":"#"},"image_custom_dimension":[],"scroll_y":"-80"},"elements":[],"widgetType":"image"}],"isInner":""},{"id":"3619726","elType":"column","settings":{"_column_size":"50","_inline_size":"50","align":"flex-start","padding":{"unit":"%","top":"5","right":"0","bottom":"5","left":"0","isLinked":""},"column_sticky_offset":"50","scroll_y":"-80","padding_tablet":{"unit":"px","top":"70","right":"15","bottom":"70","left":"15","isLinked":""},"padding_mobile":{"unit":"px","top":"45","right":"30","bottom":"45","left":"30","isLinked":""}},"elements":[{"id":"ba5850a","elType":"widget","settings":{"editor":"<strong>Discover a beautiful you<\/strong> with our new\u00a0<span class=\"font-alt\" style=\"color: #7bbbdd\">Makeup Essentials<\/span>","text_color":"#111111","typography_typography":"custom","typography_font_size":{"unit":"px","size":"46","sizes":[]},"typography_font_size_tablet":{"unit":"px","size":"36","sizes":[]},"typography_font_size_mobile":{"unit":"px","size":"28","sizes":[]},"typography_font_weight":"300","typography_line_height":{"unit":"px","size":"56","sizes":[]},"typography_line_height_tablet":{"unit":"px","size":"46","sizes":[]},"typography_line_height_mobile":{"unit":"px","size":"38","sizes":[]},"scroll_y":"-80"},"elements":[],"widgetType":"text-editor"},{"id":"3070949","elType":"widget","settings":{"typography_typography":"custom","align":"left","text_larger":"yes","editor":"<p>It is a long established fact that a reader will be distracted by the readable content of a page when looking at its layout. The point of using <a href=\"#\"><strong>Lorem Ipsum<\/strong><\/a> is that it has a more-or-less normal distribution of letters, as opposed to using, making it look.<\/p>\n","scroll_y":"-80","_css_classes":"text-larger"},"elements":[],"widgetType":"text-editor"},{"id":"806157","elType":"section","settings":{"structure":"30","margin":{"unit":"px","top":"0","right":"0","bottom":"15","left":"0","isLinked":""}},"elements":[{"id":"2125412","elType":"column","settings":{"_column_size":"33","_inline_size_tablet":"50","_inline_size_mobile":"50","column_sticky_offset":"50","scroll_y":"-80"},"elements":[{"id":"8992522","elType":"widget","settings":{"icon_type":"icon","alignment":"left","btn_text":"","image_size":"custom","subtitle":"","title":"Lasting\nFormulas","btn_position":"hover","image":{"id":"1051","url":"#"},"title_size":"small","image_alignment":"left","image_custom_dimension":{"width":"45","height":"45"},"content":"","icon_text":"53","scroll_y":"-80"},"elements":[],"widgetType":"wd_infobox"}],"isInner":"1"},{"id":"2041047","elType":"column","settings":{"_column_size":"33","_inline_size_tablet":"50","_inline_size_mobile":"50","column_sticky_offset":"50","scroll_y":"-80"},"elements":[{"id":"9668168","elType":"widget","settings":{"icon_type":"icon","alignment":"left","btn_text":"","image_size":"custom","subtitle":"","title":"Face skin\nProtection","btn_position":"hover","image":{"id":"1051","url":"#"},"title_size":"small","image_alignment":"left","image_custom_dimension":{"width":"45","height":"45"},"content":"","icon_text":"53","scroll_y":"-80"},"elements":[],"widgetType":"wd_infobox"}],"isInner":""},{"id":"9057302","elType":"column","settings":{"_column_size":"33","hide_mobile":"hidden-phone","hide_tablet":"hidden-tablet","column_sticky_offset":"50","scroll_y":"-80"},"elements":[{"id":"1449477","elType":"widget","settings":{"icon_type":"icon","alignment":"left","btn_text":"","image_size":"custom","subtitle":"","title":"Eye care\nProducts","btn_position":"hover","image":{"id":"1051","url":"#"},"title_size":"small","image_alignment":"left","image_custom_dimension":{"width":"45","height":"45"},"content":"","icon_text":"53","scroll_y":"-80"},"elements":[],"widgetType":"wd_infobox"}],"isInner":""}],"isInner":"1"},{"id":"5310165","elType":"widget","settings":{"color":"primary","_element_width":"auto","text":"SHOP NOW","_margin":{"unit":"px","top":"0","right":"15","bottom":"10","left":"0","isLinked":""},"scroll_y":"-80"},"elements":[],"widgetType":"wd_button"},{"id":"4661044","elType":"widget","settings":{"style":"bordered","_element_width":"auto","text":"READ MORE","_margin":{"unit":"px","top":"0","right":"0","bottom":"10","left":"0","isLinked":""},"scroll_y":"-80"},"elements":[],"widgetType":"wd_button"}],"isInner":""}],"isInner":""},{"id":"9304926","elType":"section","settings":{"wd_section_stretch":"stretch","content_position":"middle","background_position":"center bottom","row_reverse_mobile":"1","border_width":{"top":"0","left":"0","right":"0","bottom":"1","unit":"px","isLinked":""},"border_border":"solid","border_color":"#eaeaea","structure":"20","margin":{"unit":"px","top":"0","right":"0","bottom":"55","left":"0","isLinked":""},"margin_mobile":{"unit":"px","top":"0","right":"0","bottom":"40","left":"0","isLinked":""},"padding":{"unit":"px","top":"0","right":"15","bottom":"65","left":"15","isLinked":""},"padding_mobile":{"unit":"px","top":"0","right":"15","bottom":"45","left":"15","isLinked":""}},"elements":[{"id":"370507","elType":"column","settings":{"_column_size":"50","woodmart_text_align":"center","align":"center","column_sticky_offset":"50","scroll_y":"-80","margin_mobile":{"unit":"px","top":"0","right":"0","bottom":"20","left":"0","isLinked":""}},"elements":[{"id":"a0e61bd","elType":"widget","settings":{"editor":"<p style=\"text-align: center\"><strong>Enjoy the best quality,<\/strong> cosmetics made by <span class=\"font-alt\" style=\"color: #7bbbdd\">WoodMart<\/span><\/p>","text_color":"#111111","typography_typography":"custom","typography_font_size":{"unit":"px","size":"46","sizes":[]},"typography_font_size_tablet":{"unit":"px","size":"36","sizes":[]},"typography_font_size_mobile":{"unit":"px","size":"28","sizes":[]},"typography_font_weight":"300","typography_line_height":{"unit":"px","size":"56","sizes":[]},"typography_line_height_tablet":{"unit":"px","size":"46","sizes":[]},"typography_line_height_mobile":{"unit":"px","size":"38","sizes":[]},"scroll_y":"-80","align":"center"},"elements":[],"widgetType":"text-editor"},{"id":"5161556","elType":"widget","settings":{"typography_typography":"custom","align":"center","text_larger":"yes","editor":"<p>There are many variations of passages of\u00a0<a href=\"https:\/\/#\"><strong>Lorem Ipsum available<\/strong><\/a>, but the majority have suffered alteration in some form, by injected humour, or randomised words which don\u2019t look even slightly believable.<\/p>\n","wd_content_align":"center","wd_content_width":{"unit":"px","size":"500","sizes":[]},"scroll_y":"-80","_padding_tablet":{"unit":"%","top":"","right":"","bottom":"","left":"","isLinked":"1"},"_css_classes":"text-larger"},"elements":[],"widgetType":"text-editor"},{"id":"9638226","elType":"widget","settings":{"woodmart_color_scheme":"dark","size":"large","date":"2021-05-01 00:00","scroll_y":"-80"},"elements":[],"widgetType":"wd_countdown_timer"},{"id":"4076648","elType":"widget","settings":{"color":"primary","_element_width":"auto","text":"SHOP NOW","_margin":{"unit":"px","top":"0","right":"15","bottom":"10","left":"0","isLinked":""},"scroll_y":"-80"},"elements":[],"widgetType":"wd_button"},{"id":"9670676","elType":"widget","settings":{"style":"bordered","_element_width":"auto","text":"READ MORE","_margin":{"unit":"px","top":"0","right":"0","bottom":"10","left":"0","isLinked":""},"scroll_y":"-80"},"elements":[],"widgetType":"wd_button"}],"isInner":""},{"id":"3467771","elType":"column","settings":{"_column_size":"50","column_sticky_offset":"50","scroll_y":"-80"},"elements":[{"id":"8570013","elType":"widget","settings":{"align":"center","image_size":"full","image":{"id":"77","url":"#"},"image_custom_dimension":[],"scroll_y":"-80"},"elements":[],"widgetType":"image"}],"isInner":""}],"isInner":""},{"id":"724ba66","elType":"section","settings":{"margin":{"unit":"px","top":"0","right":"0","bottom":"10","left":"0","isLinked":""}},"elements":[{"id":"0faf7b6","elType":"column","settings":{"_column_size":"100","column_sticky_offset":"50","scroll_y":"-80"},"elements":[{"id":"50acaec","elType":"widget","settings":{"subtitle":"Commodo integer","title":"ORGANIC INGREDIENTS","after_title":"<p>Majority have suffered alteration in some form, by injected humour, or randomised words which don\u2019t look even slightly believable.<\/p>","width":{"unit":"%","size":"46","sizes":[]},"width_tablet":{"unit":"%","size":"65","sizes":[]},"width_mobile":{"unit":"%","size":"100","sizes":[]},"size":"large","subtitle_color":"#7BBBDD","subtitle_typography_typography":"custom","subtitle_typography_font_family":"Satisfy","subtitle_typography_font_size":{"unit":"px","size":"26","sizes":[]},"title_typography_font_weight":"400","scroll_y":"-80","subtitle_typography_font_size_mobile":{"unit":"px","size":"22","sizes":[]}},"elements":[],"widgetType":"wd_title"}],"isInner":""}],"isInner":""},{"id":"7425602","elType":"section","settings":{"wd_section_stretch":"stretch","border_width":{"top":"0","left":"0","right":"0","bottom":"1","unit":"px","isLinked":""},"border_border":"solid","border_color":"#eaeaea","structure":"30","margin":{"unit":"px","top":"0","right":"0","bottom":"55","left":"0","isLinked":""},"margin_mobile":{"unit":"px","top":"0","right":"0","bottom":"45","left":"0","isLinked":""},"padding":{"unit":"px","top":"0","right":"15","bottom":"65","left":"15","isLinked":""},"padding_mobile":{"unit":"px","top":"0","right":"15","bottom":"45","left":"15","isLinked":""}},"elements":[{"id":"1872985","elType":"column","settings":{"_column_size":"33","column_sticky_offset":"50","scroll_y":"-80","margin_mobile":{"unit":"px","top":"0","right":"0","bottom":"30","left":"0","isLinked":""},"padding":{"unit":"%","top":"0","right":"10","bottom":"0","left":"10","isLinked":""}},"elements":[{"id":"4470070","elType":"widget","settings":{"align":"left","image_size":"custom","image":{"id":"78","url":"#"},"image_custom_dimension":{"width":"430","height":"300"},"scroll_y":"-80"},"elements":[],"widgetType":"image"},{"id":"9088827","elType":"widget","settings":{"alignment":"left","btn_text":"","image_size":"custom","subtitle":"","title":"SALTS &amp; SUGARS","btn_position":"hover","icon_text_size":"large","image_alignment":"left","icon_text":"1.","content":"The generated Lorem Ipsum is therefore always free from repetition humour.","scroll_y":"-80"},"elements":[],"widgetType":"wd_infobox"}],"isInner":""},{"id":"1784371","elType":"column","settings":{"_column_size":"33","column_sticky_offset":"50","scroll_y":"-80","margin_mobile":{"unit":"px","top":"0","right":"0","bottom":"30","left":"0","isLinked":""},"padding":{"unit":"%","top":"0","right":"10","bottom":"0","left":"10","isLinked":""}},"elements":[{"id":"2761671","elType":"widget","settings":{"align":"left","image_size":"custom","image":{"id":"78","url":"#"},"image_custom_dimension":{"width":"430","height":"300"},"scroll_y":"-80"},"elements":[],"widgetType":"image"},{"id":"8047958","elType":"widget","settings":{"alignment":"left","btn_text":"","image_size":"custom","subtitle":"","title":"NATURAL TINCTURES","btn_position":"hover","icon_text_size":"large","image_alignment":"left","icon_text":"2.","content":"The generated Lorem Ipsum is therefore always free from repetition humour.","scroll_y":"-80"},"elements":[],"widgetType":"wd_infobox"}],"isInner":""},{"id":"2622458","elType":"column","settings":{"_column_size":"33","column_sticky_offset":"50","scroll_y":"-80","padding":{"unit":"%","top":"0","right":"10","bottom":"0","left":"10","isLinked":""}},"elements":[{"id":"3561558","elType":"widget","settings":{"align":"left","image_size":"custom","image":{"id":"78","url":"#"},"image_custom_dimension":{"width":"430","height":"300"},"scroll_y":"-80"},"elements":[],"widgetType":"image"},{"id":"2477103","elType":"widget","settings":{"alignment":"left","btn_text":"","image_size":"custom","subtitle":"","title":"ESSENTIAL OILS","btn_position":"hover","icon_text_size":"large","image_alignment":"left","icon_text":"3.","content":"The generated Lorem Ipsum is therefore always free from repetition humour.","scroll_y":"-80"},"elements":[],"widgetType":"wd_infobox"}],"isInner":""}],"isInner":""},{"id":"8600106","elType":"section","settings":{"margin":{"unit":"px","top":"0","right":"0","bottom":"60","left":"0","isLinked":""},"margin_mobile":{"unit":"px","top":"0","right":"0","bottom":"40","left":"0","isLinked":""}},"elements":[{"id":"1978059","elType":"column","settings":{"_column_size":"100","column_sticky_offset":"50","scroll_y":"-80"},"elements":[{"id":"3a4d0d4","elType":"widget","settings":{"subtitle":"Commodo integer","title":"OUR ARTICLE","after_title":"<p>Majority have suffered alteration in some form, by injected humour, or randomised words which don\u2019t look even slightly believable.<\/p>","width":{"unit":"%","size":"46","sizes":[]},"width_tablet":{"unit":"%","size":"65","sizes":[]},"size":"large","subtitle_color":"#7BBBDD","subtitle_typography_typography":"custom","subtitle_typography_font_family":"Satisfy","subtitle_typography_font_size":{"unit":"px","size":"26","sizes":[]},"title_typography_font_weight":"400","scroll_y":"-80","subtitle_typography_font_size_mobile":{"unit":"px","size":"22","sizes":[]}},"elements":[],"widgetType":"wd_title"},{"id":"54864","elType":"widget","settings":{"blog_spacing":"20","items_per_page":"4","blog_design":"carousel","order":"ASC","slides_per_view":{"size":"3","unit":"px","sizes":[]},"hide_pagination_control":"yes","scroll_y":"-80"},"elements":[],"widgetType":"wd_blog"}],"isInner":""}],"isInner":""},{"id":"8068819","elType":"section","settings":{"wd_section_stretch":"stretch-content","gap":"no","margin":{"unit":"px","top":"0","right":"0","bottom":"-40","left":"0","isLinked":""},"padding":{"unit":"px","top":"0","right":"0","bottom":"0","left":"0","isLinked":"1"}},"elements":[{"id":"9368596","elType":"column","settings":{"_column_size":"100","column_sticky_offset":"50","scroll_y":"-80"},"elements":[{"id":"6270318","elType":"widget","settings":{"data_source":"images","design":"slider","per_row":{"size":"6","unit":"px","sizes":[]},"hide_pagination_control":"yes","hide_prev_next_buttons":"yes","username":"msmadeleine_","number":{"size":"6","unit":"px","sizes":[]},"scroll_y":"-80","images":[{"id":"117","url":"http:\/\/dummy.xtemos.com\/woodmart-elementor\/demos\/wp-content\/uploads\/sites\/2\/2017\/06\/wood-portfolio-placeholder.jpg"},{"id":"81","url":"http:\/\/dummy.xtemos.com\/woodmart-elementor\/demos\/wp-content\/uploads\/sites\/2\/2017\/06\/wood-gallery-placeholder-4.jpg"},{"id":"80","url":"http:\/\/dummy.xtemos.com\/woodmart-elementor\/demos\/wp-content\/uploads\/sites\/2\/2017\/06\/wood-gallery-placeholder-3.jpg"},{"id":"79","url":"http:\/\/dummy.xtemos.com\/woodmart-elementor\/demos\/wp-content\/uploads\/sites\/2\/2017\/06\/wood-gallery-placeholder-2.jpg"},{"id":"78","url":"http:\/\/dummy.xtemos.com\/woodmart-elementor\/demos\/wp-content\/uploads\/sites\/2\/2017\/06\/wood-gallery-placeholder.jpg"},{"id":"77","url":"http:\/\/dummy.xtemos.com\/woodmart-elementor\/demos\/wp-content\/uploads\/sites\/2\/2017\/06\/wood-gallery-placeholder-5.jpg"}],"images_size":"full","images_likes":"1000-10000","images_comments":"0-1000"},"elements":[],"widgetType":"wd_instagram"}],"isInner":""}],"isInner":""}]]]></wp:meta_value>
		</wp:postmeta>
							<wp:postmeta>
			<wp:meta_key>_elementor_edit_mode</wp:meta_key>
			<wp:meta_value><![CDATA[builder]]></wp:meta_value>
		</wp:postmeta>
							<wp:postmeta>
			<wp:meta_key>_elementor_version</wp:meta_key>
			<wp:meta_value><![CDATA[2.9.11]]></wp:meta_value>
		</wp:postmeta>
							<wp:postmeta>
			<wp:meta_key>_elementor_template_type</wp:meta_key>
			<wp:meta_value><![CDATA[wp-page]]></wp:meta_value>
		</wp:postmeta>
							<wp:postmeta>
			<wp:meta_key>_elementor_controls_usage</wp:meta_key>
			<wp:meta_value><![CDATA[a:14:{s:17:"slider_revolution";a:3:{s:5:"count";i:1;s:15:"control_percent";i:2;s:8:"controls";a:2:{s:7:"content";a:1:{s:15:"content_section";a:2:{s:9:"shortcode";i:1;s:14:"revslidertitle";i:1;}}s:8:"advanced";a:1:{s:8:"wd_extra";a:1:{s:8:"scroll_y";i:1;}}}}s:6:"column";a:3:{s:5:"count";i:22;s:15:"control_percent";i:1;s:8:"controls";a:3:{s:8:"advanced";a:3:{s:8:"wd_extra";a:2:{s:20:"column_sticky_offset";i:22;s:8:"scroll_y";i:22;}s:16:"section_advanced";a:7:{s:7:"z_index";i:1;s:6:"margin";i:1;s:13:"margin_tablet";i:1;s:7:"padding";i:4;s:14:"padding_tablet";i:1;s:14:"padding_mobile";i:1;s:13:"margin_mobile";i:3;}s:19:"_section_responsive";a:2:{s:11:"hide_mobile";i:1;s:11:"hide_tablet";i:1;}}s:6:"layout";a:1:{s:6:"layout";a:5:{s:21:"space_between_widgets";i:3;s:12:"_inline_size";i:2;s:19:"_inline_size_tablet";i:2;s:19:"_inline_size_mobile";i:2;s:5:"align";i:2;}}s:5:"style";a:1:{s:14:"wd_extra_style";a:1:{s:15:"wd_color_scheme";i:1;}}}}s:7:"section";a:3:{s:5:"count";i:12;s:15:"control_percent";i:1;s:8:"controls";a:3:{s:6:"layout";a:3:{s:15:"wd_extra_layout";a:1:{s:18:"wd_section_stretch";i:6;}s:14:"section_layout";a:2:{s:3:"gap";i:4;s:16:"content_position";i:4;}s:17:"section_structure";a:1:{s:9:"structure";i:7;}}s:8:"advanced";a:1:{s:16:"section_advanced";a:4:{s:6:"margin";i:12;s:7:"padding";i:5;s:13:"margin_mobile";i:6;s:14:"padding_mobile";i:3;}}s:5:"style";a:2:{s:14:"section_border";a:3:{s:12:"border_width";i:3;s:13:"border_border";i:3;s:12:"border_color";i:3;}s:18:"section_background";a:5:{s:21:"background_background";i:1;s:16:"background_color";i:1;s:15:"background_size";i:1;s:17:"background_repeat";i:1;s:19:"background_position";i:1;}}}}s:9:"wd_banner";a:3:{s:5:"count";i:3;s:15:"control_percent";i:7;s:8:"controls";a:3:{s:7:"content";a:2:{s:21:"image_content_section";a:3:{s:10:"image_size";i:3;s:22:"image_custom_dimension";i:3;s:5:"image";i:3;}s:15:"content_section";a:4:{s:5:"title";i:3;s:8:"subtitle";i:3;s:7:"content";i:3;s:8:"btn_text";i:3;}}s:5:"style";a:4:{s:20:"button_style_section";a:4:{s:12:"btn_position";i:3;s:9:"btn_color";i:3;s:9:"btn_style";i:3;s:8:"btn_size";i:3;}s:21:"general_style_section";a:3:{s:5:"hover";i:3;s:21:"woodmart_color_scheme";i:3;s:10:"title_size";i:3;}s:20:"layout_style_section";a:4:{s:5:"width";i:3;s:14:"text_alignment";i:3;s:20:"horizontal_alignment";i:3;s:18:"vertical_alignment";i:3;}s:22:"subtitle_style_section";a:1:{s:14:"subtitle_color";i:3;}}s:8:"advanced";a:1:{s:8:"wd_extra";a:1:{s:8:"scroll_y";i:3;}}}}s:10:"wd_infobox";a:3:{s:5:"count";i:9;s:15:"control_percent";i:3;s:8:"controls";a:3:{s:7:"content";a:2:{s:20:"icon_content_section";a:5:{s:9:"icon_type";i:6;s:10:"image_size";i:9;s:5:"image";i:3;s:22:"image_custom_dimension";i:3;s:9:"icon_text";i:3;}s:15:"content_section";a:4:{s:8:"btn_text";i:9;s:8:"subtitle";i:9;s:5:"title";i:9;s:7:"content";i:9;}}s:5:"style";a:4:{s:22:"button_content_section";a:3:{s:9:"btn_color";i:3;s:9:"btn_style";i:3;s:12:"btn_position";i:6;}s:22:"subtitle_style_section";a:1:{s:14:"subtitle_color";i:3;}s:21:"general_style_section";a:3:{s:9:"alignment";i:6;s:10:"title_size";i:3;s:15:"image_alignment";i:6;}s:18:"icon_style_section";a:1:{s:14:"icon_text_size";i:3;}}s:8:"advanced";a:3:{s:19:"_section_background";a:2:{s:22:"_background_background";i:3;s:17:"_background_color";i:3;}s:8:"wd_extra";a:1:{s:8:"scroll_y";i:9;}s:14:"_section_style";a:2:{s:7:"_margin";i:3;s:8:"_padding";i:3;}}}}s:8:"wd_title";a:3:{s:5:"count";i:6;s:15:"control_percent";i:4;s:8:"controls";a:3:{s:7:"content";a:1:{s:23:"general_content_section";a:3:{s:8:"subtitle";i:6;s:5:"title";i:6;s:11:"after_title";i:6;}}s:5:"style";a:3:{s:21:"general_style_section";a:4:{s:4:"size";i:6;s:5:"width";i:2;s:12:"width_tablet";i:2;s:12:"width_mobile";i:1;}s:22:"subtitle_style_section";a:5:{s:14:"subtitle_color";i:4;s:30:"subtitle_typography_typography";i:4;s:31:"subtitle_typography_font_family";i:4;s:29:"subtitle_typography_font_size";i:4;s:36:"subtitle_typography_font_size_mobile";i:4;}s:19:"title_style_section";a:2:{s:27:"title_typography_typography";i:4;s:28:"title_typography_font_weight";i:6;}}s:8:"advanced";a:2:{s:14:"_section_style";a:1:{s:7:"_margin";i:2;}s:8:"wd_extra";a:1:{s:8:"scroll_y";i:6;}}}}s:9:"wd_button";a:3:{s:5:"count";i:6;s:15:"control_percent";i:2;s:8:"controls";a:3:{s:5:"style";a:1:{s:21:"general_style_section";a:2:{s:5:"color";i:4;s:5:"style";i:4;}}s:7:"content";a:1:{s:23:"general_content_section";a:1:{s:4:"text";i:6;}}s:8:"advanced";a:3:{s:8:"wd_extra";a:1:{s:8:"scroll_y";i:6;}s:17:"_section_position";a:1:{s:14:"_element_width";i:4;}s:14:"_section_style";a:1:{s:7:"_margin";i:4;}}}}s:11:"wd_products";a:3:{s:5:"count";i:2;s:15:"control_percent";i:3;s:8:"controls";a:3:{s:5:"style";a:2:{s:20:"layout_style_section";a:2:{s:6:"layout";i:2;s:14:"items_per_page";i:2;}s:22:"carousel_style_section";a:2:{s:15:"slides_per_view";i:2;s:23:"hide_pagination_control";i:2;}}s:7:"content";a:1:{s:23:"general_content_section";a:1:{s:7:"orderby";i:2;}}s:8:"advanced";a:1:{s:8:"wd_extra";a:1:{s:8:"scroll_y";i:2;}}}}s:21:"wd_product_categories";a:3:{s:5:"count";i:1;s:15:"control_percent";i:3;s:8:"controls";a:3:{s:7:"content";a:1:{s:23:"general_content_section";a:3:{s:7:"orderby";i:1;s:3:"ids";i:1;s:6:"number";i:1;}}s:5:"style";a:1:{s:20:"layout_style_section";a:3:{s:5:"style";i:1;s:7:"spacing";i:1;s:7:"columns";i:1;}}s:8:"advanced";a:1:{s:8:"wd_extra";a:1:{s:8:"scroll_y";i:1;}}}}s:5:"image";a:3:{s:5:"count";i:5;s:15:"control_percent";i:2;s:8:"controls";a:2:{s:7:"content";a:1:{s:13:"section_image";a:4:{s:5:"align";i:5;s:10:"image_size";i:5;s:5:"image";i:5;s:22:"image_custom_dimension";i:5;}}s:8:"advanced";a:1:{s:8:"wd_extra";a:1:{s:8:"scroll_y";i:5;}}}}s:11:"text-editor";a:3:{s:5:"count";i:4;s:15:"control_percent";i:3;s:8:"controls";a:3:{s:7:"content";a:1:{s:14:"section_editor";a:1:{s:6:"editor";i:4;}}s:5:"style";a:1:{s:13:"section_style";a:12:{s:10:"text_color";i:2;s:21:"typography_typography";i:4;s:20:"typography_font_size";i:2;s:27:"typography_font_size_tablet";i:2;s:27:"typography_font_size_mobile";i:2;s:22:"typography_font_weight";i:2;s:22:"typography_line_height";i:2;s:29:"typography_line_height_tablet";i:2;s:29:"typography_line_height_mobile";i:2;s:5:"align";i:3;s:16:"wd_content_align";i:1;s:16:"wd_content_width";i:1;}}s:8:"advanced";a:2:{s:8:"wd_extra";a:1:{s:8:"scroll_y";i:4;}s:14:"_section_style";a:2:{s:12:"_css_classes";i:2;s:15:"_padding_tablet";i:1;}}}}s:18:"wd_countdown_timer";a:3:{s:5:"count";i:1;s:15:"control_percent";i:2;s:8:"controls";a:3:{s:5:"style";a:1:{s:21:"general_style_section";a:2:{s:21:"woodmart_color_scheme";i:1;s:4:"size";i:1;}}s:7:"content";a:1:{s:23:"general_content_section";a:1:{s:4:"date";i:1;}}s:8:"advanced";a:1:{s:8:"wd_extra";a:1:{s:8:"scroll_y";i:1;}}}}s:7:"wd_blog";a:3:{s:5:"count";i:1;s:15:"control_percent";i:3;s:8:"controls";a:3:{s:5:"style";a:2:{s:21:"general_style_section";a:3:{s:12:"blog_spacing";i:1;s:14:"items_per_page";i:1;s:11:"blog_design";i:1;}s:22:"carousel_style_section";a:2:{s:15:"slides_per_view";i:1;s:23:"hide_pagination_control";i:1;}}s:7:"content";a:1:{s:23:"general_content_section";a:1:{s:5:"order";i:1;}}s:8:"advanced";a:1:{s:8:"wd_extra";a:1:{s:8:"scroll_y";i:1;}}}}s:12:"wd_instagram";a:3:{s:5:"count";i:1;s:15:"control_percent";i:5;s:8:"controls";a:3:{s:7:"content";a:2:{s:23:"general_content_section";a:2:{s:11:"data_source";i:1;s:8:"username";i:1;}s:14:"images_section";a:2:{s:6:"images";i:1;s:11:"images_size";i:1;}}s:5:"style";a:1:{s:22:"layout_content_section";a:5:{s:6:"design";i:1;s:7:"per_row";i:1;s:23:"hide_pagination_control";i:1;s:22:"hide_prev_next_buttons";i:1;s:6:"number";i:1;}}s:8:"advanced";a:1:{s:8:"wd_extra";a:1:{s:8:"scroll_y";i:1;}}}}}]]></wp:meta_value>
		</wp:postmeta>
							<wp:postmeta>
			<wp:meta_key>wd_page_css_files</wp:meta_key>
			<wp:meta_value><![CDATA[a:21:{i:0;s:12:"wp-gutenberg";i:1;s:5:"wpcf7";i:2;s:5:"mc4wp";i:3;s:17:"revolution-slider";i:4;s:14:"elementor-base";i:5;s:13:"wpbakery-base";i:6;s:13:"notices-fixed";i:7;s:16:"woocommerce-base";i:8;s:8:"info-box";i:9;s:9:"mfp-popup";i:10;s:13:"section-title";i:11;s:6:"banner";i:12;s:12:"product-loop";i:13;s:12:"owl-carousel";i:14;s:17:"add-to-cart-popup";i:15;s:15:"categories-loop";i:16;s:9:"countdown";i:17;s:9:"blog-base";i:18;s:12:"social-icons";i:19;s:9:"instagram";i:20;s:10:"scroll-top";}]]></wp:meta_value>
		</wp:postmeta>
						</item>
					<item>
		<title>
				001-cream		</title>
		<link>http://dummy.xtemos.com/woodmart-elementor/demos/home-cosmetics/001-cream/</link>
		<pubDate>Tue, 03 Oct 2017 12:55:30 +0000</pubDate>
		<dc:creator><![CDATA[erwin]]></dc:creator>
		<guid isPermaLink="false">http://dummy.xtemos.com/woodmart-elementor/demos/wp-content/uploads/sites/2/2017/10/001-cream.svg</guid>
		<description></description>
		<content:encoded><![CDATA[]]></content:encoded>
		<excerpt:encoded><![CDATA[]]></excerpt:encoded>
		<wp:post_id>1051</wp:post_id>
		<wp:post_date>2017-10-03 12:55:30</wp:post_date>
		<wp:post_date_gmt>2017-10-03 12:55:30</wp:post_date_gmt>
		<wp:comment_status>open</wp:comment_status>
		<wp:ping_status>closed</wp:ping_status>
		<wp:post_name>001-cream</wp:post_name>
		<wp:status>inherit</wp:status>
		<wp:post_parent>1043</wp:post_parent>
		<wp:menu_order>0</wp:menu_order>
		<wp:post_type>attachment</wp:post_type>
		<wp:post_password></wp:post_password>
		<wp:is_sticky>0</wp:is_sticky>
						<wp:attachment_url>http://dummy.xtemos.com/woodmart-elementor/demos/wp-content/uploads/sites/2/2017/10/001-cream.svg</wp:attachment_url>
												<wp:postmeta>
			<wp:meta_key>_wp_attached_file</wp:meta_key>
			<wp:meta_value><![CDATA[2017/10/001-cream.svg]]></wp:meta_value>
		</wp:postmeta>
						</item>
				</channel>
</rss>
	