<?xml version="1.0" encoding="UTF-8" ?>
<!-- This is a WordPress eXtended RSS file generated by WordPress as an export of your site. -->
<!-- It contains information about your site's posts, pages, comments, categories, and other content. -->
<!-- You may use this file to transfer that content from one site to another. -->
<!-- This file is not intended to serve as a complete backup of your site. -->

<!-- To import this information into a WordPress site follow these steps: -->
<!-- 1. Log in to that site as an administrator. -->
<!-- 2. Go to Tools: Import in the WordPress admin panel. -->
<!-- 3. Install the "WordPress" importer from the list. -->
<!-- 4. Activate & Run Importer. -->
<!-- 5. Upload this file using the form provided on that page. -->
<!-- 6. You will first be asked to map the authors in this export file to users -->
<!--    on the site. For each author, you may choose to map to an -->
<!--    existing user on the site or to create a new user. -->
<!-- 7. WordPress will then import each of the posts, pages, comments, categories, etc. -->
<!--    contained in this file into your site. -->

	<!-- generator="WordPress/5.4.2" created="2020-07-11 10:47" -->
<rss version="2.0"
	xmlns:excerpt="http://wordpress.org/export/1.2/excerpt/"
	xmlns:content="http://purl.org/rss/1.0/modules/content/"
	xmlns:wfw="http://wellformedweb.org/CommentAPI/"
	xmlns:dc="http://purl.org/dc/elements/1.1/"
	xmlns:wp="http://wordpress.org/export/1.2/"
>

<channel>
	<title>Woodmart dummy demos</title>
	<link>http://dummy.xtemos.com/woodmart-elementor/demos</link>
	<description>Just another Woodmart Dummy Content Sites site</description>
	<pubDate>Sat, 11 Jul 2020 10:47:09 +0000</pubDate>
	<language>en-US</language>
	<wp:wxr_version>1.2</wp:wxr_version>
	<wp:base_site_url>http://dummy.xtemos.com/woodmart-elementor/</wp:base_site_url>
	<wp:base_blog_url>http://dummy.xtemos.com/woodmart-elementor/demos</wp:base_blog_url>

		<wp:author><wp:author_id>2</wp:author_id><wp:author_login>erwin</wp:author_login><wp:author_email>ss@asas.as</wp:author_email><wp:author_display_name><![CDATA[erwin]]></wp:author_display_name><wp:author_first_name><![CDATA[]]></wp:author_first_name><wp:author_last_name><![CDATA[]]></wp:author_last_name></wp:author>

				
	<generator>https://wordpress.org/?v=5.4.2</generator>

		<item>
		<title>
				wood-main-bg		</title>
		<link>http://dummy.xtemos.com/woodmart-elementor/demos/?attachment_id=44</link>
		<pubDate>Wed, 14 Jun 2017 08:07:10 +0000</pubDate>
		<dc:creator><![CDATA[admin]]></dc:creator>
		<guid isPermaLink="false">http://dummy.xtemos.com/woodmart-elementor/demos/wp-content/uploads/sites/2/2017/06/wood-main-bg.jpg</guid>
		<description></description>
		<content:encoded><![CDATA[]]></content:encoded>
		<excerpt:encoded><![CDATA[]]></excerpt:encoded>
		<wp:post_id>44</wp:post_id>
		<wp:post_date>2017-06-14 08:07:10</wp:post_date>
		<wp:post_date_gmt>2017-06-14 08:07:10</wp:post_date_gmt>
		<wp:comment_status>open</wp:comment_status>
		<wp:ping_status>closed</wp:ping_status>
		<wp:post_name>wood-main-bg</wp:post_name>
		<wp:status>inherit</wp:status>
		<wp:post_parent>42</wp:post_parent>
		<wp:menu_order>0</wp:menu_order>
		<wp:post_type>attachment</wp:post_type>
		<wp:post_password></wp:post_password>
		<wp:is_sticky>0</wp:is_sticky>
						<wp:attachment_url>http://dummy.xtemos.com/woodmart-elementor/demos/wp-content/uploads/sites/2/2017/06/wood-main-bg.jpg</wp:attachment_url>
												<wp:postmeta>
			<wp:meta_key>_wp_attached_file</wp:meta_key>
			<wp:meta_value><![CDATA[2017/06/wood-main-bg.jpg]]></wp:meta_value>
		</wp:postmeta>
						</item>
					<item>
		<title>
				wood-gallery-placeholder-2		</title>
		<link>http://dummy.xtemos.com/woodmart-elementor/demos/home-base/wood-gallery-placeholder-2/</link>
		<pubDate>Wed, 14 Jun 2017 11:33:26 +0000</pubDate>
		<dc:creator><![CDATA[admin]]></dc:creator>
		<guid isPermaLink="false">http://dummy.xtemos.com/woodmart-elementor/demos/wp-content/uploads/sites/2/2017/06/wood-gallery-placeholder-2.jpg</guid>
		<description></description>
		<content:encoded><![CDATA[]]></content:encoded>
		<excerpt:encoded><![CDATA[]]></excerpt:encoded>
		<wp:post_id>79</wp:post_id>
		<wp:post_date>2017-06-14 11:33:26</wp:post_date>
		<wp:post_date_gmt>2017-06-14 11:33:26</wp:post_date_gmt>
		<wp:comment_status>open</wp:comment_status>
		<wp:ping_status>closed</wp:ping_status>
		<wp:post_name>wood-gallery-placeholder-2</wp:post_name>
		<wp:status>inherit</wp:status>
		<wp:post_parent>57</wp:post_parent>
		<wp:menu_order>0</wp:menu_order>
		<wp:post_type>attachment</wp:post_type>
		<wp:post_password></wp:post_password>
		<wp:is_sticky>0</wp:is_sticky>
						<wp:attachment_url>http://dummy.xtemos.com/woodmart-elementor/demos/wp-content/uploads/sites/2/2017/06/wood-gallery-placeholder-2.jpg</wp:attachment_url>
												<wp:postmeta>
			<wp:meta_key>_wp_attached_file</wp:meta_key>
			<wp:meta_value><![CDATA[2017/06/wood-gallery-placeholder-2.jpg]]></wp:meta_value>
		</wp:postmeta>
						</item>
					<item>
		<title>
				wood-gallery-placeholder-3		</title>
		<link>http://dummy.xtemos.com/woodmart-elementor/demos/home-base/wood-gallery-placeholder-3/</link>
		<pubDate>Wed, 14 Jun 2017 11:33:28 +0000</pubDate>
		<dc:creator><![CDATA[admin]]></dc:creator>
		<guid isPermaLink="false">http://dummy.xtemos.com/woodmart-elementor/demos/wp-content/uploads/sites/2/2017/06/wood-gallery-placeholder-3.jpg</guid>
		<description></description>
		<content:encoded><![CDATA[]]></content:encoded>
		<excerpt:encoded><![CDATA[]]></excerpt:encoded>
		<wp:post_id>80</wp:post_id>
		<wp:post_date>2017-06-14 11:33:28</wp:post_date>
		<wp:post_date_gmt>2017-06-14 11:33:28</wp:post_date_gmt>
		<wp:comment_status>open</wp:comment_status>
		<wp:ping_status>closed</wp:ping_status>
		<wp:post_name>wood-gallery-placeholder-3</wp:post_name>
		<wp:status>inherit</wp:status>
		<wp:post_parent>57</wp:post_parent>
		<wp:menu_order>0</wp:menu_order>
		<wp:post_type>attachment</wp:post_type>
		<wp:post_password></wp:post_password>
		<wp:is_sticky>0</wp:is_sticky>
						<wp:attachment_url>http://dummy.xtemos.com/woodmart-elementor/demos/wp-content/uploads/sites/2/2017/06/wood-gallery-placeholder-3.jpg</wp:attachment_url>
												<wp:postmeta>
			<wp:meta_key>_wp_attached_file</wp:meta_key>
			<wp:meta_value><![CDATA[2017/06/wood-gallery-placeholder-3.jpg]]></wp:meta_value>
		</wp:postmeta>
						</item>
					<item>
		<title>
				wood-gallery-placeholder-4		</title>
		<link>http://dummy.xtemos.com/woodmart-elementor/demos/home-base/wood-gallery-placeholder-4/</link>
		<pubDate>Wed, 14 Jun 2017 11:33:30 +0000</pubDate>
		<dc:creator><![CDATA[admin]]></dc:creator>
		<guid isPermaLink="false">http://dummy.xtemos.com/woodmart-elementor/demos/wp-content/uploads/sites/2/2017/06/wood-gallery-placeholder-4.jpg</guid>
		<description></description>
		<content:encoded><![CDATA[]]></content:encoded>
		<excerpt:encoded><![CDATA[]]></excerpt:encoded>
		<wp:post_id>81</wp:post_id>
		<wp:post_date>2017-06-14 11:33:30</wp:post_date>
		<wp:post_date_gmt>2017-06-14 11:33:30</wp:post_date_gmt>
		<wp:comment_status>open</wp:comment_status>
		<wp:ping_status>closed</wp:ping_status>
		<wp:post_name>wood-gallery-placeholder-4</wp:post_name>
		<wp:status>inherit</wp:status>
		<wp:post_parent>57</wp:post_parent>
		<wp:menu_order>0</wp:menu_order>
		<wp:post_type>attachment</wp:post_type>
		<wp:post_password></wp:post_password>
		<wp:is_sticky>0</wp:is_sticky>
						<wp:attachment_url>http://dummy.xtemos.com/woodmart-elementor/demos/wp-content/uploads/sites/2/2017/06/wood-gallery-placeholder-4.jpg</wp:attachment_url>
												<wp:postmeta>
			<wp:meta_key>_wp_attached_file</wp:meta_key>
			<wp:meta_value><![CDATA[2017/06/wood-gallery-placeholder-4.jpg]]></wp:meta_value>
		</wp:postmeta>
						</item>
					<item>
		<title>
				wood-portfolio-placeholder		</title>
		<link>http://dummy.xtemos.com/woodmart-elementor/demos/wood-portfolio-placeholder/</link>
		<pubDate>Wed, 14 Jun 2017 14:02:43 +0000</pubDate>
		<dc:creator><![CDATA[admin]]></dc:creator>
		<guid isPermaLink="false">http://dummy.xtemos.com/woodmart-elementor/demos/wp-content/uploads/sites/2/2017/06/wood-portfolio-placeholder.jpg</guid>
		<description></description>
		<content:encoded><![CDATA[]]></content:encoded>
		<excerpt:encoded><![CDATA[]]></excerpt:encoded>
		<wp:post_id>117</wp:post_id>
		<wp:post_date>2017-06-14 14:02:43</wp:post_date>
		<wp:post_date_gmt>2017-06-14 14:02:43</wp:post_date_gmt>
		<wp:comment_status>open</wp:comment_status>
		<wp:ping_status>closed</wp:ping_status>
		<wp:post_name>wood-portfolio-placeholder</wp:post_name>
		<wp:status>inherit</wp:status>
		<wp:post_parent>0</wp:post_parent>
		<wp:menu_order>0</wp:menu_order>
		<wp:post_type>attachment</wp:post_type>
		<wp:post_password></wp:post_password>
		<wp:is_sticky>0</wp:is_sticky>
						<wp:attachment_url>http://dummy.xtemos.com/woodmart-elementor/demos/wp-content/uploads/sites/2/2017/06/wood-portfolio-placeholder.jpg</wp:attachment_url>
												<wp:postmeta>
			<wp:meta_key>_wp_attached_file</wp:meta_key>
			<wp:meta_value><![CDATA[2017/06/wood-portfolio-placeholder.jpg]]></wp:meta_value>
		</wp:postmeta>
						</item>
					<item>
		<title>
				Home Glasses		</title>
		<link>http://dummy.xtemos.com/woodmart-elementor/demos/home-glasses/</link>
		<pubDate>Fri, 22 Jun 2018 09:22:27 +0000</pubDate>
		<dc:creator><![CDATA[erwin]]></dc:creator>
		<guid isPermaLink="false">http://dummy.xtemos.com/woodmart-elementor/demos/?page_id=1589</guid>
		<description></description>
		<content:encoded><![CDATA[<article id="post-368">
		<header>
							<figure>
						<a href="http://dummy.xtemos.com/woodmart-elementor/demos/2017/06/22/minimalist-japanese-inspired-furniture/">
							<img width="1140" height="696" src="http://dummy.xtemos.com/woodmart-elementor/demos/wp-content/uploads/sites/2/2017/06/wood-blog-placeholder.jpg" alt="" />						</a>
				</figure>
					22				
					Jun				
				</header><!-- .entry-header -->
							<a href="http://dummy.xtemos.com/woodmart-elementor/demos/category/furniture/" rel="category tag">Furniture</a>
							<h3>
					<a href="http://dummy.xtemos.com/woodmart-elementor/demos/2017/06/22/minimalist-japanese-inspired-furniture/" rel="bookmark">Minimalist Japanese-inspired furniture</a>
				</h3>
								<ul>
										<li>June 22, 2017</li>
																<li>
															Posted by																						<img alt='author-avatar' src='http://2.gravatar.com/avatar/e2861dedf067ea2500566d0269cf9e64?s=32&#038;d=mm&#038;r=g' class='avatar avatar-32 photo' height='32' width='32' />														<a href="http://dummy.xtemos.com/woodmart-elementor/demos/author/admin/" rel="author">
									admin
							</a>
						</li>
																																																			<li>
														<a href="http://dummy.xtemos.com/woodmart-elementor/demos/2017/06/22/minimalist-japanese-inspired-furniture/#respond">0 comments</a>						</li>
																						</ul>
						<!-- .entry-meta -->
									<a rel="nofollow noopener noreferrer" href="https://www.facebook.com/sharer/sharer.php?u=http://dummy.xtemos.com/woodmart-elementor/demos/2017/06/22/minimalist-japanese-inspired-furniture/" target="_blank">
						<i></i>
						Facebook
					</a>
									<a rel="nofollow noopener noreferrer" href="https://twitter.com/share?url=http://dummy.xtemos.com/woodmart-elementor/demos/2017/06/22/minimalist-japanese-inspired-furniture/" target="_blank">
						<i></i>
						Twitter
					</a>
									<a rel="nofollow noopener noreferrer" href="https://pinterest.com/pin/create/button/?url=http://dummy.xtemos.com/woodmart-elementor/demos/2017/06/22/minimalist-japanese-inspired-furniture/&amp;media=http://dummy.xtemos.com/woodmart-elementor/demos/wp-content/uploads/sites/2/2017/06/wood-blog-placeholder.jpg&amp;description=Minimalist+Japanese-inspired+furniture" target="_blank">
						<i></i>
						Pinterest
					</a>
									<a rel="nofollow noopener noreferrer" href="https://www.linkedin.com/shareArticle?mini=true&amp;url=http://dummy.xtemos.com/woodmart-elementor/demos/2017/06/22/minimalist-japanese-inspired-furniture/" target="_blank">
						<i></i>
						linkedin
					</a>
									<a rel="nofollow noopener noreferrer" href="https://telegram.me/share/url?url=http://dummy.xtemos.com/woodmart-elementor/demos/2017/06/22/minimalist-japanese-inspired-furniture/" target="_blank">
						<i></i>
						Telegram
					</a>
					<p>[vc_row][vc_column][vc_column_text]Ac haca ullamcorper donec ante habi tasse donec imperdiet eturpis varius per a augue magna hac. Nec hac et vestibulum duis a tincidunt per a aptent interdum purus feugiat a id aliquet erat himenaeos nunc torquent euismod adipiscing adipiscing dui gravida justo. Ultrices ut parturient morbi sit adipiscing</p>
<p><a href="http://dummy.xtemos.com/woodmart-elementor/demos/2017/06/22/minimalist-japanese-inspired-furniture/">Continue reading</a></p>
				<!-- .entry-content -->
</article><!-- #post -->
<article id="post-232">
		<header>
							<figure>
						<a href="http://dummy.xtemos.com/woodmart-elementor/demos/2017/06/16/new-home-decor-from-john-doerson/">
							<img width="1140" height="696" src="http://dummy.xtemos.com/woodmart-elementor/demos/wp-content/uploads/sites/2/2017/06/wood-blog-placeholder.jpg" alt="" />						</a>
				</figure>
					16				
					Jun				
				</header><!-- .entry-header -->
							<a href="http://dummy.xtemos.com/woodmart-elementor/demos/category/furniture/" rel="category tag">Furniture</a>
							<h3>
					<a href="http://dummy.xtemos.com/woodmart-elementor/demos/2017/06/16/new-home-decor-from-john-doerson/" rel="bookmark">New home decor from John Doerson</a>
				</h3>
								<ul>
										<li>June 16, 2017</li>
																<li>
															Posted by																						<img alt='author-avatar' src='http://2.gravatar.com/avatar/e2861dedf067ea2500566d0269cf9e64?s=32&#038;d=mm&#038;r=g' class='avatar avatar-32 photo' height='32' width='32' />														<a href="http://dummy.xtemos.com/woodmart-elementor/demos/author/admin/" rel="author">
									admin
							</a>
						</li>
																																																			<li>
														<a href="http://dummy.xtemos.com/woodmart-elementor/demos/2017/06/16/new-home-decor-from-john-doerson/#respond">0 comments</a>						</li>
																						</ul>
						<!-- .entry-meta -->
									<a rel="nofollow noopener noreferrer" href="https://www.facebook.com/sharer/sharer.php?u=http://dummy.xtemos.com/woodmart-elementor/demos/2017/06/16/new-home-decor-from-john-doerson/" target="_blank">
						<i></i>
						Facebook
					</a>
									<a rel="nofollow noopener noreferrer" href="https://twitter.com/share?url=http://dummy.xtemos.com/woodmart-elementor/demos/2017/06/16/new-home-decor-from-john-doerson/" target="_blank">
						<i></i>
						Twitter
					</a>
									<a rel="nofollow noopener noreferrer" href="https://pinterest.com/pin/create/button/?url=http://dummy.xtemos.com/woodmart-elementor/demos/2017/06/16/new-home-decor-from-john-doerson/&amp;media=http://dummy.xtemos.com/woodmart-elementor/demos/wp-content/uploads/sites/2/2017/06/wood-blog-placeholder.jpg&amp;description=New+home+decor+from+John+Doerson" target="_blank">
						<i></i>
						Pinterest
					</a>
									<a rel="nofollow noopener noreferrer" href="https://www.linkedin.com/shareArticle?mini=true&amp;url=http://dummy.xtemos.com/woodmart-elementor/demos/2017/06/16/new-home-decor-from-john-doerson/" target="_blank">
						<i></i>
						linkedin
					</a>
									<a rel="nofollow noopener noreferrer" href="https://telegram.me/share/url?url=http://dummy.xtemos.com/woodmart-elementor/demos/2017/06/16/new-home-decor-from-john-doerson/" target="_blank">
						<i></i>
						Telegram
					</a>
					<p>[vc_row][vc_column][vc_column_text]Ullamcorper condimentum erat pretium velit at ut a nunc id a adeu vestibulum nibh urna nam consequat erat molestie lacinia rhoncus. Nisi a diamida himenaeos condimentum laoreet pera neque habitant leo feugiat viverra nisl sagittis a curabitur parturient nisi adipiscing. A parturient dapibus pulvinar arcu a suspendisse sagittis mus mollis at a nec placerat sociosqu himenaeos litora fames habitant suscipit tempus scelerisque ridiculus mi ullamcorper per ridiculus proin condimentum.</p>
<p><a href="http://dummy.xtemos.com/woodmart-elementor/demos/2017/06/16/new-home-decor-from-john-doerson/">Continue reading</a></p>
				<!-- .entry-content -->
</article><!-- #post -->
<article id="post-226">
		<header>
							<figure>
						<a href="http://dummy.xtemos.com/woodmart-elementor/demos/2017/06/16/the-big-design-wall-likes-pictures/">
							<img width="1140" height="696" src="http://dummy.xtemos.com/woodmart-elementor/demos/wp-content/uploads/sites/2/2017/06/wood-blog-placeholder.jpg" alt="" />						</a>
				</figure>
					16				
					Jun				
				</header><!-- .entry-header -->
							<a href="http://dummy.xtemos.com/woodmart-elementor/demos/category/design-trends/" rel="category tag">Design trends</a>
							<h3>
					<a href="http://dummy.xtemos.com/woodmart-elementor/demos/2017/06/16/the-big-design-wall-likes-pictures/" rel="bookmark">The big design: Wall likes pictures</a>
				</h3>
								<ul>
										<li>June 16, 2017</li>
																<li>
															Posted by																						<img alt='author-avatar' src='http://2.gravatar.com/avatar/e2861dedf067ea2500566d0269cf9e64?s=32&#038;d=mm&#038;r=g' class='avatar avatar-32 photo' height='32' width='32' />														<a href="http://dummy.xtemos.com/woodmart-elementor/demos/author/admin/" rel="author">
									admin
							</a>
						</li>
																																																			<li>
														<a href="http://dummy.xtemos.com/woodmart-elementor/demos/2017/06/16/the-big-design-wall-likes-pictures/#respond">0 comments</a>						</li>
																						</ul>
						<!-- .entry-meta -->
									<a rel="nofollow noopener noreferrer" href="https://www.facebook.com/sharer/sharer.php?u=http://dummy.xtemos.com/woodmart-elementor/demos/2017/06/16/the-big-design-wall-likes-pictures/" target="_blank">
						<i></i>
						Facebook
					</a>
									<a rel="nofollow noopener noreferrer" href="https://twitter.com/share?url=http://dummy.xtemos.com/woodmart-elementor/demos/2017/06/16/the-big-design-wall-likes-pictures/" target="_blank">
						<i></i>
						Twitter
					</a>
									<a rel="nofollow noopener noreferrer" href="https://pinterest.com/pin/create/button/?url=http://dummy.xtemos.com/woodmart-elementor/demos/2017/06/16/the-big-design-wall-likes-pictures/&amp;media=http://dummy.xtemos.com/woodmart-elementor/demos/wp-content/uploads/sites/2/2017/06/wood-blog-placeholder.jpg&amp;description=The+big+design%3A+Wall+likes+pictures" target="_blank">
						<i></i>
						Pinterest
					</a>
									<a rel="nofollow noopener noreferrer" href="https://www.linkedin.com/shareArticle?mini=true&amp;url=http://dummy.xtemos.com/woodmart-elementor/demos/2017/06/16/the-big-design-wall-likes-pictures/" target="_blank">
						<i></i>
						linkedin
					</a>
									<a rel="nofollow noopener noreferrer" href="https://telegram.me/share/url?url=http://dummy.xtemos.com/woodmart-elementor/demos/2017/06/16/the-big-design-wall-likes-pictures/" target="_blank">
						<i></i>
						Telegram
					</a>
					<p>[vc_row][vc_column][vc_column_text]Parturient in potenti id rutrum duis torquent parturient sceler isque sit vestibulum a posuere scelerisque viverra urna. Egestas tristique vestibulum vestibulum ante vulputate penati bus a nibh dis parturient cum a adipiscing nam condimentum quisque enim fames risus eget. Consectetur duis tempus massa elit himenaeos duis iaculis parturient nam tempor neque nisl parturient vivamus primis sociosqu ac donec nisi a adipiscing senectus.</p>
<p><a href="http://dummy.xtemos.com/woodmart-elementor/demos/2017/06/16/the-big-design-wall-likes-pictures/">Continue reading</a></p>
				<!-- .entry-content -->
</article><!-- #post -->
				 <!-- end product-items -->
			 <!-- end #carousel-104 -->]]></content:encoded>
		<excerpt:encoded><![CDATA[]]></excerpt:encoded>
		<wp:post_id>1589</wp:post_id>
		<wp:post_date>2018-06-22 09:22:27</wp:post_date>
		<wp:post_date_gmt>2018-06-22 09:22:27</wp:post_date_gmt>
		<wp:comment_status>closed</wp:comment_status>
		<wp:ping_status>closed</wp:ping_status>
		<wp:post_name>home-glasses</wp:post_name>
		<wp:status>publish</wp:status>
		<wp:post_parent>0</wp:post_parent>
		<wp:menu_order>0</wp:menu_order>
		<wp:post_type>page</wp:post_type>
		<wp:post_password></wp:post_password>
		<wp:is_sticky>0</wp:is_sticky>
														<wp:postmeta>
			<wp:meta_key>_wp_page_template</wp:meta_key>
			<wp:meta_value><![CDATA[default]]></wp:meta_value>
		</wp:postmeta>
							<wp:postmeta>
			<wp:meta_key>_woodmart_whb_header</wp:meta_key>
			<wp:meta_value><![CDATA[none]]></wp:meta_value>
		</wp:postmeta>
							<wp:postmeta>
			<wp:meta_key>_woodmart_main_layout</wp:meta_key>
			<wp:meta_value><![CDATA[full-width]]></wp:meta_value>
		</wp:postmeta>
							<wp:postmeta>
			<wp:meta_key>_woodmart_title_off</wp:meta_key>
			<wp:meta_value><![CDATA[on]]></wp:meta_value>
		</wp:postmeta>
							<wp:postmeta>
			<wp:meta_key>_woodmart_prefooter_off</wp:meta_key>
			<wp:meta_value><![CDATA[on]]></wp:meta_value>
		</wp:postmeta>
							<wp:postmeta>
			<wp:meta_key>_elementor_data</wp:meta_key>
			<wp:meta_value><![CDATA[[{"id":"2012145","elType":"section","settings":{"wd_section_stretch":"stretch_row_content","gap":"no","margin":{"unit":"px","top":"-40","right":"-0","bottom":"60","left":"0","isLinked":""},"margin_mobile":{"unit":"px","top":"-40","right":"0","bottom":"45","left":"0","isLinked":""}},"elements":[{"id":"8853968","elType":"column","settings":{"_column_size":"100","column_sticky_offset":"50","scroll_y":"-80"},"elements":[{"id":"198591","elType":"widget","settings":{"shortcode":"[rev_slider alias=\"glasses\"][\/rev_slider]","revslidertitle":"glasses","scroll_y":"-80"},"elements":[],"widgetType":"slider_revolution"}],"isInner":""}],"isInner":""},{"id":"862347","elType":"section","settings":{"structure":"20","gap":"extended","margin":{"unit":"px","top":"0","right":"0","bottom":"60","left":"0","isLinked":""},"margin_mobile":{"unit":"px","top":"0","right":"0","bottom":"35","left":"0","isLinked":""}},"elements":[{"id":"5118369","elType":"column","settings":{"_column_size":"50","_inline_size_tablet":"100","column_sticky_offset":"50","scroll_y":"-80"},"elements":[{"id":"5846293","elType":"widget","settings":{"align":"left","image_size":"full","title":"Garamond","subtitle":"WOMAN SUNGLASSES","content":"","btn_text":"View more","btn_position":"static","hover":"parallax","woodmart_color_scheme":"dark","image_custom_dimension":[],"image":{"id":"117","url":"#"},"btn_color":"primary","btn_style":"link","title_size":"custom","title_typography_typography":"custom","title_typography_font_weight":"500","vertical_alignment":"middle","title_typography_font_size":{"size":"40","unit":"px"},"title_typography_font_size_tablet":{"size":"32","unit":"px"},"title_typography_font_size_mobile":{"size":"24","unit":"px"},"title_tablet_text_size":"32","title_mobile_text_size":"24","scroll_y":"-80"},"elements":[],"widgetType":"wd_banner"}],"isInner":""},{"id":"2535261","elType":"column","settings":{"_column_size":"50","_inline_size_tablet":"100","column_sticky_offset":"50","scroll_y":"-80"},"elements":[{"id":"5659094","elType":"widget","settings":{"align":"left","image_size":"full","title":"Wayfarer","subtitle":"MAN SUNGLASSES","content":"","btn_text":"View more","btn_position":"static","hover":"parallax","woodmart_color_scheme":"dark","image_custom_dimension":[],"image":{"id":"117","url":"#"},"btn_color":"primary","btn_style":"link","title_size":"custom","title_typography_typography":"custom","title_typography_font_weight":"500","vertical_alignment":"middle","title_typography_font_size":{"size":"40","unit":"px"},"title_typography_font_size_tablet":{"size":"32","unit":"px"},"title_typography_font_size_mobile":{"size":"24","unit":"px"},"title_tablet_text_size":"32","title_mobile_text_size":"24","scroll_y":"-80"},"elements":[],"widgetType":"wd_banner"}],"isInner":""}],"isInner":""},{"id":"1887670","elType":"section","settings":{"margin":{"unit":"px","top":"0","right":"0","bottom":"30","left":"0","isLinked":""}},"elements":[{"id":"1469234","elType":"column","settings":{"_column_size":"100","column_sticky_offset":"50","scroll_y":"-80"},"elements":[{"id":"cddc3db","elType":"widget","settings":{"subtitle":"","title":"Bestseller Products","after_title":"<p>There are many variations of passages of lorem.<\/p>","size":"large","title_typography_typography":"custom","title_typography_font_size":{"unit":"px","size":"32","sizes":[]},"title_typography_font_size_tablet":{"unit":"px","size":"26","sizes":[]},"title_typography_font_size_mobile":{"unit":"px","size":"22","sizes":[]},"text_typography_typography":"custom","text_typography_font_size":{"unit":"px","size":"16","sizes":[]},"text_typography_font_size_tablet":{"unit":"px","size":"14","sizes":[]},"scroll_y":"-80"},"elements":[],"widgetType":"wd_title"},{"id":"9377625","elType":"widget","settings":{"title":"","color":"#aad0eb","tabs_items":[{"_id":"4241569","image_size":"custom","title":"New Arrivals","items_per_page":"6","columns":{"size":"3","unit":"px","sizes":[]},"post_type":"product","include":"","taxonomies":"","orderby":"","offset":"","query_type":"OR","order":"","meta_key":"","exclude":"","image":{"url":"","id":""},"image_custom_dimension":{"width":"","height":""}},{"_id":"7815938","image_size":"custom","title":"Eyeglasses","items_per_page":"6","columns":{"size":"3","unit":"px","sizes":[]},"taxonomies":["193"],"post_type":"product","include":"","orderby":"","offset":"","query_type":"OR","order":"","meta_key":"","exclude":"","image":{"url":"","id":""},"image_custom_dimension":{"width":"","height":""}},{"_id":"609914","image_size":"custom","title":"Sunglasses","items_per_page":"6","columns":{"size":"3","unit":"px","sizes":[]},"taxonomies":["193"],"post_type":"product","include":"","orderby":"","offset":"","query_type":"OR","order":"","meta_key":"","exclude":"","image":{"url":"","id":""},"image_custom_dimension":{"width":"","height":""}}],"scroll_y":"-80","columns":{"unit":"px","size":"3","sizes":[]},"items_per_page":"6"},"elements":[],"widgetType":"wd_products_tabs"}],"isInner":""}],"isInner":""},{"id":"9765642","elType":"section","settings":{"wd_section_stretch":"stretch","content_position":"middle","woodmart_disable_overflow":"1","el_class":"z-index-10","structure":"20","margin":{"unit":"px","top":"0","right":"0","bottom":"-100","left":"0","isLinked":""},"margin_tablet":{"unit":"px","top":"0","right":"0","bottom":"60","left":"0","isLinked":""},"z_index":"1"},"elements":[{"id":"4268007","elType":"column","settings":{"_column_size":"50","_inline_size":"54.868","el_class":"reset-margin","_inline_size_tablet":"100","margin":{"unit":"px","top":"0","right":"0","bottom":"0","left":"0","isLinked":""},"column_sticky_offset":"50","scroll_y":"-80"},"elements":[{"id":"6187508","elType":"section","settings":{"structure":"20","gap":"extended"},"elements":[{"id":"4198459","elType":"column","settings":{"_column_size":"50","column_sticky_offset":"50","column_parallax":"parallax-on-scroll","scroll_y":"35"},"elements":[{"id":"3442669","elType":"widget","settings":{"align":"center","image_size":"custom","image":{"id":"117","url":"#"},"image_custom_dimension":{"width":"333","height":"500"},"parallax_scroll":"yes","scroll_x":"0","scroll_y":"40","scroll_z":"0"},"elements":[],"widgetType":"image"}],"isInner":"1"},{"id":"2498963","elType":"column","settings":{"_column_size":"50","hide_mobile":"hidden-phone","column_sticky_offset":"50","column_parallax":"parallax-on-scroll","scroll_y":"25"},"elements":[{"id":"225683","elType":"widget","settings":{"align":"center","image_size":"custom","image":{"id":"117","url":"#"},"image_custom_dimension":{"width":"333","height":"500"},"parallax_scroll":"yes","scroll_x":"0","scroll_y":"20","scroll_z":"0","_margin":{"unit":"px","top":"35","right":"0","bottom":"0","left":"0","isLinked":""}},"elements":[],"widgetType":"image"}],"isInner":""}],"isInner":"1"}],"isInner":""},{"id":"5084699","elType":"column","settings":{"_column_size":"50","_inline_size":"45.091","parallax_scroll":"yes","scroll_x":"0","scroll_y":"-25","scroll_z":"0","_inline_size_tablet":"100","margin":{"unit":"px","top":"0","right":"0","bottom":"-65","left":"-65","isLinked":""},"margin_tablet":{"unit":"px","top":"0","right":"0","bottom":"0","left":"0","isLinked":"1"},"column_sticky_offset":"50","column_parallax":"parallax-on-scroll"},"elements":[{"id":"74dd393","elType":"widget","settings":{"subtitle":"","title":"Best glasses\n<u><strong>Collection<\/strong><\/u> of 2018.","after_title":"","align":"left","size":"large","title_decoration_style":"bordered","title_typography_typography":"custom","title_typography_font_size":{"unit":"px","size":"48","sizes":[]},"title_typography_font_size_tablet":{"unit":"px","size":"26","sizes":[]},"title_typography_font_size_mobile":{"unit":"px","size":"24","sizes":[]},"title_typography_font_weight":"400","title_typography_line_height":{"unit":"px","size":"66","sizes":[]},"text_typography_typography":"custom","text_typography_font_size":{"unit":"px","size":"16","sizes":[]},"text_typography_font_size_tablet":{"unit":"px","size":"14","sizes":[]},"scroll_y":"-80","title_typography_line_height_mobile":{"unit":"px","size":"34","sizes":[]}},"elements":[],"widgetType":"wd_title"},{"id":"25a30f1","elType":"widget","settings":{"editor":"<p>But I must explain to you how all this mistaken idea of denouncing pleasure A wonderful serenity has taken possession of my entire soul, like these sweet mornings of spring The European languages.<\/p>","typography_typography":"custom","typography_font_size":{"unit":"px","size":"16","sizes":[]},"scroll_y":"-80"},"elements":[],"widgetType":"text-editor"},{"id":"8071331","elType":"section","settings":{"structure":"20","margin":{"unit":"px","top":"0","right":"0","bottom":"20","left":"0","isLinked":""}},"elements":[{"id":"8021173","elType":"column","settings":{"_column_size":"50","column_sticky_offset":"50","scroll_y":"-80"},"elements":[{"id":"827477","elType":"widget","settings":{"icon_library":"material","list_items":[{"_id":"8598631","list_content":"New color combinations"},{"_id":"6785554","list_content":"High-quality materials"}],"icon_material":"vc-material vc-material-fiber_manual_record","icons_color":"#aad0eb","icon":{"value":"fas fa-circle","library":"fa-solid"},"scroll_y":"-80","icon_size":{"unit":"px","size":"8","sizes":[]}},"elements":[],"widgetType":"wd_list"}],"isInner":"1"},{"id":"533878","elType":"column","settings":{"_column_size":"50","column_sticky_offset":"50","scroll_y":"-80"},"elements":[{"id":"4144971","elType":"widget","settings":{"icon_library":"material","list_items":[{"_id":"9021823","list_content":"Wide selection of lenses"},{"_id":"2520496","list_content":"Convenient carrying case"}],"icon_material":"vc-material vc-material-fiber_manual_record","icons_color":"#aad0eb","icon":{"value":"fas fa-circle","library":"fa-solid"},"scroll_y":"-80","icon_size":{"unit":"px","size":"8","sizes":[]}},"elements":[],"widgetType":"wd_list"}],"isInner":""}],"isInner":"1"},{"id":"2888640","elType":"widget","settings":{"color":"primary","_element_width":"auto","text":"Add to cart","_margin":{"unit":"px","top":"0","right":"15","bottom":"10","left":"0","isLinked":""},"scroll_y":"-80"},"elements":[],"widgetType":"wd_button"},{"id":"9140716","elType":"widget","settings":{"style":"bordered","_element_width":"auto","text":"View more","_margin":{"unit":"px","top":"0","right":"0","bottom":"10","left":"0","isLinked":""},"scroll_y":"-80"},"elements":[],"widgetType":"wd_button"}],"isInner":""}],"isInner":""},{"id":"1191016","elType":"section","settings":{"content_position":"middle","background_background":"classic","background_size":"cover","background_repeat":"no-repeat","wd_section_stretch":"stretch","background_color":"#F8F8F8","margin":{"unit":"px","top":"0","right":"0","bottom":"55","left":"0","isLinked":""},"padding":{"unit":"px","top":"120","right":"15","bottom":"70","left":"15","isLinked":""},"margin_mobile":{"unit":"px","top":"0","right":"0","bottom":"40","left":"0","isLinked":""},"padding_tablet":{"unit":"px","top":"45","right":"15","bottom":"50","left":"15","isLinked":""}},"elements":[{"id":"9437850","elType":"column","settings":{"_column_size":"100","column_sticky_offset":"50","scroll_y":"-80"},"elements":[{"id":"0bfecee","elType":"section","settings":{"background_background":"classic","background_image":{"url":"http:\/\/dummy.xtemos.com\/woodmart-elementor\/demos\/wp-content\/uploads\/sites\/2\/2017\/06\/wood-main-bg.jpg","id":"44"},"background_position":"center center","background_repeat":"no-repeat","background_size":"cover","margin":{"unit":"px","top":"0","right":"0","bottom":"0","left":"0","isLinked":"1"},"padding":{"unit":"px","top":"70","right":"70","bottom":"70","left":"70","isLinked":""},"margin_mobile":{"unit":"px","top":"0","right":"0","bottom":"0","left":"0","isLinked":"1"},"padding_mobile":{"unit":"px","top":"15","right":"15","bottom":"15","left":"15","isLinked":"1"}},"elements":[{"id":"1192480","elType":"column","settings":{"_column_size":"100","column_sticky_offset":"50","scroll_y":"-80"},"elements":[{"id":"b3a6c5e","elType":"widget","settings":{"subtitle":"","title":"Gordon-Glasses <br>True <strong><u>Modern Classics.<\/strong><\/u>","after_title":"","align":"left","size":"large","title_decoration_style":"bordered","title_typography_typography":"custom","title_typography_font_size":{"unit":"px","size":"42","sizes":[]},"title_typography_font_size_tablet":{"unit":"px","size":"26","sizes":[]},"title_typography_font_size_mobile":{"unit":"px","size":"24","sizes":[]},"title_typography_font_weight":"400","title_typography_line_height":{"unit":"px","size":"58","sizes":[]},"text_typography_typography":"custom","text_typography_font_size":{"unit":"px","size":"16","sizes":[]},"text_typography_font_size_tablet":{"unit":"px","size":"14","sizes":[]},"scroll_y":"-80","title_typography_line_height_mobile":{"unit":"px","size":"34","sizes":[]}},"elements":[],"widgetType":"wd_title"},{"id":"5091e1c","elType":"widget","settings":{"editor":"<p>One morning, when Gregor Samsa woke from troubled dreams, he found himself transformed in his bed into a horrible vermin. He lay on his armour-like.<\/p>","typography_typography":"custom","typography_font_size":{"unit":"px","size":"16","sizes":[]},"wd_content_width":{"unit":"px","size":"430","sizes":[]},"scroll_y":"-80"},"elements":[],"widgetType":"text-editor"},{"id":"9417211","elType":"widget","settings":{"color":"primary","_element_width":"auto","text":"BUY NOW","_margin":{"unit":"px","top":"0","right":"15","bottom":"10","left":"0","isLinked":""},"scroll_y":"-80"},"elements":[],"widgetType":"wd_button"},{"id":"b4f9ee7","elType":"widget","settings":{"style":"bordered","_element_width":"auto","text":"Read more","scroll_y":"-80"},"elements":[],"widgetType":"wd_button"}],"isInner":"1"}],"isInner":"1"},{"id":"1823277","elType":"widget","settings":{"ids_size":"custom","ids":[{"id":"117","url":""},{"id":"81","url":""},{"id":"80","url":""}],"view":"carousel","spacing":"0","slides_per_view":{"size":"1","unit":"px","sizes":[]},"hide_pagination_control":"yes","on_click":"none","caption":"","ids_custom_dimension":{"width":"473","height":"185"},"_margin":{"unit":"px","top":"-70","right":"0","bottom":"45","left":"0","isLinked":""},"scroll_y":"-80","_margin_mobile":{"unit":"px","top":"0","right":"0","bottom":"0","left":"0","isLinked":"1"}},"elements":[],"widgetType":"wd_images_gallery"},{"id":"9260752","elType":"section","settings":{"structure":"40"},"elements":[{"id":"bb5df2e","elType":"column","settings":{"_column_size":"25","column_sticky_offset":"50","scroll_y":"-80","_inline_size_tablet":"50"},"elements":[{"id":"8805557","elType":"widget","settings":{"icon_type":"icon","alignment":"left","btn_text":"","image_size":"custom","subtitle":"","title":"Best Materials","btn_position":"hover","image":{"id":"1593","url":"#"},"image_alignment":"left","image_custom_dimension":{"width":"50","height":"50"},"content":"Condimentum a rhoncus.","icon_text":"53","scroll_y":"-80"},"elements":[],"widgetType":"wd_infobox"}],"isInner":"1"},{"id":"1e59ab1","elType":"column","settings":{"_column_size":"25","column_sticky_offset":"50","scroll_y":"-80","_inline_size_tablet":"50"},"elements":[{"id":"107826","elType":"widget","settings":{"icon_type":"icon","alignment":"left","btn_text":"","image_size":"custom","subtitle":"","title":"Carl Zeiss Lenses","btn_position":"hover","image":{"id":"1593","url":"#"},"image_alignment":"left","image_custom_dimension":{"width":"50","height":"50"},"content":"Tellus aliquet eget imperdiet.","icon_text":"53","scroll_y":"-80"},"elements":[],"widgetType":"wd_infobox"}],"isInner":"1"},{"id":"8f31e0c","elType":"column","settings":{"_column_size":"25","column_sticky_offset":"50","scroll_y":"-80","_inline_size_tablet":"50"},"elements":[{"id":"8250146","elType":"widget","settings":{"icon_type":"icon","alignment":"left","btn_text":"","image_size":"custom","subtitle":"","title":"Modern Design","btn_position":"hover","image":{"id":"1593","url":"#"},"image_alignment":"left","image_custom_dimension":{"width":"50","height":"50"},"content":"Condimentum tempus tristique.","icon_text":"53","scroll_y":"-80"},"elements":[],"widgetType":"wd_infobox"}],"isInner":"1"},{"id":"92c6e38","elType":"column","settings":{"_column_size":"25","column_sticky_offset":"50","scroll_y":"-80","_inline_size_tablet":"50"},"elements":[{"id":"6263343","elType":"widget","settings":{"icon_type":"icon","alignment":"left","btn_text":"","image_size":"custom","subtitle":"","title":"All Sizes","btn_position":"hover","image":{"id":"1593","url":"#"},"image_alignment":"left","image_custom_dimension":{"width":"50","height":"50"},"content":"Taciti nam scelerisque nunc.","icon_text":"53","scroll_y":"-80"},"elements":[],"widgetType":"wd_infobox"}],"isInner":"1"}],"isInner":"1"}],"isInner":""}],"isInner":""},{"id":"9581749","elType":"section","settings":{"content_position":"middle","row_reverse_mobile":"1","row_reverse_tablet":"1","structure":"20","margin":{"unit":"px","top":"0","right":"0","bottom":"60","left":"0","isLinked":""},"reverse_order_tablet":"reverse-tablet","reverse_order_mobile":"reverse-mobile"},"elements":[{"id":"789973","elType":"column","settings":{"_column_size":"40","parallax_scroll":"yes","scroll_x":"0","scroll_y":"-25","scroll_z":"0","column_sticky_offset":"50","column_parallax":"parallax-on-scroll","_inline_size_tablet":"100"},"elements":[{"id":"717d36d","elType":"widget","settings":{"subtitle":"","title":"Best selection of\n<u><b>High-Quality<\/b><\/u> lenses.","after_title":"","align":"left","size":"large","title_decoration_style":"bordered","title_typography_typography":"custom","title_typography_font_size":{"unit":"px","size":"48","sizes":[]},"title_typography_font_size_tablet":{"unit":"px","size":"26","sizes":[]},"title_typography_font_size_mobile":{"unit":"px","size":"24","sizes":[]},"title_typography_font_weight":"400","title_typography_line_height":{"unit":"px","size":"66","sizes":[]},"text_typography_typography":"custom","text_typography_font_size":{"unit":"px","size":"16","sizes":[]},"text_typography_font_size_tablet":{"unit":"px","size":"14","sizes":[]},"scroll_y":"-80","title_typography_line_height_mobile":{"unit":"px","size":"34","sizes":[]}},"elements":[],"widgetType":"wd_title"},{"id":"602eaec","elType":"widget","settings":{"editor":"<p>To achieve this, it would be necessary to have uniform grammar, pronunciation and more common words. If several languages coalesce, the grammar of the resulting language.<\/p>","typography_typography":"custom","typography_font_size":{"unit":"px","size":"16","sizes":[]},"_margin":{"unit":"px","top":"0","right":"0","bottom":"5","left":"0","isLinked":""},"scroll_y":"-80"},"elements":[],"widgetType":"text-editor"},{"id":"4797974","elType":"widget","settings":{"ids_size":"custom","ids":[{"id":"81","url":""},{"id":"80","url":""},{"id":"79","url":""}],"view":"carousel","spacing":"30","slides_per_view":{"size":"3","unit":"px","sizes":[]},"hide_pagination_control":"yes","hide_prev_next_buttons":"yes","caption":"","ids_custom_dimension":{"width":"140","height":"58"},"_margin":{"unit":"px","top":"0","right":"0","bottom":"5","left":"0","isLinked":""},"scroll_y":"-80"},"elements":[],"widgetType":"wd_images_gallery"},{"id":"9547715","elType":"widget","settings":{"color":"primary","_element_width":"auto","text":"Contact us","_margin":{"unit":"px","top":"0","right":"15","bottom":"10","left":"0","isLinked":""},"scroll_y":"-80"},"elements":[],"widgetType":"wd_button"},{"id":"201240","elType":"widget","settings":{"style":"bordered","_element_width":"auto","text":"Click me","_margin":{"unit":"px","top":"0","right":"0","bottom":"10","left":"0","isLinked":""},"scroll_y":"-80"},"elements":[],"widgetType":"wd_button"}],"isInner":""},{"id":"7082892","elType":"column","settings":{"_column_size":"60","column_sticky_offset":"50","scroll_y":"-80","_inline_size_tablet":"100"},"elements":[{"id":"8826887","elType":"section","settings":{"structure":"20","margin":{"unit":"px","top":"0","right":"0","bottom":"0","left":"0","isLinked":"1"}},"elements":[{"id":"293009","elType":"column","settings":{"_column_size":"50","column_sticky_offset":"50","column_parallax":"parallax-on-scroll","scroll_y":"35"},"elements":[{"id":"2264490","elType":"widget","settings":{"align":"center","image_size":"custom","image":{"id":"117","url":"#"},"image_custom_dimension":{"width":"333","height":"500"},"parallax_scroll":"yes","scroll_x":"0","scroll_y":"40","scroll_z":"0"},"elements":[],"widgetType":"image"}],"isInner":"1"},{"id":"1682897","elType":"column","settings":{"_column_size":"50","hide_mobile":"hidden-phone","margin":{"unit":"px","top":"35","right":"0","bottom":"0","left":"0","isLinked":""},"column_sticky_offset":"50","column_parallax":"parallax-on-scroll","scroll_y":"25"},"elements":[{"id":"4621130","elType":"widget","settings":{"align":"center","image_size":"custom","image":{"id":"117","url":"#"},"image_custom_dimension":{"width":"333","height":"500"},"parallax_scroll":"yes","scroll_x":"0","scroll_y":"20","scroll_z":"0"},"elements":[],"widgetType":"image"}],"isInner":""}],"isInner":"1"}],"isInner":""}],"isInner":""},{"id":"9405861","elType":"section","settings":{"structure":"30","margin":{"unit":"px","top":"0","right":"0","bottom":"60","left":"0","isLinked":""},"margin_mobile":{"unit":"px","top":"0","right":"0","bottom":"25","left":"0","isLinked":""},"padding_mobile":{"unit":"px","top":"0","right":"15","bottom":"35","left":"15","isLinked":""}},"elements":[{"id":"9190184","elType":"column","settings":{"_column_size":"33","column_sticky_offset":"50","scroll_y":"-80"},"elements":[{"id":"8181752","elType":"widget","settings":{"icon_type":"icon","btn_text":"View more","image_size":"custom","subtitle":"","title":"Made in UK","image":{"id":"1593","url":"#"},"btn_color":"primary","btn_style":"link","image_custom_dimension":{"width":"100","height":"100"},"content":"Their separate existence is a myth. For science, music, sport, etc, Europe uses the same vocabulary. The languages only differ in their grammar.","icon_text":"53","_padding":{"unit":"%","top":"0","right":"8","bottom":"0","left":"8","isLinked":""},"scroll_y":"-80"},"elements":[],"widgetType":"wd_infobox"}],"isInner":""},{"id":"1686162","elType":"column","settings":{"_column_size":"33","column_sticky_offset":"50","scroll_y":"-80"},"elements":[{"id":"3528315","elType":"widget","settings":{"icon_type":"icon","btn_text":"View more","image_size":"custom","subtitle":"","title":"Striking Design","image":{"id":"1593","url":"#"},"btn_color":"primary","btn_style":"link","image_custom_dimension":{"width":"100","height":"100"},"content":"Nor again is there anyone who loves or pursues or desires to obtain pain of itself, because it is pain, but because occasionally circumstances.","icon_text":"53","_padding":{"unit":"%","top":"0","right":"8","bottom":"0","left":"8","isLinked":""},"scroll_y":"-80"},"elements":[],"widgetType":"wd_infobox"}],"isInner":""},{"id":"9103423","elType":"column","settings":{"_column_size":"33","column_sticky_offset":"50","scroll_y":"-80"},"elements":[{"id":"2724823","elType":"widget","settings":{"icon_type":"icon","btn_text":"View more","image_size":"custom","subtitle":"","title":"Natural Materials","image":{"id":"1593","url":"#"},"btn_color":"primary","btn_style":"link","image_custom_dimension":{"width":"100","height":"100"},"content":"No one rejects, dislikes, or avoids pleasure itself, because it is pleasure, but because those who do not know how to pursue pleasure rationally.","icon_text":"53","_padding":{"unit":"%","top":"0","right":"8","bottom":"0","left":"8","isLinked":""},"scroll_y":"-80"},"elements":[],"widgetType":"wd_infobox"}],"isInner":""}],"isInner":""},{"id":"7326841","elType":"section","settings":{"wd_section_stretch":"stretch","border_width":{"top":"1","left":"0","right":"0","bottom":"1","unit":"px","isLinked":""},"border_border":"solid","border_color":"rgba(129,129,129,0.2)","margin":{"unit":"px","top":"0","right":"0","bottom":"-40","left":"0","isLinked":""},"padding":{"unit":"px","top":"60","right":"15","bottom":"45","left":"15","isLinked":""},"padding_mobile":{"unit":"px","top":"45","right":"15","bottom":"30","left":"15","isLinked":""}},"elements":[{"id":"3398272","elType":"column","settings":{"_column_size":"100","column_sticky_offset":"50","scroll_y":"-80"},"elements":[{"id":"2f52dd9","elType":"widget","settings":{"subtitle":"","title":"Latest Articles","after_title":"<p>There are many variations of passages of lorem.<\/p>","size":"large","title_typography_typography":"custom","title_typography_font_size":{"unit":"px","size":"32","sizes":[]},"title_typography_font_size_tablet":{"unit":"px","size":"26","sizes":[]},"title_typography_font_size_mobile":{"unit":"px","size":"22","sizes":[]},"text_typography_typography":"custom","text_typography_font_size":{"unit":"px","size":"16","sizes":[]},"text_typography_font_size_tablet":{"unit":"px","size":"14","sizes":[]},"scroll_y":"-80"},"elements":[],"widgetType":"wd_title"},{"id":"7828720","elType":"widget","settings":{"blog_spacing":"20","items_per_page":"3","blog_design":"carousel","blog_carousel_design":"small-images","slides_per_view":{"size":"2","unit":"px","sizes":[]},"hide_pagination_control":"yes","img_size":"full","scroll_y":"-80"},"elements":[],"widgetType":"wd_blog"}],"isInner":""}],"isInner":""}]]]></wp:meta_value>
		</wp:postmeta>
							<wp:postmeta>
			<wp:meta_key>_elementor_edit_mode</wp:meta_key>
			<wp:meta_value><![CDATA[builder]]></wp:meta_value>
		</wp:postmeta>
							<wp:postmeta>
			<wp:meta_key>_elementor_version</wp:meta_key>
			<wp:meta_value><![CDATA[2.9.11]]></wp:meta_value>
		</wp:postmeta>
							<wp:postmeta>
			<wp:meta_key>_elementor_template_type</wp:meta_key>
			<wp:meta_value><![CDATA[wp-page]]></wp:meta_value>
		</wp:postmeta>
							<wp:postmeta>
			<wp:meta_key>_elementor_controls_usage</wp:meta_key>
			<wp:meta_value><![CDATA[a:13:{s:17:"slider_revolution";a:3:{s:5:"count";i:1;s:15:"control_percent";i:2;s:8:"controls";a:2:{s:7:"content";a:1:{s:15:"content_section";a:2:{s:9:"shortcode";i:1;s:14:"revslidertitle";i:1;}}s:8:"advanced";a:1:{s:8:"wd_extra";a:1:{s:8:"scroll_y";i:1;}}}}s:6:"column";a:3:{s:5:"count";i:24;s:15:"control_percent";i:1;s:8:"controls";a:2:{s:8:"advanced";a:3:{s:8:"wd_extra";a:5:{s:20:"column_sticky_offset";i:24;s:8:"scroll_y";i:24;s:15:"column_parallax";i:6;s:8:"scroll_x";i:2;s:8:"scroll_z";i:2;}s:19:"_section_responsive";a:1:{s:11:"hide_mobile";i:2;}s:16:"section_advanced";a:2:{s:6:"margin";i:3;s:13:"margin_tablet";i:1;}}s:6:"layout";a:1:{s:6:"layout";a:2:{s:19:"_inline_size_tablet";i:10;s:12:"_inline_size";i:2;}}}}s:7:"section";a:3:{s:5:"count";i:13;s:15:"control_percent";i:2;s:8:"controls";a:3:{s:6:"layout";a:3:{s:15:"wd_extra_layout";a:1:{s:18:"wd_section_stretch";i:4;}s:14:"section_layout";a:2:{s:3:"gap";i:3;s:16:"content_position";i:3;}s:17:"section_structure";a:1:{s:9:"structure";i:8;}}s:8:"advanced";a:2:{s:16:"section_advanced";a:7:{s:6:"margin";i:11;s:13:"margin_mobile";i:5;s:13:"margin_tablet";i:1;s:7:"z_index";i:1;s:7:"padding";i:3;s:14:"padding_mobile";i:3;s:14:"padding_tablet";i:1;}s:19:"_section_responsive";a:2:{s:20:"reverse_order_tablet";i:1;s:20:"reverse_order_mobile";i:1;}}s:5:"style";a:2:{s:18:"section_background";a:6:{s:21:"background_background";i:2;s:16:"background_image";i:1;s:19:"background_position";i:1;s:17:"background_repeat";i:2;s:15:"background_size";i:2;s:16:"background_color";i:1;}s:14:"section_border";a:3:{s:12:"border_width";i:1;s:13:"border_border";i:1;s:12:"border_color";i:1;}}}}s:9:"wd_banner";a:3:{s:5:"count";i:2;s:15:"control_percent";i:7;s:8:"controls";a:3:{s:7:"content";a:2:{s:21:"image_content_section";a:3:{s:10:"image_size";i:2;s:22:"image_custom_dimension";i:2;s:5:"image";i:2;}s:15:"content_section";a:4:{s:5:"title";i:2;s:8:"subtitle";i:2;s:7:"content";i:2;s:8:"btn_text";i:2;}}s:5:"style";a:4:{s:20:"button_style_section";a:3:{s:12:"btn_position";i:2;s:9:"btn_color";i:2;s:9:"btn_style";i:2;}s:21:"general_style_section";a:3:{s:5:"hover";i:2;s:21:"woodmart_color_scheme";i:2;s:10:"title_size";i:2;}s:19:"title_style_section";a:5:{s:27:"title_typography_typography";i:2;s:28:"title_typography_font_weight";i:2;s:26:"title_typography_font_size";i:2;s:33:"title_typography_font_size_tablet";i:2;s:33:"title_typography_font_size_mobile";i:2;}s:20:"layout_style_section";a:1:{s:18:"vertical_alignment";i:2;}}s:8:"advanced";a:1:{s:8:"wd_extra";a:1:{s:8:"scroll_y";i:2;}}}}s:8:"wd_title";a:3:{s:5:"count";i:5;s:15:"control_percent";i:4;s:8:"controls";a:3:{s:7:"content";a:1:{s:23:"general_content_section";a:3:{s:8:"subtitle";i:5;s:5:"title";i:5;s:11:"after_title";i:5;}}s:5:"style";a:3:{s:21:"general_style_section";a:2:{s:4:"size";i:5;s:5:"align";i:3;}s:19:"title_style_section";a:8:{s:27:"title_typography_typography";i:5;s:26:"title_typography_font_size";i:5;s:33:"title_typography_font_size_tablet";i:5;s:33:"title_typography_font_size_mobile";i:5;s:22:"title_decoration_style";i:3;s:28:"title_typography_font_weight";i:3;s:28:"title_typography_line_height";i:3;s:35:"title_typography_line_height_mobile";i:3;}s:18:"text_style_section";a:3:{s:26:"text_typography_typography";i:5;s:25:"text_typography_font_size";i:5;s:32:"text_typography_font_size_tablet";i:5;}}s:8:"advanced";a:1:{s:8:"wd_extra";a:1:{s:8:"scroll_y";i:5;}}}}s:16:"wd_products_tabs";a:3:{s:5:"count";i:1;s:15:"control_percent";i:3;s:8:"controls";a:3:{s:7:"content";a:2:{s:23:"general_content_section";a:1:{s:5:"title";i:1;}s:20:"tabs_content_section";a:1:{s:10:"tabs_items";i:1;}}s:5:"style";a:2:{s:21:"heading_style_section";a:1:{s:5:"color";i:1;}s:29:"products_layout_style_section";a:2:{s:7:"columns";i:1;s:14:"items_per_page";i:1;}}s:8:"advanced";a:1:{s:8:"wd_extra";a:1:{s:8:"scroll_y";i:1;}}}}s:5:"image";a:3:{s:5:"count";i:4;s:15:"control_percent";i:3;s:8:"controls";a:2:{s:7:"content";a:1:{s:13:"section_image";a:4:{s:5:"align";i:4;s:10:"image_size";i:4;s:5:"image";i:4;s:22:"image_custom_dimension";i:4;}}s:8:"advanced";a:2:{s:8:"wd_extra";a:3:{s:8:"scroll_x";i:4;s:8:"scroll_y";i:4;s:8:"scroll_z";i:4;}s:14:"_section_style";a:1:{s:7:"_margin";i:1;}}}}s:11:"text-editor";a:3:{s:5:"count";i:3;s:15:"control_percent";i:2;s:8:"controls";a:3:{s:7:"content";a:1:{s:14:"section_editor";a:1:{s:6:"editor";i:3;}}s:5:"style";a:1:{s:13:"section_style";a:3:{s:21:"typography_typography";i:3;s:20:"typography_font_size";i:3;s:16:"wd_content_width";i:1;}}s:8:"advanced";a:2:{s:8:"wd_extra";a:1:{s:8:"scroll_y";i:3;}s:14:"_section_style";a:1:{s:7:"_margin";i:1;}}}}s:7:"wd_list";a:3:{s:5:"count";i:2;s:15:"control_percent";i:2;s:8:"controls";a:3:{s:7:"content";a:2:{s:23:"general_content_section";a:1:{s:10:"list_items";i:2;}s:20:"icon_content_section";a:1:{s:4:"icon";i:2;}}s:5:"style";a:1:{s:18:"icon_style_section";a:2:{s:11:"icons_color";i:2;s:9:"icon_size";i:2;}}s:8:"advanced";a:1:{s:8:"wd_extra";a:1:{s:8:"scroll_y";i:2;}}}}s:9:"wd_button";a:3:{s:5:"count";i:6;s:15:"control_percent";i:2;s:8:"controls";a:3:{s:5:"style";a:1:{s:21:"general_style_section";a:2:{s:5:"color";i:3;s:5:"style";i:3;}}s:8:"advanced";a:3:{s:17:"_section_position";a:1:{s:14:"_element_width";i:6;}s:14:"_section_style";a:1:{s:7:"_margin";i:5;}s:8:"wd_extra";a:1:{s:8:"scroll_y";i:6;}}s:7:"content";a:1:{s:23:"general_content_section";a:1:{s:4:"text";i:5;}}}}s:17:"wd_images_gallery";a:3:{s:5:"count";i:2;s:15:"control_percent";i:5;s:8:"controls";a:3:{s:7:"content";a:2:{s:23:"general_content_section";a:3:{s:8:"ids_size";i:2;s:3:"ids";i:2;s:20:"ids_custom_dimension";i:2;}s:20:"click_action_section";a:2:{s:8:"on_click";i:1;s:7:"caption";i:2;}}s:5:"style";a:2:{s:20:"layout_style_section";a:2:{s:4:"view";i:2;s:7:"spacing";i:2;}s:22:"carousel_style_section";a:3:{s:15:"slides_per_view";i:2;s:23:"hide_pagination_control";i:2;s:22:"hide_prev_next_buttons";i:1;}}s:8:"advanced";a:2:{s:14:"_section_style";a:2:{s:7:"_margin";i:2;s:14:"_margin_mobile";i:1;}s:8:"wd_extra";a:1:{s:8:"scroll_y";i:2;}}}}s:10:"wd_infobox";a:3:{s:5:"count";i:7;s:15:"control_percent";i:3;s:8:"controls";a:3:{s:7:"content";a:2:{s:20:"icon_content_section";a:4:{s:9:"icon_type";i:7;s:10:"image_size";i:7;s:5:"image";i:7;s:22:"image_custom_dimension";i:7;}s:15:"content_section";a:4:{s:8:"btn_text";i:7;s:8:"subtitle";i:7;s:5:"title";i:7;s:7:"content";i:7;}}s:5:"style";a:2:{s:21:"general_style_section";a:2:{s:9:"alignment";i:4;s:15:"image_alignment";i:4;}s:22:"button_content_section";a:3:{s:12:"btn_position";i:4;s:9:"btn_color";i:3;s:9:"btn_style";i:3;}}s:8:"advanced";a:2:{s:8:"wd_extra";a:1:{s:8:"scroll_y";i:7;}s:14:"_section_style";a:1:{s:8:"_padding";i:3;}}}}s:7:"wd_blog";a:3:{s:5:"count";i:1;s:15:"control_percent";i:4;s:8:"controls";a:2:{s:5:"style";a:2:{s:21:"general_style_section";a:5:{s:12:"blog_spacing";i:1;s:14:"items_per_page";i:1;s:11:"blog_design";i:1;s:20:"blog_carousel_design";i:1;s:8:"img_size";i:1;}s:22:"carousel_style_section";a:2:{s:15:"slides_per_view";i:1;s:23:"hide_pagination_control";i:1;}}s:8:"advanced";a:1:{s:8:"wd_extra";a:1:{s:8:"scroll_y";i:1;}}}}}]]></wp:meta_value>
		</wp:postmeta>
						</item>
					<item>
		<title>
				gl-best-materials		</title>
		<link>http://dummy.xtemos.com/woodmart-elementor/demos/home-glasses/gl-best-materials/</link>
		<pubDate>Fri, 22 Jun 2018 09:36:29 +0000</pubDate>
		<dc:creator><![CDATA[erwin]]></dc:creator>
		<guid isPermaLink="false">http://dummy.xtemos.com/woodmart-elementor/demos/wp-content/uploads/sites/2/2018/06/gl-best-materials.svg</guid>
		<description></description>
		<content:encoded><![CDATA[]]></content:encoded>
		<excerpt:encoded><![CDATA[]]></excerpt:encoded>
		<wp:post_id>1593</wp:post_id>
		<wp:post_date>2018-06-22 09:36:29</wp:post_date>
		<wp:post_date_gmt>2018-06-22 09:36:29</wp:post_date_gmt>
		<wp:comment_status>open</wp:comment_status>
		<wp:ping_status>closed</wp:ping_status>
		<wp:post_name>gl-best-materials</wp:post_name>
		<wp:status>inherit</wp:status>
		<wp:post_parent>1589</wp:post_parent>
		<wp:menu_order>0</wp:menu_order>
		<wp:post_type>attachment</wp:post_type>
		<wp:post_password></wp:post_password>
		<wp:is_sticky>0</wp:is_sticky>
						<wp:attachment_url>http://dummy.xtemos.com/woodmart-elementor/demos/wp-content/uploads/sites/2/2018/06/gl-best-materials.svg</wp:attachment_url>
												<wp:postmeta>
			<wp:meta_key>_wp_attached_file</wp:meta_key>
			<wp:meta_value><![CDATA[2018/06/gl-best-materials.svg]]></wp:meta_value>
		</wp:postmeta>
						</item>
					<item>
		<title>
				glass-shopping-bag		</title>
		<link>http://dummy.xtemos.com/woodmart-elementor/demos/glass-shopping-bag/</link>
		<pubDate>Fri, 22 Jun 2018 10:03:44 +0000</pubDate>
		<dc:creator><![CDATA[erwin]]></dc:creator>
		<guid isPermaLink="false">http://dummy.xtemos.com/woodmart-elementor/demos/wp-content/uploads/sites/2/2018/06/glass-shopping-bag.svg</guid>
		<description></description>
		<content:encoded><![CDATA[]]></content:encoded>
		<excerpt:encoded><![CDATA[]]></excerpt:encoded>
		<wp:post_id>1600</wp:post_id>
		<wp:post_date>2018-06-22 10:03:44</wp:post_date>
		<wp:post_date_gmt>2018-06-22 10:03:44</wp:post_date_gmt>
		<wp:comment_status>open</wp:comment_status>
		<wp:ping_status>closed</wp:ping_status>
		<wp:post_name>glass-shopping-bag</wp:post_name>
		<wp:status>inherit</wp:status>
		<wp:post_parent>0</wp:post_parent>
		<wp:menu_order>0</wp:menu_order>
		<wp:post_type>attachment</wp:post_type>
		<wp:post_password></wp:post_password>
		<wp:is_sticky>0</wp:is_sticky>
						<wp:attachment_url>http://dummy.xtemos.com/woodmart-elementor/demos/wp-content/uploads/sites/2/2018/06/glass-shopping-bag.svg</wp:attachment_url>
												<wp:postmeta>
			<wp:meta_key>_wp_attached_file</wp:meta_key>
			<wp:meta_value><![CDATA[2018/06/glass-shopping-bag.svg]]></wp:meta_value>
		</wp:postmeta>
						</item>
					<item>
		<title>
				glasses-search		</title>
		<link>http://dummy.xtemos.com/woodmart-elementor/demos/glasses-search/</link>
		<pubDate>Fri, 22 Jun 2018 10:03:45 +0000</pubDate>
		<dc:creator><![CDATA[erwin]]></dc:creator>
		<guid isPermaLink="false">http://dummy.xtemos.com/woodmart-elementor/demos/wp-content/uploads/sites/2/2018/06/glasses-search.svg</guid>
		<description></description>
		<content:encoded><![CDATA[]]></content:encoded>
		<excerpt:encoded><![CDATA[]]></excerpt:encoded>
		<wp:post_id>1601</wp:post_id>
		<wp:post_date>2018-06-22 10:03:45</wp:post_date>
		<wp:post_date_gmt>2018-06-22 10:03:45</wp:post_date_gmt>
		<wp:comment_status>open</wp:comment_status>
		<wp:ping_status>closed</wp:ping_status>
		<wp:post_name>glasses-search</wp:post_name>
		<wp:status>inherit</wp:status>
		<wp:post_parent>0</wp:post_parent>
		<wp:menu_order>0</wp:menu_order>
		<wp:post_type>attachment</wp:post_type>
		<wp:post_password></wp:post_password>
		<wp:is_sticky>0</wp:is_sticky>
						<wp:attachment_url>http://dummy.xtemos.com/woodmart-elementor/demos/wp-content/uploads/sites/2/2018/06/glasses-search.svg</wp:attachment_url>
												<wp:postmeta>
			<wp:meta_key>_wp_attached_file</wp:meta_key>
			<wp:meta_value><![CDATA[2018/06/glasses-search.svg]]></wp:meta_value>
		</wp:postmeta>
						</item>
					<item>
		<title>
				glasses-wish-list		</title>
		<link>http://dummy.xtemos.com/woodmart-elementor/demos/glasses-wish-list/</link>
		<pubDate>Fri, 22 Jun 2018 10:03:46 +0000</pubDate>
		<dc:creator><![CDATA[erwin]]></dc:creator>
		<guid isPermaLink="false">http://dummy.xtemos.com/woodmart-elementor/demos/wp-content/uploads/sites/2/2018/06/glasses-wish-list.svg</guid>
		<description></description>
		<content:encoded><![CDATA[]]></content:encoded>
		<excerpt:encoded><![CDATA[]]></excerpt:encoded>
		<wp:post_id>1602</wp:post_id>
		<wp:post_date>2018-06-22 10:03:46</wp:post_date>
		<wp:post_date_gmt>2018-06-22 10:03:46</wp:post_date_gmt>
		<wp:comment_status>open</wp:comment_status>
		<wp:ping_status>closed</wp:ping_status>
		<wp:post_name>glasses-wish-list</wp:post_name>
		<wp:status>inherit</wp:status>
		<wp:post_parent>0</wp:post_parent>
		<wp:menu_order>0</wp:menu_order>
		<wp:post_type>attachment</wp:post_type>
		<wp:post_password></wp:post_password>
		<wp:is_sticky>0</wp:is_sticky>
						<wp:attachment_url>http://dummy.xtemos.com/woodmart-elementor/demos/wp-content/uploads/sites/2/2018/06/glasses-wish-list.svg</wp:attachment_url>
												<wp:postmeta>
			<wp:meta_key>_wp_attached_file</wp:meta_key>
			<wp:meta_value><![CDATA[2018/06/glasses-wish-list.svg]]></wp:meta_value>
		</wp:postmeta>
						</item>
					<item>
		<title>
				glass-menu		</title>
		<link>http://dummy.xtemos.com/woodmart-elementor/demos/glass-menu/</link>
		<pubDate>Fri, 22 Jun 2018 10:03:47 +0000</pubDate>
		<dc:creator><![CDATA[erwin]]></dc:creator>
		<guid isPermaLink="false">http://dummy.xtemos.com/woodmart-elementor/demos/wp-content/uploads/sites/2/2018/06/glass-menu.svg</guid>
		<description></description>
		<content:encoded><![CDATA[]]></content:encoded>
		<excerpt:encoded><![CDATA[]]></excerpt:encoded>
		<wp:post_id>1603</wp:post_id>
		<wp:post_date>2018-06-22 10:03:47</wp:post_date>
		<wp:post_date_gmt>2018-06-22 10:03:47</wp:post_date_gmt>
		<wp:comment_status>open</wp:comment_status>
		<wp:ping_status>closed</wp:ping_status>
		<wp:post_name>glass-menu</wp:post_name>
		<wp:status>inherit</wp:status>
		<wp:post_parent>0</wp:post_parent>
		<wp:menu_order>0</wp:menu_order>
		<wp:post_type>attachment</wp:post_type>
		<wp:post_password></wp:post_password>
		<wp:is_sticky>0</wp:is_sticky>
						<wp:attachment_url>http://dummy.xtemos.com/woodmart-elementor/demos/wp-content/uploads/sites/2/2018/06/glass-menu.svg</wp:attachment_url>
												<wp:postmeta>
			<wp:meta_key>_wp_attached_file</wp:meta_key>
			<wp:meta_value><![CDATA[2018/06/glass-menu.svg]]></wp:meta_value>
		</wp:postmeta>
						</item>
					<item>
		<title>
				hkgroteskpro-regular		</title>
		<link>http://dummy.xtemos.com/woodmart-elementor/demos/hkgroteskpro-regular-5/</link>
		<pubDate>Fri, 22 Jun 2018 12:35:21 +0000</pubDate>
		<dc:creator><![CDATA[erwin]]></dc:creator>
		<guid isPermaLink="false">http://dummy.xtemos.com/woodmart-elementor/demos/wp-content/uploads/sites/2/2018/06/hkgroteskpro-regular.woff2</guid>
		<description></description>
		<content:encoded><![CDATA[]]></content:encoded>
		<excerpt:encoded><![CDATA[]]></excerpt:encoded>
		<wp:post_id>1622</wp:post_id>
		<wp:post_date>2018-06-22 12:35:21</wp:post_date>
		<wp:post_date_gmt>2018-06-22 12:35:21</wp:post_date_gmt>
		<wp:comment_status>open</wp:comment_status>
		<wp:ping_status>closed</wp:ping_status>
		<wp:post_name>hkgroteskpro-regular-5</wp:post_name>
		<wp:status>inherit</wp:status>
		<wp:post_parent>0</wp:post_parent>
		<wp:menu_order>0</wp:menu_order>
		<wp:post_type>attachment</wp:post_type>
		<wp:post_password></wp:post_password>
		<wp:is_sticky>0</wp:is_sticky>
						<wp:attachment_url>http://dummy.xtemos.com/woodmart-elementor/demos/wp-content/uploads/sites/2/2018/06/hkgroteskpro-regular.woff2</wp:attachment_url>
												<wp:postmeta>
			<wp:meta_key>_wp_attached_file</wp:meta_key>
			<wp:meta_value><![CDATA[2018/06/hkgroteskpro-regular.woff2]]></wp:meta_value>
		</wp:postmeta>
						</item>
					<item>
		<title>
				hkgroteskpro-semibold		</title>
		<link>http://dummy.xtemos.com/woodmart-elementor/demos/hkgroteskpro-semibold-2/</link>
		<pubDate>Fri, 22 Jun 2018 12:35:32 +0000</pubDate>
		<dc:creator><![CDATA[erwin]]></dc:creator>
		<guid isPermaLink="false">http://dummy.xtemos.com/woodmart-elementor/demos/wp-content/uploads/sites/2/2018/06/hkgroteskpro-semibold.woff</guid>
		<description></description>
		<content:encoded><![CDATA[]]></content:encoded>
		<excerpt:encoded><![CDATA[]]></excerpt:encoded>
		<wp:post_id>1623</wp:post_id>
		<wp:post_date>2018-06-22 12:35:32</wp:post_date>
		<wp:post_date_gmt>2018-06-22 12:35:32</wp:post_date_gmt>
		<wp:comment_status>open</wp:comment_status>
		<wp:ping_status>closed</wp:ping_status>
		<wp:post_name>hkgroteskpro-semibold-2</wp:post_name>
		<wp:status>inherit</wp:status>
		<wp:post_parent>0</wp:post_parent>
		<wp:menu_order>0</wp:menu_order>
		<wp:post_type>attachment</wp:post_type>
		<wp:post_password></wp:post_password>
		<wp:is_sticky>0</wp:is_sticky>
						<wp:attachment_url>http://dummy.xtemos.com/woodmart-elementor/demos/wp-content/uploads/sites/2/2018/06/hkgroteskpro-semibold.woff</wp:attachment_url>
												<wp:postmeta>
			<wp:meta_key>_wp_attached_file</wp:meta_key>
			<wp:meta_value><![CDATA[2018/06/hkgroteskpro-semibold.woff]]></wp:meta_value>
		</wp:postmeta>
						</item>
					<item>
		<title>
				hkgroteskpro-semibold		</title>
		<link>http://dummy.xtemos.com/woodmart-elementor/demos/hkgroteskpro-semibold-3/</link>
		<pubDate>Fri, 22 Jun 2018 12:35:34 +0000</pubDate>
		<dc:creator><![CDATA[erwin]]></dc:creator>
		<guid isPermaLink="false">http://dummy.xtemos.com/woodmart-elementor/demos/wp-content/uploads/sites/2/2018/06/hkgroteskpro-semibold.woff2</guid>
		<description></description>
		<content:encoded><![CDATA[]]></content:encoded>
		<excerpt:encoded><![CDATA[]]></excerpt:encoded>
		<wp:post_id>1624</wp:post_id>
		<wp:post_date>2018-06-22 12:35:34</wp:post_date>
		<wp:post_date_gmt>2018-06-22 12:35:34</wp:post_date_gmt>
		<wp:comment_status>open</wp:comment_status>
		<wp:ping_status>closed</wp:ping_status>
		<wp:post_name>hkgroteskpro-semibold-3</wp:post_name>
		<wp:status>inherit</wp:status>
		<wp:post_parent>0</wp:post_parent>
		<wp:menu_order>0</wp:menu_order>
		<wp:post_type>attachment</wp:post_type>
		<wp:post_password></wp:post_password>
		<wp:is_sticky>0</wp:is_sticky>
						<wp:attachment_url>http://dummy.xtemos.com/woodmart-elementor/demos/wp-content/uploads/sites/2/2018/06/hkgroteskpro-semibold.woff2</wp:attachment_url>
												<wp:postmeta>
			<wp:meta_key>_wp_attached_file</wp:meta_key>
			<wp:meta_value><![CDATA[2018/06/hkgroteskpro-semibold.woff2]]></wp:meta_value>
		</wp:postmeta>
						</item>
					<item>
		<title>
				hkgroteskpro-semibold		</title>
		<link>http://dummy.xtemos.com/woodmart-elementor/demos/hkgroteskpro-semibold-4/</link>
		<pubDate>Fri, 22 Jun 2018 12:37:29 +0000</pubDate>
		<dc:creator><![CDATA[erwin]]></dc:creator>
		<guid isPermaLink="false">http://dummy.xtemos.com/woodmart-elementor/demos/wp-content/uploads/sites/2/2018/06/hkgroteskpro-semibold.ttf</guid>
		<description></description>
		<content:encoded><![CDATA[]]></content:encoded>
		<excerpt:encoded><![CDATA[]]></excerpt:encoded>
		<wp:post_id>1625</wp:post_id>
		<wp:post_date>2018-06-22 12:37:29</wp:post_date>
		<wp:post_date_gmt>2018-06-22 12:37:29</wp:post_date_gmt>
		<wp:comment_status>open</wp:comment_status>
		<wp:ping_status>closed</wp:ping_status>
		<wp:post_name>hkgroteskpro-semibold-4</wp:post_name>
		<wp:status>inherit</wp:status>
		<wp:post_parent>0</wp:post_parent>
		<wp:menu_order>0</wp:menu_order>
		<wp:post_type>attachment</wp:post_type>
		<wp:post_password></wp:post_password>
		<wp:is_sticky>0</wp:is_sticky>
						<wp:attachment_url>http://dummy.xtemos.com/woodmart-elementor/demos/wp-content/uploads/sites/2/2018/06/hkgroteskpro-semibold.ttf</wp:attachment_url>
												<wp:postmeta>
			<wp:meta_key>_wp_attached_file</wp:meta_key>
			<wp:meta_value><![CDATA[2018/06/hkgroteskpro-semibold.ttf]]></wp:meta_value>
		</wp:postmeta>
						</item>
					<item>
		<title>
				hkgroteskpro-semibold		</title>
		<link>http://dummy.xtemos.com/woodmart-elementor/demos/hkgroteskpro-semibold-5/</link>
		<pubDate>Fri, 22 Jun 2018 12:37:30 +0000</pubDate>
		<dc:creator><![CDATA[erwin]]></dc:creator>
		<guid isPermaLink="false">http://dummy.xtemos.com/woodmart-elementor/demos/wp-content/uploads/sites/2/2018/06/hkgroteskpro-semibold.eot</guid>
		<description></description>
		<content:encoded><![CDATA[]]></content:encoded>
		<excerpt:encoded><![CDATA[]]></excerpt:encoded>
		<wp:post_id>1626</wp:post_id>
		<wp:post_date>2018-06-22 12:37:30</wp:post_date>
		<wp:post_date_gmt>2018-06-22 12:37:30</wp:post_date_gmt>
		<wp:comment_status>open</wp:comment_status>
		<wp:ping_status>closed</wp:ping_status>
		<wp:post_name>hkgroteskpro-semibold-5</wp:post_name>
		<wp:status>inherit</wp:status>
		<wp:post_parent>0</wp:post_parent>
		<wp:menu_order>0</wp:menu_order>
		<wp:post_type>attachment</wp:post_type>
		<wp:post_password></wp:post_password>
		<wp:is_sticky>0</wp:is_sticky>
						<wp:attachment_url>http://dummy.xtemos.com/woodmart-elementor/demos/wp-content/uploads/sites/2/2018/06/hkgroteskpro-semibold.eot</wp:attachment_url>
												<wp:postmeta>
			<wp:meta_key>_wp_attached_file</wp:meta_key>
			<wp:meta_value><![CDATA[2018/06/hkgroteskpro-semibold.eot]]></wp:meta_value>
		</wp:postmeta>
						</item>
					<item>
		<title>
				hkgroteskpro-bold		</title>
		<link>http://dummy.xtemos.com/woodmart-elementor/demos/hkgroteskpro-bold-5/</link>
		<pubDate>Fri, 22 Jun 2018 12:41:11 +0000</pubDate>
		<dc:creator><![CDATA[erwin]]></dc:creator>
		<guid isPermaLink="false">http://dummy.xtemos.com/woodmart-elementor/demos/wp-content/uploads/sites/2/2018/06/hkgroteskpro-bold.eot</guid>
		<description></description>
		<content:encoded><![CDATA[]]></content:encoded>
		<excerpt:encoded><![CDATA[]]></excerpt:encoded>
		<wp:post_id>1627</wp:post_id>
		<wp:post_date>2018-06-22 12:41:11</wp:post_date>
		<wp:post_date_gmt>2018-06-22 12:41:11</wp:post_date_gmt>
		<wp:comment_status>open</wp:comment_status>
		<wp:ping_status>closed</wp:ping_status>
		<wp:post_name>hkgroteskpro-bold-5</wp:post_name>
		<wp:status>inherit</wp:status>
		<wp:post_parent>0</wp:post_parent>
		<wp:menu_order>0</wp:menu_order>
		<wp:post_type>attachment</wp:post_type>
		<wp:post_password></wp:post_password>
		<wp:is_sticky>0</wp:is_sticky>
						<wp:attachment_url>http://dummy.xtemos.com/woodmart-elementor/demos/wp-content/uploads/sites/2/2018/06/hkgroteskpro-bold.eot</wp:attachment_url>
												<wp:postmeta>
			<wp:meta_key>_wp_attached_file</wp:meta_key>
			<wp:meta_value><![CDATA[2018/06/hkgroteskpro-bold.eot]]></wp:meta_value>
		</wp:postmeta>
						</item>
				</channel>
</rss>
	