<?xml version="1.0" encoding="UTF-8" ?>
<!-- This is a WordPress eXtended RSS file generated by WordPress as an export of your site. -->
<!-- It contains information about your site's posts, pages, comments, categories, and other content. -->
<!-- You may use this file to transfer that content from one site to another. -->
<!-- This file is not intended to serve as a complete backup of your site. -->

<!-- To import this information into a WordPress site follow these steps: -->
<!-- 1. Log in to that site as an administrator. -->
<!-- 2. Go to Tools: Import in the WordPress admin panel. -->
<!-- 3. Install the "WordPress" importer from the list. -->
<!-- 4. Activate & Run Importer. -->
<!-- 5. Upload this file using the form provided on that page. -->
<!-- 6. You will first be asked to map the authors in this export file to users -->
<!--    on the site. For each author, you may choose to map to an -->
<!--    existing user on the site or to create a new user. -->
<!-- 7. WordPress will then import each of the posts, pages, comments, categories, etc. -->
<!--    contained in this file into your site. -->

<!-- generator="WordPress/4.8" created="2017-07-13 07:05" -->
<rss version="2.0"
	xmlns:excerpt="http://wordpress.org/export/1.2/excerpt/"
	xmlns:content="http://purl.org/rss/1.0/modules/content/"
	xmlns:wfw="http://wellformedweb.org/CommentAPI/"
	xmlns:dc="http://purl.org/dc/elements/1.1/"
	xmlns:wp="http://wordpress.org/export/1.2/"
>

<channel>
	<title>Woodmart dummy demos</title>
	<link>http://dummy.xtemos.com/woodmart/demos</link>
	<description>Just another Woodmart Dummy Content Sites site</description>
	<pubDate>Thu, 13 Jul 2017 07:05:37 +0000</pubDate>
	<language>en-US</language>
	<wp:wxr_version>1.2</wp:wxr_version>
	<wp:base_site_url>http://dummy.xtemos.com/woodmart/</wp:base_site_url>
	<wp:base_blog_url>http://dummy.xtemos.com/woodmart/demos</wp:base_blog_url>

	<wp:author><wp:author_id>1</wp:author_id><wp:author_login>admin</wp:author_login><wp:author_email>se@as.as</wp:author_email><wp:author_display_name><![CDATA[admin]]></wp:author_display_name><wp:author_first_name><![CDATA[]]></wp:author_first_name><wp:author_last_name><![CDATA[]]></wp:author_last_name></wp:author>
	<wp:author><wp:author_id>2</wp:author_id><wp:author_login>erwin</wp:author_login><wp:author_email>ss@asas.as</wp:author_email><wp:author_display_name><![CDATA[erwin]]></wp:author_display_name><wp:author_first_name><![CDATA[]]></wp:author_first_name><wp:author_last_name><![CDATA[]]></wp:author_last_name></wp:author>


	<generator>https://wordpress.org/?v=4.8</generator>

	<item>
		<title>wood-main-bg</title>
		<link>http://dummy.xtemos.com/woodmart/demos/product/wooden-single-drawer/wood-main-bg/</link>
		<pubDate>Wed, 14 Jun 2017 08:07:10 +0000</pubDate>
		<dc:creator><![CDATA[admin]]></dc:creator>
		<guid isPermaLink="false">http://dummy.xtemos.com/woodmart/demos/wp-content/uploads/sites/2/2017/06/wood-main-bg.jpg</guid>
		<description></description>
		<content:encoded><![CDATA[]]></content:encoded>
		<excerpt:encoded><![CDATA[]]></excerpt:encoded>
		<wp:post_id>44</wp:post_id>
		<wp:post_date>2017-06-14 08:07:10</wp:post_date>
		<wp:post_date_gmt>2017-06-14 08:07:10</wp:post_date_gmt>
		<wp:comment_status>open</wp:comment_status>
		<wp:ping_status>closed</wp:ping_status>
		<wp:post_name>wood-main-bg</wp:post_name>
		<wp:status>inherit</wp:status>
		<wp:post_parent>42</wp:post_parent>
		<wp:menu_order>0</wp:menu_order>
		<wp:post_type>attachment</wp:post_type>
		<wp:post_password></wp:post_password>
		<wp:is_sticky>0</wp:is_sticky>
		<wp:attachment_url>http://dummy.xtemos.com/woodmart/demos/wp-content/uploads/sites/2/2017/06/wood-main-bg.jpg</wp:attachment_url>
		<wp:postmeta>
			<wp:meta_key>_wp_attached_file</wp:meta_key>
			<wp:meta_value><![CDATA[2017/06/wood-main-bg.jpg]]></wp:meta_value>
		</wp:postmeta>
	</item>
	<item>
		<title>wood-gallery-placeholder-3</title>
		<link>http://dummy.xtemos.com/woodmart/demos/home-base/wood-gallery-placeholder-3/</link>
		<pubDate>Wed, 14 Jun 2017 11:33:28 +0000</pubDate>
		<dc:creator><![CDATA[admin]]></dc:creator>
		<guid isPermaLink="false">http://dummy.xtemos.com/woodmart/demos/wp-content/uploads/sites/2/2017/06/wood-gallery-placeholder-3.jpg</guid>
		<description></description>
		<content:encoded><![CDATA[]]></content:encoded>
		<excerpt:encoded><![CDATA[]]></excerpt:encoded>
		<wp:post_id>80</wp:post_id>
		<wp:post_date>2017-06-14 11:33:28</wp:post_date>
		<wp:post_date_gmt>2017-06-14 11:33:28</wp:post_date_gmt>
		<wp:comment_status>open</wp:comment_status>
		<wp:ping_status>closed</wp:ping_status>
		<wp:post_name>wood-gallery-placeholder-3</wp:post_name>
		<wp:status>inherit</wp:status>
		<wp:post_parent>57</wp:post_parent>
		<wp:menu_order>0</wp:menu_order>
		<wp:post_type>attachment</wp:post_type>
		<wp:post_password></wp:post_password>
		<wp:is_sticky>0</wp:is_sticky>
		<wp:attachment_url>http://dummy.xtemos.com/woodmart/demos/wp-content/uploads/sites/2/2017/06/wood-gallery-placeholder-3.jpg</wp:attachment_url>
		<wp:postmeta>
			<wp:meta_key>_wp_attached_file</wp:meta_key>
			<wp:meta_value><![CDATA[2017/06/wood-gallery-placeholder-3.jpg]]></wp:meta_value>
		</wp:postmeta>
	</item>
	<item>
		<title>wood-gallery-placeholder-4</title>
		<link>http://dummy.xtemos.com/woodmart/demos/home-base/wood-gallery-placeholder-4/</link>
		<pubDate>Wed, 14 Jun 2017 11:33:30 +0000</pubDate>
		<dc:creator><![CDATA[admin]]></dc:creator>
		<guid isPermaLink="false">http://dummy.xtemos.com/woodmart/demos/wp-content/uploads/sites/2/2017/06/wood-gallery-placeholder-4.jpg</guid>
		<description></description>
		<content:encoded><![CDATA[]]></content:encoded>
		<excerpt:encoded><![CDATA[]]></excerpt:encoded>
		<wp:post_id>81</wp:post_id>
		<wp:post_date>2017-06-14 11:33:30</wp:post_date>
		<wp:post_date_gmt>2017-06-14 11:33:30</wp:post_date_gmt>
		<wp:comment_status>open</wp:comment_status>
		<wp:ping_status>closed</wp:ping_status>
		<wp:post_name>wood-gallery-placeholder-4</wp:post_name>
		<wp:status>inherit</wp:status>
		<wp:post_parent>57</wp:post_parent>
		<wp:menu_order>0</wp:menu_order>
		<wp:post_type>attachment</wp:post_type>
		<wp:post_password></wp:post_password>
		<wp:is_sticky>0</wp:is_sticky>
		<wp:attachment_url>http://dummy.xtemos.com/woodmart/demos/wp-content/uploads/sites/2/2017/06/wood-gallery-placeholder-4.jpg</wp:attachment_url>
		<wp:postmeta>
			<wp:meta_key>_wp_attached_file</wp:meta_key>
			<wp:meta_value><![CDATA[2017/06/wood-gallery-placeholder-4.jpg]]></wp:meta_value>
		</wp:postmeta>
	</item>
	<item>
		<title>wood-portfolio-placeholder</title>
		<link>http://dummy.xtemos.com/woodmart/demos/wood-portfolio-placeholder/</link>
		<pubDate>Wed, 14 Jun 2017 14:02:43 +0000</pubDate>
		<dc:creator><![CDATA[admin]]></dc:creator>
		<guid isPermaLink="false">http://dummy.xtemos.com/woodmart/demos/wp-content/uploads/sites/2/2017/06/wood-portfolio-placeholder.jpg</guid>
		<description></description>
		<content:encoded><![CDATA[]]></content:encoded>
		<excerpt:encoded><![CDATA[]]></excerpt:encoded>
		<wp:post_id>117</wp:post_id>
		<wp:post_date>2017-06-14 14:02:43</wp:post_date>
		<wp:post_date_gmt>2017-06-14 14:02:43</wp:post_date_gmt>
		<wp:comment_status>open</wp:comment_status>
		<wp:ping_status>closed</wp:ping_status>
		<wp:post_name>wood-portfolio-placeholder</wp:post_name>
		<wp:status>inherit</wp:status>
		<wp:post_parent>0</wp:post_parent>
		<wp:menu_order>0</wp:menu_order>
		<wp:post_type>attachment</wp:post_type>
		<wp:post_password></wp:post_password>
		<wp:is_sticky>0</wp:is_sticky>
		<wp:attachment_url>http://dummy.xtemos.com/woodmart/demos/wp-content/uploads/sites/2/2017/06/wood-portfolio-placeholder.jpg</wp:attachment_url>
		<wp:postmeta>
			<wp:meta_key>_wp_attached_file</wp:meta_key>
			<wp:meta_value><![CDATA[2017/06/wood-portfolio-placeholder.jpg]]></wp:meta_value>
		</wp:postmeta>
	</item>
	<item>
		<title>team</title>
		<link>http://dummy.xtemos.com/woodmart/demos/team-member/team/</link>
		<pubDate>Tue, 04 Jul 2017 09:48:21 +0000</pubDate>
		<dc:creator><![CDATA[erwin]]></dc:creator>
		<guid isPermaLink="false">http://dummy.xtemos.com/woodmart/demos/wp-content/uploads/sites/2/2017/07/team.jpg</guid>
		<description></description>
		<content:encoded><![CDATA[]]></content:encoded>
		<excerpt:encoded><![CDATA[]]></excerpt:encoded>
		<wp:post_id>743</wp:post_id>
		<wp:post_date>2017-07-04 09:48:21</wp:post_date>
		<wp:post_date_gmt>2017-07-04 09:48:21</wp:post_date_gmt>
		<wp:comment_status>open</wp:comment_status>
		<wp:ping_status>closed</wp:ping_status>
		<wp:post_name>team</wp:post_name>
		<wp:status>inherit</wp:status>
		<wp:post_parent>741</wp:post_parent>
		<wp:menu_order>0</wp:menu_order>
		<wp:post_type>attachment</wp:post_type>
		<wp:post_password></wp:post_password>
		<wp:is_sticky>0</wp:is_sticky>
		<wp:attachment_url>http://dummy.xtemos.com/woodmart/demos/wp-content/uploads/sites/2/2017/07/team.jpg</wp:attachment_url>
		<wp:postmeta>
			<wp:meta_key>_wp_attached_file</wp:meta_key>
			<wp:meta_value><![CDATA[2017/07/team.jpg]]></wp:meta_value>
		</wp:postmeta>
	</item>
	<item>
		<title>Old About Us</title>
		<link>http://dummy.xtemos.com/woodmart/demos/about-us/</link>
		<pubDate>Thu, 13 Jul 2017 06:58:00 +0000</pubDate>
		<dc:creator><![CDATA[erwin]]></dc:creator>
		<guid isPermaLink="false">http://dummy.xtemos.com/woodmart/demos/?page_id=845</guid>
		<description></description>
		<content:encoded><![CDATA[[vc_row full_width="stretch_row" el_class="opacity-video-bg" css=".vc_custom_1499928119849{margin-bottom: 8vh !important;padding-top: 32vh !important;padding-bottom: 25vh !important;background-color: #0a0a0a !important;background-position: center !important;background-repeat: no-repeat !important;background-size: cover !important;}"][vc_column css=".vc_custom_1499517305703{padding-top: 0px !important;}" el_class="text-center"][vc_custom_heading text="XTEMOS IS A CREATIVE DESIGN AGENCY" font_container="tag:h5|font_size:16|text_align:center|color:rgba(255%2C255%2C255%2C0.8)" use_theme_fonts="yes" css=".vc_custom_1499675196394{margin-bottom: 10px !important;}" el_class="visible-lg"][woodmart_title title_width="40" color="white" size="extra-large" title="Our success and company history." after_title="A wonderful serenity has taken possession of my entire soul, like these sweet mornings of spring which I enjoy with my whole heart."][woodmart_button color="white" button_inline="yes" title=" SEE PROJECTS " link="url:%23|||"][woodmart_button color="white" style="bordered" button_inline="yes" title="VIEW MORE" link="url:%23|||"][/vc_column][/vc_row][vc_row css=".vc_custom_1499600383384{margin-bottom: 8vh !important;}"][vc_column offset="vc_col-lg-offset-2 vc_col-lg-8 vc_col-md-offset-2 vc_col-md-8 vc_col-sm-offset-0" css=".vc_custom_1499599304156{padding-top: 0px !important;}"][woodmart_title size="extra-large" align="left" title="About Our Online Store" css=".vc_custom_1497881167325{margin-bottom: 25px !important;}"][vc_custom_heading text="WOODMART - BEST ECOMMERCE THEME 2017/18" font_container="tag:p|font_size:20|text_align:left|color:%23777777" google_fonts="font_family:Lato%3A100%2C100italic%2C300%2C300italic%2Cregular%2Citalic%2C700%2C700italic%2C900%2C900italic|font_style:400%20regular%3A400%3Anormal" css=".vc_custom_1497872166476{margin-top: -25px !important;}" el_class="hidden-sm hidden-xs"][vc_custom_heading text="Risus suspendisse a orci penatibus a felis suscipit consectetur vestibulum sodales dui cum ultricies lacus interdum. Per suspendisse adipiscing a suspendisse auctor nibh a et at curae condimentum suspendisse enim a eu scelerisque." font_container="tag:p|font_size:22|text_align:left|color:%238e8e8e" google_fonts="font_family:Lato%3A100%2C100italic%2C300%2C300italic%2Cregular%2Citalic%2C700%2C700italic%2C900%2C900italic|font_style:300%20light%20italic%3A300%3Aitalic"][vc_row_inner][vc_column_inner width="1/2" css=".vc_custom_1494857398526{padding-top: 0px !important;}"][vc_column_text css=".vc_custom_1499600295564{margin-bottom: 20px !important;}"]
<p class="text-larger">One morning, when Gregor Samsa woke from troubled dreams, he found himself transformed in his bed into a horrible vermin. He lay on his armour-like back, and if he lifted his head a little he could see his brown belly, slightly domed and divided by arches into stiff.</p>
<p class="text-larger">Dictumst per ante cras suscipit nascetur ullamcorper in nullam fermentum condimentum torquent iaculis reden posuere potenti viverra condimentum dictumst id tellus suspendisse convallis condimentum.</p>
[/vc_column_text][/vc_column_inner][vc_column_inner width="1/2" css=".vc_custom_1494857394949{padding-top: 0px !important;}"][vc_column_text css=".vc_custom_1499600304283{margin-bottom: 20px !important;}"]
<p class="text-larger">His room, a proper human room although a little too small, lay peacefully between its four familiar walls. A collection of textile samples lay spread out on the table - Samsa was a travelling salesman.</p>
<p class="text-larger">The bedding was hardly able to cover it and seemed ready to slide off any moment. His many legs, pitifully thin compared with the size of the rest of him, waved about helplessly as he looked. "What's happened to me?" he thought. It wasn't a dream.</p>
[/vc_column_text][/vc_column_inner][/vc_row_inner][vc_separator color="custom" accent_color="rgba(10,10,10,0.12)" css=".vc_custom_1499600318751{margin-bottom: 30px !important;padding-top: 10px !important;}"][vc_row_inner content_placement="middle" css=".vc_custom_1499600064550{padding-top: 0px !important;}"][vc_column_inner width="1/2" css=".vc_custom_1499599961071{margin-bottom: 20px !important;padding-top: 0px !important;}"][vc_column_text css=".vc_custom_1494857531177{margin-bottom: 0px !important;}"]<a href="http://xtemos.com"><strong><em>Developed by <span style="color: #cd1d1d">X</span>temos Studio @ 2017.</em></strong></a>[/vc_column_text][/vc_column_inner][vc_column_inner width="1/2" css=".vc_custom_1499599970647{margin-bottom: 20px !important;padding-top: 0px !important;}"][social_buttons size="small" style="bordered" align="right"][/vc_column_inner][/vc_row_inner][/vc_column][/vc_row][vc_section full_width="stretch_row" css=".vc_custom_1499928137828{margin-bottom: 10vh !important;padding-top: 8vh !important;padding-bottom: 8vh !important;background-image: url(http://dummy.xtemos.com/woodmart/demos/wp-content/uploads/sites/2/2017/06/wood-main-dark-bg.jpg?id=246) !important;background-position: center !important;background-repeat: no-repeat !important;background-size: cover !important;}"][vc_row equal_height="yes" content_placement="middle" css=".vc_custom_1499604445501{margin-right: -25px !important;margin-left: -25px !important;}"][vc_column width="1/2" woodmart_color_scheme="light" css=".vc_custom_1499604612121{padding-top: 10px !important;padding-right: 25px !important;padding-bottom: 10px !important;padding-left: 25px !important;}"][vc_row_inner css=".vc_custom_1499603294997{margin-right: 0px !important;margin-left: 0px !important;border-bottom-width: 1px !important;border-bottom-color: rgba(255,255,255,0.3) !important;border-bottom-style: solid !important;}"][vc_column_inner width="1/2" css=".vc_custom_1499604113587{border-right-width: 1px !important;padding-top: 35px !important;border-right-color: rgba(255,255,255,0.3) !important;border-right-style: solid !important;}" offset="vc_col-xs-6"][woodmart_counter size="large" label="SATISFIED CLIENTS" value="386"][/vc_column_inner][vc_column_inner width="1/2" css=".vc_custom_1499604100036{padding-top: 35px !important;}" offset="vc_col-xs-6"][woodmart_counter size="large" label="FINISHED PROJECTS" value="275"][/vc_column_inner][/vc_row_inner][vc_row_inner css=".vc_custom_1499603294997{margin-right: 0px !important;margin-left: 0px !important;border-bottom-width: 1px !important;border-bottom-color: rgba(255,255,255,0.3) !important;border-bottom-style: solid !important;}"][vc_column_inner width="1/2" css=".vc_custom_1499604519781{border-right-width: 1px !important;padding-top: 35px !important;border-right-color: rgba(255,255,255,0.3) !important;border-right-style: solid !important;}" offset="vc_col-xs-6"][woodmart_counter size="large" label="TEAM MEMBERS" value="15"][/vc_column_inner][vc_column_inner width="1/2" css=".vc_custom_1499604526470{padding-top: 35px !important;}" offset="vc_col-xs-6"][woodmart_counter size="large" label="OFFICES" value="4"][/vc_column_inner][/vc_row_inner][vc_row_inner css=".vc_custom_1499603310379{margin-right: 0px !important;margin-left: 0px !important;}"][vc_column_inner width="1/2" css=".vc_custom_1499604535206{border-right-width: 1px !important;padding-top: 35px !important;border-right-color: rgba(255,255,255,0.3) !important;border-right-style: solid !important;}" offset="vc_col-xs-6"][woodmart_counter size="large" label="SATISFIED CLIENTS" value="255"][/vc_column_inner][vc_column_inner width="1/2" css=".vc_custom_1499604548790{padding-top: 35px !important;}" offset="vc_col-xs-6"][woodmart_counter size="large" label="DESIGN WORKS" value="156"][/vc_column_inner][/vc_row_inner][/vc_column][vc_column width="1/2" css=".vc_custom_1499604620360{padding-top: 10px !important;padding-right: 35px !important;padding-bottom: 10px !important;padding-left: 35px !important;}"][woodmart_title title_width="90" color="white" size="extra-large" align="left" title="We convert your idea Into a reality." css=".vc_custom_1499675347819{margin-bottom: 20px !important;}"][vc_custom_heading text="WOODMART - BEST ECOMMERCE THEME 2017/18" font_container="tag:p|font_size:20|text_align:left|color:rgba(255%2C255%2C255%2C0.8)" google_fonts="font_family:Lato%3A100%2C100italic%2C300%2C300italic%2Cregular%2Citalic%2C700%2C700italic%2C900%2C900italic|font_style:400%20regular%3A400%3Anormal" css=".vc_custom_1499603883607{margin-top: -15px !important;margin-bottom: 15px !important;}" el_class="hidden-sm hidden-xs"][vc_column_text woodmart_color_scheme="light" el_class="text-larger" css=".vc_custom_1499603785139{margin-bottom: 25px !important;}"]One morning, when Gregor Samsa woke from troubled dreams, he found himself transformed in his bed into a horrible vermin. He lay on his armour-like back, and if he lifted his head a little he could see his brown belly, slightly domed and divided by arches into stiff His room, a proper human room although a little too smalls.[/vc_column_text][woodmart_button color="white" button_inline="yes" title=" SEE PROJECTS " link="url:%23|||"][woodmart_button color="white" style="bordered" button_inline="yes" title="VIEW MORE" link="url:%23|||"][/vc_column][/vc_row][/vc_section][vc_row equal_height="yes" content_placement="middle" css=".vc_custom_1499591488348{margin-bottom: 10vh !important;}"][vc_column css=".vc_custom_1499612435663{padding-top: 0px !important;}" offset="vc_col-lg-6 vc_col-md-6"][woodmart_title size="extra-large" align="left" title="Let’s Get Creative!"][vc_custom_heading text="WOODMART - BEST ECOMMERCE THEME 2017/18" font_container="tag:p|font_size:20|text_align:left|color:%23777777" google_fonts="font_family:Lato%3A100%2C100italic%2C300%2C300italic%2Cregular%2Citalic%2C700%2C700italic%2C900%2C900italic|font_style:400%20regular%3A400%3Anormal" css=".vc_custom_1497886090620{margin-top: -25px !important;margin-bottom: 40px !important;}" el_class="hidden-sm hidden-xs"][vc_row_inner][vc_column_inner width="1/2"][woodmart_info_box image="846" title_size="small" image_alignment="left" img_size="70x70" css=".vc_custom_1499928721310{margin-bottom: 40px !important;}" title="GRAPHIC DESIGN"]Curabitur lacinia tristique velit ut laoreet.[/woodmart_info_box][woodmart_info_box image="846" title_size="small" image_alignment="left" img_size="70x70" title="WEB DESIGN"]By the readable content of a page when its layout.[/woodmart_info_box][/vc_column_inner][vc_column_inner width="1/2"][woodmart_info_box image="846" title_size="small" image_alignment="left" img_size="70x70" css=".vc_custom_1499928735832{margin-bottom: 40px !important;}" title="BRANDING"]Fact that a reader will be distracted.[/woodmart_info_box][woodmart_info_box image="846" title_size="small" image_alignment="left" img_size="70x70" title="PHOTOGRAPHY"]The point of using Lorem Ipsum is that it has it.[/woodmart_info_box][/vc_column_inner][/vc_row_inner][/vc_column][vc_column css=".vc_custom_1499612446263{padding-top: 0px !important;background-position: center !important;background-repeat: no-repeat !important;background-size: cover !important;}" offset="vc_col-lg-6 vc_col-md-6"][woodmart_gallery images="81,80" view="grid" spacing="10" columns="2" caption="yes" img_size="500x643"][/vc_column][/vc_row][vc_row full_width="stretch_row" woodmart_disable_overflow="1" css=".vc_custom_1499612919621{margin-bottom: 10vh !important;padding-top: 10vh !important;padding-bottom: 8vh !important;background-color: #111111 !important;}"][vc_column css=".vc_custom_1499592886600{padding-top: 0px !important;}"][vc_custom_heading text="XTEMOS IS A CREATIVE DESIGN AGENCY" font_container="tag:h5|font_size:16|text_align:center|color:rgba(255%2C255%2C255%2C0.8)" use_theme_fonts="yes" css=".vc_custom_1499676819850{margin-bottom: 10px !important;}" el_class="visible-lg"][woodmart_title title_width="50" color="white" size="extra-large" title="Our Presentation" after_title="I am so happy, my dear friend, so absorbed in the exquisite sense of mere tranquil existence, that I neglect my talents. I should be incapable of drawing a single." css=".vc_custom_1499676796932{margin-bottom: 15px !important;}"][vc_row_inner][vc_column_inner width="1/2" css=".vc_custom_1499612891079{margin-bottom: 0px !important;padding-top: 20px !important;padding-bottom: 20px !important;}"][vc_video link="https://www.youtube.com/watch?v=TJ1SDXbij8Y" align="center" image_poster_switch="yes" poster_image="44" css=".vc_custom_1499928162338{margin-bottom: 20px !important;background-position: center !important;background-repeat: no-repeat !important;background-size: cover !important;}"][woodmart_title color="white" size="small" title="Our company history and facts" css=".vc_custom_1499676845522{margin-bottom: 20px !important;}"][woodmart_button color="white" style="link" align="center" title="Show more" link="url:%23|||"][/vc_column_inner][vc_column_inner width="1/2" css=".vc_custom_1499612903694{margin-bottom: 0px !important;padding-top: 20px !important;padding-bottom: 20px !important;}"][vc_video link="https://www.youtube.com/watch?v=TJ1SDXbij8Y" align="center" image_poster_switch="yes" poster_image="44" css=".vc_custom_1499928173781{margin-bottom: 20px !important;background-position: center !important;background-repeat: no-repeat !important;background-size: cover !important;}"][woodmart_title color="white" size="small" title="Design &amp; development process demonstration" css=".vc_custom_1499676876261{margin-bottom: 20px !important;}"][woodmart_button color="white" style="link" align="center" title="Show more" link="url:%23|||"][/vc_column_inner][/vc_row_inner][/vc_column][/vc_row][vc_row content_placement="middle" css=".vc_custom_1499613131109{margin-bottom: 6vh !important;}"][vc_column css=".vc_custom_1499613171590{padding-top: 15px !important;}" offset="vc_col-lg-6 vc_col-md-6"][vc_custom_heading text="WOODMART - BEST ECOMMERCE THEME 2017/18" font_container="tag:p|font_size:20|text_align:left|color:%23777777" google_fonts="font_family:Lato%3A100%2C100italic%2C300%2C300italic%2Cregular%2Citalic%2C700%2C700italic%2C900%2C900italic|font_style:400%20regular%3A400%3Anormal" css=".vc_custom_1499511023526{margin-bottom: 15px !important;}" el_class="hidden-sm hidden-xs"][woodmart_title size="large" align="left" title="''Excellence is not a skill it's an attitude'' - Ralph Marston" css=".vc_custom_1499676951461{margin-bottom: 15px !important;}"][/vc_column][vc_column css=".vc_custom_1499613182447{padding-top: 15px !important;}" offset="vc_col-lg-6 vc_col-md-6"][vc_column_text el_class="text-larger" css=".vc_custom_1499512483600{margin-bottom: 15px !important;}"]A wonderful serenity has taken possession of my entire soul, like these sweet mornings of spring which I enjoy with my whole heart. I am alone, and feel the charm of existence in this spot, which was created for the bliss of souls like mine.[/vc_column_text][vc_column_text css=".vc_custom_1499613115733{margin-bottom: 15px !important;}"]<a href="http://xtemos.com"><strong><em>Developed by <span style="color: #cd1d1d">X</span>temos Studio @ 2017.</em></strong></a>[/vc_column_text][/vc_column][/vc_row][vc_row css=".vc_custom_1490350549168{margin-bottom: 5vh !important;}"][vc_column width="1/2" offset="vc_col-lg-3 vc_col-md-3"][team_member name="MARK JANCE" position="CEO / FOUNDER" image="743" align="center" woodmart_color_scheme="light" layout="hover" size="small" style="colored" img="1896" facebook="#" twitter="#" google_plus="#" instagram="#" img_size="full"][/team_member][/vc_column][vc_column width="1/2" offset="vc_col-lg-3 vc_col-md-3"][team_member name="MARK JANCE" position="CEO / FOUNDER" image="743" align="center" woodmart_color_scheme="light" layout="hover" size="small" style="colored" img="1896" facebook="#" twitter="#" google_plus="#" instagram="#" img_size="full"][/team_member][/vc_column][vc_column width="1/2" offset="vc_col-lg-3 vc_col-md-3"][team_member name="MARK JANCE" position="CEO / FOUNDER" image="743" align="center" woodmart_color_scheme="light" layout="hover" size="small" style="colored" img="1896" facebook="#" twitter="#" google_plus="#" instagram="#" img_size="full"][/team_member][/vc_column][vc_column width="1/2" offset="vc_col-lg-3 vc_col-md-3"][team_member name="MARK JANCE" position="CEO / FOUNDER" image="743" align="center" woodmart_color_scheme="light" layout="hover" size="small" style="colored" img="1896" facebook="#" twitter="#" google_plus="#" instagram="#" img_size="full"][/team_member][/vc_column][/vc_row][vc_row full_width="stretch_row" css=".vc_custom_1499614701567{margin-bottom: 0px !important;padding-top: 12vh !important;padding-bottom: 12vh !important;background-color: #111111 !important;}"][vc_column css=".vc_custom_1499516443656{padding-top: 0px !important;}"][vc_custom_heading text="GET IN TOUCH WITH US" font_container="tag:h5|font_size:16|text_align:center|color:rgba(255%2C255%2C255%2C0.8)" use_theme_fonts="yes" css=".vc_custom_1499677026586{margin-bottom: 10px !important;}" el_class="visible-lg"][woodmart_title title_width="50" color="white" size="extra-large" title="Get Connected" after_title="I am so happy, my dear friend, so absorbed in the exquisite sense of mere tranquil existence, that I neglect my talents. I should be incapable of drawing a single." css=".vc_custom_1499613905693{margin-bottom: 8vh !important;}"][/vc_column][vc_column width="1/2" css=".vc_custom_1499669319732{padding-top: 0px !important;}" offset="vc_col-lg-3 vc_col-md-3"][woodmart_info_box title_size="small" image_alignment="left" woodmart_color_scheme="light" title="NEW YORK" css=".vc_custom_1499677107138{margin-bottom: 15px !important;border-bottom-width: 1px !important;padding-bottom: 15px !important;border-bottom-color: rgba(255,255,255,0.2) !important;border-bottom-style: solid !important;}"]113 New Avenue, Roadway,
67 Brewer St, London, United Kingdom[/woodmart_info_box][vc_column_text woodmart_color_scheme="light"]<span style="color: #ffffff"><strong>Phone:</strong> </span>+23 954 355 255
<span style="color: #ffffff"><strong>Email:</strong></span> xtemos@gmail.com[/vc_column_text][/vc_column][vc_column width="1/2" css=".vc_custom_1499669331084{padding-top: 0px !important;}" offset="vc_col-lg-3 vc_col-md-3"][woodmart_info_box title_size="small" image_alignment="left" woodmart_color_scheme="light" title="PARIS" css=".vc_custom_1499677115529{margin-bottom: 15px !important;border-bottom-width: 1px !important;padding-bottom: 15px !important;border-bottom-color: rgba(255,255,255,0.2) !important;border-bottom-style: solid !important;}"]113 New Avenue, Roadway,
67 Brewer St, London, United Kingdom[/woodmart_info_box][vc_column_text woodmart_color_scheme="light"]<span style="color: #ffffff"><strong>Phone:</strong> </span>+23 954 355 255
<span style="color: #ffffff"><strong>Email:</strong></span> xtemos@gmail.com[/vc_column_text][/vc_column][vc_column width="1/2" css=".vc_custom_1499669343848{padding-top: 0px !important;}" offset="vc_col-lg-3 vc_col-md-3"][woodmart_info_box title_size="small" image_alignment="left" woodmart_color_scheme="light" title="LONDON" css=".vc_custom_1499677122818{margin-bottom: 15px !important;border-bottom-width: 1px !important;padding-bottom: 15px !important;border-bottom-color: rgba(255,255,255,0.2) !important;border-bottom-style: solid !important;}"]113 New Avenue, Roadway,
67 Brewer St, London, United Kingdom[/woodmart_info_box][vc_column_text woodmart_color_scheme="light"]<span style="color: #ffffff"><strong>Phone:</strong> </span>+23 954 355 255
<span style="color: #ffffff"><strong>Email:</strong></span> xtemos@gmail.com[/vc_column_text][/vc_column][vc_column width="1/2" css=".vc_custom_1499669356596{padding-top: 0px !important;}" offset="vc_col-lg-3 vc_col-md-3"][woodmart_info_box title_size="small" image_alignment="left" woodmart_color_scheme="light" title="NORWAY" css=".vc_custom_1499677131063{margin-bottom: 15px !important;border-bottom-width: 1px !important;padding-bottom: 15px !important;border-bottom-color: rgba(255,255,255,0.2) !important;border-bottom-style: solid !important;}"]113 New Avenue, Roadway,
67 Brewer St, London, United Kingdom[/woodmart_info_box][vc_column_text woodmart_color_scheme="light"]<span style="color: #ffffff"><strong>Phone:</strong> </span>+23 954 355 255
<span style="color: #ffffff"><strong>Email:</strong></span> xtemos@gmail.com[/vc_column_text][/vc_column][/vc_row][vc_row full_width="stretch_row_content_no_spaces" css=".vc_custom_1499613417379{margin-bottom: -40px !important;}"][vc_column css=".vc_custom_1499613529362{margin-bottom: 0px !important;padding-top: 0px !important;}"][banners_carousel slides_per_view="3" slider_spacing="0" hide_pagination_control="yes" hide_prev_next_buttons="yes"][promo_banner image="117" btn_color="primary" btn_style="3d" btn_size="small" title_size="large" vertical_alignment="bottom" hover="zoom-reverse" style="mask" woodmart_color_scheme="light" increase_spaces="yes" img_size="700x450" btn_text="Read more" title="It is a fact that a reader will be distracted." link="url:%23|||"]Ullamcorper vehicula at ultrices sed interdum et malesuada[/promo_banner][promo_banner image="117" btn_color="primary" btn_style="3d" btn_size="small" title_size="large" vertical_alignment="bottom" hover="zoom-reverse" style="mask" woodmart_color_scheme="light" increase_spaces="yes" img_size="700x450" btn_text="Read more" title="By the readable content of a page when looking." link="url:%23|||"]Patibus elementum a dictum ipiscing parturient donec eros.[/promo_banner][promo_banner image="117" btn_color="primary" btn_style="3d" btn_size="small" title_size="large" vertical_alignment="bottom" hover="zoom-reverse" style="mask" woodmart_color_scheme="light" increase_spaces="yes" img_size="700x450" btn_text="Read more" title="The point of using Lorem Ipsum is that it has." link="url:%23|||"]Ullamcorper vehicula at ultrices sed interdum ullamcorper .[/promo_banner][/banners_carousel][/vc_column][/vc_row]]]></content:encoded>
		<excerpt:encoded><![CDATA[]]></excerpt:encoded>
		<wp:post_id>845</wp:post_id>
		<wp:post_date>2017-07-13 06:58:00</wp:post_date>
		<wp:post_date_gmt>2017-07-13 06:58:00</wp:post_date_gmt>
		<wp:comment_status>closed</wp:comment_status>
		<wp:ping_status>closed</wp:ping_status>
		<wp:post_name>about-us</wp:post_name>
		<wp:status>publish</wp:status>
		<wp:post_parent>0</wp:post_parent>
		<wp:menu_order>0</wp:menu_order>
		<wp:post_type>page</wp:post_type>
		<wp:post_password></wp:post_password>
		<wp:is_sticky>0</wp:is_sticky>
		<wp:postmeta>
			<wp:meta_key>_wp_page_template</wp:meta_key>
			<wp:meta_value><![CDATA[default]]></wp:meta_value>
		</wp:postmeta>
		<wp:postmeta>
			<wp:meta_key>_wpb_shortcodes_custom_css</wp:meta_key>
			<wp:meta_value><![CDATA[.vc_custom_1499928119849{margin-bottom: 8vh !important;padding-top: 32vh !important;padding-bottom: 25vh !important;background-color: #0a0a0a !important;background-position: center !important;background-repeat: no-repeat !important;background-size: cover !important;}.vc_custom_1499600383384{margin-bottom: 8vh !important;}.vc_custom_1499928137828{margin-bottom: 10vh !important;padding-top: 8vh !important;padding-bottom: 8vh !important;background-image: url(http://dummy.xtemos.com/woodmart/demos/wp-content/uploads/sites/2/2017/06/wood-main-dark-bg.jpg?id=246) !important;background-position: center !important;background-repeat: no-repeat !important;background-size: cover !important;}.vc_custom_1499591488348{margin-bottom: 10vh !important;}.vc_custom_1499612919621{margin-bottom: 10vh !important;padding-top: 10vh !important;padding-bottom: 8vh !important;background-color: #111111 !important;}.vc_custom_1499613131109{margin-bottom: 6vh !important;}.vc_custom_1490350549168{margin-bottom: 5vh !important;}.vc_custom_1499614701567{margin-bottom: 0px !important;padding-top: 12vh !important;padding-bottom: 12vh !important;background-color: #111111 !important;}.vc_custom_1499613417379{margin-bottom: -40px !important;}.vc_custom_1499517305703{padding-top: 0px !important;}.vc_custom_1499675196394{margin-bottom: 10px !important;}.vc_custom_1499599304156{padding-top: 0px !important;}.vc_custom_1497881167325{margin-bottom: 25px !important;}.vc_custom_1497872166476{margin-top: -25px !important;}.vc_custom_1499600318751{margin-bottom: 30px !important;padding-top: 10px !important;}.vc_custom_1499600064550{padding-top: 0px !important;}.vc_custom_1494857398526{padding-top: 0px !important;}.vc_custom_1494857394949{padding-top: 0px !important;}.vc_custom_1499600295564{margin-bottom: 20px !important;}.vc_custom_1499600304283{margin-bottom: 20px !important;}.vc_custom_1499599961071{margin-bottom: 20px !important;padding-top: 0px !important;}.vc_custom_1499599970647{margin-bottom: 20px !important;padding-top: 0px !important;}.vc_custom_1494857531177{margin-bottom: 0px !important;}.vc_custom_1499604445501{margin-right: -25px !important;margin-left: -25px !important;}.vc_custom_1499604612121{padding-top: 10px !important;padding-right: 25px !important;padding-bottom: 10px !important;padding-left: 25px !important;}.vc_custom_1499604620360{padding-top: 10px !important;padding-right: 35px !important;padding-bottom: 10px !important;padding-left: 35px !important;}.vc_custom_1499603294997{margin-right: 0px !important;margin-left: 0px !important;border-bottom-width: 1px !important;border-bottom-color: rgba(255,255,255,0.3) !important;border-bottom-style: solid !important;}.vc_custom_1499603294997{margin-right: 0px !important;margin-left: 0px !important;border-bottom-width: 1px !important;border-bottom-color: rgba(255,255,255,0.3) !important;border-bottom-style: solid !important;}.vc_custom_1499603310379{margin-right: 0px !important;margin-left: 0px !important;}.vc_custom_1499604113587{border-right-width: 1px !important;padding-top: 35px !important;border-right-color: rgba(255,255,255,0.3) !important;border-right-style: solid !important;}.vc_custom_1499604100036{padding-top: 35px !important;}.vc_custom_1499604519781{border-right-width: 1px !important;padding-top: 35px !important;border-right-color: rgba(255,255,255,0.3) !important;border-right-style: solid !important;}.vc_custom_1499604526470{padding-top: 35px !important;}.vc_custom_1499604535206{border-right-width: 1px !important;padding-top: 35px !important;border-right-color: rgba(255,255,255,0.3) !important;border-right-style: solid !important;}.vc_custom_1499604548790{padding-top: 35px !important;}.vc_custom_1499675347819{margin-bottom: 20px !important;}.vc_custom_1499603883607{margin-top: -15px !important;margin-bottom: 15px !important;}.vc_custom_1499603785139{margin-bottom: 25px !important;}.vc_custom_1499612435663{padding-top: 0px !important;}.vc_custom_1499612446263{padding-top: 0px !important;background-position: center !important;background-repeat: no-repeat !important;background-size: cover !important;}.vc_custom_1497886090620{margin-top: -25px !important;margin-bottom: 40px !important;}.vc_custom_1499928721310{margin-bottom: 40px !important;}.vc_custom_1499928735832{margin-bottom: 40px !important;}.vc_custom_1499592886600{padding-top: 0px !important;}.vc_custom_1499676819850{margin-bottom: 10px !important;}.vc_custom_1499676796932{margin-bottom: 15px !important;}.vc_custom_1499612891079{margin-bottom: 0px !important;padding-top: 20px !important;padding-bottom: 20px !important;}.vc_custom_1499612903694{margin-bottom: 0px !important;padding-top: 20px !important;padding-bottom: 20px !important;}.vc_custom_1499928162338{margin-bottom: 20px !important;background-position: center !important;background-repeat: no-repeat !important;background-size: cover !important;}.vc_custom_1499676845522{margin-bottom: 20px !important;}.vc_custom_1499928173781{margin-bottom: 20px !important;background-position: center !important;background-repeat: no-repeat !important;background-size: cover !important;}.vc_custom_1499676876261{margin-bottom: 20px !important;}.vc_custom_1499613171590{padding-top: 15px !important;}.vc_custom_1499613182447{padding-top: 15px !important;}.vc_custom_1499511023526{margin-bottom: 15px !important;}.vc_custom_1499676951461{margin-bottom: 15px !important;}.vc_custom_1499512483600{margin-bottom: 15px !important;}.vc_custom_1499613115733{margin-bottom: 15px !important;}.vc_custom_1499516443656{padding-top: 0px !important;}.vc_custom_1499669319732{padding-top: 0px !important;}.vc_custom_1499669331084{padding-top: 0px !important;}.vc_custom_1499669343848{padding-top: 0px !important;}.vc_custom_1499669356596{padding-top: 0px !important;}.vc_custom_1499677026586{margin-bottom: 10px !important;}.vc_custom_1499613905693{margin-bottom: 8vh !important;}.vc_custom_1499677107138{margin-bottom: 15px !important;border-bottom-width: 1px !important;padding-bottom: 15px !important;border-bottom-color: rgba(255,255,255,0.2) !important;border-bottom-style: solid !important;}.vc_custom_1499677115529{margin-bottom: 15px !important;border-bottom-width: 1px !important;padding-bottom: 15px !important;border-bottom-color: rgba(255,255,255,0.2) !important;border-bottom-style: solid !important;}.vc_custom_1499677122818{margin-bottom: 15px !important;border-bottom-width: 1px !important;padding-bottom: 15px !important;border-bottom-color: rgba(255,255,255,0.2) !important;border-bottom-style: solid !important;}.vc_custom_1499677131063{margin-bottom: 15px !important;border-bottom-width: 1px !important;padding-bottom: 15px !important;border-bottom-color: rgba(255,255,255,0.2) !important;border-bottom-style: solid !important;}.vc_custom_1499613529362{margin-bottom: 0px !important;padding-top: 0px !important;}]]></wp:meta_value>
		</wp:postmeta>
		<wp:postmeta>
			<wp:meta_key>_woodmart_header</wp:meta_key>
			<wp:meta_value><![CDATA[shop]]></wp:meta_value>
		</wp:postmeta>
		<wp:postmeta>
			<wp:meta_key>_woodmart_header_color_scheme</wp:meta_key>
			<wp:meta_value><![CDATA[light]]></wp:meta_value>
		</wp:postmeta>
		<wp:postmeta>
			<wp:meta_key>_oembed_d428529f95c3f51c823990ed488ff449</wp:meta_key>
			<wp:meta_value><![CDATA[<iframe width="500" height="281" src="https://www.youtube.com/embed/TJ1SDXbij8Y?feature=oembed" frameborder="0" allowfullscreen></iframe>]]></wp:meta_value>
		</wp:postmeta>
		<wp:postmeta>
			<wp:meta_key>_oembed_time_d428529f95c3f51c823990ed488ff449</wp:meta_key>
			<wp:meta_value><![CDATA[1499929114]]></wp:meta_value>
		</wp:postmeta>
		<wp:postmeta>
			<wp:meta_key>_woodmart_main_layout</wp:meta_key>
			<wp:meta_value><![CDATA[full-width]]></wp:meta_value>
		</wp:postmeta>
		<wp:postmeta>
			<wp:meta_key>_woodmart_header-overlap</wp:meta_key>
			<wp:meta_value><![CDATA[on]]></wp:meta_value>
		</wp:postmeta>
		<wp:postmeta>
			<wp:meta_key>_woodmart_title_off</wp:meta_key>
			<wp:meta_value><![CDATA[on]]></wp:meta_value>
		</wp:postmeta>
		<wp:postmeta>
			<wp:meta_key>_woodmart_prefooter_off</wp:meta_key>
			<wp:meta_value><![CDATA[on]]></wp:meta_value>
		</wp:postmeta>
		<wp:postmeta>
			<wp:meta_key>_woodmart_top_bar_off</wp:meta_key>
			<wp:meta_value><![CDATA[on]]></wp:meta_value>
		</wp:postmeta>
		<wp:postmeta>
			<wp:meta_key>_woodmart_whb_header</wp:meta_key>
			<wp:meta_value><![CDATA[header_576762]]></wp:meta_value>
		</wp:postmeta>
	</item>
	<item>
		<title>ruler-transparent</title>
		<link>http://dummy.xtemos.com/woodmart/demos/about-us/ruler-transparent/</link>
		<pubDate>Thu, 13 Jul 2017 06:57:03 +0000</pubDate>
		<dc:creator><![CDATA[erwin]]></dc:creator>
		<guid isPermaLink="false">http://dummy.xtemos.com/woodmart/demos/wp-content/uploads/sites/2/2017/07/ruler-transparent.png</guid>
		<description></description>
		<content:encoded><![CDATA[]]></content:encoded>
		<excerpt:encoded><![CDATA[]]></excerpt:encoded>
		<wp:post_id>846</wp:post_id>
		<wp:post_date>2017-07-13 06:57:03</wp:post_date>
		<wp:post_date_gmt>2017-07-13 06:57:03</wp:post_date_gmt>
		<wp:comment_status>open</wp:comment_status>
		<wp:ping_status>closed</wp:ping_status>
		<wp:post_name>ruler-transparent</wp:post_name>
		<wp:status>inherit</wp:status>
		<wp:post_parent>845</wp:post_parent>
		<wp:menu_order>0</wp:menu_order>
		<wp:post_type>attachment</wp:post_type>
		<wp:post_password></wp:post_password>
		<wp:is_sticky>0</wp:is_sticky>
		<wp:attachment_url>http://dummy.xtemos.com/woodmart/demos/wp-content/uploads/sites/2/2017/07/ruler-transparent.png</wp:attachment_url>
		<wp:postmeta>
			<wp:meta_key>_wp_attached_file</wp:meta_key>
			<wp:meta_value><![CDATA[2017/07/ruler-transparent.png]]></wp:meta_value>
		</wp:postmeta>
	</item>
</channel>
</rss>
