<?xml version="1.0" encoding="UTF-8" ?>
<!-- This is a WordPress eXtended RSS file generated by WordPress as an export of your site. -->
<!-- It contains information about your site's posts, pages, comments, categories, and other content. -->
<!-- You may use this file to transfer that content from one site to another. -->
<!-- This file is not intended to serve as a complete backup of your site. -->

<!-- To import this information into a WordPress site follow these steps: -->
<!-- 1. Log in to that site as an administrator. -->
<!-- 2. Go to Tools: Import in the WordPress admin panel. -->
<!-- 3. Install the "WordPress" importer from the list. -->
<!-- 4. Activate & Run Importer. -->
<!-- 5. Upload this file using the form provided on that page. -->
<!-- 6. You will first be asked to map the authors in this export file to users -->
<!--    on the site. For each author, you may choose to map to an -->
<!--    existing user on the site or to create a new user. -->
<!-- 7. WordPress will then import each of the posts, pages, comments, categories, etc. -->
<!--    contained in this file into your site. -->

	<!-- generator="WordPress/5.4.2" created="2020-07-08 06:49" -->
<rss version="2.0"
	xmlns:excerpt="http://wordpress.org/export/1.2/excerpt/"
	xmlns:content="http://purl.org/rss/1.0/modules/content/"
	xmlns:wfw="http://wellformedweb.org/CommentAPI/"
	xmlns:dc="http://purl.org/dc/elements/1.1/"
	xmlns:wp="http://wordpress.org/export/1.2/"
>

<channel>
	<title>Woodmart dummy demos</title>
	<link>http://dummy.xtemos.com/woodmart-elementor/demos</link>
	<description>Just another Woodmart Dummy Content Sites site</description>
	<pubDate>Wed, 08 Jul 2020 06:49:53 +0000</pubDate>
	<language>en-US</language>
	<wp:wxr_version>1.2</wp:wxr_version>
	<wp:base_site_url>http://dummy.xtemos.com/woodmart-elementor/</wp:base_site_url>
	<wp:base_blog_url>http://dummy.xtemos.com/woodmart-elementor/demos</wp:base_blog_url>

		<wp:author><wp:author_id>2</wp:author_id><wp:author_login>erwin</wp:author_login><wp:author_email>ss@asas.as</wp:author_email><wp:author_display_name><![CDATA[erwin]]></wp:author_display_name><wp:author_first_name><![CDATA[]]></wp:author_first_name><wp:author_last_name><![CDATA[]]></wp:author_last_name></wp:author>

				
	<generator>https://wordpress.org/?v=5.4.2</generator>

		<item>
		<title>
				wood-main-bg		</title>
		<link>http://dummy.xtemos.com/woodmart-elementor/demos/?attachment_id=44</link>
		<pubDate>Wed, 14 Jun 2017 08:07:10 +0000</pubDate>
		<dc:creator><![CDATA[admin]]></dc:creator>
		<guid isPermaLink="false">http://dummy.xtemos.com/woodmart-elementor/demos/wp-content/uploads/sites/2/2017/06/wood-main-bg.jpg</guid>
		<description></description>
		<content:encoded><![CDATA[]]></content:encoded>
		<excerpt:encoded><![CDATA[]]></excerpt:encoded>
		<wp:post_id>44</wp:post_id>
		<wp:post_date>2017-06-14 08:07:10</wp:post_date>
		<wp:post_date_gmt>2017-06-14 08:07:10</wp:post_date_gmt>
		<wp:comment_status>open</wp:comment_status>
		<wp:ping_status>closed</wp:ping_status>
		<wp:post_name>wood-main-bg</wp:post_name>
		<wp:status>inherit</wp:status>
		<wp:post_parent>42</wp:post_parent>
		<wp:menu_order>0</wp:menu_order>
		<wp:post_type>attachment</wp:post_type>
		<wp:post_password></wp:post_password>
		<wp:is_sticky>0</wp:is_sticky>
						<wp:attachment_url>http://dummy.xtemos.com/woodmart-elementor/demos/wp-content/uploads/sites/2/2017/06/wood-main-bg.jpg</wp:attachment_url>
												<wp:postmeta>
			<wp:meta_key>_wp_attached_file</wp:meta_key>
			<wp:meta_value><![CDATA[2017/06/wood-main-bg.jpg]]></wp:meta_value>
		</wp:postmeta>
						</item>
					<item>
		<title>
				wood-gallery-placeholder-3		</title>
		<link>http://dummy.xtemos.com/woodmart-elementor/demos/home-base/wood-gallery-placeholder-3/</link>
		<pubDate>Wed, 14 Jun 2017 11:33:28 +0000</pubDate>
		<dc:creator><![CDATA[admin]]></dc:creator>
		<guid isPermaLink="false">http://dummy.xtemos.com/woodmart-elementor/demos/wp-content/uploads/sites/2/2017/06/wood-gallery-placeholder-3.jpg</guid>
		<description></description>
		<content:encoded><![CDATA[]]></content:encoded>
		<excerpt:encoded><![CDATA[]]></excerpt:encoded>
		<wp:post_id>80</wp:post_id>
		<wp:post_date>2017-06-14 11:33:28</wp:post_date>
		<wp:post_date_gmt>2017-06-14 11:33:28</wp:post_date_gmt>
		<wp:comment_status>open</wp:comment_status>
		<wp:ping_status>closed</wp:ping_status>
		<wp:post_name>wood-gallery-placeholder-3</wp:post_name>
		<wp:status>inherit</wp:status>
		<wp:post_parent>57</wp:post_parent>
		<wp:menu_order>0</wp:menu_order>
		<wp:post_type>attachment</wp:post_type>
		<wp:post_password></wp:post_password>
		<wp:is_sticky>0</wp:is_sticky>
						<wp:attachment_url>http://dummy.xtemos.com/woodmart-elementor/demos/wp-content/uploads/sites/2/2017/06/wood-gallery-placeholder-3.jpg</wp:attachment_url>
												<wp:postmeta>
			<wp:meta_key>_wp_attached_file</wp:meta_key>
			<wp:meta_value><![CDATA[2017/06/wood-gallery-placeholder-3.jpg]]></wp:meta_value>
		</wp:postmeta>
						</item>
					<item>
		<title>
				wood-gallery-placeholder-4		</title>
		<link>http://dummy.xtemos.com/woodmart-elementor/demos/home-base/wood-gallery-placeholder-4/</link>
		<pubDate>Wed, 14 Jun 2017 11:33:30 +0000</pubDate>
		<dc:creator><![CDATA[admin]]></dc:creator>
		<guid isPermaLink="false">http://dummy.xtemos.com/woodmart-elementor/demos/wp-content/uploads/sites/2/2017/06/wood-gallery-placeholder-4.jpg</guid>
		<description></description>
		<content:encoded><![CDATA[]]></content:encoded>
		<excerpt:encoded><![CDATA[]]></excerpt:encoded>
		<wp:post_id>81</wp:post_id>
		<wp:post_date>2017-06-14 11:33:30</wp:post_date>
		<wp:post_date_gmt>2017-06-14 11:33:30</wp:post_date_gmt>
		<wp:comment_status>open</wp:comment_status>
		<wp:ping_status>closed</wp:ping_status>
		<wp:post_name>wood-gallery-placeholder-4</wp:post_name>
		<wp:status>inherit</wp:status>
		<wp:post_parent>57</wp:post_parent>
		<wp:menu_order>0</wp:menu_order>
		<wp:post_type>attachment</wp:post_type>
		<wp:post_password></wp:post_password>
		<wp:is_sticky>0</wp:is_sticky>
						<wp:attachment_url>http://dummy.xtemos.com/woodmart-elementor/demos/wp-content/uploads/sites/2/2017/06/wood-gallery-placeholder-4.jpg</wp:attachment_url>
												<wp:postmeta>
			<wp:meta_key>_wp_attached_file</wp:meta_key>
			<wp:meta_value><![CDATA[2017/06/wood-gallery-placeholder-4.jpg]]></wp:meta_value>
		</wp:postmeta>
						</item>
					<item>
		<title>
				wood-portfolio-placeholder		</title>
		<link>http://dummy.xtemos.com/woodmart-elementor/demos/wood-portfolio-placeholder/</link>
		<pubDate>Wed, 14 Jun 2017 14:02:43 +0000</pubDate>
		<dc:creator><![CDATA[admin]]></dc:creator>
		<guid isPermaLink="false">http://dummy.xtemos.com/woodmart-elementor/demos/wp-content/uploads/sites/2/2017/06/wood-portfolio-placeholder.jpg</guid>
		<description></description>
		<content:encoded><![CDATA[]]></content:encoded>
		<excerpt:encoded><![CDATA[]]></excerpt:encoded>
		<wp:post_id>117</wp:post_id>
		<wp:post_date>2017-06-14 14:02:43</wp:post_date>
		<wp:post_date_gmt>2017-06-14 14:02:43</wp:post_date_gmt>
		<wp:comment_status>open</wp:comment_status>
		<wp:ping_status>closed</wp:ping_status>
		<wp:post_name>wood-portfolio-placeholder</wp:post_name>
		<wp:status>inherit</wp:status>
		<wp:post_parent>0</wp:post_parent>
		<wp:menu_order>0</wp:menu_order>
		<wp:post_type>attachment</wp:post_type>
		<wp:post_password></wp:post_password>
		<wp:is_sticky>0</wp:is_sticky>
						<wp:attachment_url>http://dummy.xtemos.com/woodmart-elementor/demos/wp-content/uploads/sites/2/2017/06/wood-portfolio-placeholder.jpg</wp:attachment_url>
												<wp:postmeta>
			<wp:meta_key>_wp_attached_file</wp:meta_key>
			<wp:meta_value><![CDATA[2017/06/wood-portfolio-placeholder.jpg]]></wp:meta_value>
		</wp:postmeta>
						</item>
					<item>
		<title>
				wood-main-dark-bg		</title>
		<link>http://dummy.xtemos.com/woodmart-elementor/demos/wood-main-dark-bg/</link>
		<pubDate>Fri, 16 Jun 2017 09:53:48 +0000</pubDate>
		<dc:creator><![CDATA[admin]]></dc:creator>
		<guid isPermaLink="false">http://dummy.xtemos.com/woodmart-elementor/demos/wp-content/uploads/sites/2/2017/06/wood-main-dark-bg.jpg</guid>
		<description></description>
		<content:encoded><![CDATA[]]></content:encoded>
		<excerpt:encoded><![CDATA[]]></excerpt:encoded>
		<wp:post_id>246</wp:post_id>
		<wp:post_date>2017-06-16 09:53:48</wp:post_date>
		<wp:post_date_gmt>2017-06-16 09:53:48</wp:post_date_gmt>
		<wp:comment_status>open</wp:comment_status>
		<wp:ping_status>closed</wp:ping_status>
		<wp:post_name>wood-main-dark-bg</wp:post_name>
		<wp:status>inherit</wp:status>
		<wp:post_parent>0</wp:post_parent>
		<wp:menu_order>0</wp:menu_order>
		<wp:post_type>attachment</wp:post_type>
		<wp:post_password></wp:post_password>
		<wp:is_sticky>0</wp:is_sticky>
						<wp:attachment_url>http://dummy.xtemos.com/woodmart-elementor/demos/wp-content/uploads/sites/2/2017/06/wood-main-dark-bg.jpg</wp:attachment_url>
												<wp:postmeta>
			<wp:meta_key>_wp_attached_file</wp:meta_key>
			<wp:meta_value><![CDATA[2017/06/wood-main-dark-bg.jpg]]></wp:meta_value>
		</wp:postmeta>
						</item>
					<item>
		<title>
				team		</title>
		<link>http://dummy.xtemos.com/woodmart-elementor/demos/team-member/team/</link>
		<pubDate>Tue, 04 Jul 2017 09:48:21 +0000</pubDate>
		<dc:creator><![CDATA[erwin]]></dc:creator>
		<guid isPermaLink="false">http://dummy.xtemos.com/woodmart-elementor/demos/wp-content/uploads/sites/2/2017/07/team.jpg</guid>
		<description></description>
		<content:encoded><![CDATA[]]></content:encoded>
		<excerpt:encoded><![CDATA[]]></excerpt:encoded>
		<wp:post_id>743</wp:post_id>
		<wp:post_date>2017-07-04 09:48:21</wp:post_date>
		<wp:post_date_gmt>2017-07-04 09:48:21</wp:post_date_gmt>
		<wp:comment_status>open</wp:comment_status>
		<wp:ping_status>closed</wp:ping_status>
		<wp:post_name>team</wp:post_name>
		<wp:status>inherit</wp:status>
		<wp:post_parent>741</wp:post_parent>
		<wp:menu_order>0</wp:menu_order>
		<wp:post_type>attachment</wp:post_type>
		<wp:post_password></wp:post_password>
		<wp:is_sticky>0</wp:is_sticky>
						<wp:attachment_url>http://dummy.xtemos.com/woodmart-elementor/demos/wp-content/uploads/sites/2/2017/07/team.jpg</wp:attachment_url>
												<wp:postmeta>
			<wp:meta_key>_wp_attached_file</wp:meta_key>
			<wp:meta_value><![CDATA[2017/07/team.jpg]]></wp:meta_value>
		</wp:postmeta>
						</item>
					<item>
		<title>Old About Us</title>
		<link>http://dummy.xtemos.com/woodmart-elementor/demos/about-us/</link>
		<pubDate>Thu, 13 Jul 2017 06:58:00 +0000</pubDate>
		<dc:creator><![CDATA[erwin]]></dc:creator>
		<guid isPermaLink="false">http://dummy.xtemos.com/woodmart-elementor/demos/?page_id=845</guid>
		<description></description>
		<content:encoded><![CDATA[<p>XTEMOS IS A CREATIVE DESIGN AGENCY</p>		
				<h4>
					Our success and company history.				</h4>
					A wonderful serenity has taken possession of my entire soul, like these sweet mornings of spring which I enjoy with my whole heart.				
			<a href="#">
					 SEE PROJECTS 				
							</a>
			<a href="#">
					VIEW MORE				
							</a>
				<h4>
					About Our Online Store				</h4>
		<p>WOODMART - BEST ECOMMERCE THEME 2017/18</p><p>Risus suspendisse a orci penatibus a felis suscipit consectetur vestibulum sodales dui cum ultricies lacus interdum. Per suspendisse adipiscing a suspendisse auctor nibh a et at curae condimentum suspendisse enim a eu scelerisque.</p><p>One morning, when Gregor Samsa woke from troubled dreams, he found himself transformed in his bed into a horrible vermin. He lay on his armour-like back, and if he lifted his head a little he could see his brown belly, slightly domed and divided by arches into stiff.</p><p>Dictumst per ante cras suscipit nascetur ullamcorper in nullam fermentum condimentum torquent iaculis reden posuere potenti viverra condimentum dictumst id tellus suspendisse convallis condimentum.</p><p>His room, a proper human room although a little too small, lay peacefully between its four familiar walls. A collection of textile samples lay spread out on the table - Samsa was a travelling salesman.</p><p>The bedding was hardly able to cover it and seemed ready to slide off any moment. His many legs, pitifully thin compared with the size of the rest of him, waved about helplessly as he looked. "What's happened to me?" he thought. It wasn't a dream.</p><p><a href="http://xtemos.com"><strong><em>Developed by Xtemos Studio @ 2017.</em></strong></a></p>
									<a rel="nofollow noopener noreferrer" href="https://www.facebook.com/sharer/sharer.php?u=http://dummy.xtemos.com/woodmart-elementor/demos/about-us/" target="_blank">
						<i></i>
						Facebook
					</a>
									<a rel="nofollow noopener noreferrer" href="https://twitter.com/share?url=http://dummy.xtemos.com/woodmart-elementor/demos/about-us/" target="_blank">
						<i></i>
						Twitter
					</a>
									<a rel="nofollow noopener noreferrer" href="https://pinterest.com/pin/create/button/?url=http://dummy.xtemos.com/woodmart-elementor/demos/about-us/&amp;media=http://dummy.xtemos.com/woodmart-elementor/demos/wp-includes/images/media/default.png&amp;description=About+Us" target="_blank">
						<i></i>
						Pinterest
					</a>
									<a rel="nofollow noopener noreferrer" href="https://www.linkedin.com/shareArticle?mini=true&amp;url=http://dummy.xtemos.com/woodmart-elementor/demos/about-us/" target="_blank">
						<i></i>
						linkedin
					</a>
									<a rel="nofollow noopener noreferrer" href="https://telegram.me/share/url?url=http://dummy.xtemos.com/woodmart-elementor/demos/about-us/" target="_blank">
						<i></i>
						Telegram
					</a>
				386			
					SATISFIED CLIENTS				
				275			
					FINISHED PROJECTS				
				15			
					TEAM MEMBERS				
				4			
					OFFICES				
				255			
					SATISFIED CLIENTS				
				156			
					DESIGN WORKS				
				<h4>
					We convert your idea Into a reality.				</h4>
		<p>WOODMART - BEST ECOMMERCE THEME 2017/18</p><p>One morning, when Gregor Samsa woke from troubled dreams, he found himself transformed in his bed into a horrible vermin. He lay on his armour-like back, and if he lifted his head a little he could see his brown belly, slightly domed and divided by arches into stiff His room, a proper human room although a little too smalls.</p>
			<a href="#">
					 SEE PROJECTS 				
							</a>
			<a href="#">
					VIEW MORE				
							</a>
				<h4>
					Let’s Get Creative!				</h4>
		<p>WOODMART - BEST ECOMMERCE THEME 2017/18</p>		
															<img src="http://dummy.xtemos.com/woodmart-elementor/demos/wp-content/uploads/sites/2/elementor/thumbs/ruler-transparent-oqf427bwi7rbbvsjtuk2v9gxdqt2tixssvqvxh6tks.png" title="ruler-transparent" alt="ruler-transparent" />													
											<h4 class="info-box-title box-title-style-default" data-elementor-setting-key="title">
								GRAPHIC DESIGN						</h4>
						<p>Curabitur lacinia tristique velit ut laoreet.</p>
															<img src="http://dummy.xtemos.com/woodmart-elementor/demos/wp-content/uploads/sites/2/elementor/thumbs/ruler-transparent-oqf427bwi7rbbvsjtuk2v9gxdqt2tixssvqvxh6tks.png" title="ruler-transparent" alt="ruler-transparent" />													
											<h4 class="info-box-title box-title-style-default" data-elementor-setting-key="title">
								WEB DESIGN						</h4>
						<p>By the readable content of a page when its layout.</p>
															<img src="http://dummy.xtemos.com/woodmart-elementor/demos/wp-content/uploads/sites/2/elementor/thumbs/ruler-transparent-oqf427bwi7rbbvsjtuk2v9gxdqt2tixssvqvxh6tks.png" title="ruler-transparent" alt="ruler-transparent" />													
											<h4 class="info-box-title box-title-style-default" data-elementor-setting-key="title">
								BRANDING						</h4>
						<p>Fact that a reader will be distracted.</p>
															<img src="http://dummy.xtemos.com/woodmart-elementor/demos/wp-content/uploads/sites/2/elementor/thumbs/ruler-transparent-oqf427bwi7rbbvsjtuk2v9gxdqt2tixssvqvxh6tks.png" title="ruler-transparent" alt="ruler-transparent" />													
											<h4 class="info-box-title box-title-style-default" data-elementor-setting-key="title">
								PHOTOGRAPHY						</h4>
						<p>The point of using Lorem Ipsum is that it has it.</p>
													<a data-height="1200" data-index="0" data-elementor-open-lightbox="no" title="wood-gallery-placeholder-4">
							<img src="http://dummy.xtemos.com/woodmart-elementor/demos/wp-content/uploads/sites/2/elementor/thumbs/wood-gallery-placeholder-4-oqf427c1qsksimoc3ylbr5xssi3ozaos7oj82mzaji.jpg">							
													</a>
													<a data-height="1200" data-index="1" data-elementor-open-lightbox="no" title="wood-gallery-placeholder-3">
							<img src="http://dummy.xtemos.com/woodmart-elementor/demos/wp-content/uploads/sites/2/elementor/thumbs/wood-gallery-placeholder-3-oqf427c1qsksimoc3ylbr5xssi3ozaos7oj82mzaji.jpg">							
													</a>
		<p>XTEMOS IS A CREATIVE DESIGN AGENCY</p>		
				<h4>
					Our Presentation				</h4>
					I am so happy, my dear friend, so absorbed in the exquisite sense of mere tranquil existence, that I neglect my talents. I should be incapable of drawing a single.				
		https://vimeo.com/235215203		
				<h4>
					Our company history and facts				</h4>
			<a href="#">
					Show more				
							</a>
		https://vimeo.com/235215203		
				<h4>
					Design &amp; development process demonstration				</h4>
			<a href="#">
					Show more				
							</a>
		<p>WOODMART - BEST ECOMMERCE THEME 2017/18</p>		
				<h4>
					''Excellence is not a skill it's an attitude'' - Ralph Marston				</h4>
		<p>A wonderful serenity has taken possession of my entire soul, like these sweet mornings of spring which I enjoy with my whole heart. I am alone, and feel the charm of existence in this spot, which was created for the bliss of souls like mine.</p>
<p><a href="http://xtemos.com"><strong><em>Developed by Xtemos Studio @ 2017.</em></strong></a></p>
						<img width="400" height="600" src="http://dummy.xtemos.com/woodmart-elementor/demos/wp-content/uploads/sites/2/2017/07/team.jpg" alt="" />					
									<h4>
						MARK JANCE					</h4>
						CEO / FOUNDER					
															<a href="#">
									<i></i>
								</a>
															<a href="#">
									<i></i>
								</a>
															<a href="#">
									<i></i>
								</a>
															<a href="#">
									<i></i>
								</a>
															<a href="#">
									<i></i>
								</a>
						<img width="400" height="600" src="http://dummy.xtemos.com/woodmart-elementor/demos/wp-content/uploads/sites/2/2017/07/team.jpg" alt="" />					
									<h4>
						MARK JANCE					</h4>
						CEO / FOUNDER					
															<a href="#">
									<i></i>
								</a>
															<a href="#">
									<i></i>
								</a>
															<a href="#">
									<i></i>
								</a>
															<a href="#">
									<i></i>
								</a>
															<a href="#">
									<i></i>
								</a>
						<img width="400" height="600" src="http://dummy.xtemos.com/woodmart-elementor/demos/wp-content/uploads/sites/2/2017/07/team.jpg" alt="" />					
									<h4>
						MARK JANCE					</h4>
						CEO / FOUNDER					
															<a href="#">
									<i></i>
								</a>
															<a href="#">
									<i></i>
								</a>
															<a href="#">
									<i></i>
								</a>
															<a href="#">
									<i></i>
								</a>
															<a href="#">
									<i></i>
								</a>
						<img width="400" height="600" src="http://dummy.xtemos.com/woodmart-elementor/demos/wp-content/uploads/sites/2/2017/07/team.jpg" alt="" />					
									<h4>
						MARK JANCE					</h4>
						CEO / FOUNDER					
															<a href="#">
									<i></i>
								</a>
															<a href="#">
									<i></i>
								</a>
															<a href="#">
									<i></i>
								</a>
															<a href="#">
									<i></i>
								</a>
															<a href="#">
									<i></i>
								</a>
		<p>GET IN TOUCH WITH US</p>		
				<h4>
					Get Connected				</h4>
					I am so happy, my dear friend, so absorbed in the exquisite sense of mere tranquil existence, that I neglect my talents. I should be incapable of drawing a single.				
											<h4 class="info-box-title box-title-style-default" data-elementor-setting-key="title">
								NEW YORK						</h4>
						<p>113 New Avenue, Roadway,<br />
67 Brewer St, London, United Kingdom</p>
		<p><strong>Phone:</strong> +23 954 355 255<br />
<strong>Email:</strong> xtemos@gmail.com</p>
											<h4 class="info-box-title box-title-style-default" data-elementor-setting-key="title">
								PARIS						</h4>
						<p>113 New Avenue, Roadway,<br />
67 Brewer St, London, United Kingdom</p>
		<p><strong>Phone:</strong> +23 954 355 255<br />
<strong>Email:</strong> xtemos@gmail.com</p>
											<h4 class="info-box-title box-title-style-default" data-elementor-setting-key="title">
								LONDON						</h4>
						<p>113 New Avenue, Roadway,<br />
67 Brewer St, London, United Kingdom</p>
		<p><strong>Phone:</strong> +23 954 355 255<br />
<strong>Email:</strong> xtemos@gmail.com</p>
											<h4 class="info-box-title box-title-style-default" data-elementor-setting-key="title">
								NORWAY						</h4>
						<p>113 New Avenue, Roadway,<br />
67 Brewer St, London, United Kingdom</p>
		<p><strong>Phone:</strong> +23 954 355 255<br />
<strong>Email:</strong> xtemos@gmail.com</p>
							<img src="http://dummy.xtemos.com/woodmart-elementor/demos/wp-content/uploads/sites/2/elementor/thumbs/wood-portfolio-placeholder-oqf427c46i3fbtucstbauslkyd7u6v8vdgwvlwvw5w.jpg">						
													<h4 data-elementor-setting-key="title">
								It is a fact that a reader will be distracted.							</h4>
							<p>Ullamcorper vehicula at ultrices sed interdum et malesuada</p>
			<a href="#">
					Read more				
							</a>
							<img src="http://dummy.xtemos.com/woodmart-elementor/demos/wp-content/uploads/sites/2/elementor/thumbs/wood-portfolio-placeholder-oqf427c46i3fbtucstbauslkyd7u6v8vdgwvlwvw5w.jpg">						
													<h4 data-elementor-setting-key="title">
								By the readable content of a page when looking.							</h4>
							<p>Patibus elementum a dictum ipiscing parturient donec eros.</p>
			<a href="#">
					Read more				
							</a>
							<img src="http://dummy.xtemos.com/woodmart-elementor/demos/wp-content/uploads/sites/2/elementor/thumbs/wood-portfolio-placeholder-oqf427c46i3fbtucstbauslkyd7u6v8vdgwvlwvw5w.jpg">						
													<h4 data-elementor-setting-key="title">
								The point of using Lorem Ipsum is that it has.							</h4>
							<p>Ullamcorper vehicula at ultrices sed interdum ullamcorper .</p>
			<a href="#">
					Read more				
							</a>]]></content:encoded>
		<excerpt:encoded><![CDATA[]]></excerpt:encoded>
		<wp:post_id>845</wp:post_id>
		<wp:post_date>2017-07-13 06:58:00</wp:post_date>
		<wp:post_date_gmt>2017-07-13 06:58:00</wp:post_date_gmt>
		<wp:comment_status>closed</wp:comment_status>
		<wp:ping_status>closed</wp:ping_status>
		<wp:post_name>about-us</wp:post_name>
		<wp:status>publish</wp:status>
		<wp:post_parent>0</wp:post_parent>
		<wp:menu_order>0</wp:menu_order>
		<wp:post_type>page</wp:post_type>
		<wp:post_password></wp:post_password>
		<wp:is_sticky>0</wp:is_sticky>
														<wp:postmeta>
			<wp:meta_key>_wp_page_template</wp:meta_key>
			<wp:meta_value><![CDATA[default]]></wp:meta_value>
		</wp:postmeta>
							<wp:postmeta>
			<wp:meta_key>_woodmart_header</wp:meta_key>
			<wp:meta_value><![CDATA[shop]]></wp:meta_value>
		</wp:postmeta>
							<wp:postmeta>
			<wp:meta_key>_woodmart_header_color_scheme</wp:meta_key>
			<wp:meta_value><![CDATA[light]]></wp:meta_value>
		</wp:postmeta>
							<wp:postmeta>
			<wp:meta_key>_oembed_d428529f95c3f51c823990ed488ff449</wp:meta_key>
			<wp:meta_value><![CDATA[<iframe width="500" height="281" src="https://www.youtube.com/embed/TJ1SDXbij8Y?feature=oembed" frameborder="0" allowfullscreen></iframe>]]></wp:meta_value>
		</wp:postmeta>
							<wp:postmeta>
			<wp:meta_key>_oembed_time_d428529f95c3f51c823990ed488ff449</wp:meta_key>
			<wp:meta_value><![CDATA[1499929114]]></wp:meta_value>
		</wp:postmeta>
							<wp:postmeta>
			<wp:meta_key>_woodmart_main_layout</wp:meta_key>
			<wp:meta_value><![CDATA[full-width]]></wp:meta_value>
		</wp:postmeta>
							<wp:postmeta>
			<wp:meta_key>_woodmart_header-overlap</wp:meta_key>
			<wp:meta_value><![CDATA[on]]></wp:meta_value>
		</wp:postmeta>
							<wp:postmeta>
			<wp:meta_key>_woodmart_title_off</wp:meta_key>
			<wp:meta_value><![CDATA[on]]></wp:meta_value>
		</wp:postmeta>
							<wp:postmeta>
			<wp:meta_key>_woodmart_prefooter_off</wp:meta_key>
			<wp:meta_value><![CDATA[on]]></wp:meta_value>
		</wp:postmeta>
							<wp:postmeta>
			<wp:meta_key>_woodmart_top_bar_off</wp:meta_key>
			<wp:meta_value><![CDATA[on]]></wp:meta_value>
		</wp:postmeta>
							<wp:postmeta>
			<wp:meta_key>_woodmart_whb_header</wp:meta_key>
			<wp:meta_value><![CDATA[header_576762]]></wp:meta_value>
		</wp:postmeta>
							<wp:postmeta>
			<wp:meta_key>_elementor_data</wp:meta_key>
			<wp:meta_value><![CDATA[[{"id":"9817348","elType":"section","settings":{"wd_section_stretch":"stretch","el_class":"opacity-video-bg","background_background":"classic","background_color":"#0a0a0a","background_size":"cover","background_repeat":"no-repeat","gap":"no","margin":{"unit":"px","top":"0","right":"0","bottom":"80","left":"0","isLinked":""},"padding":{"unit":"%","top":"","right":"","bottom":"","left":"","isLinked":"1"},"margin_mobile":{"unit":"px","top":"0","right":"0","bottom":"50","left":"0","isLinked":""}},"elements":[{"id":"4499090","elType":"column","settings":{"_column_size":"100","el_class":"text-center","content_position":"center","align":"center","padding":{"unit":"%","top":"23","right":"0","bottom":"20","left":"0","isLinked":""},"column_sticky_offset":"50","scroll_y":"-80","padding_tablet":{"unit":"%","top":"45","right":"0","bottom":"36","left":"0","isLinked":""},"padding_mobile":{"unit":"%","top":"63","right":"0","bottom":"54","left":"0","isLinked":""}},"elements":[{"id":"82e0bbf","elType":"widget","settings":{"editor":"<p>XTEMOS IS A CREATIVE DESIGN AGENCY<\/p>","wd_color_scheme":"light","align":"center","typography_typography":"custom","typography_font_size":{"unit":"px","size":"16","sizes":[]},"typography_font_weight":"600","wd_content_align":"center","_margin":{"unit":"px","top":"0","right":"0","bottom":"10","left":"0","isLinked":""},"scroll_y":"-80","_element_width":"auto","hide_tablet":"hidden-tablet","hide_mobile":"hidden-phone"},"elements":[],"widgetType":"text-editor"},{"id":"392279","elType":"widget","settings":{"subtitle":"","after_title":"A wonderful serenity has taken possession of my entire soul, like these sweet mornings of spring which I enjoy with my whole heart.","image_size":"custom","width":{"size":"40","unit":"%"},"color":"white","size":"extra-large","title":"Our success and company history.","subtitle_typography_font_family":"Poppins","subtitle_typography_font_size":{"unit":"px","size":"16","sizes":[]},"subtitle_typography_font_weight":"600","_margin":{"unit":"px","top":"0","right":"0","bottom":"10","left":"0","isLinked":""},"scroll_y":"-80","width_tablet":{"unit":"%","size":"60","sizes":[]},"width_mobile":{"unit":"%","size":"100","sizes":[]}},"elements":[],"widgetType":"wd_title"},{"id":"8642235","elType":"widget","settings":{"color":"white","_element_width":"auto","text":" SEE PROJECTS ","_margin":{"unit":"px","top":"0","right":"15","bottom":"0","left":"0","isLinked":""},"scroll_y":"-80"},"elements":[],"widgetType":"wd_button"},{"id":"3236458","elType":"widget","settings":{"color":"white","style":"bordered","_element_width":"auto","text":"VIEW MORE","scroll_y":"-80"},"elements":[],"widgetType":"wd_button"}],"isInner":""}],"isInner":""},{"id":"a72c96b","elType":"section","settings":{"content_width":{"unit":"px","size":"800","sizes":[]},"margin":{"unit":"px","top":"0","right":"0","bottom":"70","left":"0","isLinked":""},"margin_mobile":{"unit":"px","top":"0","right":"0","bottom":"60","left":"0","isLinked":""}},"elements":[{"id":"296564f","elType":"column","settings":{"_column_size":"100","column_sticky_offset":"50","scroll_y":"-80"},"elements":[{"id":"3859792","elType":"widget","settings":{"subtitle":"","after_title":"","image_size":"custom","size":"extra-large","align":"left","title":"About Our Online Store","scroll_y":"-80"},"elements":[],"widgetType":"wd_title"},{"id":"fb52407","elType":"widget","settings":{"editor":"<p>WOODMART - BEST ECOMMERCE THEME 2017\/18<\/p>","typography_typography":"custom","typography_font_size":{"unit":"px","size":"20","sizes":[]},"_margin":{"unit":"px","top":"-25","right":"0","bottom":"0","left":"0","isLinked":""},"scroll_y":"-80","hide_tablet":"hidden-tablet","hide_mobile":"hidden-phone"},"elements":[],"widgetType":"text-editor"},{"id":"6ecb262","elType":"widget","settings":{"editor":"<p>Risus suspendisse a orci penatibus a felis suscipit consectetur vestibulum sodales dui cum ultricies lacus interdum. Per suspendisse adipiscing a suspendisse auctor nibh a et at curae condimentum suspendisse enim a eu scelerisque.<\/p>","text_color":"#8E8E8E","typography_typography":"custom","typography_font_size":{"unit":"px","size":"22","sizes":[]},"typography_font_weight":"300","typography_font_style":"italic","scroll_y":"-80"},"elements":[],"widgetType":"text-editor"},{"id":"8c0e11f","elType":"widget","settings":{"editor":"<p class=\"text-larger\">One morning, when Gregor Samsa woke from troubled dreams, he found himself transformed in his bed into a horrible vermin. He lay on his armour-like back, and if he lifted his head a little he could see his brown belly, slightly domed and divided by arches into stiff.<\/p><p class=\"text-larger\">Dictumst per ante cras suscipit nascetur ullamcorper in nullam fermentum condimentum torquent iaculis reden posuere potenti viverra condimentum dictumst id tellus suspendisse convallis condimentum.<\/p><p class=\"text-larger\">His room, a proper human room although a little too small, lay peacefully between its four familiar walls. A collection of textile samples lay spread out on the table - Samsa was a travelling salesman.<\/p><p class=\"text-larger\">The bedding was hardly able to cover it and seemed ready to slide off any moment. His many legs, pitifully thin compared with the size of the rest of him, waved about helplessly as he looked. \"What's happened to me?\" he thought.\u00a0It wasn't a dream.<\/p>","text_columns":"2","column_gap":{"unit":"px","size":"30","sizes":[]},"_padding":{"unit":"px","top":"0","right":"0","bottom":"20","left":"0","isLinked":""},"scroll_y":"-80","_border_border":"solid","_border_width":{"unit":"px","top":"0","right":"0","bottom":"1","left":"0","isLinked":""},"_border_color":"rgba(10, 10, 10, 0.12)","text_columns_mobile":"1"},"elements":[],"widgetType":"text-editor"},{"id":"3820637","elType":"section","settings":{"content_position":"middle"},"elements":[{"id":"3619831","elType":"column","settings":{"_column_size":"100","content_position":"center","align":"space-between","column_sticky_offset":"50","scroll_y":"-80"},"elements":[{"id":"5183855","elType":"widget","settings":{"typography_typography":"custom","align":"left","editor":"<p><a href=\"http:\/\/xtemos.com\"><strong><em>Developed by <span style=\"color: #cd1d1d\">X<\/span>temos Studio @ 2017.<\/em><\/strong><\/a><\/p>\n","scroll_y":"-80","_element_width":"auto","_margin_mobile":{"unit":"px","top":"0","right":"0","bottom":"20","left":"0","isLinked":""}},"elements":[],"widgetType":"text-editor"},{"id":"217265","elType":"widget","settings":{"size":"small","style":"bordered","align":"right","scroll_y":"-80","_element_width":"auto"},"elements":[],"widgetType":"wd_social_buttons"}],"isInner":"1"}],"isInner":"1"}],"isInner":""}],"isInner":""},{"id":"6826358","elType":"section","settings":{"equal_height":"yes","content_position":"middle","structure":"20","gap":"extended","wd_section_stretch":"stretch","background_background":"classic","background_image":{"url":"http:\/\/dummy.xtemos.com\/woodmart-elementor\/demos\/wp-content\/uploads\/sites\/2\/2017\/06\/wood-main-dark-bg.jpg","id":"246"},"margin":{"unit":"px","top":"0","right":"0","bottom":"70","left":"0","isLinked":""},"padding":{"unit":"px","top":"70","right":"15","bottom":"70","left":"15","isLinked":""},"padding_tablet":{"unit":"px","top":"80","right":"15","bottom":"80","left":"15","isLinked":""},"margin_mobile":{"unit":"px","top":"0","right":"0","bottom":"60","left":"0","isLinked":""},"padding_mobile":{"unit":"px","top":"60","right":"0","bottom":"60","left":"0","isLinked":""}},"elements":[{"id":"6134938","elType":"column","settings":{"_column_size":"50","wd_color_scheme":"light","column_sticky_offset":"50","scroll_y":"-80"},"elements":[{"id":"3983206","elType":"section","settings":{"_border_width":{"top":"0","left":"0","right":"0","bottom":"1","unit":"px","isLinked":""},"_border_border":"solid","_border_color":"rgba(255,255,255,0.3)","structure":"20","gap":"no","border_border":"solid","border_width":{"unit":"px","top":"0","right":"0","bottom":"1","left":"0","isLinked":""},"border_color":"rgba(255, 255, 255, 0.30196078431372547)"},"elements":[{"id":"6819455","elType":"column","settings":{"_column_size":"50","_border_width":{"top":"0","left":"0","right":"1","bottom":"0","unit":"px","isLinked":""},"_border_border":"solid","_border_color":"rgba(255,255,255,0.3)","_inline_size_tablet":"50","_inline_size_mobile":"50","border_border":"solid","border_width":{"unit":"px","top":"0","right":"1","bottom":"0","left":"0","isLinked":""},"border_color":"rgba(255, 255, 255, 0.30196078431372547)","padding":{"unit":"px","top":"30","right":"30","bottom":"30","left":"30","isLinked":"1"},"column_sticky_offset":"50","scroll_y":"-80","padding_mobile":{"unit":"px","top":"30","right":"15","bottom":"30","left":"40","isLinked":""}},"elements":[{"id":"4700795","elType":"widget","settings":{"size":"large","label":"SATISFIED CLIENTS","value":"386","value_typography_typography":"custom","value_typography_font_weight":"600","color_scheme":"light","scroll_y":"-80"},"elements":[],"widgetType":"wd_counter"}],"isInner":"1"},{"id":"8223728","elType":"column","settings":{"_column_size":"50","_inline_size_tablet":"50","_inline_size_mobile":"50","border_width":{"unit":"px","top":"0","right":"1","bottom":"0","left":"0","isLinked":""},"border_color":"rgba(255, 255, 255, 0.30196078431372547)","padding":{"unit":"px","top":"30","right":"30","bottom":"30","left":"30","isLinked":"1"},"column_sticky_offset":"50","scroll_y":"-80","padding_mobile":{"unit":"px","top":"30","right":"40","bottom":"30","left":"15","isLinked":""}},"elements":[{"id":"3424276","elType":"widget","settings":{"size":"large","label":"FINISHED PROJECTS","value":"275","value_typography_typography":"custom","value_typography_font_weight":"600","color_scheme":"light","scroll_y":"-80"},"elements":[],"widgetType":"wd_counter"}],"isInner":""}],"isInner":"1"},{"id":"2556557","elType":"section","settings":{"_border_width":{"top":"0","left":"0","right":"0","bottom":"1","unit":"px","isLinked":""},"_border_border":"solid","_border_color":"rgba(255,255,255,0.3)","structure":"20","gap":"no","border_border":"solid","border_width":{"unit":"px","top":"0","right":"0","bottom":"1","left":"0","isLinked":""},"border_color":"rgba(255, 255, 255, 0.30196078431372547)"},"elements":[{"id":"4900244","elType":"column","settings":{"_column_size":"50","_border_width":{"top":"0","left":"0","right":"1","bottom":"0","unit":"px","isLinked":""},"_border_border":"solid","_border_color":"rgba(255,255,255,0.3)","_inline_size_tablet":"50","_inline_size_mobile":"50","border_border":"solid","border_width":{"unit":"px","top":"0","right":"1","bottom":"0","left":"0","isLinked":""},"border_color":"rgba(255, 255, 255, 0.30196078431372547)","padding":{"unit":"px","top":"30","right":"30","bottom":"30","left":"30","isLinked":"1"},"column_sticky_offset":"50","scroll_y":"-80","padding_mobile":{"unit":"px","top":"30","right":"15","bottom":"30","left":"40","isLinked":""}},"elements":[{"id":"8923558","elType":"widget","settings":{"size":"large","label":"TEAM MEMBERS","value":"15","value_typography_typography":"custom","value_typography_font_weight":"600","color_scheme":"light","scroll_y":"-80"},"elements":[],"widgetType":"wd_counter"}],"isInner":"1"},{"id":"9905763","elType":"column","settings":{"_column_size":"50","_inline_size_tablet":"50","_inline_size_mobile":"50","border_width":{"unit":"px","top":"0","right":"1","bottom":"0","left":"0","isLinked":""},"border_color":"rgba(255, 255, 255, 0.30196078431372547)","padding":{"unit":"px","top":"30","right":"30","bottom":"30","left":"30","isLinked":"1"},"column_sticky_offset":"50","scroll_y":"-80","padding_mobile":{"unit":"px","top":"30","right":"40","bottom":"30","left":"15","isLinked":""}},"elements":[{"id":"2260965","elType":"widget","settings":{"size":"large","label":"OFFICES","value":"4","value_typography_typography":"custom","value_typography_font_weight":"600","color_scheme":"light","scroll_y":"-80"},"elements":[],"widgetType":"wd_counter"}],"isInner":""}],"isInner":"1"},{"id":"769533","elType":"section","settings":{"structure":"20","gap":"no"},"elements":[{"id":"428040","elType":"column","settings":{"_column_size":"50","_border_width":{"top":"0","left":"0","right":"1","bottom":"0","unit":"px","isLinked":""},"_border_border":"solid","_border_color":"rgba(255,255,255,0.3)","_inline_size_tablet":"50","_inline_size_mobile":"50","border_border":"solid","border_width":{"unit":"px","top":"0","right":"1","bottom":"0","left":"0","isLinked":""},"border_color":"rgba(255, 255, 255, 0.30196078431372547)","padding":{"unit":"px","top":"30","right":"30","bottom":"30","left":"30","isLinked":"1"},"column_sticky_offset":"50","scroll_y":"-80","padding_mobile":{"unit":"px","top":"30","right":"15","bottom":"30","left":"40","isLinked":""}},"elements":[{"id":"8644000","elType":"widget","settings":{"size":"large","label":"SATISFIED CLIENTS","value":"255","value_typography_typography":"custom","value_typography_font_weight":"600","color_scheme":"light","scroll_y":"-80"},"elements":[],"widgetType":"wd_counter"}],"isInner":"1"},{"id":"8654680","elType":"column","settings":{"_column_size":"50","_inline_size_tablet":"50","_inline_size_mobile":"50","border_width":{"unit":"px","top":"0","right":"1","bottom":"0","left":"0","isLinked":""},"border_color":"rgba(255, 255, 255, 0.30196078431372547)","padding":{"unit":"px","top":"30","right":"30","bottom":"30","left":"30","isLinked":"1"},"column_sticky_offset":"50","scroll_y":"-80","padding_mobile":{"unit":"px","top":"30","right":"40","bottom":"30","left":"15","isLinked":""}},"elements":[{"id":"7477280","elType":"widget","settings":{"size":"large","label":"DESIGN WORKS","value":"156","value_typography_typography":"custom","value_typography_font_weight":"600","color_scheme":"light","scroll_y":"-80"},"elements":[],"widgetType":"wd_counter"}],"isInner":""}],"isInner":"1"}],"isInner":""},{"id":"3306819","elType":"column","settings":{"_column_size":"50","padding":{"unit":"px","top":"10","right":"30","bottom":"10","left":"30","isLinked":""},"column_sticky_offset":"50","scroll_y":"-80","padding_tablet":{"unit":"px","top":"10","right":"35","bottom":"10","left":"35","isLinked":""},"padding_mobile":{"unit":"px","top":"10","right":"25","bottom":"10","left":"25","isLinked":""}},"elements":[{"id":"8535349","elType":"widget","settings":{"subtitle":"","after_title":"","image_size":"custom","width":{"unit":"%","size":"80","sizes":[]},"color":"white","size":"extra-large","align":"left","title":"We convert your idea Into a reality.","scroll_y":"-80","width_tablet":{"unit":"%","size":"95","sizes":[]}},"elements":[],"widgetType":"wd_title"},{"id":"262913c","elType":"widget","settings":{"editor":"<p>WOODMART - BEST ECOMMERCE THEME 2017\/18<\/p>","wd_color_scheme":"light","typography_typography":"custom","typography_font_size":{"unit":"px","size":"20","sizes":[]},"_margin":{"unit":"px","top":"-15","right":"0","bottom":"0","left":"0","isLinked":""},"scroll_y":"-80","hide_tablet":"hidden-tablet","hide_mobile":"hidden-phone"},"elements":[],"widgetType":"text-editor"},{"id":"6529392","elType":"widget","settings":{"typography_typography":"custom","align":"left","woodmart_color_scheme":"light","el_class":"text-larger","editor":"<p>One morning, when Gregor Samsa woke from troubled dreams, he found himself transformed in his bed into a horrible vermin. He lay on his armour-like back, and if he lifted his head a little he could see his brown belly, slightly domed and divided by arches into stiff His room, a proper human room although a little too smalls.<\/p>\n","wd_color_scheme":"light","typography_font_size":{"unit":"px","size":"15.4","sizes":[]},"scroll_y":"-80"},"elements":[],"widgetType":"text-editor"},{"id":"1513263","elType":"widget","settings":{"color":"white","_element_width":"auto","text":" SEE PROJECTS ","_margin":{"unit":"px","top":"0","right":"15","bottom":"0","left":"0","isLinked":""},"scroll_y":"-80"},"elements":[],"widgetType":"wd_button"},{"id":"870297","elType":"widget","settings":{"color":"white","style":"bordered","_element_width":"auto","text":"VIEW MORE","scroll_y":"-80"},"elements":[],"widgetType":"wd_button"}],"isInner":""}],"isInner":""},{"id":"3772639","elType":"section","settings":{"equal_height":"yes","content_position":"middle","structure":"20","gap":"extended","margin":{"unit":"px","top":"0","right":"0","bottom":"60","left":"0","isLinked":""}},"elements":[{"id":"1580320","elType":"column","settings":{"_column_size":"50","column_sticky_offset":"50","scroll_y":"-80","_inline_size_tablet":"100"},"elements":[{"id":"1201521","elType":"widget","settings":{"subtitle":"","after_title":"","image_size":"custom","size":"extra-large","align":"left","title":"Let\u2019s Get Creative!","scroll_y":"-80"},"elements":[],"widgetType":"wd_title"},{"id":"8fbb565","elType":"widget","settings":{"editor":"<p>WOODMART - BEST ECOMMERCE THEME 2017\/18<\/p>","typography_typography":"custom","typography_font_size":{"unit":"px","size":"20","sizes":[]},"_margin":{"unit":"px","top":"-15","right":"0","bottom":"10","left":"0","isLinked":""},"scroll_y":"-80","hide_tablet":"hidden-tablet","hide_mobile":"hidden-phone"},"elements":[],"widgetType":"text-editor"},{"id":"2416003","elType":"section","settings":{"structure":"20","gap":"extended"},"elements":[{"id":"6277473","elType":"column","settings":{"_column_size":"50","column_sticky_offset":"50","scroll_y":"-80"},"elements":[{"id":"696588","elType":"widget","settings":{"icon_type":"icon","alignment":"left","btn_text":"","image_size":"custom","subtitle":"","title":"GRAPHIC DESIGN","btn_position":"hover","image":{"id":"846","url":"#"},"title_size":"small","image_alignment":"left","image_custom_dimension":{"width":"70","height":"70"},"content":"Curabitur lacinia tristique velit ut laoreet.","icon_text":"53","_margin":{"unit":"px","top":"0","right":"0","bottom":"20","left":"0","isLinked":""},"scroll_y":"-80"},"elements":[],"widgetType":"wd_infobox"},{"id":"154423","elType":"widget","settings":{"icon_type":"icon","alignment":"left","btn_text":"","image_size":"custom","subtitle":"","title":"WEB DESIGN","btn_position":"hover","image":{"id":"846","url":"#"},"title_size":"small","image_alignment":"left","image_custom_dimension":{"width":"70","height":"70"},"content":"By the readable content of a page when its layout.","icon_text":"53","_margin":{"unit":"px","top":"0","right":"0","bottom":"20","left":"0","isLinked":""},"scroll_y":"-80"},"elements":[],"widgetType":"wd_infobox"}],"isInner":"1"},{"id":"633950","elType":"column","settings":{"_column_size":"50","column_sticky_offset":"50","scroll_y":"-80"},"elements":[{"id":"933439","elType":"widget","settings":{"icon_type":"icon","alignment":"left","btn_text":"","image_size":"custom","subtitle":"","title":"BRANDING","btn_position":"hover","image":{"id":"846","url":"#"},"title_size":"small","image_alignment":"left","image_custom_dimension":{"width":"70","height":"70"},"content":"Fact that a reader will be distracted.","icon_text":"53","_margin":{"unit":"px","top":"0","right":"0","bottom":"20","left":"0","isLinked":""},"scroll_y":"-80"},"elements":[],"widgetType":"wd_infobox"},{"id":"5416425","elType":"widget","settings":{"icon_type":"icon","alignment":"left","btn_text":"","image_size":"custom","subtitle":"","title":"PHOTOGRAPHY","btn_position":"hover","image":{"id":"846","url":"#"},"title_size":"small","image_alignment":"left","image_custom_dimension":{"width":"70","height":"70"},"content":"The point of using Lorem Ipsum is that it has it.","icon_text":"53","_margin":{"unit":"px","top":"0","right":"0","bottom":"0","left":"0","isLinked":""},"scroll_y":"-80"},"elements":[],"widgetType":"wd_infobox"}],"isInner":""}],"isInner":"1"}],"isInner":""},{"id":"8650035","elType":"column","settings":{"_column_size":"50","background_size":"cover","background_repeat":"no-repeat","column_sticky_offset":"50","scroll_y":"-80","_inline_size_tablet":"100"},"elements":[{"id":"6835530","elType":"widget","settings":{"ids_size":"custom","ids":[{"id":"81","url":""},{"id":"80","url":""}],"spacing":"10","columns":{"size":"2","unit":"px","sizes":[]},"caption":"yes","ids_custom_dimension":{"width":"500","height":"643"},"scroll_y":"-80"},"elements":[],"widgetType":"wd_images_gallery"}],"isInner":""}],"isInner":""},{"id":"8465511","elType":"section","settings":{"wd_section_stretch":"stretch","woodmart_disable_overflow":"1","background_background":"classic","background_color":"#111111","margin":{"unit":"px","top":"0","right":"0","bottom":"70","left":"0","isLinked":""},"padding":{"unit":"px","top":"70","right":"15","bottom":"70","left":"15","isLinked":""},"padding_tablet":{"unit":"px","top":"80","right":"15","bottom":"80","left":"15","isLinked":""},"margin_tablet":{"unit":"px","top":"0","right":"0","bottom":"90","left":"0","isLinked":""},"margin_mobile":{"unit":"px","top":"0","right":"0","bottom":"70","left":"0","isLinked":""},"padding_mobile":{"unit":"px","top":"60","right":"15","bottom":"60","left":"15","isLinked":""}},"elements":[{"id":"1565201","elType":"column","settings":{"_column_size":"100","column_sticky_offset":"50","scroll_y":"-80","align":"center"},"elements":[{"id":"8814fad","elType":"widget","settings":{"editor":"<p>XTEMOS IS A CREATIVE DESIGN AGENCY<\/p>","wd_color_scheme":"light","typography_typography":"custom","typography_font_size":{"unit":"px","size":"16","sizes":[]},"typography_font_weight":"600","wd_content_align":"center","_margin":{"unit":"px","top":"0","right":"0","bottom":"10","left":"0","isLinked":""},"scroll_y":"-80","_element_width":"auto","hide_tablet":"hidden-tablet","hide_mobile":"hidden-phone"},"elements":[],"widgetType":"text-editor"},{"id":"8598967","elType":"widget","settings":{"subtitle":"","after_title":"I am so happy, my dear friend, so absorbed in the exquisite sense of mere tranquil existence, that I neglect my talents. I should be incapable of drawing a single.","image_size":"custom","width":{"size":"50","unit":"%"},"color":"white","size":"extra-large","title":"Our Presentation","subtitle_typography_font_size":{"unit":"px","size":"16","sizes":[]},"subtitle_typography_font_weight":"600","scroll_y":"-80","width_tablet":{"unit":"%","size":"61","sizes":[]},"width_mobile":{"unit":"%","size":"100","sizes":[]}},"elements":[],"widgetType":"wd_title"},{"id":"8820243","elType":"section","settings":{"structure":"20","gap":"extended"},"elements":[{"id":"6259497","elType":"column","settings":{"_column_size":"50","column_sticky_offset":"50","scroll_y":"-80","margin_mobile":{"unit":"px","top":"0","right":"0","bottom":"10","left":"0","isLinked":""}},"elements":[{"id":"2854802","elType":"widget","settings":{"video_type":"vimeo","link":"https:\/\/www.youtube.com\/watch?v=TJ1SDXbij8Y","align":"center","show_image_overlay":"yes","image_overlay":{"id":"44","url":"#"},"_background_size":"cover","_background_repeat":"no-repeat","youtube_url":"https:\/\/www.youtube.com\/watch?v=XHOmBV4js_E","vimeo_url":"https:\/\/vimeo.com\/235215203","dailymotion_url":"https:\/\/www.dailymotion.com\/video\/x6tqhqb","wd_theme_style":"theme-style","scroll_y":"-80"},"elements":[],"widgetType":"video"},{"id":"7565694","elType":"widget","settings":{"subtitle":"","after_title":"","image_size":"custom","color":"white","size":"small","title":"Our company history and facts","scroll_y":"-80"},"elements":[],"widgetType":"wd_title"},{"id":"8178279","elType":"widget","settings":{"color":"white","style":"link","text":"Show more","scroll_y":"-80"},"elements":[],"widgetType":"wd_button"}],"isInner":"1"},{"id":"8345872","elType":"column","settings":{"_column_size":"50","column_sticky_offset":"50","scroll_y":"-80"},"elements":[{"id":"4455672","elType":"widget","settings":{"video_type":"vimeo","link":"https:\/\/www.youtube.com\/watch?v=TJ1SDXbij8Y","align":"center","show_image_overlay":"yes","image_overlay":{"id":"44","url":"#"},"_background_size":"cover","_background_repeat":"no-repeat","youtube_url":"https:\/\/www.youtube.com\/watch?v=XHOmBV4js_E","vimeo_url":"https:\/\/vimeo.com\/235215203","dailymotion_url":"https:\/\/www.dailymotion.com\/video\/x6tqhqb","wd_theme_style":"theme-style","scroll_y":"-80"},"elements":[],"widgetType":"video"},{"id":"5502613","elType":"widget","settings":{"subtitle":"","after_title":"","image_size":"custom","color":"white","size":"small","title":"Design &amp; development process demonstration","scroll_y":"-80"},"elements":[],"widgetType":"wd_title"},{"id":"5197554","elType":"widget","settings":{"color":"white","style":"link","text":"Show more","scroll_y":"-80"},"elements":[],"widgetType":"wd_button"}],"isInner":""}],"isInner":"1"}],"isInner":""}],"isInner":""},{"id":"8520474","elType":"section","settings":{"content_position":"middle","structure":"20","gap":"extended","margin":{"unit":"px","top":"0","right":"0","bottom":"30","left":"0","isLinked":""}},"elements":[{"id":"918516","elType":"column","settings":{"_column_size":"50","column_sticky_offset":"50","scroll_y":"-80","_inline_size_tablet":"100"},"elements":[{"id":"dcf7a57","elType":"widget","settings":{"editor":"<p>WOODMART - BEST ECOMMERCE THEME 2017\/18<\/p>","typography_typography":"custom","typography_font_size":{"unit":"px","size":"20","sizes":[]},"scroll_y":"-80","hide_tablet":"hidden-tablet","hide_mobile":"hidden-phone"},"elements":[],"widgetType":"text-editor"},{"id":"529612","elType":"widget","settings":{"subtitle":"","after_title":"","image_size":"custom","size":"large","align":"left","title":"''Excellence is not a skill it's an attitude'' - Ralph Marston","scroll_y":"-80"},"elements":[],"widgetType":"wd_title"}],"isInner":""},{"id":"4885225","elType":"column","settings":{"_column_size":"50","column_sticky_offset":"50","scroll_y":"-80","_inline_size_tablet":"100","margin_tablet":{"unit":"px","top":"0","right":"0","bottom":"10","left":"0","isLinked":""}},"elements":[{"id":"9517576","elType":"widget","settings":{"typography_typography":"custom","align":"left","el_class":"text-larger","editor":"<p>A wonderful serenity has taken possession of my entire soul, like these sweet mornings of spring which I enjoy with my whole heart. I am alone, and feel the charm of existence in this spot, which was created for the bliss of souls like mine.<\/p>\n","scroll_y":"-80"},"elements":[],"widgetType":"text-editor"},{"id":"4442692","elType":"widget","settings":{"typography_typography":"custom","align":"left","editor":"<p><a href=\"http:\/\/xtemos.com\"><strong><em>Developed by <span style=\"color: #cd1d1d\">X<\/span>temos Studio @ 2017.<\/em><\/strong><\/a><\/p>\n","scroll_y":"-80"},"elements":[],"widgetType":"text-editor"}],"isInner":""}],"isInner":""},{"id":"3906943","elType":"section","settings":{"structure":"40","gap":"extended","margin":{"unit":"px","top":"0","right":"0","bottom":"65","left":"0","isLinked":""}},"elements":[{"id":"7603311","elType":"column","settings":{"_column_size":"25","column_sticky_offset":"50","scroll_y":"-80","_inline_size_tablet":"50"},"elements":[{"id":"7898533","elType":"widget","settings":{"content":"","name":"MARK JANCE","position":"CEO \/ FOUNDER","image":{"id":"743","url":""},"align":"center","woodmart_color_scheme":"light","layout":"hover","size":"small","style":"colored","img":"1896","facebook":"#","twitter":"#","google_plus":"#","instagram":"#","image_size":"full","linkedin":"#","skype":"#","scroll_y":"-80"},"elements":[],"widgetType":"wd_team_member"}],"isInner":""},{"id":"3635532","elType":"column","settings":{"_column_size":"25","column_sticky_offset":"50","scroll_y":"-80","_inline_size_tablet":"50"},"elements":[{"id":"5685159","elType":"widget","settings":{"content":"","name":"MARK JANCE","position":"CEO \/ FOUNDER","image":{"id":"743","url":""},"align":"center","woodmart_color_scheme":"light","layout":"hover","size":"small","style":"colored","img":"1896","facebook":"#","twitter":"#","google_plus":"#","instagram":"#","image_size":"full","linkedin":"#","skype":"#","scroll_y":"-80"},"elements":[],"widgetType":"wd_team_member"}],"isInner":""},{"id":"2387938","elType":"column","settings":{"_column_size":"25","column_sticky_offset":"50","scroll_y":"-80","_inline_size_tablet":"50"},"elements":[{"id":"9680778","elType":"widget","settings":{"content":"","name":"MARK JANCE","position":"CEO \/ FOUNDER","image":{"id":"743","url":""},"align":"center","woodmart_color_scheme":"light","layout":"hover","size":"small","style":"colored","img":"1896","facebook":"#","twitter":"#","google_plus":"#","instagram":"#","image_size":"full","linkedin":"#","skype":"#","scroll_y":"-80"},"elements":[],"widgetType":"wd_team_member"}],"isInner":""},{"id":"6881205","elType":"column","settings":{"_column_size":"25","column_sticky_offset":"50","scroll_y":"-80","_inline_size_tablet":"50"},"elements":[{"id":"9252862","elType":"widget","settings":{"content":"","name":"MARK JANCE","position":"CEO \/ FOUNDER","image":{"id":"743","url":""},"align":"center","woodmart_color_scheme":"light","layout":"hover","size":"small","style":"colored","img":"1896","facebook":"#","twitter":"#","google_plus":"#","instagram":"#","image_size":"full","linkedin":"#","skype":"#","scroll_y":"-80"},"elements":[],"widgetType":"wd_team_member"}],"isInner":""}],"isInner":""},{"id":"7514471","elType":"section","settings":{"wd_section_stretch":"stretch","background_background":"classic","background_color":"#111111","padding":{"unit":"px","top":"90","right":"15","bottom":"90","left":"15","isLinked":""},"padding_tablet":{"unit":"px","top":"100","right":"15","bottom":"100","left":"15","isLinked":""},"padding_mobile":{"unit":"px","top":"70","right":"15","bottom":"70","left":"15","isLinked":""}},"elements":[{"id":"2961331","elType":"column","settings":{"_column_size":"100","column_sticky_offset":"50","scroll_y":"-80","align":"center"},"elements":[{"id":"1d1a9e0","elType":"widget","settings":{"editor":"<p>GET IN TOUCH WITH US<\/p>","wd_color_scheme":"light","typography_typography":"custom","typography_font_size":{"unit":"px","size":"16","sizes":[]},"typography_font_weight":"600","wd_content_align":"center","_margin":{"unit":"px","top":"0","right":"0","bottom":"10","left":"0","isLinked":""},"scroll_y":"-80","_element_width":"auto","hide_tablet":"hidden-tablet","hide_mobile":"hidden-phone"},"elements":[],"widgetType":"text-editor"},{"id":"965342","elType":"widget","settings":{"subtitle":"","after_title":"I am so happy, my dear friend, so absorbed in the exquisite sense of mere tranquil existence, that I neglect my talents. I should be incapable of drawing a single.","image_size":"custom","width":{"size":"50","unit":"%"},"color":"white","size":"extra-large","title":"Get Connected","subtitle_typography_font_size":{"unit":"px","size":"16","sizes":[]},"subtitle_typography_font_weight":"600","_margin":{"unit":"px","top":"0","right":"0","bottom":"30","left":"0","isLinked":""},"scroll_y":"-80","width_tablet":{"unit":"%","size":"61","sizes":[]},"width_mobile":{"unit":"%","size":"100","sizes":[]}},"elements":[],"widgetType":"wd_title"},{"id":"a5de5d6","elType":"section","settings":{"gap":"extended","structure":"40"},"elements":[{"id":"7913ba3","elType":"column","settings":{"_column_size":"25","space_between_widgets":"15","column_sticky_offset":"50","scroll_y":"-80","_inline_size_tablet":"50"},"elements":[{"id":"3068141","elType":"widget","settings":{"icon_type":"icon","alignment":"left","btn_text":"","image_size":"custom","subtitle":"","title":"NEW YORK","btn_position":"hover","title_size":"small","image_alignment":"left","woodmart_color_scheme":"light","_border_width":{"top":"0","left":"0","right":"0","bottom":"1","unit":"px","isLinked":""},"_border_border":"solid","_border_color":"rgba(255,255,255,0.2)","content":"113 New Avenue, Roadway,\n67 Brewer St, London, United Kingdom","icon_text":"53","_padding":{"unit":"px","top":"0","right":"0","bottom":"15","left":"0","isLinked":""},"scroll_y":"-80"},"elements":[],"widgetType":"wd_infobox"},{"id":"1456925","elType":"widget","settings":{"typography_typography":"custom","align":"left","woodmart_color_scheme":"light","editor":"<p><span style=\"color: #ffffff\"><strong>Phone:<\/strong> <\/span>+23 954 355 255<br \/>\n<span style=\"color: #ffffff\"><strong>Email:<\/strong><\/span> xtemos@gmail.com<\/p>\n","scroll_y":"-80","wd_color_scheme":"light"},"elements":[],"widgetType":"text-editor"}],"isInner":"1"},{"id":"9efe1c8","elType":"column","settings":{"_column_size":"25","space_between_widgets":"15","column_sticky_offset":"50","scroll_y":"-80","_inline_size_tablet":"50"},"elements":[{"id":"6622577","elType":"widget","settings":{"icon_type":"icon","alignment":"left","btn_text":"","image_size":"custom","subtitle":"","title":"PARIS","btn_position":"hover","title_size":"small","image_alignment":"left","woodmart_color_scheme":"light","_border_width":{"top":"0","left":"0","right":"0","bottom":"1","unit":"px","isLinked":""},"_border_border":"solid","_border_color":"rgba(255,255,255,0.2)","content":"113 New Avenue, Roadway,\n67 Brewer St, London, United Kingdom","icon_text":"53","_padding":{"unit":"px","top":"0","right":"0","bottom":"15","left":"0","isLinked":""},"scroll_y":"-80"},"elements":[],"widgetType":"wd_infobox"},{"id":"6237459","elType":"widget","settings":{"typography_typography":"custom","align":"left","woodmart_color_scheme":"light","editor":"<p><span style=\"color: #ffffff\"><strong>Phone:<\/strong> <\/span>+23 954 355 255<br \/>\n<span style=\"color: #ffffff\"><strong>Email:<\/strong><\/span> xtemos@gmail.com<\/p>\n","scroll_y":"-80","wd_color_scheme":"light"},"elements":[],"widgetType":"text-editor"}],"isInner":"1"},{"id":"45217a2","elType":"column","settings":{"_column_size":"25","space_between_widgets":"15","column_sticky_offset":"50","scroll_y":"-80","_inline_size_tablet":"50"},"elements":[{"id":"143742","elType":"widget","settings":{"icon_type":"icon","alignment":"left","btn_text":"","image_size":"custom","subtitle":"","title":"LONDON","btn_position":"hover","title_size":"small","image_alignment":"left","woodmart_color_scheme":"light","_border_width":{"top":"0","left":"0","right":"0","bottom":"1","unit":"px","isLinked":""},"_border_border":"solid","_border_color":"rgba(255,255,255,0.2)","content":"113 New Avenue, Roadway,\n67 Brewer St, London, United Kingdom","icon_text":"53","_padding":{"unit":"px","top":"0","right":"0","bottom":"15","left":"0","isLinked":""},"scroll_y":"-80"},"elements":[],"widgetType":"wd_infobox"},{"id":"2408236","elType":"widget","settings":{"typography_typography":"custom","align":"left","woodmart_color_scheme":"light","editor":"<p><span style=\"color: #ffffff\"><strong>Phone:<\/strong> <\/span>+23 954 355 255<br \/>\n<span style=\"color: #ffffff\"><strong>Email:<\/strong><\/span> xtemos@gmail.com<\/p>\n","scroll_y":"-80","wd_color_scheme":"light"},"elements":[],"widgetType":"text-editor"}],"isInner":"1"},{"id":"01e440a","elType":"column","settings":{"_column_size":"25","space_between_widgets":"15","column_sticky_offset":"50","scroll_y":"-80","_inline_size_tablet":"50"},"elements":[{"id":"1330983","elType":"widget","settings":{"icon_type":"icon","alignment":"left","btn_text":"","image_size":"custom","subtitle":"","title":"NORWAY","btn_position":"hover","title_size":"small","image_alignment":"left","woodmart_color_scheme":"light","_border_width":{"top":"0","left":"0","right":"0","bottom":"1","unit":"px","isLinked":""},"_border_border":"solid","_border_color":"rgba(255,255,255,0.2)","content":"113 New Avenue, Roadway,\n67 Brewer St, London, United Kingdom","icon_text":"53","_padding":{"unit":"px","top":"0","right":"0","bottom":"15","left":"0","isLinked":""},"scroll_y":"-80"},"elements":[],"widgetType":"wd_infobox"},{"id":"2669181","elType":"widget","settings":{"typography_typography":"custom","align":"left","woodmart_color_scheme":"light","editor":"<p><span style=\"color: #ffffff\"><strong>Phone:<\/strong> <\/span>+23 954 355 255<br \/>\n<span style=\"color: #ffffff\"><strong>Email:<\/strong><\/span> xtemos@gmail.com<\/p>\n","scroll_y":"-80","wd_color_scheme":"light"},"elements":[],"widgetType":"text-editor"}],"isInner":"1"}],"isInner":"1"}],"isInner":""}],"isInner":""},{"id":"2399901","elType":"section","settings":{"wd_section_stretch":"stretch-content","gap":"no","margin":{"unit":"px","top":"0","right":"0","bottom":"-40","left":"0","isLinked":""},"padding":{"unit":"px","top":"0","right":"0","bottom":"0","left":"0","isLinked":""}},"elements":[{"id":"2193259","elType":"column","settings":{"_column_size":"100","column_sticky_offset":"50","scroll_y":"-80"},"elements":[{"id":"3087897","elType":"widget","settings":{"slides_per_view":{"size":"3","unit":"px","sizes":[]},"slider_spacing":"0","hide_pagination_control":"yes","hide_prev_next_buttons":"yes","content_repeater":[{"_id":"2211954","image_size":"custom","title":"It is a fact that a reader will be distracted.","subtitle":"","content":"Ullamcorper vehicula at ultrices sed interdum et malesuada","btn_text":"Read more","image_custom_dimension":{"width":"700","height":"450"},"image":{"id":"117","url":"#"},"vertical_alignment":"bottom","increase_spaces":"yes","link":{"url":"#","is_external":"","nofollow":"","custom_attributes":""},"image_type":"image","image_height":{"unit":"px","size":"300","sizes":[]},"image_height_tablet":{"unit":"px","size":"","sizes":[]},"image_height_mobile":{"unit":"px","size":"","sizes":[]},"image_bg_position":"center center","horizontal_alignment":"left","text_alignment":"left","width":{"unit":"%","size":"","sizes":[]},"width_tablet":{"unit":"%","size":"","sizes":[]},"width_mobile":{"unit":"%","size":"","sizes":[]}},{"_id":"7404092","image_size":"custom","title":"By the readable content of a page when looking.","subtitle":"","content":"Patibus elementum a dictum ipiscing parturient donec\u00a0eros.","btn_text":"Read more","image_custom_dimension":{"width":"700","height":"450"},"image":{"id":"117","url":"#"},"vertical_alignment":"bottom","increase_spaces":"yes","link":{"url":"#","is_external":"","nofollow":"","custom_attributes":""},"image_type":"image","image_height":{"unit":"px","size":"300","sizes":[]},"image_height_tablet":{"unit":"px","size":"","sizes":[]},"image_height_mobile":{"unit":"px","size":"","sizes":[]},"image_bg_position":"center center","horizontal_alignment":"left","text_alignment":"left","width":{"unit":"%","size":"","sizes":[]},"width_tablet":{"unit":"%","size":"","sizes":[]},"width_mobile":{"unit":"%","size":"","sizes":[]}},{"_id":"9441680","image_size":"custom","title":"The point of using Lorem Ipsum is that it has.","subtitle":"","content":"Ullamcorper vehicula at ultrices sed interdum\u00a0ullamcorper .","btn_text":"Read more","image_custom_dimension":{"width":"700","height":"450"},"image":{"id":"117","url":"#"},"vertical_alignment":"bottom","increase_spaces":"yes","link":{"url":"#","is_external":"","nofollow":"","custom_attributes":""},"image_type":"image","image_height":{"unit":"px","size":"300","sizes":[]},"image_height_tablet":{"unit":"px","size":"","sizes":[]},"image_height_mobile":{"unit":"px","size":"","sizes":[]},"image_bg_position":"center center","horizontal_alignment":"left","text_alignment":"left","width":{"unit":"%","size":"","sizes":[]},"width_tablet":{"unit":"%","size":"","sizes":[]},"width_mobile":{"unit":"%","size":"","sizes":[]}}],"style":"mask","hover":"zoom-reverse","woodmart_color_scheme":"light","title_typography_typography":"custom","title_typography_font_size":{"unit":"px","size":"38","sizes":[]},"btn_color":"primary","scroll_y":"-80","title_typography_font_size_tablet":{"unit":"px","size":"22","sizes":[]}},"elements":[],"widgetType":"wd_banner_carousel"}],"isInner":""}],"isInner":""}]]]></wp:meta_value>
		</wp:postmeta>
							<wp:postmeta>
			<wp:meta_key>_elementor_edit_mode</wp:meta_key>
			<wp:meta_value><![CDATA[builder]]></wp:meta_value>
		</wp:postmeta>
							<wp:postmeta>
			<wp:meta_key>_elementor_version</wp:meta_key>
			<wp:meta_value><![CDATA[2.9.11]]></wp:meta_value>
		</wp:postmeta>
							<wp:postmeta>
			<wp:meta_key>_elementor_template_type</wp:meta_key>
			<wp:meta_value><![CDATA[wp-page]]></wp:meta_value>
		</wp:postmeta>
							<wp:postmeta>
			<wp:meta_key>_oembed_992c44b3a32aec363189635e67914edf</wp:meta_key>
			<wp:meta_value><![CDATA[<iframe title="vimeo placeholder" src="https://player.vimeo.com/video/235215203?dnt=1&amp;app_id=122963" width="500" height="281" frameborder="0" allow="autoplay; fullscreen" allowfullscreen></iframe>]]></wp:meta_value>
		</wp:postmeta>
							<wp:postmeta>
			<wp:meta_key>_oembed_time_992c44b3a32aec363189635e67914edf</wp:meta_key>
			<wp:meta_value><![CDATA[1593784526]]></wp:meta_value>
		</wp:postmeta>
							<wp:postmeta>
			<wp:meta_key>_elementor_controls_usage</wp:meta_key>
			<wp:meta_value><![CDATA[a:12:{s:11:"text-editor";a:3:{s:5:"count";i:17;s:15:"control_percent";i:2;s:8:"controls";a:3:{s:7:"content";a:1:{s:14:"section_editor";a:1:{s:6:"editor";i:17;}}s:5:"style";a:1:{s:13:"section_style";a:11:{s:15:"wd_color_scheme";i:9;s:5:"align";i:9;s:21:"typography_typography";i:16;s:20:"typography_font_size";i:9;s:22:"typography_font_weight";i:4;s:16:"wd_content_align";i:3;s:10:"text_color";i:1;s:21:"typography_font_style";i:1;s:12:"text_columns";i:1;s:10:"column_gap";i:1;s:19:"text_columns_mobile";i:1;}}s:8:"advanced";a:5:{s:14:"_section_style";a:3:{s:7:"_margin";i:6;s:8:"_padding";i:1;s:14:"_margin_mobile";i:1;}s:8:"wd_extra";a:1:{s:8:"scroll_y";i:17;}s:17:"_section_position";a:1:{s:14:"_element_width";i:4;}s:19:"_section_responsive";a:2:{s:11:"hide_tablet";i:7;s:11:"hide_mobile";i:7;}s:15:"_section_border";a:3:{s:14:"_border_border";i:1;s:13:"_border_width";i:1;s:13:"_border_color";i:1;}}}}s:8:"wd_title";a:3:{s:5:"count";i:9;s:15:"control_percent";i:4;s:8:"controls";a:3:{s:7:"content";a:1:{s:23:"general_content_section";a:3:{s:8:"subtitle";i:9;s:11:"after_title";i:9;s:5:"title";i:9;}}s:5:"style";a:3:{s:19:"title_style_section";a:1:{s:10:"image_size";i:9;}s:21:"general_style_section";a:6:{s:5:"width";i:4;s:5:"color";i:6;s:4:"size";i:9;s:12:"width_tablet";i:4;s:12:"width_mobile";i:3;s:5:"align";i:4;}s:22:"subtitle_style_section";a:3:{s:31:"subtitle_typography_font_family";i:1;s:29:"subtitle_typography_font_size";i:3;s:31:"subtitle_typography_font_weight";i:3;}}s:8:"advanced";a:2:{s:14:"_section_style";a:1:{s:7:"_margin";i:2;}s:8:"wd_extra";a:1:{s:8:"scroll_y";i:9;}}}}s:9:"wd_button";a:3:{s:5:"count";i:6;s:15:"control_percent";i:2;s:8:"controls";a:3:{s:5:"style";a:1:{s:21:"general_style_section";a:2:{s:5:"color";i:6;s:5:"style";i:4;}}s:8:"advanced";a:3:{s:17:"_section_position";a:1:{s:14:"_element_width";i:4;}s:14:"_section_style";a:1:{s:7:"_margin";i:2;}s:8:"wd_extra";a:1:{s:8:"scroll_y";i:6;}}s:7:"content";a:1:{s:23:"general_content_section";a:1:{s:4:"text";i:6;}}}}s:6:"column";a:3:{s:5:"count";i:30;s:15:"control_percent";i:1;s:8:"controls";a:3:{s:6:"layout";a:1:{s:6:"layout";a:5:{s:16:"content_position";i:2;s:5:"align";i:4;s:19:"_inline_size_tablet";i:18;s:19:"_inline_size_mobile";i:6;s:21:"space_between_widgets";i:4;}}s:8:"advanced";a:2:{s:16:"section_advanced";a:5:{s:7:"padding";i:8;s:14:"padding_tablet";i:2;s:14:"padding_mobile";i:8;s:13:"margin_mobile";i:1;s:13:"margin_tablet";i:1;}s:8:"wd_extra";a:2:{s:20:"column_sticky_offset";i:30;s:8:"scroll_y";i:30;}}s:5:"style";a:3:{s:14:"section_border";a:3:{s:13:"border_border";i:3;s:12:"border_width";i:6;s:12:"border_color";i:6;}s:14:"wd_extra_style";a:1:{s:15:"wd_color_scheme";i:1;}s:13:"section_style";a:2:{s:15:"background_size";i:1;s:17:"background_repeat";i:1;}}}}s:7:"section";a:3:{s:5:"count";i:16;s:15:"control_percent";i:1;s:8:"controls";a:3:{s:6:"layout";a:3:{s:15:"wd_extra_layout";a:1:{s:18:"wd_section_stretch";i:5;}s:14:"section_layout";a:3:{s:3:"gap";i:12;s:16:"content_position";i:4;s:13:"content_width";i:1;}s:17:"section_structure";a:1:{s:9:"structure";i:10;}}s:5:"style";a:2:{s:18:"section_background";a:5:{s:21:"background_background";i:4;s:16:"background_color";i:3;s:15:"background_size";i:1;s:17:"background_repeat";i:1;s:16:"background_image";i:1;}s:14:"section_border";a:3:{s:13:"border_border";i:2;s:12:"border_width";i:2;s:12:"border_color";i:2;}}s:8:"advanced";a:1:{s:16:"section_advanced";a:6:{s:6:"margin";i:8;s:7:"padding";i:5;s:13:"margin_mobile";i:4;s:14:"padding_tablet";i:3;s:14:"padding_mobile";i:3;s:13:"margin_tablet";i:1;}}}}s:17:"wd_social_buttons";a:3:{s:5:"count";i:1;s:15:"control_percent";i:3;s:8:"controls";a:2:{s:5:"style";a:1:{s:21:"general_style_section";a:3:{s:4:"size";i:1;s:5:"style";i:1;s:5:"align";i:1;}}s:8:"advanced";a:2:{s:8:"wd_extra";a:1:{s:8:"scroll_y";i:1;}s:17:"_section_position";a:1:{s:14:"_element_width";i:1;}}}}s:10:"wd_counter";a:3:{s:5:"count";i:6;s:15:"control_percent";i:3;s:8:"controls";a:3:{s:5:"style";a:1:{s:21:"general_style_section";a:4:{s:4:"size";i:6;s:27:"value_typography_typography";i:6;s:28:"value_typography_font_weight";i:6;s:12:"color_scheme";i:6;}}s:7:"content";a:1:{s:23:"general_content_section";a:2:{s:5:"label";i:6;s:5:"value";i:6;}}s:8:"advanced";a:1:{s:8:"wd_extra";a:1:{s:8:"scroll_y";i:6;}}}}s:10:"wd_infobox";a:3:{s:5:"count";i:8;s:15:"control_percent";i:5;s:8:"controls";a:3:{s:7:"content";a:2:{s:20:"icon_content_section";a:4:{s:9:"icon_type";i:8;s:10:"image_size";i:8;s:5:"image";i:4;s:22:"image_custom_dimension";i:4;}s:23:"general_content_section";a:4:{s:8:"btn_text";i:8;s:8:"subtitle";i:8;s:5:"title";i:8;s:7:"content";i:8;}}s:5:"style";a:2:{s:21:"general_style_section";a:4:{s:9:"alignment";i:8;s:10:"title_size";i:8;s:15:"image_alignment";i:8;s:21:"woodmart_color_scheme";i:4;}s:22:"button_content_section";a:1:{s:12:"btn_position";i:8;}}s:8:"advanced";a:3:{s:14:"_section_style";a:2:{s:7:"_margin";i:4;s:8:"_padding";i:4;}s:8:"wd_extra";a:1:{s:8:"scroll_y";i:8;}s:15:"_section_border";a:3:{s:13:"_border_width";i:4;s:14:"_border_border";i:4;s:13:"_border_color";i:4;}}}}s:17:"wd_images_gallery";a:3:{s:5:"count";i:1;s:15:"control_percent";i:3;s:8:"controls";a:3:{s:7:"content";a:2:{s:23:"general_content_section";a:3:{s:8:"ids_size";i:1;s:3:"ids";i:1;s:20:"ids_custom_dimension";i:1;}s:20:"click_action_section";a:1:{s:7:"caption";i:1;}}s:5:"style";a:1:{s:20:"layout_style_section";a:2:{s:7:"spacing";i:1;s:7:"columns";i:1;}}s:8:"advanced";a:1:{s:8:"wd_extra";a:1:{s:8:"scroll_y";i:1;}}}}s:5:"video";a:3:{s:5:"count";i:2;s:15:"control_percent";i:3;s:8:"controls";a:3:{s:7:"content";a:2:{s:13:"section_video";a:1:{s:10:"video_type";i:2;}s:21:"section_image_overlay";a:2:{s:18:"show_image_overlay";i:2;s:13:"image_overlay";i:2;}}s:8:"advanced";a:2:{s:19:"_section_background";a:2:{s:16:"_background_size";i:2;s:18:"_background_repeat";i:2;}s:8:"wd_extra";a:1:{s:8:"scroll_y";i:2;}}s:5:"style";a:1:{s:19:"section_video_style";a:1:{s:14:"wd_theme_style";i:2;}}}}s:14:"wd_team_member";a:3:{s:5:"count";i:4;s:15:"control_percent";i:5;s:8:"controls";a:3:{s:7:"content";a:1:{s:23:"general_content_section";a:5:{s:7:"content";i:4;s:4:"name";i:4;s:8:"position";i:4;s:5:"image";i:4;s:10:"image_size";i:4;}}s:5:"style";a:2:{s:21:"general_style_section";a:3:{s:5:"align";i:4;s:21:"woodmart_color_scheme";i:4;s:6:"layout";i:4;}s:21:"buttons_style_section";a:2:{s:4:"size";i:4;s:5:"style";i:4;}}s:8:"advanced";a:1:{s:8:"wd_extra";a:1:{s:8:"scroll_y";i:4;}}}}s:18:"wd_banner_carousel";a:3:{s:5:"count";i:1;s:15:"control_percent";i:5;s:8:"controls";a:3:{s:5:"style";a:4:{s:22:"carousel_style_section";a:4:{s:15:"slides_per_view";i:1;s:14:"slider_spacing";i:1;s:23:"hide_pagination_control";i:1;s:22:"hide_prev_next_buttons";i:1;}s:21:"general_style_section";a:3:{s:5:"style";i:1;s:5:"hover";i:1;s:21:"woodmart_color_scheme";i:1;}s:19:"title_style_section";a:3:{s:27:"title_typography_typography";i:1;s:26:"title_typography_font_size";i:1;s:33:"title_typography_font_size_tablet";i:1;}s:20:"button_style_section";a:1:{s:9:"btn_color";i:1;}}s:7:"content";a:1:{s:23:"general_content_section";a:1:{s:16:"content_repeater";i:1;}}s:8:"advanced";a:1:{s:8:"wd_extra";a:1:{s:8:"scroll_y";i:1;}}}}}]]></wp:meta_value>
		</wp:postmeta>
						</item>
					<item>
		<title>
				ruler-transparent		</title>
		<link>http://dummy.xtemos.com/woodmart-elementor/demos/about-us/ruler-transparent/</link>
		<pubDate>Thu, 13 Jul 2017 06:57:03 +0000</pubDate>
		<dc:creator><![CDATA[erwin]]></dc:creator>
		<guid isPermaLink="false">http://dummy.xtemos.com/woodmart-elementor/demos/wp-content/uploads/sites/2/2017/07/ruler-transparent.png</guid>
		<description></description>
		<content:encoded><![CDATA[]]></content:encoded>
		<excerpt:encoded><![CDATA[]]></excerpt:encoded>
		<wp:post_id>846</wp:post_id>
		<wp:post_date>2017-07-13 06:57:03</wp:post_date>
		<wp:post_date_gmt>2017-07-13 06:57:03</wp:post_date_gmt>
		<wp:comment_status>open</wp:comment_status>
		<wp:ping_status>closed</wp:ping_status>
		<wp:post_name>ruler-transparent</wp:post_name>
		<wp:status>inherit</wp:status>
		<wp:post_parent>845</wp:post_parent>
		<wp:menu_order>0</wp:menu_order>
		<wp:post_type>attachment</wp:post_type>
		<wp:post_password></wp:post_password>
		<wp:is_sticky>0</wp:is_sticky>
						<wp:attachment_url>http://dummy.xtemos.com/woodmart-elementor/demos/wp-content/uploads/sites/2/2017/07/ruler-transparent.png</wp:attachment_url>
												<wp:postmeta>
			<wp:meta_key>_wp_attached_file</wp:meta_key>
			<wp:meta_value><![CDATA[2017/07/ruler-transparent.png]]></wp:meta_value>
		</wp:postmeta>
						</item>
				</channel>
</rss>
	