<?xml version="1.0" encoding="UTF-8" ?>
<!-- This is a WordPress eXtended RSS file generated by WordPress as an export of your site. -->
<!-- It contains information about your site's posts, pages, comments, categories, and other content. -->
<!-- You may use this file to transfer that content from one site to another. -->
<!-- This file is not intended to serve as a complete backup of your site. -->

<!-- To import this information into a WordPress site follow these steps: -->
<!-- 1. Log in to that site as an administrator. -->
<!-- 2. Go to Tools: Import in the WordPress admin panel. -->
<!-- 3. Install the "WordPress" importer from the list. -->
<!-- 4. Activate & Run Importer. -->
<!-- 5. Upload this file using the form provided on that page. -->
<!-- 6. You will first be asked to map the authors in this export file to users -->
<!--    on the site. For each author, you may choose to map to an -->
<!--    existing user on the site or to create a new user. -->
<!-- 7. WordPress will then import each of the posts, pages, comments, categories, etc. -->
<!--    contained in this file into your site. -->

	<!-- generator="WordPress/5.4.4" created="2021-03-30 11:51" -->
<rss version="2.0"
	xmlns:excerpt="http://wordpress.org/export/1.2/excerpt/"
	xmlns:content="http://purl.org/rss/1.0/modules/content/"
	xmlns:wfw="http://wellformedweb.org/CommentAPI/"
	xmlns:dc="http://purl.org/dc/elements/1.1/"
	xmlns:wp="http://wordpress.org/export/1.2/"
>

<channel>
	<title>Woodmart dummy demos</title>
	<link>http://dummy.xtemos.com/woodmart-elementor/demos</link>
	<description>Just another Woodmart Dummy Content Sites site</description>
	<pubDate>Tue, 30 Mar 2021 11:51:49 +0000</pubDate>
	<language>en-US</language>
	<wp:wxr_version>1.2</wp:wxr_version>
	<wp:base_site_url>http://dummy.xtemos.com/woodmart-elementor/</wp:base_site_url>
	<wp:base_blog_url>http://dummy.xtemos.com/woodmart-elementor/demos</wp:base_blog_url>

		<wp:author><wp:author_id>4</wp:author_id><wp:author_login>zakhar</wp:author_login><wp:author_email>sdads@asdasd.asd</wp:author_email><wp:author_display_name><![CDATA[zakhar]]></wp:author_display_name><wp:author_first_name><![CDATA[]]></wp:author_first_name><wp:author_last_name><![CDATA[]]></wp:author_last_name></wp:author>

				
	<generator>https://wordpress.org/?v=5.4.4</generator>

		<item>
		<title>About me</title>
		<link>http://dummy.xtemos.com/woodmart-elementor/demos/about-me-2/</link>
		<pubDate>Wed, 17 Mar 2021 12:10:18 +0000</pubDate>
		<dc:creator><![CDATA[zakhar]]></dc:creator>
		<guid isPermaLink="false">http://dummy.xtemos.com/woodmart-elementor/demos/?page_id=9814</guid>
		<description></description>
		<content:encoded><![CDATA[
UI / UX Designer

					Jane Doe
A wonderful serenity has taken possession of my entire soul, like these sweet mornings of spring which I en]]></content:encoded>
		<excerpt:encoded><![CDATA[]]></excerpt:encoded>
		<wp:post_id>9814</wp:post_id>
		<wp:post_date>2021-03-17 12:10:18</wp:post_date>
		<wp:post_date_gmt>2021-03-17 12:10:18</wp:post_date_gmt>
		<wp:comment_status>closed</wp:comment_status>
		<wp:ping_status>closed</wp:ping_status>
		<wp:post_name>about-me-2</wp:post_name>
		<wp:status>publish</wp:status>
		<wp:post_parent>0</wp:post_parent>
		<wp:menu_order>0</wp:menu_order>
		<wp:post_type>page</wp:post_type>
		<wp:post_password></wp:post_password>
		<wp:is_sticky>0</wp:is_sticky>
														<wp:postmeta>
			<wp:meta_key>_woodmart_whb_header</wp:meta_key>
			<wp:meta_value><![CDATA[header_576762]]></wp:meta_value>
		</wp:postmeta>
							<wp:postmeta>
			<wp:meta_key>_woodmart_title_image</wp:meta_key>
			<wp:meta_value><![CDATA[]]></wp:meta_value>
		</wp:postmeta>
							<wp:postmeta>
			<wp:meta_key>_woodmart_title_bg_color</wp:meta_key>
			<wp:meta_value><![CDATA[]]></wp:meta_value>
		</wp:postmeta>
							<wp:postmeta>
			<wp:meta_key>_woodmart_page-title-size</wp:meta_key>
			<wp:meta_value><![CDATA[inherit]]></wp:meta_value>
		</wp:postmeta>
							<wp:postmeta>
			<wp:meta_key>_woodmart_main_layout</wp:meta_key>
			<wp:meta_value><![CDATA[full-width]]></wp:meta_value>
		</wp:postmeta>
							<wp:postmeta>
			<wp:meta_key>_elementor_edit_mode</wp:meta_key>
			<wp:meta_value><![CDATA[builder]]></wp:meta_value>
		</wp:postmeta>
							<wp:postmeta>
			<wp:meta_key>_elementor_template_type</wp:meta_key>
			<wp:meta_value><![CDATA[wp-page]]></wp:meta_value>
		</wp:postmeta>
							<wp:postmeta>
			<wp:meta_key>_elementor_version</wp:meta_key>
			<wp:meta_value><![CDATA[2.9.11]]></wp:meta_value>
		</wp:postmeta>
							<wp:postmeta>
			<wp:meta_key>_wp_page_template</wp:meta_key>
			<wp:meta_value><![CDATA[default]]></wp:meta_value>
		</wp:postmeta>
							<wp:postmeta>
			<wp:meta_key>_elementor_data</wp:meta_key>
			<wp:meta_value><![CDATA[[{"id":"17b4add","elType":"section","settings":{"height":"min-height","wd_section_stretch":"stretch","structure":"20","background_background":"classic","background_image":{"url":"http:\/\/dummy.xtemos.com\/woodmart-elementor\/demos\/wp-content\/uploads\/sites\/2\/2021\/03\/w-about-me-top-opt.jpg","id":"9822"},"background_position":"center center","background_repeat":"no-repeat","background_size":"cover","content_position":"middle","margin":{"unit":"px","top":"0","right":"0","bottom":"90","left":"0","isLinked":""},"margin_tablet":{"unit":"px","top":"0","right":"0","bottom":"60","left":"0","isLinked":""},"margin_mobile":{"unit":"px","top":"0","right":"0","bottom":"40","left":"0","isLinked":""},"padding":{"unit":"px","top":"70","right":"15","bottom":"70","left":"15","isLinked":""},"padding_tablet":{"unit":"px","top":"50","right":"15","bottom":"50","left":"15","isLinked":""},"padding_mobile":{"unit":"px","top":"80","right":"15","bottom":"80","left":"15","isLinked":""}},"elements":[{"id":"310558d","elType":"column","settings":{"_column_size":"50","column_sticky_offset":"50","scroll_y":"-80","_inline_size_mobile":"40"},"elements":[{"id":"a4ddc1d","elType":"widget","settings":{"image":{"url":"http:\/\/dummy.xtemos.com\/woodmart-elementor\/demos\/wp-content\/uploads\/sites\/2\/2021\/03\/w-about-me-ava-opt.jpg","id":"9825"},"image_size":"custom","image_custom_dimension":{"width":"220","height":"220"},"align":"right","align_mobile":"left","image_border_radius":{"unit":"%","top":"50","right":"50","bottom":"50","left":"50","isLinked":"1"},"_margin":{"unit":"px","top":"0","right":"65","bottom":"0","left":"0","isLinked":""},"_margin_tablet":{"unit":"px","top":"0","right":"20","bottom":"0","left":"0","isLinked":""},"_margin_mobile":{"unit":"px","top":"0","right":"0","bottom":"0","left":"0","isLinked":""},"scroll_y":"-80"},"elements":[],"widgetType":"image"}],"isInner":""},{"id":"aa682f5","elType":"column","settings":{"_column_size":"50","column_sticky_offset":"50","scroll_y":"-80"},"elements":[{"id":"5e20f9b","elType":"widget","settings":{"subtitle":"UI \/ UX Designer","title":"Jane Doe","after_title":"<p>A wonderful serenity has taken possession of my entire soul, like these sweet mornings of spring which I enjoy with my whole heart. I am alone, and feel the charm.<\/p>","color":"white","size":"extra-large","align":"left","width":{"unit":"%","size":"70","sizes":[]},"width_tablet":{"unit":"%","size":"74","sizes":[]},"width_mobile":{"unit":"%","size":"100","sizes":[]},"subtitle_color":"#83B735","subtitle_typography_typography":"custom","subtitle_typography_font_weight":"600","_margin":{"unit":"px","top":"0","right":"0","bottom":"10","left":"0","isLinked":""},"scroll_y":"-80"},"elements":[],"widgetType":"wd_title"},{"id":"4bc43b9","elType":"widget","settings":{"text":"Contact me","align":"left","_margin":{"unit":"px","top":"0","right":"25","bottom":"0","left":"0","isLinked":""},"scroll_y":"-80","_element_width":"auto"},"elements":[],"widgetType":"wd_button"},{"id":"63a8983","elType":"widget","settings":{"type":"follow","align":"left","style":"colored","scroll_y":"-80","_element_width":"auto","hide_tablet":"hidden-tablet","hide_mobile":"hidden-phone"},"elements":[],"widgetType":"wd_social_buttons"}],"isInner":""}],"isInner":""},{"id":"6898143","elType":"section","settings":{"margin":{"unit":"px","top":"0","right":"0","bottom":"20","left":"0","isLinked":""}},"elements":[{"id":"c763434","elType":"column","settings":{"_column_size":"100","_inline_size":"","column_sticky_offset":"50","scroll_y":"-80"},"elements":[{"id":"cb91e4c","elType":"widget","settings":{"subtitle":"SOME WORDS ABOUT ME","title":"My work success","after_title":"<p>There are many variations of passages of lorem ipsum.<\/p>","size":"large","align":"left","subtitle_color":"#83B735","subtitle_typography_typography":"custom","subtitle_typography_font_weight":"600","scroll_y":"-80"},"elements":[],"widgetType":"wd_title"}],"isInner":""}],"isInner":""},{"id":"4b46caf","elType":"section","settings":{"structure":"40","margin":{"unit":"px","top":"0","right":"0","bottom":"80","left":"0","isLinked":""},"margin_tablet":{"unit":"px","top":"0","right":"0","bottom":"60","left":"0","isLinked":""},"margin_mobile":{"unit":"px","top":"0","right":"0","bottom":"40","left":"0","isLinked":""}},"elements":[{"id":"0dc6c68","elType":"column","settings":{"_column_size":"25","_inline_size":"","_inline_size_tablet":"50","_inline_size_mobile":"100","column_sticky_offset":"50","scroll_y":"-80"},"elements":[{"id":"65ac594","elType":"widget","settings":{"icon_text":"7","subtitle":"","title":"Years in this field","content":"<p>Even if your less into design and more into content you\u00a0 strategy may find.<\/p>","btn_text":"","link":{"url":"","is_external":"","nofollow":"","custom_attributes":""},"alignment":"left","content_typography_typography":"custom","content_typography_font_size":{"unit":"px","size":"16","sizes":[]},"_padding":{"unit":"px","top":"31","right":"31","bottom":"31","left":"31","isLinked":"1"},"scroll_y":"-80","_border_border":"solid","_border_width":{"unit":"px","top":"1","right":"1","bottom":"1","left":"1","isLinked":"1"},"_border_color":"rgba(0, 0, 0, 0.10196078431372549)"},"elements":[],"widgetType":"wd_infobox"}],"isInner":""},{"id":"080d409","elType":"column","settings":{"_column_size":"25","_inline_size":"","_inline_size_tablet":"50","_inline_size_mobile":"100","column_sticky_offset":"50","scroll_y":"-80"},"elements":[{"id":"e23a782","elType":"widget","settings":{"icon_text":"500+","subtitle":"","title":"Clients happy","content":"<p>Accept that it\u2019s sometimes okay to focus just on the content or design.<\/p>","btn_text":"","link":{"url":"","is_external":"","nofollow":"","custom_attributes":""},"alignment":"left","content_typography_typography":"custom","content_typography_font_size":{"unit":"px","size":"16","sizes":[]},"_padding":{"unit":"px","top":"31","right":"31","bottom":"31","left":"31","isLinked":"1"},"scroll_y":"-80","_border_border":"solid","_border_width":{"unit":"px","top":"1","right":"1","bottom":"1","left":"1","isLinked":"1"},"_border_color":"rgba(0, 0, 0, 0.10196078431372549)"},"elements":[],"widgetType":"wd_infobox"}],"isInner":""},{"id":"47ff3e8","elType":"column","settings":{"_column_size":"25","_inline_size":"","_inline_size_tablet":"50","_inline_size_mobile":"100","column_sticky_offset":"50","scroll_y":"-80"},"elements":[{"id":"4c1534e","elType":"widget","settings":{"icon_text":"650+","subtitle":"","title":"Finished works","content":"<p>Designers might want to ask them to provide style the sheets with copy.<\/p>","btn_text":"","link":{"url":"","is_external":"","nofollow":"","custom_attributes":""},"alignment":"left","content_typography_typography":"custom","content_typography_font_size":{"unit":"px","size":"16","sizes":[]},"_padding":{"unit":"px","top":"31","right":"31","bottom":"31","left":"31","isLinked":"1"},"scroll_y":"-80","_border_border":"solid","_border_width":{"unit":"px","top":"1","right":"1","bottom":"1","left":"1","isLinked":"1"},"_border_color":"rgba(0, 0, 0, 0.10196078431372549)"},"elements":[],"widgetType":"wd_infobox"}],"isInner":""},{"id":"82a2179","elType":"column","settings":{"_column_size":"25","_inline_size":"","_inline_size_tablet":"50","_inline_size_mobile":"100","column_sticky_offset":"50","scroll_y":"-80"},"elements":[{"id":"359fa82","elType":"widget","settings":{"icon_text":"4","subtitle":"","title":"Years work","content":"<p>Forswearing the use of Lorem Ipsum wouldn\u2019t have helped, won\u2019t help now.<\/p>","btn_text":"","link":{"url":"","is_external":"","nofollow":"","custom_attributes":""},"alignment":"left","content_typography_typography":"custom","content_typography_font_size":{"unit":"px","size":"16","sizes":[]},"_padding":{"unit":"px","top":"31","right":"31","bottom":"31","left":"31","isLinked":"1"},"scroll_y":"-80","_border_border":"solid","_border_width":{"unit":"px","top":"1","right":"1","bottom":"1","left":"1","isLinked":"1"},"_border_color":"rgba(0, 0, 0, 0.10196078431372549)"},"elements":[],"widgetType":"wd_infobox"}],"isInner":""}],"isInner":""},{"id":"87e9fb8","elType":"section","settings":{"structure":"22"},"elements":[{"id":"c7bfa4a","elType":"column","settings":{"_column_size":"66","_inline_size":"","_inline_size_tablet":"100","background_background":"classic","column_sticky_offset":"50","scroll_y":"-80"},"elements":[{"id":"8099cac","elType":"section","settings":{"background_background":"classic","background_color":"#83B735","background_position":"center right","background_xpos":{"unit":"px","size":"580","sizes":[]},"background_ypos":{"unit":"%","size":"45","sizes":[]},"background_repeat":"no-repeat","margin":{"unit":"px","top":"0","right":"0","bottom":"0","left":"0","isLinked":""},"padding":{"unit":"px","top":"26","right":"34","bottom":"26","left":"34","isLinked":""},"padding_mobile":{"unit":"px","top":"20","right":"24","bottom":"20","left":"24","isLinked":""}},"elements":[{"id":"8d5a306","elType":"column","settings":{"_column_size":"100","_inline_size":"","content_position":"center","background_background":"classic","background_image":{"url":"http:\/\/dummy.xtemos.com\/woodmart-elementor\/demos\/wp-content\/uploads\/sites\/2\/2021\/03\/w-fonts-quotes.svg","id":"9860"},"background_position":"center right","background_repeat":"no-repeat","column_sticky_offset":"50","scroll_y":"-80"},"elements":[{"id":"940e664","elType":"widget","settings":{"subtitle":"","title":"There are no secrets to success. It is the result of preparation, hard work, and learning from failure.","after_title":"","color":"white","size":"medium","align":"left","width":{"unit":"%","size":"75","sizes":[]},"width_tablet":{"unit":"%","size":"84","sizes":[]},"width_mobile":{"unit":"%","size":"100","sizes":[]},"title_typography_typography":"custom","title_typography_font_size":{"unit":"px","size":"24","sizes":[]},"title_typography_font_size_mobile":{"unit":"px","size":"18","sizes":[]},"scroll_y":"-80"},"elements":[],"widgetType":"wd_title"},{"id":"0ea48f0","elType":"widget","settings":{"editor":"<p>By\u00a0<span style=\"color: #ffffff\">Robert Fox<\/span><\/p>","wd_color_scheme":"light","typography_typography":"custom","typography_font_size":{"unit":"px","size":"16","sizes":[]},"_margin":{"unit":"px","top":"0","right":"25","bottom":"0","left":"0","isLinked":""},"scroll_y":"-80","_element_width":"auto"},"elements":[],"widgetType":"text-editor"},{"id":"e5e4af5","elType":"widget","settings":{"image":{"url":"http:\/\/dummy.xtemos.com\/woodmart-elementor\/demos\/wp-content\/uploads\/sites\/2\/2021\/03\/w-autog.svg","id":"9856"},"image_size":"custom","image_custom_dimension":{"width":"86","height":"60"},"align":"left","scroll_y":"-80","_element_width":"auto"},"elements":[],"widgetType":"image"}],"isInner":"1"}],"isInner":"1"}],"isInner":""},{"id":"5b11d03","elType":"column","settings":{"_column_size":"33","_inline_size":"","column_sticky_offset":"50","scroll_y":"-80","hide_tablet":"hidden-tablet","hide_mobile":"hidden-phone"},"elements":[{"id":"9347a01","elType":"widget","settings":{"image":{"url":"http:\/\/dummy.xtemos.com\/woodmart-elementor\/demos\/wp-content\/uploads\/sites\/2\/2021\/03\/w-about-me-img-1-opt.jpg","id":"9849"},"image_size":"full","scroll_y":"-80"},"elements":[],"widgetType":"image"}],"isInner":""}],"isInner":""},{"id":"cad8b3e","elType":"section","settings":{"structure":"21","margin":{"unit":"px","top":"0","right":"0","bottom":"80","left":"0","isLinked":""},"margin_tablet":{"unit":"px","top":"0","right":"0","bottom":"60","left":"0","isLinked":""},"margin_mobile":{"unit":"px","top":"0","right":"0","bottom":"40","left":"0","isLinked":""}},"elements":[{"id":"aac3943","elType":"column","settings":{"_column_size":"33","_inline_size":"","column_sticky_offset":"50","scroll_y":"-80"},"elements":[{"id":"601b922","elType":"widget","settings":{"image":{"url":"http:\/\/dummy.xtemos.com\/woodmart-elementor\/demos\/wp-content\/uploads\/sites\/2\/2021\/03\/w-about-me-img-2.jpg","id":"9870"},"image_size":"full","scroll_y":"-80"},"elements":[],"widgetType":"image"}],"isInner":""},{"id":"dd96077","elType":"column","settings":{"_column_size":"66","_inline_size":"","column_sticky_offset":"50","scroll_y":"-80"},"elements":[{"id":"8033888","elType":"widget","settings":{"image":{"url":"http:\/\/dummy.xtemos.com\/woodmart-elementor\/demos\/wp-content\/uploads\/sites\/2\/2021\/03\/w-about-me-img-3-elementor-opt.jpg","id":"9893"},"image_size":"full","scroll_y":"-80"},"elements":[],"widgetType":"image"}],"isInner":""}],"isInner":""},{"id":"77d8a81","elType":"section","settings":{"margin":{"unit":"px","top":"0","right":"0","bottom":"80","left":"0","isLinked":""},"margin_tablet":{"unit":"px","top":"0","right":"0","bottom":"60","left":"0","isLinked":""},"margin_mobile":{"unit":"px","top":"0","right":"0","bottom":"40","left":"0","isLinked":""}},"elements":[{"id":"fb84ecc","elType":"column","settings":{"_column_size":"100","_inline_size":"","column_sticky_offset":"50","scroll_y":"-80"},"elements":[{"id":"b6973b0","elType":"widget","settings":{"subtitle":"SEEMINGLY ELEGANT DESIGN","title":"Reviews about my work","after_title":"<div class=\"vc_row wpb_row vc_row-fluid vc_custom_1615561792818\"><div class=\"wpb_column vc_column_container vc_col-sm-12\"><div class=\"vc_column-inner vc_custom_1615561458001\"><div class=\"wpb_wrapper\"><div id=\"wd-6050a7e2d087b\" class=\"title-wrapper woodmart-title-color-primary woodmart-title-style-default woodmart-title-width-40 text-center woodmart-title-size-large \"><div class=\"title-after_title\">A client that's unhappy for a reason is a problem, a client that's unhappy though he or her can't quite put a finger on it is worse.<\/div><\/div><\/div><\/div><\/div><\/div>","size":"large","width":{"unit":"%","size":"44","sizes":[]},"width_tablet":{"unit":"%","size":"61","sizes":[]},"width_mobile":{"unit":"%","size":"100","sizes":[]},"subtitle_color":"#83B735","subtitle_typography_typography":"custom","subtitle_typography_font_weight":"600","_margin":{"unit":"px","top":"0","right":"0","bottom":"20","left":"0","isLinked":""},"scroll_y":"-80"},"elements":[],"widgetType":"wd_title"},{"id":"8704efa","elType":"widget","settings":{"items_repeater":[{"title":"Google Inc.","name":"Sarah Connor","content":"<p>I\u2019ve heard the argument that \u201clorem ipsum\u201d is effective in wireframing or design because it helps people focus on the actual layout, or color scheme, or whatever.<\/p>","_id":"cc6d5cb","image":{"url":"http:\/\/dummy.xtemos.com\/woodmart-elementor\/demos\/wp-content\/uploads\/sites\/2\/2021\/03\/w-about-me-t-1-opt.jpg","id":"9878"},"image_size":"full","image_custom_dimension":{"width":"","height":""}},{"title":"Google Inc.","name":"Sergey Brin","content":"<p>Using dummy content or fake information in the Web design process can result in products with unrealistic assumptions and potentially serious design flaws.<\/p>","_id":"6568445","image":{"url":"http:\/\/dummy.xtemos.com\/woodmart-elementor\/demos\/wp-content\/uploads\/sites\/2\/2021\/03\/w-about-me-t-2-opt.jpg","id":"9879"},"image_size":"full","image_custom_dimension":{"width":"","height":""}},{"title":"Google Inc.","name":"Antony Stewart","content":"<p>A seemingly elegant design can quickly begin to bloat with unexpected content or break under the weight of actual activity data can ensure a nice looking layout.<\/p>","_id":"386a392","image":{"url":"http:\/\/dummy.xtemos.com\/woodmart-elementor\/demos\/wp-content\/uploads\/sites\/2\/2021\/03\/w-about-me-t-3-opt.jpg","id":"9880"},"image_size":"full","image_custom_dimension":{"width":"","height":""}},{"title":"Google Inc.","name":"Kyle Deleon","content":"<p>Commercial publishing platforms and content management systems ensure that you can show different text, different data using the same template.<\/p>","_id":"c3f64f3","image":{"url":"http:\/\/dummy.xtemos.com\/woodmart-elementor\/demos\/wp-content\/uploads\/sites\/2\/2021\/03\/w-about-me-t-2-opt-1.jpg","id":"9882"},"image_size":"full","image_custom_dimension":{"width":"","height":""}}],"hide_pagination_control":"yes","scroll_y":"-80"},"elements":[],"widgetType":"wd_testimonials"}],"isInner":""}],"isInner":""},{"id":"533d7d2","elType":"section","settings":{"background_background":"classic","background_image":{"url":"http:\/\/dummy.xtemos.com\/woodmart-elementor\/demos\/wp-content\/uploads\/sites\/2\/2021\/03\/w-about-me-hire-bg-opt.jpg","id":"9886"},"background_repeat":"no-repeat","background_size":"cover","margin":{"unit":"px","top":"0","right":"0","bottom":"40","left":"0","isLinked":""},"margin_tablet":{"unit":"px","top":"0","right":"0","bottom":"20","left":"0","isLinked":""},"margin_mobile":{"unit":"px","top":"0","right":"0","bottom":"0","left":"0","isLinked":""},"padding":{"unit":"px","top":"80","right":"15","bottom":"80","left":"15","isLinked":""},"padding_tablet":{"unit":"px","top":"60","right":"15","bottom":"60","left":"15","isLinked":""},"padding_mobile":{"unit":"px","top":"40","right":"15","bottom":"40","left":"15","isLinked":""}},"elements":[{"id":"de7cbd2","elType":"column","settings":{"_column_size":"100","_inline_size":"","column_sticky_offset":"50","scroll_y":"-80"},"elements":[{"id":"8ad94b6","elType":"widget","settings":{"subtitle":"","title":"I will be glad to work with you!","after_title":"<div class=\"vc_row wpb_row vc_row-fluid vc_custom_1615561792818\"><div class=\"wpb_column vc_column_container vc_col-sm-12\"><div class=\"vc_column-inner vc_custom_1615561458001\"><div class=\"wpb_wrapper\"><div id=\"wd-6050a7e2d087b\" class=\"title-wrapper woodmart-title-color-primary woodmart-title-style-default woodmart-title-width-40 text-center woodmart-title-size-large \"><div class=\"title-after_title\">A wonderful serenity has taken possession of my entire soul, like these sweet mornings of spring which I enjoy with my whole heart.<\/div><\/div><\/div><\/div><\/div><\/div>","color":"white","size":"large","width":{"unit":"%","size":"50","sizes":[]},"width_tablet":{"unit":"%","size":"61","sizes":[]},"width_mobile":{"unit":"%","size":"100","sizes":[]},"subtitle_color":"#83B735","subtitle_typography_typography":"custom","subtitle_typography_font_weight":"600","_margin":{"unit":"px","top":"0","right":"0","bottom":"20","left":"0","isLinked":""},"scroll_y":"-80"},"elements":[],"widgetType":"wd_title"},{"id":"53c2216","elType":"widget","settings":{"text":"Ready to Hire ","color":"primary","icon":{"value":"fas fa-envelope","library":"fa-solid"},"icon_position":"left","scroll_y":"-80"},"elements":[],"widgetType":"wd_button"}],"isInner":""}],"isInner":""}]]]></wp:meta_value>
		</wp:postmeta>
							<wp:postmeta>
			<wp:meta_key>_woodmart_title_off</wp:meta_key>
			<wp:meta_value><![CDATA[on]]></wp:meta_value>
		</wp:postmeta>
							<wp:postmeta>
			<wp:meta_key>_elementor_controls_usage</wp:meta_key>
			<wp:meta_value><![CDATA[a:9:{s:5:"image";a:3:{s:5:"count";i:5;s:15:"control_percent";i:1;s:8:"controls";a:3:{s:7:"content";a:1:{s:13:"section_image";a:5:{s:5:"image";i:5;s:10:"image_size";i:5;s:22:"image_custom_dimension";i:2;s:5:"align";i:2;s:12:"align_mobile";i:1;}}s:5:"style";a:1:{s:19:"section_style_image";a:1:{s:19:"image_border_radius";i:1;}}s:8:"advanced";a:3:{s:14:"_section_style";a:3:{s:7:"_margin";i:1;s:14:"_margin_tablet";i:1;s:14:"_margin_mobile";i:1;}s:8:"wd_extra";a:1:{s:8:"scroll_y";i:5;}s:17:"_section_position";a:1:{s:14:"_element_width";i:1;}}}}s:6:"column";a:3:{s:5:"count";i:14;s:15:"control_percent";i:1;s:8:"controls";a:3:{s:8:"advanced";a:2:{s:8:"wd_extra";a:2:{s:20:"column_sticky_offset";i:14;s:8:"scroll_y";i:14;}s:19:"_section_responsive";a:2:{s:11:"hide_tablet";i:1;s:11:"hide_mobile";i:1;}}s:6:"layout";a:1:{s:6:"layout";a:3:{s:19:"_inline_size_mobile";i:5;s:19:"_inline_size_tablet";i:5;s:16:"content_position";i:1;}}s:5:"style";a:1:{s:13:"section_style";a:4:{s:21:"background_background";i:2;s:16:"background_image";i:1;s:19:"background_position";i:1;s:17:"background_repeat";i:1;}}}}s:8:"wd_title";a:3:{s:5:"count";i:5;s:15:"control_percent";i:4;s:8:"controls";a:3:{s:7:"content";a:1:{s:23:"general_content_section";a:3:{s:8:"subtitle";i:5;s:5:"title";i:5;s:11:"after_title";i:5;}}s:5:"style";a:3:{s:21:"general_style_section";a:6:{s:5:"color";i:3;s:4:"size";i:5;s:5:"align";i:3;s:5:"width";i:4;s:12:"width_tablet";i:4;s:12:"width_mobile";i:4;}s:22:"subtitle_style_section";a:3:{s:14:"subtitle_color";i:4;s:30:"subtitle_typography_typography";i:4;s:31:"subtitle_typography_font_weight";i:4;}s:19:"title_style_section";a:3:{s:27:"title_typography_typography";i:1;s:26:"title_typography_font_size";i:1;s:33:"title_typography_font_size_mobile";i:1;}}s:8:"advanced";a:2:{s:14:"_section_style";a:1:{s:7:"_margin";i:3;}s:8:"wd_extra";a:1:{s:8:"scroll_y";i:5;}}}}s:9:"wd_button";a:3:{s:5:"count";i:2;s:15:"control_percent";i:2;s:8:"controls";a:3:{s:7:"content";a:1:{s:23:"general_content_section";a:1:{s:4:"text";i:2;}}s:5:"style";a:2:{s:21:"general_style_section";a:2:{s:5:"align";i:1;s:5:"color";i:1;}s:18:"icon_style_section";a:2:{s:4:"icon";i:1;s:13:"icon_position";i:1;}}s:8:"advanced";a:3:{s:14:"_section_style";a:1:{s:7:"_margin";i:1;}s:8:"wd_extra";a:1:{s:8:"scroll_y";i:2;}s:17:"_section_position";a:1:{s:14:"_element_width";i:1;}}}}s:17:"wd_social_buttons";a:3:{s:5:"count";i:1;s:15:"control_percent";i:4;s:8:"controls";a:3:{s:7:"content";a:1:{s:23:"general_content_section";a:1:{s:4:"type";i:1;}}s:5:"style";a:1:{s:21:"general_style_section";a:2:{s:5:"align";i:1;s:5:"style";i:1;}}s:8:"advanced";a:3:{s:8:"wd_extra";a:1:{s:8:"scroll_y";i:1;}s:17:"_section_position";a:1:{s:14:"_element_width";i:1;}s:19:"_section_responsive";a:2:{s:11:"hide_tablet";i:1;s:11:"hide_mobile";i:1;}}}}s:7:"section";a:3:{s:5:"count";i:8;s:15:"control_percent";i:3;s:8:"controls";a:3:{s:6:"layout";a:3:{s:14:"section_layout";a:2:{s:6:"height";i:1;s:16:"content_position";i:1;}s:15:"wd_extra_layout";a:1:{s:18:"wd_section_stretch";i:1;}s:17:"section_structure";a:1:{s:9:"structure";i:4;}}s:5:"style";a:1:{s:18:"section_background";a:8:{s:21:"background_background";i:3;s:16:"background_image";i:2;s:19:"background_position";i:2;s:17:"background_repeat";i:3;s:15:"background_size";i:2;s:16:"background_color";i:1;s:15:"background_xpos";i:1;s:15:"background_ypos";i:1;}}s:8:"advanced";a:1:{s:16:"section_advanced";a:6:{s:6:"margin";i:7;s:13:"margin_tablet";i:5;s:13:"margin_mobile";i:5;s:7:"padding";i:3;s:14:"padding_tablet";i:2;s:14:"padding_mobile";i:3;}}}}s:10:"wd_infobox";a:3:{s:5:"count";i:4;s:15:"control_percent";i:4;s:8:"controls";a:3:{s:7:"content";a:2:{s:20:"icon_content_section";a:1:{s:9:"icon_text";i:4;}s:15:"content_section";a:5:{s:8:"subtitle";i:4;s:5:"title";i:4;s:7:"content";i:4;s:8:"btn_text";i:4;s:4:"link";i:4;}}s:5:"style";a:2:{s:21:"general_style_section";a:1:{s:9:"alignment";i:4;}s:21:"content_style_section";a:2:{s:29:"content_typography_typography";i:4;s:28:"content_typography_font_size";i:4;}}s:8:"advanced";a:3:{s:14:"_section_style";a:1:{s:8:"_padding";i:4;}s:8:"wd_extra";a:1:{s:8:"scroll_y";i:4;}s:15:"_section_border";a:3:{s:14:"_border_border";i:4;s:13:"_border_width";i:4;s:13:"_border_color";i:4;}}}}s:11:"text-editor";a:3:{s:5:"count";i:1;s:15:"control_percent";i:3;s:8:"controls";a:3:{s:7:"content";a:1:{s:14:"section_editor";a:1:{s:6:"editor";i:1;}}s:5:"style";a:1:{s:13:"section_style";a:3:{s:15:"wd_color_scheme";i:1;s:21:"typography_typography";i:1;s:20:"typography_font_size";i:1;}}s:8:"advanced";a:3:{s:14:"_section_style";a:1:{s:7:"_margin";i:1;}s:8:"wd_extra";a:1:{s:8:"scroll_y";i:1;}s:17:"_section_position";a:1:{s:14:"_element_width";i:1;}}}}s:15:"wd_testimonials";a:3:{s:5:"count";i:1;s:15:"control_percent";i:1;s:8:"controls";a:3:{s:7:"content";a:1:{s:23:"general_content_section";a:1:{s:14:"items_repeater";i:1;}}s:5:"style";a:1:{s:22:"carousel_style_section";a:1:{s:23:"hide_pagination_control";i:1;}}s:8:"advanced";a:1:{s:8:"wd_extra";a:1:{s:8:"scroll_y";i:1;}}}}}]]></wp:meta_value>
		</wp:postmeta>
							<wp:postmeta>
			<wp:meta_key>_woodmart_mobile_content</wp:meta_key>
			<wp:meta_value><![CDATA[]]></wp:meta_value>
		</wp:postmeta>
							<wp:postmeta>
			<wp:meta_key>wd_page_css_files</wp:meta_key>
			<wp:meta_value><![CDATA[a:14:{i:0;s:12:"wp-gutenberg";i:1;s:5:"wpcf7";i:2;s:5:"mc4wp";i:3;s:17:"revolution-slider";i:4;s:14:"elementor-base";i:5;s:13:"wpbakery-base";i:6;s:13:"notices-fixed";i:7;s:16:"woocommerce-base";i:8;s:12:"social-icons";i:9;s:13:"section-title";i:10;s:8:"info-box";i:11;s:12:"owl-carousel";i:12;s:11:"testimonial";i:13;s:10:"scroll-top";}]]></wp:meta_value>
		</wp:postmeta>
						</item>
					<item>
		<title>
				w-about-me-top-opt		</title>
		<link>http://dummy.xtemos.com/woodmart-elementor/demos/about-me-2/w-about-me-top-opt/</link>
		<pubDate>Wed, 17 Mar 2021 12:20:39 +0000</pubDate>
		<dc:creator><![CDATA[zakhar]]></dc:creator>
		<guid isPermaLink="false">http://dummy.xtemos.com/woodmart-elementor/demos/wp-content/uploads/sites/2/2021/03/w-about-me-top-opt.jpg</guid>
		<description></description>
		<content:encoded><![CDATA[]]></content:encoded>
		<excerpt:encoded><![CDATA[]]></excerpt:encoded>
		<wp:post_id>9822</wp:post_id>
		<wp:post_date>2021-03-17 12:20:39</wp:post_date>
		<wp:post_date_gmt>2021-03-17 12:20:39</wp:post_date_gmt>
		<wp:comment_status>open</wp:comment_status>
		<wp:ping_status>closed</wp:ping_status>
		<wp:post_name>w-about-me-top-opt</wp:post_name>
		<wp:status>inherit</wp:status>
		<wp:post_parent>9814</wp:post_parent>
		<wp:menu_order>0</wp:menu_order>
		<wp:post_type>attachment</wp:post_type>
		<wp:post_password></wp:post_password>
		<wp:is_sticky>0</wp:is_sticky>
						<wp:attachment_url>http://dummy.xtemos.com/woodmart-elementor/demos/wp-content/uploads/sites/2/2021/03/w-about-me-top-opt.jpg</wp:attachment_url>
												<wp:postmeta>
			<wp:meta_key>_wp_attached_file</wp:meta_key>
			<wp:meta_value><![CDATA[2021/03/w-about-me-top-opt.jpg]]></wp:meta_value>
		</wp:postmeta>
						</item>
					<item>
		<title>
				w-about-me-ava-opt		</title>
		<link>http://dummy.xtemos.com/woodmart-elementor/demos/about-me-2/w-about-me-ava-opt/</link>
		<pubDate>Wed, 17 Mar 2021 12:23:26 +0000</pubDate>
		<dc:creator><![CDATA[zakhar]]></dc:creator>
		<guid isPermaLink="false">http://dummy.xtemos.com/woodmart-elementor/demos/wp-content/uploads/sites/2/2021/03/w-about-me-ava-opt.jpg</guid>
		<description></description>
		<content:encoded><![CDATA[]]></content:encoded>
		<excerpt:encoded><![CDATA[]]></excerpt:encoded>
		<wp:post_id>9825</wp:post_id>
		<wp:post_date>2021-03-17 12:23:26</wp:post_date>
		<wp:post_date_gmt>2021-03-17 12:23:26</wp:post_date_gmt>
		<wp:comment_status>open</wp:comment_status>
		<wp:ping_status>closed</wp:ping_status>
		<wp:post_name>w-about-me-ava-opt</wp:post_name>
		<wp:status>inherit</wp:status>
		<wp:post_parent>9814</wp:post_parent>
		<wp:menu_order>0</wp:menu_order>
		<wp:post_type>attachment</wp:post_type>
		<wp:post_password></wp:post_password>
		<wp:is_sticky>0</wp:is_sticky>
						<wp:attachment_url>http://dummy.xtemos.com/woodmart-elementor/demos/wp-content/uploads/sites/2/2021/03/w-about-me-ava-opt.jpg</wp:attachment_url>
												<wp:postmeta>
			<wp:meta_key>_wp_attached_file</wp:meta_key>
			<wp:meta_value><![CDATA[2021/03/w-about-me-ava-opt.jpg]]></wp:meta_value>
		</wp:postmeta>
						</item>
					<item>
		<title>
				w-about-me-img-1-opt		</title>
		<link>http://dummy.xtemos.com/woodmart-elementor/demos/about-me-2/w-about-me-img-1-opt/</link>
		<pubDate>Wed, 17 Mar 2021 12:48:21 +0000</pubDate>
		<dc:creator><![CDATA[zakhar]]></dc:creator>
		<guid isPermaLink="false">http://dummy.xtemos.com/woodmart-elementor/demos/wp-content/uploads/sites/2/2021/03/w-about-me-img-1-opt.jpg</guid>
		<description></description>
		<content:encoded><![CDATA[]]></content:encoded>
		<excerpt:encoded><![CDATA[]]></excerpt:encoded>
		<wp:post_id>9849</wp:post_id>
		<wp:post_date>2021-03-17 12:48:21</wp:post_date>
		<wp:post_date_gmt>2021-03-17 12:48:21</wp:post_date_gmt>
		<wp:comment_status>open</wp:comment_status>
		<wp:ping_status>closed</wp:ping_status>
		<wp:post_name>w-about-me-img-1-opt</wp:post_name>
		<wp:status>inherit</wp:status>
		<wp:post_parent>9814</wp:post_parent>
		<wp:menu_order>0</wp:menu_order>
		<wp:post_type>attachment</wp:post_type>
		<wp:post_password></wp:post_password>
		<wp:is_sticky>0</wp:is_sticky>
						<wp:attachment_url>http://dummy.xtemos.com/woodmart-elementor/demos/wp-content/uploads/sites/2/2021/03/w-about-me-img-1-opt.jpg</wp:attachment_url>
												<wp:postmeta>
			<wp:meta_key>_wp_attached_file</wp:meta_key>
			<wp:meta_value><![CDATA[2021/03/w-about-me-img-1-opt.jpg]]></wp:meta_value>
		</wp:postmeta>
						</item>
					<item>
		<title>
				w-autog		</title>
		<link>http://dummy.xtemos.com/woodmart-elementor/demos/about-me-2/w-autog/</link>
		<pubDate>Wed, 17 Mar 2021 12:54:01 +0000</pubDate>
		<dc:creator><![CDATA[zakhar]]></dc:creator>
		<guid isPermaLink="false">http://dummy.xtemos.com/woodmart-elementor/demos/wp-content/uploads/sites/2/2021/03/w-autog.svg</guid>
		<description></description>
		<content:encoded><![CDATA[]]></content:encoded>
		<excerpt:encoded><![CDATA[]]></excerpt:encoded>
		<wp:post_id>9856</wp:post_id>
		<wp:post_date>2021-03-17 12:54:01</wp:post_date>
		<wp:post_date_gmt>2021-03-17 12:54:01</wp:post_date_gmt>
		<wp:comment_status>open</wp:comment_status>
		<wp:ping_status>closed</wp:ping_status>
		<wp:post_name>w-autog</wp:post_name>
		<wp:status>inherit</wp:status>
		<wp:post_parent>9814</wp:post_parent>
		<wp:menu_order>0</wp:menu_order>
		<wp:post_type>attachment</wp:post_type>
		<wp:post_password></wp:post_password>
		<wp:is_sticky>0</wp:is_sticky>
						<wp:attachment_url>http://dummy.xtemos.com/woodmart-elementor/demos/wp-content/uploads/sites/2/2021/03/w-autog.svg</wp:attachment_url>
												<wp:postmeta>
			<wp:meta_key>_wp_attached_file</wp:meta_key>
			<wp:meta_value><![CDATA[2021/03/w-autog.svg]]></wp:meta_value>
		</wp:postmeta>
						</item>
					<item>
		<title>
				w-fonts-quotes		</title>
		<link>http://dummy.xtemos.com/woodmart-elementor/demos/about-me-2/w-fonts-quotes/</link>
		<pubDate>Wed, 17 Mar 2021 12:54:06 +0000</pubDate>
		<dc:creator><![CDATA[zakhar]]></dc:creator>
		<guid isPermaLink="false">http://dummy.xtemos.com/woodmart-elementor/demos/wp-content/uploads/sites/2/2021/03/w-fonts-quotes.svg</guid>
		<description></description>
		<content:encoded><![CDATA[]]></content:encoded>
		<excerpt:encoded><![CDATA[]]></excerpt:encoded>
		<wp:post_id>9860</wp:post_id>
		<wp:post_date>2021-03-17 12:54:06</wp:post_date>
		<wp:post_date_gmt>2021-03-17 12:54:06</wp:post_date_gmt>
		<wp:comment_status>open</wp:comment_status>
		<wp:ping_status>closed</wp:ping_status>
		<wp:post_name>w-fonts-quotes</wp:post_name>
		<wp:status>inherit</wp:status>
		<wp:post_parent>9814</wp:post_parent>
		<wp:menu_order>0</wp:menu_order>
		<wp:post_type>attachment</wp:post_type>
		<wp:post_password></wp:post_password>
		<wp:is_sticky>0</wp:is_sticky>
						<wp:attachment_url>http://dummy.xtemos.com/woodmart-elementor/demos/wp-content/uploads/sites/2/2021/03/w-fonts-quotes.svg</wp:attachment_url>
												<wp:postmeta>
			<wp:meta_key>_wp_attached_file</wp:meta_key>
			<wp:meta_value><![CDATA[2021/03/w-fonts-quotes.svg]]></wp:meta_value>
		</wp:postmeta>
						</item>
					<item>
		<title>
				w-about-me-img-2		</title>
		<link>http://dummy.xtemos.com/woodmart-elementor/demos/about-me-2/w-about-me-img-2/</link>
		<pubDate>Wed, 17 Mar 2021 13:01:42 +0000</pubDate>
		<dc:creator><![CDATA[zakhar]]></dc:creator>
		<guid isPermaLink="false">http://dummy.xtemos.com/woodmart-elementor/demos/wp-content/uploads/sites/2/2021/03/w-about-me-img-2.jpg</guid>
		<description></description>
		<content:encoded><![CDATA[]]></content:encoded>
		<excerpt:encoded><![CDATA[]]></excerpt:encoded>
		<wp:post_id>9870</wp:post_id>
		<wp:post_date>2021-03-17 13:01:42</wp:post_date>
		<wp:post_date_gmt>2021-03-17 13:01:42</wp:post_date_gmt>
		<wp:comment_status>open</wp:comment_status>
		<wp:ping_status>closed</wp:ping_status>
		<wp:post_name>w-about-me-img-2</wp:post_name>
		<wp:status>inherit</wp:status>
		<wp:post_parent>9814</wp:post_parent>
		<wp:menu_order>0</wp:menu_order>
		<wp:post_type>attachment</wp:post_type>
		<wp:post_password></wp:post_password>
		<wp:is_sticky>0</wp:is_sticky>
						<wp:attachment_url>http://dummy.xtemos.com/woodmart-elementor/demos/wp-content/uploads/sites/2/2021/03/w-about-me-img-2.jpg</wp:attachment_url>
												<wp:postmeta>
			<wp:meta_key>_wp_attached_file</wp:meta_key>
			<wp:meta_value><![CDATA[2021/03/w-about-me-img-2.jpg]]></wp:meta_value>
		</wp:postmeta>
						</item>
					<item>
		<title>
				w-about-me-img-3		</title>
		<link>http://dummy.xtemos.com/woodmart-elementor/demos/about-me-2/w-about-me-img-3/</link>
		<pubDate>Wed, 17 Mar 2021 13:01:56 +0000</pubDate>
		<dc:creator><![CDATA[zakhar]]></dc:creator>
		<guid isPermaLink="false">http://dummy.xtemos.com/woodmart-elementor/demos/wp-content/uploads/sites/2/2021/03/w-about-me-img-3.jpg</guid>
		<description></description>
		<content:encoded><![CDATA[]]></content:encoded>
		<excerpt:encoded><![CDATA[]]></excerpt:encoded>
		<wp:post_id>9871</wp:post_id>
		<wp:post_date>2021-03-17 13:01:56</wp:post_date>
		<wp:post_date_gmt>2021-03-17 13:01:56</wp:post_date_gmt>
		<wp:comment_status>open</wp:comment_status>
		<wp:ping_status>closed</wp:ping_status>
		<wp:post_name>w-about-me-img-3</wp:post_name>
		<wp:status>inherit</wp:status>
		<wp:post_parent>9814</wp:post_parent>
		<wp:menu_order>0</wp:menu_order>
		<wp:post_type>attachment</wp:post_type>
		<wp:post_password></wp:post_password>
		<wp:is_sticky>0</wp:is_sticky>
						<wp:attachment_url>http://dummy.xtemos.com/woodmart-elementor/demos/wp-content/uploads/sites/2/2021/03/w-about-me-img-3.jpg</wp:attachment_url>
												<wp:postmeta>
			<wp:meta_key>_wp_attached_file</wp:meta_key>
			<wp:meta_value><![CDATA[2021/03/w-about-me-img-3.jpg]]></wp:meta_value>
		</wp:postmeta>
						</item>
					<item>
		<title>
				w-about-me-t-1-opt		</title>
		<link>http://dummy.xtemos.com/woodmart-elementor/demos/about-me-2/w-about-me-t-1-opt/</link>
		<pubDate>Wed, 17 Mar 2021 13:09:53 +0000</pubDate>
		<dc:creator><![CDATA[zakhar]]></dc:creator>
		<guid isPermaLink="false">http://dummy.xtemos.com/woodmart-elementor/demos/wp-content/uploads/sites/2/2021/03/w-about-me-t-1-opt.jpg</guid>
		<description></description>
		<content:encoded><![CDATA[]]></content:encoded>
		<excerpt:encoded><![CDATA[]]></excerpt:encoded>
		<wp:post_id>9878</wp:post_id>
		<wp:post_date>2021-03-17 13:09:53</wp:post_date>
		<wp:post_date_gmt>2021-03-17 13:09:53</wp:post_date_gmt>
		<wp:comment_status>open</wp:comment_status>
		<wp:ping_status>closed</wp:ping_status>
		<wp:post_name>w-about-me-t-1-opt</wp:post_name>
		<wp:status>inherit</wp:status>
		<wp:post_parent>9814</wp:post_parent>
		<wp:menu_order>0</wp:menu_order>
		<wp:post_type>attachment</wp:post_type>
		<wp:post_password></wp:post_password>
		<wp:is_sticky>0</wp:is_sticky>
						<wp:attachment_url>http://dummy.xtemos.com/woodmart-elementor/demos/wp-content/uploads/sites/2/2021/03/w-about-me-t-1-opt.jpg</wp:attachment_url>
												<wp:postmeta>
			<wp:meta_key>_wp_attached_file</wp:meta_key>
			<wp:meta_value><![CDATA[2021/03/w-about-me-t-1-opt.jpg]]></wp:meta_value>
		</wp:postmeta>
						</item>
					<item>
		<title>
				w-about-me-t-2-opt		</title>
		<link>http://dummy.xtemos.com/woodmart-elementor/demos/about-me-2/w-about-me-t-2-opt/</link>
		<pubDate>Wed, 17 Mar 2021 13:09:54 +0000</pubDate>
		<dc:creator><![CDATA[zakhar]]></dc:creator>
		<guid isPermaLink="false">http://dummy.xtemos.com/woodmart-elementor/demos/wp-content/uploads/sites/2/2021/03/w-about-me-t-2-opt.jpg</guid>
		<description></description>
		<content:encoded><![CDATA[]]></content:encoded>
		<excerpt:encoded><![CDATA[]]></excerpt:encoded>
		<wp:post_id>9879</wp:post_id>
		<wp:post_date>2021-03-17 13:09:54</wp:post_date>
		<wp:post_date_gmt>2021-03-17 13:09:54</wp:post_date_gmt>
		<wp:comment_status>open</wp:comment_status>
		<wp:ping_status>closed</wp:ping_status>
		<wp:post_name>w-about-me-t-2-opt</wp:post_name>
		<wp:status>inherit</wp:status>
		<wp:post_parent>9814</wp:post_parent>
		<wp:menu_order>0</wp:menu_order>
		<wp:post_type>attachment</wp:post_type>
		<wp:post_password></wp:post_password>
		<wp:is_sticky>0</wp:is_sticky>
						<wp:attachment_url>http://dummy.xtemos.com/woodmart-elementor/demos/wp-content/uploads/sites/2/2021/03/w-about-me-t-2-opt.jpg</wp:attachment_url>
												<wp:postmeta>
			<wp:meta_key>_wp_attached_file</wp:meta_key>
			<wp:meta_value><![CDATA[2021/03/w-about-me-t-2-opt.jpg]]></wp:meta_value>
		</wp:postmeta>
						</item>
					<item>
		<title>
				w-about-me-t-3-opt		</title>
		<link>http://dummy.xtemos.com/woodmart-elementor/demos/about-me-2/w-about-me-t-3-opt/</link>
		<pubDate>Wed, 17 Mar 2021 13:09:55 +0000</pubDate>
		<dc:creator><![CDATA[zakhar]]></dc:creator>
		<guid isPermaLink="false">http://dummy.xtemos.com/woodmart-elementor/demos/wp-content/uploads/sites/2/2021/03/w-about-me-t-3-opt.jpg</guid>
		<description></description>
		<content:encoded><![CDATA[]]></content:encoded>
		<excerpt:encoded><![CDATA[]]></excerpt:encoded>
		<wp:post_id>9880</wp:post_id>
		<wp:post_date>2021-03-17 13:09:55</wp:post_date>
		<wp:post_date_gmt>2021-03-17 13:09:55</wp:post_date_gmt>
		<wp:comment_status>open</wp:comment_status>
		<wp:ping_status>closed</wp:ping_status>
		<wp:post_name>w-about-me-t-3-opt</wp:post_name>
		<wp:status>inherit</wp:status>
		<wp:post_parent>9814</wp:post_parent>
		<wp:menu_order>0</wp:menu_order>
		<wp:post_type>attachment</wp:post_type>
		<wp:post_password></wp:post_password>
		<wp:is_sticky>0</wp:is_sticky>
						<wp:attachment_url>http://dummy.xtemos.com/woodmart-elementor/demos/wp-content/uploads/sites/2/2021/03/w-about-me-t-3-opt.jpg</wp:attachment_url>
												<wp:postmeta>
			<wp:meta_key>_wp_attached_file</wp:meta_key>
			<wp:meta_value><![CDATA[2021/03/w-about-me-t-3-opt.jpg]]></wp:meta_value>
		</wp:postmeta>
						</item>
					<item>
		<title>
				w-about-me-t-2-opt		</title>
		<link>http://dummy.xtemos.com/woodmart-elementor/demos/about-me-2/w-about-me-t-2-opt-2/</link>
		<pubDate>Wed, 17 Mar 2021 13:11:50 +0000</pubDate>
		<dc:creator><![CDATA[zakhar]]></dc:creator>
		<guid isPermaLink="false">http://dummy.xtemos.com/woodmart-elementor/demos/wp-content/uploads/sites/2/2021/03/w-about-me-t-2-opt-1.jpg</guid>
		<description></description>
		<content:encoded><![CDATA[]]></content:encoded>
		<excerpt:encoded><![CDATA[]]></excerpt:encoded>
		<wp:post_id>9882</wp:post_id>
		<wp:post_date>2021-03-17 13:11:50</wp:post_date>
		<wp:post_date_gmt>2021-03-17 13:11:50</wp:post_date_gmt>
		<wp:comment_status>open</wp:comment_status>
		<wp:ping_status>closed</wp:ping_status>
		<wp:post_name>w-about-me-t-2-opt-2</wp:post_name>
		<wp:status>inherit</wp:status>
		<wp:post_parent>9814</wp:post_parent>
		<wp:menu_order>0</wp:menu_order>
		<wp:post_type>attachment</wp:post_type>
		<wp:post_password></wp:post_password>
		<wp:is_sticky>0</wp:is_sticky>
						<wp:attachment_url>http://dummy.xtemos.com/woodmart-elementor/demos/wp-content/uploads/sites/2/2021/03/w-about-me-t-2-opt-1.jpg</wp:attachment_url>
												<wp:postmeta>
			<wp:meta_key>_wp_attached_file</wp:meta_key>
			<wp:meta_value><![CDATA[2021/03/w-about-me-t-2-opt-1.jpg]]></wp:meta_value>
		</wp:postmeta>
						</item>
					<item>
		<title>
				w-about-me-hire-bg-opt		</title>
		<link>http://dummy.xtemos.com/woodmart-elementor/demos/about-me-2/w-about-me-hire-bg-opt/</link>
		<pubDate>Wed, 17 Mar 2021 13:14:38 +0000</pubDate>
		<dc:creator><![CDATA[zakhar]]></dc:creator>
		<guid isPermaLink="false">http://dummy.xtemos.com/woodmart-elementor/demos/wp-content/uploads/sites/2/2021/03/w-about-me-hire-bg-opt.jpg</guid>
		<description></description>
		<content:encoded><![CDATA[]]></content:encoded>
		<excerpt:encoded><![CDATA[]]></excerpt:encoded>
		<wp:post_id>9886</wp:post_id>
		<wp:post_date>2021-03-17 13:14:38</wp:post_date>
		<wp:post_date_gmt>2021-03-17 13:14:38</wp:post_date_gmt>
		<wp:comment_status>open</wp:comment_status>
		<wp:ping_status>closed</wp:ping_status>
		<wp:post_name>w-about-me-hire-bg-opt</wp:post_name>
		<wp:status>inherit</wp:status>
		<wp:post_parent>9814</wp:post_parent>
		<wp:menu_order>0</wp:menu_order>
		<wp:post_type>attachment</wp:post_type>
		<wp:post_password></wp:post_password>
		<wp:is_sticky>0</wp:is_sticky>
						<wp:attachment_url>http://dummy.xtemos.com/woodmart-elementor/demos/wp-content/uploads/sites/2/2021/03/w-about-me-hire-bg-opt.jpg</wp:attachment_url>
												<wp:postmeta>
			<wp:meta_key>_wp_attached_file</wp:meta_key>
			<wp:meta_value><![CDATA[2021/03/w-about-me-hire-bg-opt.jpg]]></wp:meta_value>
		</wp:postmeta>
						</item>
					<item>
		<title>
				w-about-me-img-3-elementor-opt		</title>
		<link>http://dummy.xtemos.com/woodmart-elementor/demos/about-me-2/w-about-me-img-3-elementor-opt/</link>
		<pubDate>Wed, 17 Mar 2021 13:23:30 +0000</pubDate>
		<dc:creator><![CDATA[zakhar]]></dc:creator>
		<guid isPermaLink="false">http://dummy.xtemos.com/woodmart-elementor/demos/wp-content/uploads/sites/2/2021/03/w-about-me-img-3-elementor-opt.jpg</guid>
		<description></description>
		<content:encoded><![CDATA[]]></content:encoded>
		<excerpt:encoded><![CDATA[]]></excerpt:encoded>
		<wp:post_id>9893</wp:post_id>
		<wp:post_date>2021-03-17 13:23:30</wp:post_date>
		<wp:post_date_gmt>2021-03-17 13:23:30</wp:post_date_gmt>
		<wp:comment_status>open</wp:comment_status>
		<wp:ping_status>closed</wp:ping_status>
		<wp:post_name>w-about-me-img-3-elementor-opt</wp:post_name>
		<wp:status>inherit</wp:status>
		<wp:post_parent>9814</wp:post_parent>
		<wp:menu_order>0</wp:menu_order>
		<wp:post_type>attachment</wp:post_type>
		<wp:post_password></wp:post_password>
		<wp:is_sticky>0</wp:is_sticky>
						<wp:attachment_url>http://dummy.xtemos.com/woodmart-elementor/demos/wp-content/uploads/sites/2/2021/03/w-about-me-img-3-elementor-opt.jpg</wp:attachment_url>
												<wp:postmeta>
			<wp:meta_key>_wp_attached_file</wp:meta_key>
			<wp:meta_value><![CDATA[2021/03/w-about-me-img-3-elementor-opt.jpg]]></wp:meta_value>
		</wp:postmeta>
						</item>
				</channel>
</rss>
	