<?xml version="1.0" encoding="UTF-8" ?>
<!-- This is a WordPress eXtended RSS file generated by WordPress as an export of your site. -->
<!-- It contains information about your site's posts, pages, comments, categories, and other content. -->
<!-- You may use this file to transfer that content from one site to another. -->
<!-- This file is not intended to serve as a complete backup of your site. -->

<!-- To import this information into a WordPress site follow these steps: -->
<!-- 1. Log in to that site as an administrator. -->
<!-- 2. Go to Tools: Import in the WordPress admin panel. -->
<!-- 3. Install the "WordPress" importer from the list. -->
<!-- 4. Activate & Run Importer. -->
<!-- 5. Upload this file using the form provided on that page. -->
<!-- 6. You will first be asked to map the authors in this export file to users -->
<!--    on the site. For each author, you may choose to map to an -->
<!--    existing user on the site or to create a new user. -->
<!-- 7. WordPress will then import each of the posts, pages, comments, categories, etc. -->
<!--    contained in this file into your site. -->

	<!-- generator="WordPress/5.4.2" created="2020-07-15 11:53" -->
<rss version="2.0"
	xmlns:excerpt="http://wordpress.org/export/1.2/excerpt/"
	xmlns:content="http://purl.org/rss/1.0/modules/content/"
	xmlns:wfw="http://wellformedweb.org/CommentAPI/"
	xmlns:dc="http://purl.org/dc/elements/1.1/"
	xmlns:wp="http://wordpress.org/export/1.2/"
>

<channel>
	<title>Woodmart dummy demos</title>
	<link>http://dummy.xtemos.com/woodmart-elementor/demos</link>
	<description>Just another Woodmart Dummy Content Sites site</description>
	<pubDate>Wed, 15 Jul 2020 11:53:25 +0000</pubDate>
	<language>en-US</language>
	<wp:wxr_version>1.2</wp:wxr_version>
	<wp:base_site_url>http://dummy.xtemos.com/woodmart-elementor/</wp:base_site_url>
	<wp:base_blog_url>http://dummy.xtemos.com/woodmart-elementor/demos</wp:base_blog_url>

		<wp:author><wp:author_id>2</wp:author_id><wp:author_login>erwin</wp:author_login><wp:author_email>ss@asas.as</wp:author_email><wp:author_display_name><![CDATA[erwin]]></wp:author_display_name><wp:author_first_name><![CDATA[]]></wp:author_first_name><wp:author_last_name><![CDATA[]]></wp:author_last_name></wp:author>

				
	<generator>https://wordpress.org/?v=5.4.2</generator>

		<item>
		<title>
				wood-main-bg		</title>
		<link>http://dummy.xtemos.com/woodmart-elementor/demos/?attachment_id=44</link>
		<pubDate>Wed, 14 Jun 2017 08:07:10 +0000</pubDate>
		<dc:creator><![CDATA[admin]]></dc:creator>
		<guid isPermaLink="false">http://dummy.xtemos.com/woodmart-elementor/demos/wp-content/uploads/sites/2/2017/06/wood-main-bg.jpg</guid>
		<description></description>
		<content:encoded><![CDATA[]]></content:encoded>
		<excerpt:encoded><![CDATA[]]></excerpt:encoded>
		<wp:post_id>44</wp:post_id>
		<wp:post_date>2017-06-14 08:07:10</wp:post_date>
		<wp:post_date_gmt>2017-06-14 08:07:10</wp:post_date_gmt>
		<wp:comment_status>open</wp:comment_status>
		<wp:ping_status>closed</wp:ping_status>
		<wp:post_name>wood-main-bg</wp:post_name>
		<wp:status>inherit</wp:status>
		<wp:post_parent>42</wp:post_parent>
		<wp:menu_order>0</wp:menu_order>
		<wp:post_type>attachment</wp:post_type>
		<wp:post_password></wp:post_password>
		<wp:is_sticky>0</wp:is_sticky>
						<wp:attachment_url>http://dummy.xtemos.com/woodmart-elementor/demos/wp-content/uploads/sites/2/2017/06/wood-main-bg.jpg</wp:attachment_url>
												<wp:postmeta>
			<wp:meta_key>_wp_attached_file</wp:meta_key>
			<wp:meta_value><![CDATA[2017/06/wood-main-bg.jpg]]></wp:meta_value>
		</wp:postmeta>
						</item>
					<item>
		<title>
				Home electronics		</title>
		<link>http://dummy.xtemos.com/woodmart-elementor/demos/home-electronics/</link>
		<pubDate>Fri, 23 Jun 2017 07:54:20 +0000</pubDate>
		<dc:creator><![CDATA[erwin]]></dc:creator>
		<guid isPermaLink="false">http://dummy.xtemos.com/woodmart-elementor/demos/?page_id=492</guid>
		<description></description>
		<content:encoded><![CDATA[<article id="post-368">
		<header>
							<figure>
						<a href="http://dummy.xtemos.com/woodmart-elementor/demos/2017/06/22/minimalist-japanese-inspired-furniture/">
							<img width="1024" height="625" src="http://dummy.xtemos.com/woodmart-elementor/demos/wp-content/uploads/sites/2/2017/06/wood-blog-placeholder.jpg" alt="" />						</a>
				</figure>
					22				
					Jun				
				</header><!-- .entry-header -->
							<a href="http://dummy.xtemos.com/woodmart-elementor/demos/category/furniture/" rel="category tag">Furniture</a>
							<h3>
					<a href="http://dummy.xtemos.com/woodmart-elementor/demos/2017/06/22/minimalist-japanese-inspired-furniture/" rel="bookmark">Minimalist Japanese-inspired furniture</a>
				</h3>
								<ul>
										<li>June 22, 2017</li>
																<li>
															Posted by																						<img alt='author-avatar' src='http://2.gravatar.com/avatar/e2861dedf067ea2500566d0269cf9e64?s=32&#038;d=mm&#038;r=g' class='avatar avatar-32 photo' height='32' width='32' />														<a href="http://dummy.xtemos.com/woodmart-elementor/demos/author/admin/" rel="author">
									admin
							</a>
						</li>
																																																			<li>
														<a href="http://dummy.xtemos.com/woodmart-elementor/demos/2017/06/22/minimalist-japanese-inspired-furniture/#respond">0 comments</a>						</li>
																						</ul>
						<!-- .entry-meta -->
									<a rel="nofollow noopener noreferrer" href="https://www.facebook.com/sharer/sharer.php?u=http://dummy.xtemos.com/woodmart-elementor/demos/2017/06/22/minimalist-japanese-inspired-furniture/" target="_blank">
						<i></i>
						Facebook
					</a>
									<a rel="nofollow noopener noreferrer" href="https://twitter.com/share?url=http://dummy.xtemos.com/woodmart-elementor/demos/2017/06/22/minimalist-japanese-inspired-furniture/" target="_blank">
						<i></i>
						Twitter
					</a>
									<a rel="nofollow noopener noreferrer" href="https://pinterest.com/pin/create/button/?url=http://dummy.xtemos.com/woodmart-elementor/demos/2017/06/22/minimalist-japanese-inspired-furniture/&amp;media=http://dummy.xtemos.com/woodmart-elementor/demos/wp-content/uploads/sites/2/2017/06/wood-blog-placeholder.jpg&amp;description=Minimalist+Japanese-inspired+furniture" target="_blank">
						<i></i>
						Pinterest
					</a>
									<a rel="nofollow noopener noreferrer" href="https://www.linkedin.com/shareArticle?mini=true&amp;url=http://dummy.xtemos.com/woodmart-elementor/demos/2017/06/22/minimalist-japanese-inspired-furniture/" target="_blank">
						<i></i>
						linkedin
					</a>
									<a rel="nofollow noopener noreferrer" href="https://telegram.me/share/url?url=http://dummy.xtemos.com/woodmart-elementor/demos/2017/06/22/minimalist-japanese-inspired-furniture/" target="_blank">
						<i></i>
						Telegram
					</a>
					Ac haca ullamcorper donec ante habi tasse donec imperdiet eturpis varius per a augue magna hac. Nec hac et vestibulum duis a tincidunt ...<p><a href="http://dummy.xtemos.com/woodmart-elementor/demos/2017/06/22/minimalist-japanese-inspired-furniture/">Continue reading</a></p>				<!-- .entry-content -->
</article><!-- #post -->
<article id="post-232">
		<header>
							<figure>
						<a href="http://dummy.xtemos.com/woodmart-elementor/demos/2017/06/16/new-home-decor-from-john-doerson/">
							<img width="1024" height="625" src="http://dummy.xtemos.com/woodmart-elementor/demos/wp-content/uploads/sites/2/2017/06/wood-blog-placeholder.jpg" alt="" />						</a>
				</figure>
					16				
					Jun				
				</header><!-- .entry-header -->
							<a href="http://dummy.xtemos.com/woodmart-elementor/demos/category/furniture/" rel="category tag">Furniture</a>
							<h3>
					<a href="http://dummy.xtemos.com/woodmart-elementor/demos/2017/06/16/new-home-decor-from-john-doerson/" rel="bookmark">New home decor from John Doerson</a>
				</h3>
								<ul>
										<li>June 16, 2017</li>
																<li>
															Posted by																						<img alt='author-avatar' src='http://2.gravatar.com/avatar/e2861dedf067ea2500566d0269cf9e64?s=32&#038;d=mm&#038;r=g' class='avatar avatar-32 photo' height='32' width='32' />														<a href="http://dummy.xtemos.com/woodmart-elementor/demos/author/admin/" rel="author">
									admin
							</a>
						</li>
																																																			<li>
														<a href="http://dummy.xtemos.com/woodmart-elementor/demos/2017/06/16/new-home-decor-from-john-doerson/#respond">0 comments</a>						</li>
																						</ul>
						<!-- .entry-meta -->
									<a rel="nofollow noopener noreferrer" href="https://www.facebook.com/sharer/sharer.php?u=http://dummy.xtemos.com/woodmart-elementor/demos/2017/06/16/new-home-decor-from-john-doerson/" target="_blank">
						<i></i>
						Facebook
					</a>
									<a rel="nofollow noopener noreferrer" href="https://twitter.com/share?url=http://dummy.xtemos.com/woodmart-elementor/demos/2017/06/16/new-home-decor-from-john-doerson/" target="_blank">
						<i></i>
						Twitter
					</a>
									<a rel="nofollow noopener noreferrer" href="https://pinterest.com/pin/create/button/?url=http://dummy.xtemos.com/woodmart-elementor/demos/2017/06/16/new-home-decor-from-john-doerson/&amp;media=http://dummy.xtemos.com/woodmart-elementor/demos/wp-content/uploads/sites/2/2017/06/wood-blog-placeholder.jpg&amp;description=New+home+decor+from+John+Doerson" target="_blank">
						<i></i>
						Pinterest
					</a>
									<a rel="nofollow noopener noreferrer" href="https://www.linkedin.com/shareArticle?mini=true&amp;url=http://dummy.xtemos.com/woodmart-elementor/demos/2017/06/16/new-home-decor-from-john-doerson/" target="_blank">
						<i></i>
						linkedin
					</a>
									<a rel="nofollow noopener noreferrer" href="https://telegram.me/share/url?url=http://dummy.xtemos.com/woodmart-elementor/demos/2017/06/16/new-home-decor-from-john-doerson/" target="_blank">
						<i></i>
						Telegram
					</a>
					Ullamcorper condimentum erat pretium velit at ut a nunc id a adeu vestibulum nibh urna nam consequat erat molestie lacinia rhoncus. Nis...<p><a href="http://dummy.xtemos.com/woodmart-elementor/demos/2017/06/16/new-home-decor-from-john-doerson/">Continue reading</a></p>				<!-- .entry-content -->
</article><!-- #post -->
<article id="post-226">
		<header>
							<figure>
						<a href="http://dummy.xtemos.com/woodmart-elementor/demos/2017/06/16/the-big-design-wall-likes-pictures/">
							<img width="1024" height="625" src="http://dummy.xtemos.com/woodmart-elementor/demos/wp-content/uploads/sites/2/2017/06/wood-blog-placeholder.jpg" alt="" />						</a>
				</figure>
					16				
					Jun				
				</header><!-- .entry-header -->
							<a href="http://dummy.xtemos.com/woodmart-elementor/demos/category/design-trends/" rel="category tag">Design trends</a>
							<h3>
					<a href="http://dummy.xtemos.com/woodmart-elementor/demos/2017/06/16/the-big-design-wall-likes-pictures/" rel="bookmark">The big design: Wall likes pictures</a>
				</h3>
								<ul>
										<li>June 16, 2017</li>
																<li>
															Posted by																						<img alt='author-avatar' src='http://2.gravatar.com/avatar/e2861dedf067ea2500566d0269cf9e64?s=32&#038;d=mm&#038;r=g' class='avatar avatar-32 photo' height='32' width='32' />														<a href="http://dummy.xtemos.com/woodmart-elementor/demos/author/admin/" rel="author">
									admin
							</a>
						</li>
																																																			<li>
														<a href="http://dummy.xtemos.com/woodmart-elementor/demos/2017/06/16/the-big-design-wall-likes-pictures/#respond">0 comments</a>						</li>
																						</ul>
						<!-- .entry-meta -->
									<a rel="nofollow noopener noreferrer" href="https://www.facebook.com/sharer/sharer.php?u=http://dummy.xtemos.com/woodmart-elementor/demos/2017/06/16/the-big-design-wall-likes-pictures/" target="_blank">
						<i></i>
						Facebook
					</a>
									<a rel="nofollow noopener noreferrer" href="https://twitter.com/share?url=http://dummy.xtemos.com/woodmart-elementor/demos/2017/06/16/the-big-design-wall-likes-pictures/" target="_blank">
						<i></i>
						Twitter
					</a>
									<a rel="nofollow noopener noreferrer" href="https://pinterest.com/pin/create/button/?url=http://dummy.xtemos.com/woodmart-elementor/demos/2017/06/16/the-big-design-wall-likes-pictures/&amp;media=http://dummy.xtemos.com/woodmart-elementor/demos/wp-content/uploads/sites/2/2017/06/wood-blog-placeholder.jpg&amp;description=The+big+design%3A+Wall+likes+pictures" target="_blank">
						<i></i>
						Pinterest
					</a>
									<a rel="nofollow noopener noreferrer" href="https://www.linkedin.com/shareArticle?mini=true&amp;url=http://dummy.xtemos.com/woodmart-elementor/demos/2017/06/16/the-big-design-wall-likes-pictures/" target="_blank">
						<i></i>
						linkedin
					</a>
									<a rel="nofollow noopener noreferrer" href="https://telegram.me/share/url?url=http://dummy.xtemos.com/woodmart-elementor/demos/2017/06/16/the-big-design-wall-likes-pictures/" target="_blank">
						<i></i>
						Telegram
					</a>
					Parturient in potenti id rutrum duis torquent parturient sceler isque sit vestibulum a posuere scelerisque viverra urna. Egestas tristi...<p><a href="http://dummy.xtemos.com/woodmart-elementor/demos/2017/06/16/the-big-design-wall-likes-pictures/">Continue reading</a></p>				<!-- .entry-content -->
</article><!-- #post -->
<article id="post-128">
		<header>
							<figure>
						<a href="http://dummy.xtemos.com/woodmart-elementor/demos/2017/06/14/sweet-seat-functional-seat-for-it-folks/">
							<img width="1024" height="625" src="http://dummy.xtemos.com/woodmart-elementor/demos/wp-content/uploads/sites/2/2017/06/wood-blog-placeholder.jpg" alt="" />						</a>
				</figure>
					14				
					Jun				
				</header><!-- .entry-header -->
							<a href="http://dummy.xtemos.com/woodmart-elementor/demos/category/furniture/" rel="category tag">Furniture</a>
							<h3>
					<a href="http://dummy.xtemos.com/woodmart-elementor/demos/2017/06/14/sweet-seat-functional-seat-for-it-folks/" rel="bookmark">Sweet seat: functional seat for IT folks</a>
				</h3>
								<ul>
										<li>June 14, 2017</li>
																<li>
															Posted by																						<img alt='author-avatar' src='http://2.gravatar.com/avatar/e2861dedf067ea2500566d0269cf9e64?s=32&#038;d=mm&#038;r=g' class='avatar avatar-32 photo' height='32' width='32' />														<a href="http://dummy.xtemos.com/woodmart-elementor/demos/author/admin/" rel="author">
									admin
							</a>
						</li>
																																																			<li>
														<a href="http://dummy.xtemos.com/woodmart-elementor/demos/2017/06/14/sweet-seat-functional-seat-for-it-folks/#respond">0 comments</a>						</li>
																						</ul>
						<!-- .entry-meta -->
									<a rel="nofollow noopener noreferrer" href="https://www.facebook.com/sharer/sharer.php?u=http://dummy.xtemos.com/woodmart-elementor/demos/2017/06/14/sweet-seat-functional-seat-for-it-folks/" target="_blank">
						<i></i>
						Facebook
					</a>
									<a rel="nofollow noopener noreferrer" href="https://twitter.com/share?url=http://dummy.xtemos.com/woodmart-elementor/demos/2017/06/14/sweet-seat-functional-seat-for-it-folks/" target="_blank">
						<i></i>
						Twitter
					</a>
									<a rel="nofollow noopener noreferrer" href="https://pinterest.com/pin/create/button/?url=http://dummy.xtemos.com/woodmart-elementor/demos/2017/06/14/sweet-seat-functional-seat-for-it-folks/&amp;media=http://dummy.xtemos.com/woodmart-elementor/demos/wp-content/uploads/sites/2/2017/06/wood-blog-placeholder.jpg&amp;description=Sweet+seat%3A+functional+seat+for+IT+folks" target="_blank">
						<i></i>
						Pinterest
					</a>
									<a rel="nofollow noopener noreferrer" href="https://www.linkedin.com/shareArticle?mini=true&amp;url=http://dummy.xtemos.com/woodmart-elementor/demos/2017/06/14/sweet-seat-functional-seat-for-it-folks/" target="_blank">
						<i></i>
						linkedin
					</a>
									<a rel="nofollow noopener noreferrer" href="https://telegram.me/share/url?url=http://dummy.xtemos.com/woodmart-elementor/demos/2017/06/14/sweet-seat-functional-seat-for-it-folks/" target="_blank">
						<i></i>
						Telegram
					</a>
					A sed a risusat luctus esta anibh rhoncus hendrerit blandit nam rutrum sitmiad hac. Cras a vestibulum a varius adipiscing ut dignissim ...<p><a href="http://dummy.xtemos.com/woodmart-elementor/demos/2017/06/14/sweet-seat-functional-seat-for-it-folks/">Continue reading</a></p>				<!-- .entry-content -->
</article><!-- #post -->
<article id="post-126">
		<header>
							<figure>
						<a href="http://dummy.xtemos.com/woodmart-elementor/demos/2017/06/14/creative-water-features-and-exterior/">
							<img width="1024" height="625" src="http://dummy.xtemos.com/woodmart-elementor/demos/wp-content/uploads/sites/2/2017/06/wood-blog-placeholder.jpg" alt="" />						</a>
				</figure>
					14				
					Jun				
				</header><!-- .entry-header -->
							<a href="http://dummy.xtemos.com/woodmart-elementor/demos/category/decoration/" rel="category tag">Decoration</a>
							<h3>
					<a href="http://dummy.xtemos.com/woodmart-elementor/demos/2017/06/14/creative-water-features-and-exterior/" rel="bookmark">Creative water features and exterior</a>
				</h3>
								<ul>
										<li>June 14, 2017</li>
																<li>
															Posted by																						<img alt='author-avatar' src='http://2.gravatar.com/avatar/e2861dedf067ea2500566d0269cf9e64?s=32&#038;d=mm&#038;r=g' class='avatar avatar-32 photo' height='32' width='32' />														<a href="http://dummy.xtemos.com/woodmart-elementor/demos/author/admin/" rel="author">
									admin
							</a>
						</li>
																																																			<li>
														<a href="http://dummy.xtemos.com/woodmart-elementor/demos/2017/06/14/creative-water-features-and-exterior/#respond">0 comments</a>						</li>
																						</ul>
						<!-- .entry-meta -->
									<a rel="nofollow noopener noreferrer" href="https://www.facebook.com/sharer/sharer.php?u=http://dummy.xtemos.com/woodmart-elementor/demos/2017/06/14/creative-water-features-and-exterior/" target="_blank">
						<i></i>
						Facebook
					</a>
									<a rel="nofollow noopener noreferrer" href="https://twitter.com/share?url=http://dummy.xtemos.com/woodmart-elementor/demos/2017/06/14/creative-water-features-and-exterior/" target="_blank">
						<i></i>
						Twitter
					</a>
									<a rel="nofollow noopener noreferrer" href="https://pinterest.com/pin/create/button/?url=http://dummy.xtemos.com/woodmart-elementor/demos/2017/06/14/creative-water-features-and-exterior/&amp;media=http://dummy.xtemos.com/woodmart-elementor/demos/wp-content/uploads/sites/2/2017/06/wood-blog-placeholder.jpg&amp;description=Creative+water+features+and+exterior" target="_blank">
						<i></i>
						Pinterest
					</a>
									<a rel="nofollow noopener noreferrer" href="https://www.linkedin.com/shareArticle?mini=true&amp;url=http://dummy.xtemos.com/woodmart-elementor/demos/2017/06/14/creative-water-features-and-exterior/" target="_blank">
						<i></i>
						linkedin
					</a>
									<a rel="nofollow noopener noreferrer" href="https://telegram.me/share/url?url=http://dummy.xtemos.com/woodmart-elementor/demos/2017/06/14/creative-water-features-and-exterior/" target="_blank">
						<i></i>
						Telegram
					</a>
					Adipiscing hac imperdiet id blandit varius scelerisque at sagittis libero dui dis volutpat vehicula mus sed ut. Lacinia dui rutrum arcu...<p><a href="http://dummy.xtemos.com/woodmart-elementor/demos/2017/06/14/creative-water-features-and-exterior/">Continue reading</a></p>				<!-- .entry-content -->
</article><!-- #post -->
				 <!-- end product-items -->
			 <!-- end #carousel-358 -->
				<h4>
					OUR PARTNERS				</h4>
		https://vimeo.com/235215203		
							<a href="http://dummy.xtemos.com/woodmart-elementor/demos/shop/?filter_brand=magisso">
																	<img src="http://dummy.xtemos.com/woodmart-elementor/demos/wp-content/uploads/sites/2/2017/06/brand-Magisso.png" title="Magisso" alt="Magisso" />															</a>
							<a href="http://dummy.xtemos.com/woodmart-elementor/demos/shop/?filter_brand=louis-poulsen">
																	<img src="http://dummy.xtemos.com/woodmart-elementor/demos/wp-content/uploads/sites/2/2017/06/brand-Louis-Poulsen.png" title="Louis Poulsen" alt="Louis Poulsen" />															</a>
							<a href="http://dummy.xtemos.com/woodmart-elementor/demos/shop/?filter_brand=klober">
																	<img src="http://dummy.xtemos.com/woodmart-elementor/demos/wp-content/uploads/sites/2/2017/06/brand-klober.png" title="KLÖBER" alt="KLÖBER" />															</a>
							<a href="http://dummy.xtemos.com/woodmart-elementor/demos/shop/?filter_brand=joseph-joseph">
																	<img src="http://dummy.xtemos.com/woodmart-elementor/demos/wp-content/uploads/sites/2/2017/06/brand-Joseph-Joseph.png" title="Joseph Joseph" alt="Joseph Joseph" />															</a>
							<a href="http://dummy.xtemos.com/woodmart-elementor/demos/shop/?filter_brand=hay">
																	<img src="http://dummy.xtemos.com/woodmart-elementor/demos/wp-content/uploads/sites/2/2017/06/brand-hay.png" title="Hay" alt="Hay" />															</a>
							<a href="http://dummy.xtemos.com/woodmart-elementor/demos/shop/?filter_brand=flos">
																	<img src="http://dummy.xtemos.com/woodmart-elementor/demos/wp-content/uploads/sites/2/2017/06/brand-flos.png" title="Flos" alt="Flos" />															</a>
							<a href="http://dummy.xtemos.com/woodmart-elementor/demos/shop/?filter_brand=eva-solo">
																	<img src="http://dummy.xtemos.com/woodmart-elementor/demos/wp-content/uploads/sites/2/2017/06/brand-Eva-Solo.png" title="Eva Solo" alt="Eva Solo" />															</a>
							<a href="http://dummy.xtemos.com/woodmart-elementor/demos/shop/?filter_brand=alessi">
																	<img src="http://dummy.xtemos.com/woodmart-elementor/demos/wp-content/uploads/sites/2/2017/06/brand-alessi.png" title="Alessi" alt="Alessi" />															</a>]]></content:encoded>
		<excerpt:encoded><![CDATA[]]></excerpt:encoded>
		<wp:post_id>492</wp:post_id>
		<wp:post_date>2017-06-23 07:54:20</wp:post_date>
		<wp:post_date_gmt>2017-06-23 07:54:20</wp:post_date_gmt>
		<wp:comment_status>closed</wp:comment_status>
		<wp:ping_status>closed</wp:ping_status>
		<wp:post_name>home-electronics</wp:post_name>
		<wp:status>publish</wp:status>
		<wp:post_parent>0</wp:post_parent>
		<wp:menu_order>0</wp:menu_order>
		<wp:post_type>page</wp:post_type>
		<wp:post_password></wp:post_password>
		<wp:is_sticky>0</wp:is_sticky>
														<wp:postmeta>
			<wp:meta_key>_wp_page_template</wp:meta_key>
			<wp:meta_value><![CDATA[default]]></wp:meta_value>
		</wp:postmeta>
							<wp:postmeta>
			<wp:meta_key>_woodmart_header_color_scheme</wp:meta_key>
			<wp:meta_value><![CDATA[inherit]]></wp:meta_value>
		</wp:postmeta>
							<wp:postmeta>
			<wp:meta_key>_oembed_ca589a4e0d5c77bf01d2aecce080c575</wp:meta_key>
			<wp:meta_value><![CDATA[<iframe src="https://player.vimeo.com/video/138268307" width="500" height="281" frameborder="0" title="Put It On Paper" webkitallowfullscreen mozallowfullscreen allowfullscreen></iframe>]]></wp:meta_value>
		</wp:postmeta>
							<wp:postmeta>
			<wp:meta_key>_oembed_time_ca589a4e0d5c77bf01d2aecce080c575</wp:meta_key>
			<wp:meta_value><![CDATA[1498204472]]></wp:meta_value>
		</wp:postmeta>
							<wp:postmeta>
			<wp:meta_key>_woodmart_main_layout</wp:meta_key>
			<wp:meta_value><![CDATA[full-width]]></wp:meta_value>
		</wp:postmeta>
							<wp:postmeta>
			<wp:meta_key>_woodmart_title_off</wp:meta_key>
			<wp:meta_value><![CDATA[on]]></wp:meta_value>
		</wp:postmeta>
							<wp:postmeta>
			<wp:meta_key>_woodmart_open_categories</wp:meta_key>
			<wp:meta_value><![CDATA[on]]></wp:meta_value>
		</wp:postmeta>
							<wp:postmeta>
			<wp:meta_key>_woodmart_prefooter_off</wp:meta_key>
			<wp:meta_value><![CDATA[on]]></wp:meta_value>
		</wp:postmeta>
							<wp:postmeta>
			<wp:meta_key>_elementor_data</wp:meta_key>
			<wp:meta_value><![CDATA[[{"id":"6450319","elType":"section","settings":{"margin":{"top":"-10","left":"0","right":"0","bottom":"15","unit":"px","isLinked":""},"padding":{"unit":"px","top":"0","right":"0","bottom":"0","left":"300","isLinked":""},"padding_tablet":{"unit":"px","top":"0","right":"0","bottom":"0","left":"0","isLinked":"1"}},"elements":[{"id":"316742","elType":"column","settings":{"_column_size":"100","padding":{"top":"0","left":"10","right":"10","bottom":"0","unit":"px","isLinked":""},"column_sticky_offset":"50","scroll_y":"-80"},"elements":[{"id":"2350111","elType":"widget","settings":{"shortcode":"[rev_slider alias=\"electronics\"][\/rev_slider]","revslidertitle":"electronics","scroll_y":"-80"},"elements":[],"widgetType":"slider_revolution"}],"isInner":""}],"isInner":""},{"id":"dabb54e","elType":"section","settings":{"gap":"extended","structure":"20","margin":{"unit":"px","top":"0","right":"0","bottom":"65","left":"0","isLinked":""},"margin_tablet":{"unit":"px","top":"0","right":"0","bottom":"45","left":"0","isLinked":""},"margin_mobile":{"unit":"px","top":"0","right":"0","bottom":"25","left":"0","isLinked":""}},"elements":[{"id":"b5cd7e6","elType":"column","settings":{"_column_size":"50","_inline_size_tablet":"100","column_sticky_offset":"50","scroll_y":"-80"},"elements":[{"id":"aecf7da","elType":"widget","settings":{"image":{"url":"http:\/\/dummy.xtemos.com\/woodmart-elementor\/demos\/wp-content\/uploads\/sites\/2\/2017\/06\/electro-banner10.jpg","id":"497"},"image_size":"full","title":"WEBCAMS 2017","subtitle":"NEW TECHNOLOGIES","content":"Auctor litora ultrices suscipit malesuada nunc a netus","btn_text":"Shop more","title_size":"large","subtitle_color":"primary","subtitle_typography_typography":"custom","subtitle_typography_font_weight":"600","btn_position":"static","btn_color":"primary","btn_shape":"round","width":{"unit":"%","size":"45","sizes":[]},"scroll_y":"-80","image_height":{"unit":"px","size":"290","sizes":[]},"image_height_tablet":{"unit":"px","size":"290","sizes":[]},"image_bg_position":"center top","title_typography_typography":"custom","title_typography_font_size_mobile":{"unit":"px","size":"22","sizes":[]},"width_mobile":{"unit":"%","size":"90","sizes":[]},"subtitle_typography_font_size_mobile":{"unit":"px","size":"14","sizes":[]},"hide_btn_mobile":"yes","btn_size":"small"},"elements":[],"widgetType":"wd_banner"}],"isInner":""},{"id":"ce4d7f4","elType":"column","settings":{"_column_size":"50","_inline_size_tablet":"100","column_sticky_offset":"50","scroll_y":"-80"},"elements":[{"id":"56f546f","elType":"widget","settings":{"image":{"url":"http:\/\/dummy.xtemos.com\/woodmart-elementor\/demos\/wp-content\/uploads\/sites\/2\/2017\/06\/electro-banner11-1.jpg","id":"506"},"image_size":"full","title":"LEATHER CASES","subtitle":"APPLE ACCESSORIES","content":"Condimentum curabitur vestibulum dapibus porttitor adipiscing","btn_text":"Shop more","woodmart_color_scheme":"light","title_size":"large","subtitle_typography_typography":"custom","subtitle_typography_font_weight":"600","btn_position":"static","btn_color":"white","btn_shape":"round","width":{"unit":"%","size":"45","sizes":[]},"scroll_y":"-80","image_height":{"unit":"px","size":"290","sizes":[]},"image_bg_position":"center top","title_typography_typography":"custom","title_typography_font_size_mobile":{"unit":"px","size":"22","sizes":[]},"width_mobile":{"unit":"%","size":"90","sizes":[]},"subtitle_typography_font_size_mobile":{"unit":"px","size":"14","sizes":[]},"hide_btn_mobile":"yes","btn_size":"small"},"elements":[],"widgetType":"wd_banner"}],"isInner":""}],"isInner":""},{"id":"869823","elType":"section","settings":{"margin":{"top":"0","left":"0","right":"0","bottom":"80","unit":"px","isLinked":""},"margin_tablet":{"unit":"px","top":"0","right":"0","bottom":"60","left":"0","isLinked":""},"margin_mobile":{"unit":"px","top":"0","right":"0","bottom":"40","left":"0","isLinked":""}},"elements":[{"id":"481874","elType":"column","settings":{"_column_size":"100","column_sticky_offset":"50","scroll_y":"-80"},"elements":[{"id":"7305254","elType":"widget","settings":{"title":"ELECTRONICS","design":"simple","color":"#007bc4","tabs_items":[{"_id":"2296632","image_size":"custom","title":"New","items_per_page":"8","pagination":"arrows","columns":{"size":"4"},"orderby":"post__in","post_type":"product","include":"","taxonomies":"","offset":"","query_type":"OR","order":"","meta_key":"","exclude":"","image":{"url":"","id":""},"image_custom_dimension":{"width":"","height":""}},{"_id":"1542687","image_size":"custom","title":"Featured","items_per_page":"8","pagination":"arrows","columns":{"size":"4"},"orderby":"rand","post_type":"product","include":"","taxonomies":"","offset":"","query_type":"AND","order":"DESC","meta_key":"","exclude":"","image":{"url":"","id":""},"image_custom_dimension":{"width":"","height":""}},{"_id":"4829201","image_size":"custom","title":"Top Sellers","items_per_page":"8","pagination":"arrows","columns":{"size":"4"},"orderby":"price","post_type":"product","include":"","taxonomies":"","offset":"","query_type":"AND","order":"","meta_key":"","exclude":"","image":{"url":"","id":""},"image_custom_dimension":{"width":"","height":""}}],"scroll_y":"-80","items_per_page":"8","pagination":"arrows","sale_countdown":"","stock_progress_bar":"","highlighted_products":"","products_bordered_grid":"","lazy_loading":""},"elements":[],"widgetType":"wd_products_tabs"}],"isInner":""}],"isInner":""},{"id":"b63a8fa","elType":"section","settings":{"gap":"no","structure":"31","margin":{"unit":"px","top":"0","right":"0","bottom":"80","left":"0","isLinked":""},"margin_tablet":{"unit":"px","top":"0","right":"0","bottom":"60","left":"0","isLinked":""},"margin_mobile":{"unit":"px","top":"0","right":"0","bottom":"40","left":"0","isLinked":""}},"elements":[{"id":"2ae5eff","elType":"column","settings":{"_column_size":"25","_inline_size":"33","_inline_size_tablet":"100","column_sticky_offset":"50","scroll_y":"-80"},"elements":[{"id":"e153a06","elType":"widget","settings":{"align":"left","image_size":"full","title":"Monster Beats Headphones","subtitle":"Hich Tech News","content":"","btn_text":"Read More","btn_position":"static","hover":"zoom","woodmart_color_scheme":"light","image_custom_dimension":[],"image":{"id":"498","url":"#"},"btn_color":"white","btn_style":"round","btn_size":"small","title_size":"extra-large","scroll_y":"-80","image_height":{"unit":"px","size":"400","sizes":[]},"width":{"unit":"%","size":"70","sizes":[]},"increase_spaces":"","image_type":"background","title_typography_typography":"custom","title_typography_font_size_mobile":{"unit":"px","size":"22","sizes":[]},"width_tablet":{"unit":"%","size":"45","sizes":[]},"width_mobile":{"unit":"%","size":"75","sizes":[]}},"elements":[],"widgetType":"wd_banner"}],"isInner":""},{"id":"c7bc20b","elType":"column","settings":{"_column_size":"25","_inline_size":"42","_inline_size_tablet":"100","column_sticky_offset":"50","scroll_y":"-80"},"elements":[{"id":"68106cd","elType":"widget","settings":{"align":"left","image_size":"full","title":"Apple iPhone 7 Color Red","subtitle":"Play The Dream","content":"","btn_text":"","hover":"zoom","woodmart_color_scheme":"light","image_custom_dimension":{"width":"500","height":"200"},"image":{"id":"500","url":"#"},"title_size":"large","scroll_y":"-80","image_height":{"unit":"px","size":"200","sizes":[]},"width":{"unit":"%","size":"47","sizes":[]},"_margin":{"unit":"px","top":"0","right":"0","bottom":"-20","left":"0","isLinked":""},"image_type":"background","title_typography_typography":"custom","title_typography_font_size_tablet":{"unit":"px","size":"32","sizes":[]},"title_typography_font_size_mobile":{"unit":"px","size":"22","sizes":[]},"width_mobile":{"unit":"%","size":"75","sizes":[]}},"elements":[],"widgetType":"wd_banner"},{"id":"f510a68","elType":"widget","settings":{"align":"left","image_size":"full","title":"Music Makes Feel Better","subtitle":"Minimalism Design","content":"","btn_text":"","hover":"zoom","woodmart_color_scheme":"light","image_custom_dimension":{"width":"500","height":"200"},"image":{"id":"501","url":"#"},"title_size":"large","scroll_y":"-80","image_height":{"unit":"px","size":"200","sizes":[]},"width":{"unit":"%","size":"47","sizes":[]},"image_type":"background","title_typography_typography":"custom","title_typography_font_size_tablet":{"unit":"px","size":"32","sizes":[]},"title_typography_font_size_mobile":{"unit":"px","size":"22","sizes":[]},"width_mobile":{"unit":"%","size":"75","sizes":[]}},"elements":[],"widgetType":"wd_banner"}],"isInner":""},{"id":"83884cd","elType":"column","settings":{"_column_size":"50","_inline_size":"25","column_sticky_offset":"50","scroll_y":"-80","hide_tablet":"hidden-tablet","hide_mobile":"hidden-phone"},"elements":[{"id":"fb3a0c4","elType":"widget","settings":{"align":"left","image_size":"full","title":"Apple iWatch Nike Edition","subtitle":"Health &amp; Fit","content":"","btn_text":"Watch Demo","btn_position":"static","hover":"zoom","woodmart_color_scheme":"light","image_custom_dimension":{"width":"300","height":"400"},"image":{"id":"499","url":"#"},"btn_color":"white","btn_style":"round","btn_size":"small","title_size":"extra-large","alignment":"center","scroll_y":"-80","image_height":{"unit":"px","size":"400","sizes":[]},"image_type":"background"},"elements":[],"widgetType":"wd_banner"}],"isInner":""}],"isInner":""},{"id":"4006836","elType":"section","settings":{"wd_section_stretch":"stretch","margin":{"top":"0","left":"0","right":"0","bottom":"55","unit":"px","isLinked":""},"padding":{"top":"30","left":"15","right":"15","bottom":"30","unit":"px","isLinked":""},"background_background":"classic","background_image":{"url":"http:\/\/dummy.xtemos.com\/woodmart-elementor\/demos\/wp-content\/uploads\/sites\/2\/2017\/06\/wood-main-bg.jpg?id=44","id":""},"background_size":"cover","background_repeat":"no-repeat","margin_tablet":{"unit":"px","top":"0","right":"0","bottom":"45","left":"0","isLinked":""},"margin_mobile":{"unit":"px","top":"0","right":"0","bottom":"25","left":"0","isLinked":""},"padding_tablet":{"unit":"px","top":"30","right":"15","bottom":"30","left":"15","isLinked":""},"padding_mobile":{"unit":"px","top":"20","right":"15","bottom":"20","left":"15","isLinked":""}},"elements":[{"id":"350093","elType":"column","settings":{"_column_size":"100","column_sticky_offset":"50","scroll_y":"-80"},"elements":[{"id":"1725533","elType":"widget","settings":{"subtitle":"","after_title":"","image_size":"custom","style":"underlined","color":"primary","size":"medium","title":"TODAY HOT DEALS","scroll_y":"-80","title_typography_typography":"custom","title_typography_font_size_tablet":{"unit":"px","size":"22","sizes":[]}},"elements":[],"widgetType":"wd_title"},{"id":"233f62c","elType":"widget","settings":{"layout":"carousel","items_per_page":"3","hide_pagination_control":"yes","product_hover":"quick","highlighted_products":"","scroll_y":"-80"},"elements":[],"widgetType":"wd_products"},{"id":"abfb7a5","elType":"widget","settings":{"color":"primary","style":"round","size":"large","text":"View All Deals","scroll_y":"-80"},"elements":[],"widgetType":"wd_button"}],"isInner":""}],"isInner":""},{"id":"f583756","elType":"section","settings":{"gap":"extended","structure":"20","margin":{"unit":"px","top":"0","right":"0","bottom":"65","left":"0","isLinked":""},"margin_tablet":{"unit":"px","top":"0","right":"0","bottom":"45","left":"0","isLinked":""},"margin_mobile":{"unit":"px","top":"0","right":"0","bottom":"25","left":"0","isLinked":""}},"elements":[{"id":"890ee7f","elType":"column","settings":{"_column_size":"50","_inline_size":"25","column_sticky_offset":"50","scroll_y":"-80","hide_tablet":"hidden-tablet","hide_mobile":"hidden-phone"},"elements":[{"id":"6021906","elType":"widget","settings":{"align":"left","image_size":"full","title":"Google Smart Home 2017","subtitle":"Hich Tech News","content":"","btn_text":"Read More","btn_position":"static","hover":"parallax","woodmart_color_scheme":"light","image_custom_dimension":[],"image":{"id":"503","url":"#"},"btn_color":"white","btn_style":"round","btn_size":"small","title_size":"large","scroll_y":"-80","_margin":{"unit":"px","top":"0","right":"0","bottom":"10","left":"0","isLinked":""}},"elements":[],"widgetType":"wd_banner"},{"id":"8200899","elType":"widget","settings":{"subtitle":"","after_title":"","image_size":"custom","color":"white","size":"small","title":"FEATURED PRODUCTS","_padding":{"top":"20","left":"20","right":"20","bottom":"20","unit":"px","isLinked":"1"},"_background_background":"classic","_background_color":"#007bc4","scroll_y":"-80"},"elements":[],"widgetType":"wd_title"},{"id":"9f8bda8","elType":"section","settings":{"border_border":"solid","border_width":{"unit":"px","top":"0","right":"3","bottom":"3","left":"3","isLinked":""},"border_color":"rgba(119, 119, 119, 0.16862745098039217)","margin":{"unit":"px","top":"-20","right":"0","bottom":"0","left":"0","isLinked":""},"padding":{"unit":"px","top":"10","right":"20","bottom":"10","left":"20","isLinked":""}},"elements":[{"id":"7b4ea1e","elType":"column","settings":{"_column_size":"100","column_sticky_offset":"50","scroll_y":"-80"},"elements":[{"id":"2564628","elType":"widget","settings":{"order":"desc","scroll_y":"-80","number":{"unit":"px","size":"4","sizes":[]}},"elements":[],"widgetType":"wd_products_widget"}],"isInner":"1"}],"isInner":"1"}],"isInner":""},{"id":"82eb23f","elType":"column","settings":{"_column_size":"50","_inline_size":"75","_inline_size_tablet":"100","column_sticky_offset":"50","scroll_y":"-80"},"elements":[{"id":"4750983","elType":"widget","settings":{"title":"ELECTRONICS","design":"simple","color":"#007bc4","tabs_items":[{"_id":"4278278","image_size":"custom","title":"New","items_per_page":"6","pagination":"arrows","columns":{"size":"3"},"orderby":"post__in","post_type":"product","include":"","taxonomies":"","offset":"","query_type":"OR","order":"","meta_key":"","exclude":"","image":{"url":"","id":""},"image_custom_dimension":{"width":"","height":""}},{"_id":"4645747","image_size":"custom","title":"FEATURED","items_per_page":"6","pagination":"arrows","columns":{"size":"3"},"orderby":"rand","post_type":"product","include":"","taxonomies":"","offset":"","query_type":"AND","order":"DESC","meta_key":"","exclude":"","image":{"url":"","id":""},"image_custom_dimension":{"width":"","height":""}},{"_id":"8446170","image_size":"custom","title":"SALES","items_per_page":"6","pagination":"arrows","columns":{"size":"3"},"orderby":"price","taxonomies":["109"],"post_type":"product","include":"","offset":"","query_type":"AND","order":"","meta_key":"","exclude":"","image":{"url":"","id":""},"image_custom_dimension":{"width":"","height":""}}],"scroll_y":"-80","items_per_page":"6","pagination":"arrows","columns":{"unit":"px","size":"3","sizes":[]}},"elements":[],"widgetType":"wd_products_tabs"}],"isInner":""}],"isInner":""},{"id":"8246736","elType":"section","settings":{"margin":{"top":"0","left":"0","right":"0","bottom":"60","unit":"px","isLinked":""},"background_background":"classic","background_image":{"url":"http:\/\/dummy.xtemos.com\/woodmart-elementor\/demos\/wp-content\/uploads\/sites\/2\/2017\/06\/electro-dualshok.jpg?id=508","id":""},"background_size":"cover","background_repeat":"no-repeat","height":"min-height","custom_height":{"unit":"px","size":"390","sizes":[]},"column_position":"stretch","structure":"20","margin_tablet":{"unit":"px","top":"0","right":"0","bottom":"40","left":"0","isLinked":""},"margin_mobile":{"unit":"px","top":"0","right":"0","bottom":"20","left":"0","isLinked":""},"background_size_tablet":"cover","background_bg_width_tablet":{"unit":"px","size":"981","sizes":[]}},"elements":[{"id":"5554130","elType":"column","settings":{"_column_size":"50","_inline_size":"41.66666667","_inline_size_tablet":"100","_inline_size_mobile":"100","css_classes":"text-center","column_sticky_offset":"50","scroll_y":"-80","margin":{"unit":"px","top":"30","right":"0","bottom":"0","left":"0","isLinked":""},"margin_tablet":{"unit":"px","top":"30","right":"0","bottom":"10","left":"0","isLinked":""}},"elements":[{"id":"8059379","elType":"widget","settings":{"subtitle":"GAMING COLLECTION","after_title":"","image_size":"custom","color":"white","size":"large","title":"Sony Playstation 4 Dualshok Controller","scroll_y":"-80","width":{"unit":"%","size":"80","sizes":[]},"subtitle_typography_typography":"custom","subtitle_typography_font_weight":"600","title_typography_typography":"custom","title_typography_font_size_tablet":{"unit":"px","size":"22","sizes":[]}},"elements":[],"widgetType":"wd_title"},{"id":"2617b30","elType":"section","settings":[],"elements":[{"id":"747c398","elType":"column","settings":{"_column_size":"100","content_position":"center","align":"center","column_sticky_offset":"50","scroll_y":"-80"},"elements":[{"id":"5276931","elType":"widget","settings":{"color":"primary","style":"round","_element_width":"auto","text":"Buy Now","scroll_y":"-80","_margin":{"unit":"px","top":"0","right":"20","bottom":"0","left":"0","isLinked":""}},"elements":[],"widgetType":"wd_button"},{"id":"8724025","elType":"widget","settings":{"color":"white","style":"link","_element_width":"auto","text":"Read More","scroll_y":"-80"},"elements":[],"widgetType":"wd_button"}],"isInner":"1"}],"isInner":"1"}],"isInner":""},{"id":"86415","elType":"column","settings":{"_column_size":"50","_inline_size":"58.333","padding":{"top":"0","left":"0","right":"0","bottom":"0","unit":"px","isLinked":""},"_inline_size_tablet":"100","_inline_size_mobile":"100","column_sticky_offset":"50","scroll_y":"-80"},"elements":[{"id":"2560115","elType":"widget","settings":{"align":"center","image_size":"full","image":{"id":"514","url":"#"},"image_custom_dimension":[],"scroll_y":"-80","_margin":{"unit":"px","top":"90","right":"0","bottom":"0","left":"0","isLinked":""},"_margin_tablet":{"unit":"px","top":"0","right":"0","bottom":"0","left":"0","isLinked":""}},"elements":[],"widgetType":"image"}],"isInner":""}],"isInner":""},{"id":"1079953","elType":"section","settings":{"margin":{"top":"0","left":"0","right":"0","bottom":"70","unit":"px","isLinked":""},"margin_tablet":{"unit":"px","top":"0","right":"0","bottom":"60","left":"0","isLinked":""},"margin_mobile":{"unit":"px","top":"0","right":"0","bottom":"40","left":"0","isLinked":""}},"elements":[{"id":"1355492","elType":"column","settings":{"_column_size":"100","column_sticky_offset":"50","scroll_y":"-80"},"elements":[{"id":"4020963","elType":"widget","settings":{"subtitle":"","after_title":"","image_size":"custom","style":"underlined","color":"primary","size":"medium","title":"INNOVATIVE GADGETS","scroll_y":"-80","title_typography_typography":"custom","title_typography_font_size_tablet":{"unit":"px","size":"22","sizes":[]}},"elements":[],"widgetType":"wd_title"},{"id":"b7f67f3","elType":"widget","settings":{"blog_design":"carousel","items_per_page":"5","hide_pagination_control":"yes","scroll_y":"-80"},"elements":[],"widgetType":"wd_blog"}],"isInner":""}],"isInner":""},{"id":"8139572","elType":"section","settings":[],"elements":[{"id":"2709438","elType":"column","settings":{"_column_size":"100","column_sticky_offset":"50","scroll_y":"-80"},"elements":[{"id":"3456457","elType":"widget","settings":{"subtitle":"","after_title":"","image_size":"custom","style":"underlined","color":"primary","size":"medium","title":"OUR PARTNERS","scroll_y":"-80","title_typography_typography":"custom","title_typography_font_size_tablet":{"unit":"px","size":"22","sizes":[]}},"elements":[],"widgetType":"wd_title"},{"id":"7719289","elType":"section","settings":{"content_position":"middle","_margin":{"top":"0","left":"0","right":"0","bottom":"0","unit":"px","isLinked":""},"gap":"extended","structure":"20","margin":{"unit":"px","top":"0","right":"0","bottom":"0","left":"0","isLinked":""}},"elements":[{"id":"8929314","elType":"column","settings":{"_column_size":"50","_margin":{"top":"0","left":"0","right":"0","bottom":"25","unit":"px","isLinked":""},"_padding":{"top":"0","left":"0","right":"0","bottom":"0","unit":"px","isLinked":""},"column_sticky_offset":"50","scroll_y":"-80"},"elements":[{"id":"4491459","elType":"widget","settings":{"video_type":"vimeo","link":"https:\/\/vimeo.com\/138268307","show_image_overlay":"yes","image_overlay":{"id":"44","url":"#"},"img_size":"full","_margin":{"top":"0","left":"0","right":"0","bottom":"0","unit":"px","isLinked":""},"youtube_url":"https:\/\/www.youtube.com\/watch?v=XHOmBV4js_E","vimeo_url":"https:\/\/vimeo.com\/235215203","dailymotion_url":"https:\/\/www.dailymotion.com\/video\/x6tqhqb","scroll_y":"-80","wd_theme_style":"theme-style"},"elements":[],"widgetType":"video"}],"isInner":"1"},{"id":"8133806","elType":"column","settings":{"_column_size":"50","_margin":{"top":"0","left":"0","right":"0","bottom":"25","unit":"px","isLinked":""},"_padding":{"top":"0","left":"0","right":"0","bottom":"0","unit":"px","isLinked":""},"column_sticky_offset":"50","scroll_y":"-80"},"elements":[{"id":"19a4378","elType":"widget","settings":{"hover":"alt","brand_style":"bordered","style":"grid","scroll_y":"-80"},"elements":[],"widgetType":"wd_products_brands"}],"isInner":""}],"isInner":"1"}],"isInner":""}],"isInner":""}]]]></wp:meta_value>
		</wp:postmeta>
							<wp:postmeta>
			<wp:meta_key>_elementor_edit_mode</wp:meta_key>
			<wp:meta_value><![CDATA[builder]]></wp:meta_value>
		</wp:postmeta>
							<wp:postmeta>
			<wp:meta_key>_elementor_version</wp:meta_key>
			<wp:meta_value><![CDATA[2.9.11]]></wp:meta_value>
		</wp:postmeta>
							<wp:postmeta>
			<wp:meta_key>_elementor_template_type</wp:meta_key>
			<wp:meta_value><![CDATA[wp-page]]></wp:meta_value>
		</wp:postmeta>
							<wp:postmeta>
			<wp:meta_key>_oembed_992c44b3a32aec363189635e67914edf</wp:meta_key>
			<wp:meta_value><![CDATA[<iframe title="vimeo placeholder" src="https://player.vimeo.com/video/235215203?dnt=1&amp;app_id=122963" width="500" height="281" frameborder="0" allow="autoplay; fullscreen" allowfullscreen></iframe>]]></wp:meta_value>
		</wp:postmeta>
							<wp:postmeta>
			<wp:meta_key>_oembed_time_992c44b3a32aec363189635e67914edf</wp:meta_key>
			<wp:meta_value><![CDATA[1592219341]]></wp:meta_value>
		</wp:postmeta>
							<wp:postmeta>
			<wp:meta_key>_elementor_controls_usage</wp:meta_key>
			<wp:meta_value><![CDATA[a:13:{s:17:"slider_revolution";a:3:{s:5:"count";i:1;s:15:"control_percent";i:2;s:8:"controls";a:2:{s:7:"content";a:1:{s:15:"content_section";a:2:{s:9:"shortcode";i:1;s:14:"revslidertitle";i:1;}}s:8:"advanced";a:1:{s:8:"wd_extra";a:1:{s:8:"scroll_y";i:1;}}}}s:6:"column";a:3:{s:5:"count";i:18;s:15:"control_percent";i:1;s:8:"controls";a:2:{s:8:"advanced";a:3:{s:16:"section_advanced";a:4:{s:7:"padding";i:2;s:11:"css_classes";i:1;s:6:"margin";i:1;s:13:"margin_tablet";i:1;}s:8:"wd_extra";a:2:{s:20:"column_sticky_offset";i:18;s:8:"scroll_y";i:18;}s:19:"_section_responsive";a:2:{s:11:"hide_tablet";i:2;s:11:"hide_mobile";i:2;}}s:6:"layout";a:1:{s:6:"layout";a:5:{s:19:"_inline_size_tablet";i:7;s:12:"_inline_size";i:7;s:16:"content_position";i:1;s:5:"align";i:1;s:19:"_inline_size_mobile";i:2;}}}}s:7:"section";a:3:{s:5:"count";i:12;s:15:"control_percent";i:0;s:8:"controls";a:3:{s:8:"advanced";a:1:{s:16:"section_advanced";a:6:{s:6:"margin";i:10;s:7:"padding";i:3;s:14:"padding_tablet";i:2;s:13:"margin_tablet";i:7;s:13:"margin_mobile";i:7;s:14:"padding_mobile";i:1;}}s:6:"layout";a:3:{s:14:"section_layout";a:5:{s:3:"gap";i:4;s:6:"height";i:1;s:13:"custom_height";i:1;s:15:"column_position";i:1;s:16:"content_position";i:1;}s:17:"section_structure";a:1:{s:9:"structure";i:5;}s:15:"wd_extra_layout";a:1:{s:18:"wd_section_stretch";i:1;}}s:5:"style";a:2:{s:18:"section_background";a:6:{s:21:"background_background";i:2;s:16:"background_image";i:2;s:15:"background_size";i:2;s:17:"background_repeat";i:2;s:22:"background_size_tablet";i:1;s:26:"background_bg_width_tablet";i:1;}s:14:"section_border";a:3:{s:13:"border_border";i:1;s:12:"border_width";i:1;s:12:"border_color";i:1;}}}}s:9:"wd_banner";a:3:{s:5:"count";i:7;s:15:"control_percent";i:5;s:8:"controls";a:3:{s:7:"content";a:2:{s:21:"image_content_section";a:7:{s:5:"image";i:7;s:10:"image_size";i:7;s:12:"image_height";i:6;s:19:"image_height_tablet";i:1;s:17:"image_bg_position";i:2;s:22:"image_custom_dimension";i:5;s:10:"image_type";i:4;}s:15:"content_section";a:4:{s:5:"title";i:7;s:8:"subtitle";i:7;s:7:"content";i:7;s:8:"btn_text";i:7;}}s:5:"style";a:5:{s:21:"general_style_section";a:3:{s:10:"title_size";i:7;s:21:"woodmart_color_scheme";i:6;s:5:"hover";i:5;}s:22:"subtitle_style_section";a:4:{s:14:"subtitle_color";i:1;s:30:"subtitle_typography_typography";i:2;s:31:"subtitle_typography_font_weight";i:2;s:36:"subtitle_typography_font_size_mobile";i:2;}s:20:"button_style_section";a:6:{s:12:"btn_position";i:5;s:9:"btn_color";i:5;s:9:"btn_shape";i:2;s:15:"hide_btn_mobile";i:2;s:8:"btn_size";i:5;s:9:"btn_style";i:3;}s:20:"layout_style_section";a:4:{s:5:"width";i:5;s:12:"width_mobile";i:5;s:15:"increase_spaces";i:1;s:12:"width_tablet";i:1;}s:19:"title_style_section";a:3:{s:27:"title_typography_typography";i:5;s:33:"title_typography_font_size_mobile";i:5;s:33:"title_typography_font_size_tablet";i:2;}}s:8:"advanced";a:2:{s:8:"wd_extra";a:1:{s:8:"scroll_y";i:7;}s:14:"_section_style";a:1:{s:7:"_margin";i:2;}}}}s:16:"wd_products_tabs";a:3:{s:5:"count";i:2;s:15:"control_percent";i:3;s:8:"controls";a:3:{s:7:"content";a:2:{s:23:"general_content_section";a:1:{s:5:"title";i:2;}s:20:"tabs_content_section";a:1:{s:10:"tabs_items";i:2;}}s:5:"style";a:4:{s:21:"heading_style_section";a:2:{s:6:"design";i:2;s:5:"color";i:2;}s:29:"products_layout_style_section";a:3:{s:14:"items_per_page";i:2;s:10:"pagination";i:2;s:7:"columns";i:1;}s:29:"products_design_style_section";a:4:{s:14:"sale_countdown";i:1;s:18:"stock_progress_bar";i:1;s:20:"highlighted_products";i:1;s:22:"products_bordered_grid";i:1;}s:19:"extra_style_section";a:1:{s:12:"lazy_loading";i:1;}}s:8:"advanced";a:1:{s:8:"wd_extra";a:1:{s:8:"scroll_y";i:2;}}}}s:8:"wd_title";a:3:{s:5:"count";i:5;s:15:"control_percent";i:3;s:8:"controls";a:3:{s:7:"content";a:1:{s:23:"general_content_section";a:3:{s:8:"subtitle";i:5;s:11:"after_title";i:5;s:5:"title";i:5;}}s:5:"style";a:3:{s:19:"title_style_section";a:3:{s:10:"image_size";i:5;s:27:"title_typography_typography";i:4;s:33:"title_typography_font_size_tablet";i:4;}s:21:"general_style_section";a:4:{s:5:"style";i:3;s:5:"color";i:5;s:4:"size";i:5;s:5:"width";i:1;}s:22:"subtitle_style_section";a:2:{s:30:"subtitle_typography_typography";i:1;s:31:"subtitle_typography_font_weight";i:1;}}s:8:"advanced";a:3:{s:8:"wd_extra";a:1:{s:8:"scroll_y";i:5;}s:14:"_section_style";a:1:{s:8:"_padding";i:1;}s:19:"_section_background";a:2:{s:22:"_background_background";i:1;s:17:"_background_color";i:1;}}}}s:11:"wd_products";a:3:{s:5:"count";i:1;s:15:"control_percent";i:3;s:8:"controls";a:2:{s:5:"style";a:3:{s:20:"layout_style_section";a:2:{s:6:"layout";i:1;s:14:"items_per_page";i:1;}s:22:"carousel_style_section";a:1:{s:23:"hide_pagination_control";i:1;}s:29:"products_design_style_section";a:2:{s:13:"product_hover";i:1;s:20:"highlighted_products";i:1;}}s:8:"advanced";a:1:{s:8:"wd_extra";a:1:{s:8:"scroll_y";i:1;}}}}s:9:"wd_button";a:3:{s:5:"count";i:3;s:15:"control_percent";i:2;s:8:"controls";a:3:{s:5:"style";a:1:{s:21:"general_style_section";a:3:{s:5:"color";i:3;s:5:"style";i:3;s:4:"size";i:1;}}s:7:"content";a:1:{s:23:"general_content_section";a:1:{s:4:"text";i:3;}}s:8:"advanced";a:3:{s:8:"wd_extra";a:1:{s:8:"scroll_y";i:3;}s:17:"_section_position";a:1:{s:14:"_element_width";i:2;}s:14:"_section_style";a:1:{s:7:"_margin";i:1;}}}}s:18:"wd_products_widget";a:3:{s:5:"count";i:1;s:15:"control_percent";i:1;s:8:"controls";a:2:{s:7:"content";a:1:{s:23:"general_content_section";a:2:{s:5:"order";i:1;s:6:"number";i:1;}}s:8:"advanced";a:1:{s:8:"wd_extra";a:1:{s:8:"scroll_y";i:1;}}}}s:5:"image";a:3:{s:5:"count";i:1;s:15:"control_percent";i:3;s:8:"controls";a:2:{s:7:"content";a:1:{s:13:"section_image";a:4:{s:5:"align";i:1;s:10:"image_size";i:1;s:5:"image";i:1;s:22:"image_custom_dimension";i:1;}}s:8:"advanced";a:2:{s:8:"wd_extra";a:1:{s:8:"scroll_y";i:1;}s:14:"_section_style";a:2:{s:7:"_margin";i:1;s:14:"_margin_tablet";i:1;}}}}s:7:"wd_blog";a:3:{s:5:"count";i:1;s:15:"control_percent";i:2;s:8:"controls";a:2:{s:5:"style";a:2:{s:21:"general_style_section";a:2:{s:11:"blog_design";i:1;s:14:"items_per_page";i:1;}s:22:"carousel_style_section";a:1:{s:23:"hide_pagination_control";i:1;}}s:8:"advanced";a:1:{s:8:"wd_extra";a:1:{s:8:"scroll_y";i:1;}}}}s:5:"video";a:3:{s:5:"count";i:1;s:15:"control_percent";i:2;s:8:"controls";a:3:{s:7:"content";a:2:{s:13:"section_video";a:1:{s:10:"video_type";i:1;}s:21:"section_image_overlay";a:2:{s:18:"show_image_overlay";i:1;s:13:"image_overlay";i:1;}}s:8:"advanced";a:2:{s:14:"_section_style";a:1:{s:7:"_margin";i:1;}s:8:"wd_extra";a:1:{s:8:"scroll_y";i:1;}}s:5:"style";a:1:{s:19:"section_video_style";a:1:{s:14:"wd_theme_style";i:1;}}}}s:18:"wd_products_brands";a:3:{s:5:"count";i:1;s:15:"control_percent";i:2;s:8:"controls";a:2:{s:5:"style";a:1:{s:21:"general_style_section";a:3:{s:5:"hover";i:1;s:11:"brand_style";i:1;s:5:"style";i:1;}}s:8:"advanced";a:1:{s:8:"wd_extra";a:1:{s:8:"scroll_y";i:1;}}}}}]]></wp:meta_value>
		</wp:postmeta>
						</item>
					<item>
		<title>
				electro-banner10		</title>
		<link>http://dummy.xtemos.com/woodmart-elementor/demos/home-electronics/electro-banner10/</link>
		<pubDate>Fri, 23 Jun 2017 08:07:54 +0000</pubDate>
		<dc:creator><![CDATA[erwin]]></dc:creator>
		<guid isPermaLink="false">http://dummy.xtemos.com/woodmart-elementor/demos/wp-content/uploads/sites/2/2017/06/electro-banner10.jpg</guid>
		<description></description>
		<content:encoded><![CDATA[]]></content:encoded>
		<excerpt:encoded><![CDATA[]]></excerpt:encoded>
		<wp:post_id>497</wp:post_id>
		<wp:post_date>2017-06-23 08:07:54</wp:post_date>
		<wp:post_date_gmt>2017-06-23 08:07:54</wp:post_date_gmt>
		<wp:comment_status>open</wp:comment_status>
		<wp:ping_status>closed</wp:ping_status>
		<wp:post_name>electro-banner10</wp:post_name>
		<wp:status>inherit</wp:status>
		<wp:post_parent>492</wp:post_parent>
		<wp:menu_order>0</wp:menu_order>
		<wp:post_type>attachment</wp:post_type>
		<wp:post_password></wp:post_password>
		<wp:is_sticky>0</wp:is_sticky>
						<wp:attachment_url>http://dummy.xtemos.com/woodmart-elementor/demos/wp-content/uploads/sites/2/2017/06/electro-banner10.jpg</wp:attachment_url>
												<wp:postmeta>
			<wp:meta_key>_wp_attached_file</wp:meta_key>
			<wp:meta_value><![CDATA[2017/06/electro-banner10.jpg]]></wp:meta_value>
		</wp:postmeta>
						</item>
					<item>
		<title>
				electro-banner1-2		</title>
		<link>http://dummy.xtemos.com/woodmart-elementor/demos/home-electronics/electro-banner1-2/</link>
		<pubDate>Fri, 23 Jun 2017 08:08:31 +0000</pubDate>
		<dc:creator><![CDATA[erwin]]></dc:creator>
		<guid isPermaLink="false">http://dummy.xtemos.com/woodmart-elementor/demos/wp-content/uploads/sites/2/2017/06/electro-banner1-2.jpg</guid>
		<description></description>
		<content:encoded><![CDATA[]]></content:encoded>
		<excerpt:encoded><![CDATA[]]></excerpt:encoded>
		<wp:post_id>498</wp:post_id>
		<wp:post_date>2017-06-23 08:08:31</wp:post_date>
		<wp:post_date_gmt>2017-06-23 08:08:31</wp:post_date_gmt>
		<wp:comment_status>open</wp:comment_status>
		<wp:ping_status>closed</wp:ping_status>
		<wp:post_name>electro-banner1-2</wp:post_name>
		<wp:status>inherit</wp:status>
		<wp:post_parent>492</wp:post_parent>
		<wp:menu_order>0</wp:menu_order>
		<wp:post_type>attachment</wp:post_type>
		<wp:post_password></wp:post_password>
		<wp:is_sticky>0</wp:is_sticky>
						<wp:attachment_url>http://dummy.xtemos.com/woodmart-elementor/demos/wp-content/uploads/sites/2/2017/06/electro-banner1-2.jpg</wp:attachment_url>
												<wp:postmeta>
			<wp:meta_key>_wp_attached_file</wp:meta_key>
			<wp:meta_value><![CDATA[2017/06/electro-banner1-2.jpg]]></wp:meta_value>
		</wp:postmeta>
						</item>
					<item>
		<title>
				electro-banner		</title>
		<link>http://dummy.xtemos.com/woodmart-elementor/demos/home-electronics/electro-banner/</link>
		<pubDate>Fri, 23 Jun 2017 08:08:43 +0000</pubDate>
		<dc:creator><![CDATA[erwin]]></dc:creator>
		<guid isPermaLink="false">http://dummy.xtemos.com/woodmart-elementor/demos/wp-content/uploads/sites/2/2017/06/electro-banner.jpg</guid>
		<description></description>
		<content:encoded><![CDATA[]]></content:encoded>
		<excerpt:encoded><![CDATA[]]></excerpt:encoded>
		<wp:post_id>499</wp:post_id>
		<wp:post_date>2017-06-23 08:08:43</wp:post_date>
		<wp:post_date_gmt>2017-06-23 08:08:43</wp:post_date_gmt>
		<wp:comment_status>open</wp:comment_status>
		<wp:ping_status>closed</wp:ping_status>
		<wp:post_name>electro-banner</wp:post_name>
		<wp:status>inherit</wp:status>
		<wp:post_parent>492</wp:post_parent>
		<wp:menu_order>0</wp:menu_order>
		<wp:post_type>attachment</wp:post_type>
		<wp:post_password></wp:post_password>
		<wp:is_sticky>0</wp:is_sticky>
						<wp:attachment_url>http://dummy.xtemos.com/woodmart-elementor/demos/wp-content/uploads/sites/2/2017/06/electro-banner.jpg</wp:attachment_url>
												<wp:postmeta>
			<wp:meta_key>_wp_attached_file</wp:meta_key>
			<wp:meta_value><![CDATA[2017/06/electro-banner.jpg]]></wp:meta_value>
		</wp:postmeta>
						</item>
					<item>
		<title>
				electro-banner3-1		</title>
		<link>http://dummy.xtemos.com/woodmart-elementor/demos/home-electronics/electro-banner3-1/</link>
		<pubDate>Fri, 23 Jun 2017 08:08:57 +0000</pubDate>
		<dc:creator><![CDATA[erwin]]></dc:creator>
		<guid isPermaLink="false">http://dummy.xtemos.com/woodmart-elementor/demos/wp-content/uploads/sites/2/2017/06/electro-banner3-1.jpg</guid>
		<description></description>
		<content:encoded><![CDATA[]]></content:encoded>
		<excerpt:encoded><![CDATA[]]></excerpt:encoded>
		<wp:post_id>500</wp:post_id>
		<wp:post_date>2017-06-23 08:08:57</wp:post_date>
		<wp:post_date_gmt>2017-06-23 08:08:57</wp:post_date_gmt>
		<wp:comment_status>open</wp:comment_status>
		<wp:ping_status>closed</wp:ping_status>
		<wp:post_name>electro-banner3-1</wp:post_name>
		<wp:status>inherit</wp:status>
		<wp:post_parent>492</wp:post_parent>
		<wp:menu_order>0</wp:menu_order>
		<wp:post_type>attachment</wp:post_type>
		<wp:post_password></wp:post_password>
		<wp:is_sticky>0</wp:is_sticky>
						<wp:attachment_url>http://dummy.xtemos.com/woodmart-elementor/demos/wp-content/uploads/sites/2/2017/06/electro-banner3-1.jpg</wp:attachment_url>
												<wp:postmeta>
			<wp:meta_key>_wp_attached_file</wp:meta_key>
			<wp:meta_value><![CDATA[2017/06/electro-banner3-1.jpg]]></wp:meta_value>
		</wp:postmeta>
						</item>
					<item>
		<title>
				electro-banner3		</title>
		<link>http://dummy.xtemos.com/woodmart-elementor/demos/home-electronics/electro-banner3/</link>
		<pubDate>Fri, 23 Jun 2017 08:09:55 +0000</pubDate>
		<dc:creator><![CDATA[erwin]]></dc:creator>
		<guid isPermaLink="false">http://dummy.xtemos.com/woodmart-elementor/demos/wp-content/uploads/sites/2/2017/06/electro-banner3.jpg</guid>
		<description></description>
		<content:encoded><![CDATA[]]></content:encoded>
		<excerpt:encoded><![CDATA[]]></excerpt:encoded>
		<wp:post_id>501</wp:post_id>
		<wp:post_date>2017-06-23 08:09:55</wp:post_date>
		<wp:post_date_gmt>2017-06-23 08:09:55</wp:post_date_gmt>
		<wp:comment_status>open</wp:comment_status>
		<wp:ping_status>closed</wp:ping_status>
		<wp:post_name>electro-banner3</wp:post_name>
		<wp:status>inherit</wp:status>
		<wp:post_parent>492</wp:post_parent>
		<wp:menu_order>0</wp:menu_order>
		<wp:post_type>attachment</wp:post_type>
		<wp:post_password></wp:post_password>
		<wp:is_sticky>0</wp:is_sticky>
						<wp:attachment_url>http://dummy.xtemos.com/woodmart-elementor/demos/wp-content/uploads/sites/2/2017/06/electro-banner3.jpg</wp:attachment_url>
												<wp:postmeta>
			<wp:meta_key>_wp_attached_file</wp:meta_key>
			<wp:meta_value><![CDATA[2017/06/electro-banner3.jpg]]></wp:meta_value>
		</wp:postmeta>
						</item>
					<item>
		<title>
				electro-banner1-32		</title>
		<link>http://dummy.xtemos.com/woodmart-elementor/demos/home-electronics/electro-banner1-32/</link>
		<pubDate>Fri, 23 Jun 2017 08:12:56 +0000</pubDate>
		<dc:creator><![CDATA[erwin]]></dc:creator>
		<guid isPermaLink="false">http://dummy.xtemos.com/woodmart-elementor/demos/wp-content/uploads/sites/2/2017/06/electro-banner1-32.jpg</guid>
		<description></description>
		<content:encoded><![CDATA[]]></content:encoded>
		<excerpt:encoded><![CDATA[]]></excerpt:encoded>
		<wp:post_id>503</wp:post_id>
		<wp:post_date>2017-06-23 08:12:56</wp:post_date>
		<wp:post_date_gmt>2017-06-23 08:12:56</wp:post_date_gmt>
		<wp:comment_status>open</wp:comment_status>
		<wp:ping_status>closed</wp:ping_status>
		<wp:post_name>electro-banner1-32</wp:post_name>
		<wp:status>inherit</wp:status>
		<wp:post_parent>492</wp:post_parent>
		<wp:menu_order>0</wp:menu_order>
		<wp:post_type>attachment</wp:post_type>
		<wp:post_password></wp:post_password>
		<wp:is_sticky>0</wp:is_sticky>
						<wp:attachment_url>http://dummy.xtemos.com/woodmart-elementor/demos/wp-content/uploads/sites/2/2017/06/electro-banner1-32.jpg</wp:attachment_url>
												<wp:postmeta>
			<wp:meta_key>_wp_attached_file</wp:meta_key>
			<wp:meta_value><![CDATA[2017/06/electro-banner1-32.jpg]]></wp:meta_value>
		</wp:postmeta>
						</item>
					<item>
		<title>
				electro-banner11		</title>
		<link>http://dummy.xtemos.com/woodmart-elementor/demos/home-electronics/electro-banner11-2/</link>
		<pubDate>Fri, 23 Jun 2017 08:21:19 +0000</pubDate>
		<dc:creator><![CDATA[erwin]]></dc:creator>
		<guid isPermaLink="false">http://dummy.xtemos.com/woodmart-elementor/demos/wp-content/uploads/sites/2/2017/06/electro-banner11-1.jpg</guid>
		<description></description>
		<content:encoded><![CDATA[]]></content:encoded>
		<excerpt:encoded><![CDATA[]]></excerpt:encoded>
		<wp:post_id>506</wp:post_id>
		<wp:post_date>2017-06-23 08:21:19</wp:post_date>
		<wp:post_date_gmt>2017-06-23 08:21:19</wp:post_date_gmt>
		<wp:comment_status>open</wp:comment_status>
		<wp:ping_status>closed</wp:ping_status>
		<wp:post_name>electro-banner11-2</wp:post_name>
		<wp:status>inherit</wp:status>
		<wp:post_parent>492</wp:post_parent>
		<wp:menu_order>0</wp:menu_order>
		<wp:post_type>attachment</wp:post_type>
		<wp:post_password></wp:post_password>
		<wp:is_sticky>0</wp:is_sticky>
						<wp:attachment_url>http://dummy.xtemos.com/woodmart-elementor/demos/wp-content/uploads/sites/2/2017/06/electro-banner11-1.jpg</wp:attachment_url>
												<wp:postmeta>
			<wp:meta_key>_wp_attached_file</wp:meta_key>
			<wp:meta_value><![CDATA[2017/06/electro-banner11-1.jpg]]></wp:meta_value>
		</wp:postmeta>
						</item>
					<item>
		<title>
				woodmart-dualshok		</title>
		<link>http://dummy.xtemos.com/woodmart-elementor/demos/home-electronics/woodmart-dualshok/</link>
		<pubDate>Fri, 23 Jun 2017 08:35:27 +0000</pubDate>
		<dc:creator><![CDATA[erwin]]></dc:creator>
		<guid isPermaLink="false">http://dummy.xtemos.com/woodmart-elementor/demos/wp-content/uploads/sites/2/2017/06/woodmart-dualshok.png</guid>
		<description></description>
		<content:encoded><![CDATA[]]></content:encoded>
		<excerpt:encoded><![CDATA[]]></excerpt:encoded>
		<wp:post_id>514</wp:post_id>
		<wp:post_date>2017-06-23 08:35:27</wp:post_date>
		<wp:post_date_gmt>2017-06-23 08:35:27</wp:post_date_gmt>
		<wp:comment_status>open</wp:comment_status>
		<wp:ping_status>closed</wp:ping_status>
		<wp:post_name>woodmart-dualshok</wp:post_name>
		<wp:status>inherit</wp:status>
		<wp:post_parent>492</wp:post_parent>
		<wp:menu_order>0</wp:menu_order>
		<wp:post_type>attachment</wp:post_type>
		<wp:post_password></wp:post_password>
		<wp:is_sticky>0</wp:is_sticky>
						<wp:attachment_url>http://dummy.xtemos.com/woodmart-elementor/demos/wp-content/uploads/sites/2/2017/06/woodmart-dualshok.png</wp:attachment_url>
												<wp:postmeta>
			<wp:meta_key>_wp_attached_file</wp:meta_key>
			<wp:meta_value><![CDATA[2017/06/woodmart-dualshok.png]]></wp:meta_value>
		</wp:postmeta>
						</item>
						<item>
		<title>electro-dualshok</title>
		<link>http://dummy.xtemos.com/woodmart/demos/home-electronics/electro-dualshok/</link>
		<pubDate>Fri, 23 Jun 2017 08:27:13 +0000</pubDate>
		<dc:creator><![CDATA[erwin]]></dc:creator>
		<guid isPermaLink="false">http://dummy.xtemos.com/woodmart/demos/wp-content/uploads/sites/2/2017/06/electro-dualshok.jpg</guid>
		<description></description>
		<content:encoded><![CDATA[]]></content:encoded>
		<excerpt:encoded><![CDATA[]]></excerpt:encoded>
		<wp:post_id>508</wp:post_id>
		<wp:post_date>2017-06-23 08:27:13</wp:post_date>
		<wp:post_date_gmt>2017-06-23 08:27:13</wp:post_date_gmt>
		<wp:comment_status>open</wp:comment_status>
		<wp:ping_status>closed</wp:ping_status>
		<wp:post_name>electro-dualshok</wp:post_name>
		<wp:status>inherit</wp:status>
		<wp:post_parent>492</wp:post_parent>
		<wp:menu_order>0</wp:menu_order>
		<wp:post_type>attachment</wp:post_type>
		<wp:post_password></wp:post_password>
		<wp:is_sticky>0</wp:is_sticky>
		<wp:attachment_url>http://dummy.xtemos.com/woodmart/demos/wp-content/uploads/sites/2/2017/06/electro-dualshok.jpg</wp:attachment_url>
		<wp:postmeta>
			<wp:meta_key>_wp_attached_file</wp:meta_key>
			<wp:meta_value><![CDATA[2017/06/electro-dualshok.jpg]]></wp:meta_value>
		</wp:postmeta>
		</item>
				</channel>
</rss>
	