<?xml version="1.0" encoding="UTF-8" ?>
<!-- This is a WordPress eXtended RSS file generated by WordPress as an export of your site. -->
<!-- It contains information about your site's posts, pages, comments, categories, and other content. -->
<!-- You may use this file to transfer that content from one site to another. -->
<!-- This file is not intended to serve as a complete backup of your site. -->

<!-- To import this information into a WordPress site follow these steps: -->
<!-- 1. Log in to that site as an administrator. -->
<!-- 2. Go to Tools: Import in the WordPress admin panel. -->
<!-- 3. Install the "WordPress" importer from the list. -->
<!-- 4. Activate & Run Importer. -->
<!-- 5. Upload this file using the form provided on that page. -->
<!-- 6. You will first be asked to map the authors in this export file to users -->
<!--    on the site. For each author, you may choose to map to an -->
<!--    existing user on the site or to create a new user. -->
<!-- 7. WordPress will then import each of the posts, pages, comments, categories, etc. -->
<!--    contained in this file into your site. -->

<!-- generator="WordPress/4.8" created="2017-06-23 08:45" -->
<rss version="2.0"
	xmlns:excerpt="http://wordpress.org/export/1.2/excerpt/"
	xmlns:content="http://purl.org/rss/1.0/modules/content/"
	xmlns:wfw="http://wellformedweb.org/CommentAPI/"
	xmlns:dc="http://purl.org/dc/elements/1.1/"
	xmlns:wp="http://wordpress.org/export/1.2/"
>

<channel>
	<title>Woodmart dummy demos</title>
	<link>http://dummy.xtemos.com/woodmart/demos</link>
	<description>Just another Woodmart Dummy Content Sites site</description>
	<pubDate>Fri, 23 Jun 2017 08:45:15 +0000</pubDate>
	<language>en-US</language>
	<wp:wxr_version>1.2</wp:wxr_version>
	<wp:base_site_url>http://dummy.xtemos.com/woodmart/</wp:base_site_url>
	<wp:base_blog_url>http://dummy.xtemos.com/woodmart/demos</wp:base_blog_url>

	<wp:author><wp:author_id>1</wp:author_id><wp:author_login>admin</wp:author_login><wp:author_email>se@as.as</wp:author_email><wp:author_display_name><![CDATA[admin]]></wp:author_display_name><wp:author_first_name><![CDATA[]]></wp:author_first_name><wp:author_last_name><![CDATA[]]></wp:author_last_name></wp:author>
	<wp:author><wp:author_id>2</wp:author_id><wp:author_login>erwin</wp:author_login><wp:author_email>ss@asas.as</wp:author_email><wp:author_display_name><![CDATA[erwin]]></wp:author_display_name><wp:author_first_name><![CDATA[]]></wp:author_first_name><wp:author_last_name><![CDATA[]]></wp:author_last_name></wp:author>


	<generator>https://wordpress.org/?v=4.8</generator>

	<item>
		<title>wood-main-bg</title>
		<link>http://dummy.xtemos.com/woodmart/demos/product/wooden-single-drawer/wood-main-bg/</link>
		<pubDate>Wed, 14 Jun 2017 08:07:10 +0000</pubDate>
		<dc:creator><![CDATA[admin]]></dc:creator>
		<guid isPermaLink="false">http://dummy.xtemos.com/woodmart/demos/wp-content/uploads/sites/2/2017/06/wood-main-bg.jpg</guid>
		<description></description>
		<content:encoded><![CDATA[]]></content:encoded>
		<excerpt:encoded><![CDATA[]]></excerpt:encoded>
		<wp:post_id>44</wp:post_id>
		<wp:post_date>2017-06-14 08:07:10</wp:post_date>
		<wp:post_date_gmt>2017-06-14 08:07:10</wp:post_date_gmt>
		<wp:comment_status>open</wp:comment_status>
		<wp:ping_status>closed</wp:ping_status>
		<wp:post_name>wood-main-bg</wp:post_name>
		<wp:status>inherit</wp:status>
		<wp:post_parent>42</wp:post_parent>
		<wp:menu_order>0</wp:menu_order>
		<wp:post_type>attachment</wp:post_type>
		<wp:post_password></wp:post_password>
		<wp:is_sticky>0</wp:is_sticky>
		<wp:attachment_url>http://dummy.xtemos.com/woodmart/demos/wp-content/uploads/sites/2/2017/06/wood-main-bg.jpg</wp:attachment_url>
		<wp:postmeta>
			<wp:meta_key>_wp_attached_file</wp:meta_key>
			<wp:meta_value><![CDATA[2017/06/wood-main-bg.jpg]]></wp:meta_value>
		</wp:postmeta>
	</item>
	<item>
		<title>Home electronics</title>
		<link>http://dummy.xtemos.com/woodmart/demos/home-electronics/</link>
		<pubDate>Fri, 23 Jun 2017 07:54:20 +0000</pubDate>
		<dc:creator><![CDATA[erwin]]></dc:creator>
		<guid isPermaLink="false">http://dummy.xtemos.com/woodmart/demos/?page_id=492</guid>
		<description></description>
		<content:encoded><![CDATA[[vc_row css=".vc_custom_1497436304841{margin-top: -30px !important;margin-bottom: 0px !important;border-top-width: 0px !important;border-bottom-width: 0px !important;padding-top: 0px !important;padding-bottom: 0px !important;}" el_class="hidden-lg"][vc_column css=".vc_custom_1496150831147{margin-top: 0px !important;margin-bottom: 0px !important;border-top-width: 0px !important;border-bottom-width: 0px !important;padding-top: 0px !important;padding-bottom: 0px !important;}" offset="vc_hidden-lg"][/vc_column][/vc_row][vc_row css=".vc_custom_1497370349481{margin-top: -10px !important;margin-right: -10px !important;margin-bottom: 30px !important;margin-left: -10px !important;}"][vc_column width="1/4" css=".vc_custom_1497367543743{padding-top: 0px !important;padding-right: 10px !important;padding-left: 10px !important;}"][/vc_column][vc_column css=".vc_custom_1497367535727{padding-top: 0px !important;padding-right: 10px !important;padding-left: 10px !important;}" offset="vc_col-lg-9 vc_col-md-12"][rev_slider alias="electronics"][/vc_column][/vc_row][vc_row css=".vc_custom_1497370362973{margin-bottom: 8vh !important;}"][vc_column 0=""][banners_carousel slides_per_view="2" slider_spacing="30" hide_pagination_control="yes" hide_prev_next_buttons="yes"][promo_banner image="497" btn_position="static" btn_color="primary" btn_style="round" btn_size="small" subtitle_color="primary" title_size="large" hover="none" woodmart_color_scheme="dark" img_size="full" link="url:%23|||" title="WEBCAMS 2017" subtitle="<strong>NEW TECHNOLOGIES</strong>" btn_text="Shop More"]
<div class="hidden-xs">Auctor litora ultrices suscipit
malesuada nunc a netus</div>
[/promo_banner][promo_banner image="506" btn_position="static" btn_color="white" btn_style="round" btn_size="small" title_size="large" hover="none" woodmart_color_scheme="light" img_size="full" link="url:%23|||" title="LEATHER CASES" subtitle="<strong>APPLE ACCESSORIES</strong>" btn_text="SHOP MORE"]
<div class="hidden-xs">Condimentum curabitur vestibulum
dapibus porttitor adipiscing</div>
[/promo_banner][/banners_carousel][/vc_column][/vc_row][vc_row css=".vc_custom_1497424250728{margin-bottom: 8vh !important;}"][vc_column][products_tabs design="simple" color="#007bc4" title="ELECTRONICS"][products_tab title="New" items_per_page="8" pagination="arrows" columns="4" orderby="post__in"][products_tab title="Featured" items_per_page="8" pagination="arrows" columns="4" orderby="post__in"][products_tab title="Top Sellers" items_per_page="8" pagination="arrows" columns="4" orderby="post__in"][/products_tabs][/vc_column][/vc_row][vc_row css=".vc_custom_1497432788836{margin-bottom: 8vh !important;padding-right: 15px !important;padding-left: 15px !important;}"][vc_column css=".vc_custom_1496212736766{padding-right: 0px !important;padding-left: 0px !important;}" offset="vc_col-lg-4 vc_col-md-4 vc_col-xs-12"][promo_banner image="498" btn_position="static" btn_color="white" btn_style="round" btn_size="small" title_size="extra-large" hover="parallax" woodmart_color_scheme="light" img_size="full" link="url:%23|||" title="Monster Beats
Headphones" subtitle="Hich Tech News" btn_text="Read More"][/promo_banner][/vc_column][vc_column css=".vc_custom_1496212746369{padding-right: 0px !important;padding-left: 0px !important;}" offset="vc_col-md-5 vc_col-xs-12"][promo_banner image="500" title_size="large" hover="parallax" woodmart_color_scheme="light" img_size="500x200" link="url:%23|||" title="Apple iPhone 7
Color Red" subtitle="Play The Dream"][/promo_banner][promo_banner image="501" title_size="large" hover="parallax" woodmart_color_scheme="light" img_size="500x200" link="url:%23|||" title="Music Makes
Feel Better" subtitle="Minimalism Design"][/promo_banner][/vc_column][vc_column width="1/4" css=".vc_custom_1496152329587{padding-right: 0px !important;padding-left: 0px !important;}" offset="vc_col-lg-3 vc_col-md-3 vc_hidden-sm vc_hidden-xs"][promo_banner image="499" btn_position="static" btn_color="white" btn_style="round" btn_size="small" title_size="extra-large" hover="parallax" woodmart_color_scheme="light" alignment="center" img_size="300x400" link="url:%23|||" title="Apple iWatch Nike Edition" subtitle="Health &amp; Fit" btn_text="Watch Demo"][/promo_banner][/vc_column][/vc_row][vc_row full_width="stretch_row" css=".vc_custom_1498206293182{margin-bottom: 7vh !important;padding-top: 4vh !important;padding-bottom: 4vh !important;background-image: url(http://dummy.xtemos.com/woodmart/demos/wp-content/uploads/sites/2/2017/06/wood-main-bg.jpg?id=44) !important;background-position: center !important;background-repeat: no-repeat !important;background-size: cover !important;}"][vc_column 0="" css=".vc_custom_1497424346406{padding-top: 0px !important;}"][woodmart_title style="underlined" color="primary" size="medium" title="TODAY HOT DEALS"][woodmart_products layout="carousel" items_per_page="3" product_hover="quick" sale_countdown="true" slides_per_view="3" hide_pagination_control="yes"][vc_empty_space height="20" el_class="hidden-xs hidden-sm"][woodmart_button color="primary" style="round" size="large" align="center" title="View All Deals" link="url:%23|||"][/vc_column][/vc_row][vc_row css=".vc_custom_1497427953441{margin-bottom: 8vh !important;padding-right: 15px !important;padding-left: 15px !important;background-color: #ffffff !important;}"][vc_column width="1/4" css=".vc_custom_1496212286574{padding-top: 0px !important;padding-left: 0px !important;}" offset="vc_hidden-sm vc_hidden-xs"][promo_banner image="503" btn_position="static" btn_color="white" btn_style="round" btn_size="small" title_size="extra-large" hover="parallax" woodmart_color_scheme="light" img_size="full" link="url:%23|||" title="Google Smart Home 2017" subtitle="Hich Tech News" btn_text="Read More"][/promo_banner][vc_row_inner css=".vc_custom_1491379376286{margin-top: 30px !important;margin-right: 0px !important;margin-left: 0px !important;}"][vc_column_inner css=".vc_custom_1491379284418{border-top-width: 3px !important;border-right-width: 3px !important;border-bottom-width: 3px !important;border-left-width: 3px !important;padding-top: 20px !important;padding-right: 20px !important;padding-bottom: 20px !important;padding-left: 20px !important;border-left-color: #007bc4 !important;border-left-style: solid !important;border-right-color: #007bc4 !important;border-right-style: solid !important;border-top-color: #007bc4 !important;border-top-style: solid !important;border-bottom-color: #007bc4 !important;border-bottom-style: solid !important;}"][woodmart_title color="white" size="small" title="FEATURED PRODUCTS" css=".vc_custom_1496043670391{margin-top: -20px !important;margin-right: -20px !important;margin-left: -20px !important;padding-top: 20px !important;padding-right: 20px !important;padding-bottom: 20px !important;padding-left: 20px !important;background-color: #007bc4 !important;}"][woodmart_shortcode_products_widget number="4" order="desc" ids=""][/vc_column_inner][/vc_row_inner][/vc_column][vc_column css=".vc_custom_1496212066590{padding-top: 0px !important;}" offset="vc_col-md-9 vc_col-xs-12"][products_tabs image="8494" design="simple" color="#007bc4" title="ELECTRONICS"][products_tab title="New" items_per_page="6" pagination="arrows" columns="3" orderby="post__in"][products_tab title="FEATURED" items_per_page="6" pagination="arrows" columns="3" orderby="post__in"][products_tab title="SALES" items_per_page="6" pagination="arrows" columns="3" orderby="post__in" taxonomies="109"][/products_tabs][/vc_column][/vc_row][vc_row 0="" css=".vc_custom_1498206180113{margin-right: 0px !important;margin-bottom: 0px !important;margin-left: 0px !important;background-image: url(http://dummy.xtemos.com/woodmart/demos/wp-content/uploads/sites/2/2017/06/electro-dualshok.jpg?id=508) !important;background-position: center !important;background-repeat: no-repeat !important;background-size: cover !important;}"][vc_column 0="" css=".vc_custom_1497429824807{padding-top: 40px !important;padding-right: 7% !important;padding-left: 7% !important;}" offset="vc_col-md-5 vc_col-xs-12" el_class="text-center"][woodmart_title color="white" size="large" title="Sony Playstation 4 Dualshok Controller" subtitle="<strong>GAMING COLLECTION</strong>" css=".vc_custom_1497429840108{margin-bottom: 15px !important;}"][woodmart_button color="primary" style="round" button_inline="yes" title="Buy Now" link="url:%23|||"][woodmart_button color="white" style="link" button_inline="yes" title="Read More" link="url:%23|||"][/vc_column][vc_column css=".vc_custom_1497428452356{padding-top: 0px !important;}" offset="vc_col-md-7 vc_col-xs-12"][vc_empty_space height="80" el_class="hidden-xs hidden-sm"][vc_single_image image="514" img_size="full" alignment="center" css=".vc_custom_1498206670893{margin-top: 20px !important;}"][/vc_column][/vc_row][vc_row css=".vc_custom_1496045301281{margin-bottom: 3vh !important;}"][vc_column 0="" css=".vc_custom_1497430030172{padding-top: 0px !important;}"][woodmart_title style="underlined" color="primary" size="medium" title="INNOVATIVE GADGETS"][woodmart_blog items_per_page="5" blog_design="carousel" parts_title="1" parts_meta="1" parts_text="1" parts_btn="1" slides_per_view="3" hide_pagination_control="yes" taxonomies="48" img_size="full"][/vc_column][/vc_row][vc_row 0="" css=".vc_custom_1497433733636{margin-bottom: 0px !important;}"][vc_column 0=""][woodmart_title style="underlined" color="primary" size="medium" title="OUR PARTNERS" css=".vc_custom_1497432402206{margin-bottom: 40px !important;}"][vc_row_inner content_placement="middle" css=".vc_custom_1497433701576{margin-bottom: 0px !important;}"][vc_column_inner width="1/2" css=".vc_custom_1497433683063{margin-bottom: 25px !important;padding-top: 0px !important;}"][vc_video link="https://vimeo.com/138268307" image_poster_switch="yes" poster_image="44" img_size="full" css=".vc_custom_1498204568576{margin-bottom: 0px !important;}"][/vc_column_inner][vc_column_inner width="1/2" css=".vc_custom_1497433688310{margin-bottom: 25px !important;padding-top: 0px !important;}"][woodmart_brands orderby="" order="" hover="alt" brand_style="bordered" style="grid" columns="3" number="9" ids=""][/vc_column_inner][/vc_row_inner][/vc_column][/vc_row]]]></content:encoded>
		<excerpt:encoded><![CDATA[]]></excerpt:encoded>
		<wp:post_id>492</wp:post_id>
		<wp:post_date>2017-06-23 07:54:20</wp:post_date>
		<wp:post_date_gmt>2017-06-23 07:54:20</wp:post_date_gmt>
		<wp:comment_status>closed</wp:comment_status>
		<wp:ping_status>closed</wp:ping_status>
		<wp:post_name>home-electronics</wp:post_name>
		<wp:status>publish</wp:status>
		<wp:post_parent>0</wp:post_parent>
		<wp:menu_order>0</wp:menu_order>
		<wp:post_type>page</wp:post_type>
		<wp:post_password></wp:post_password>
		<wp:is_sticky>0</wp:is_sticky>
		<wp:postmeta>
			<wp:meta_key>_wp_page_template</wp:meta_key>
			<wp:meta_value><![CDATA[default]]></wp:meta_value>
		</wp:postmeta>
		<wp:postmeta>
			<wp:meta_key>_wpb_shortcodes_custom_css</wp:meta_key>
			<wp:meta_value><![CDATA[.vc_custom_1497436304841{margin-top: -30px !important;margin-bottom: 0px !important;border-top-width: 0px !important;border-bottom-width: 0px !important;padding-top: 0px !important;padding-bottom: 0px !important;}.vc_custom_1497370349481{margin-top: -10px !important;margin-right: -10px !important;margin-bottom: 30px !important;margin-left: -10px !important;}.vc_custom_1497370362973{margin-bottom: 8vh !important;}.vc_custom_1497424250728{margin-bottom: 8vh !important;}.vc_custom_1497432788836{margin-bottom: 8vh !important;padding-right: 15px !important;padding-left: 15px !important;}.vc_custom_1498206293182{margin-bottom: 7vh !important;padding-top: 4vh !important;padding-bottom: 4vh !important;background-image: url(http://dummy.xtemos.com/woodmart/demos/wp-content/uploads/sites/2/2017/06/wood-main-bg.jpg?id=44) !important;background-position: center !important;background-repeat: no-repeat !important;background-size: cover !important;}.vc_custom_1497427953441{margin-bottom: 8vh !important;padding-right: 15px !important;padding-left: 15px !important;background-color: #ffffff !important;}.vc_custom_1498206180113{margin-right: 0px !important;margin-bottom: 0px !important;margin-left: 0px !important;background-image: url(http://dummy.xtemos.com/woodmart/demos/wp-content/uploads/sites/2/2017/06/electro-dualshok.jpg?id=508) !important;background-position: center !important;background-repeat: no-repeat !important;background-size: cover !important;}.vc_custom_1496045301281{margin-bottom: 3vh !important;}.vc_custom_1497433733636{margin-bottom: 0px !important;}.vc_custom_1496150831147{margin-top: 0px !important;margin-bottom: 0px !important;border-top-width: 0px !important;border-bottom-width: 0px !important;padding-top: 0px !important;padding-bottom: 0px !important;}.vc_custom_1497367543743{padding-top: 0px !important;padding-right: 10px !important;padding-left: 10px !important;}.vc_custom_1497367535727{padding-top: 0px !important;padding-right: 10px !important;padding-left: 10px !important;}.vc_custom_1496212736766{padding-right: 0px !important;padding-left: 0px !important;}.vc_custom_1496212746369{padding-right: 0px !important;padding-left: 0px !important;}.vc_custom_1496152329587{padding-right: 0px !important;padding-left: 0px !important;}.vc_custom_1497424346406{padding-top: 0px !important;}.vc_custom_1496212286574{padding-top: 0px !important;padding-left: 0px !important;}.vc_custom_1496212066590{padding-top: 0px !important;}.vc_custom_1491379376286{margin-top: 30px !important;margin-right: 0px !important;margin-left: 0px !important;}.vc_custom_1491379284418{border-top-width: 3px !important;border-right-width: 3px !important;border-bottom-width: 3px !important;border-left-width: 3px !important;padding-top: 20px !important;padding-right: 20px !important;padding-bottom: 20px !important;padding-left: 20px !important;border-left-color: #007bc4 !important;border-left-style: solid !important;border-right-color: #007bc4 !important;border-right-style: solid !important;border-top-color: #007bc4 !important;border-top-style: solid !important;border-bottom-color: #007bc4 !important;border-bottom-style: solid !important;}.vc_custom_1496043670391{margin-top: -20px !important;margin-right: -20px !important;margin-left: -20px !important;padding-top: 20px !important;padding-right: 20px !important;padding-bottom: 20px !important;padding-left: 20px !important;background-color: #007bc4 !important;}.vc_custom_1497429824807{padding-top: 40px !important;padding-right: 7% !important;padding-left: 7% !important;}.vc_custom_1497428452356{padding-top: 0px !important;}.vc_custom_1497429840108{margin-bottom: 15px !important;}.vc_custom_1498206670893{margin-top: 20px !important;}.vc_custom_1497430030172{padding-top: 0px !important;}.vc_custom_1497432402206{margin-bottom: 40px !important;}.vc_custom_1497433701576{margin-bottom: 0px !important;}.vc_custom_1497433683063{margin-bottom: 25px !important;padding-top: 0px !important;}.vc_custom_1497433688310{margin-bottom: 25px !important;padding-top: 0px !important;}.vc_custom_1498204568576{margin-bottom: 0px !important;}]]></wp:meta_value>
		</wp:postmeta>
		<wp:postmeta>
			<wp:meta_key>_woodmart_header_color_scheme</wp:meta_key>
			<wp:meta_value><![CDATA[inherit]]></wp:meta_value>
		</wp:postmeta>
		<wp:postmeta>
			<wp:meta_key>_oembed_ca589a4e0d5c77bf01d2aecce080c575</wp:meta_key>
			<wp:meta_value><![CDATA[<iframe src="https://player.vimeo.com/video/138268307" width="500" height="281" frameborder="0" title="Put It On Paper" webkitallowfullscreen mozallowfullscreen allowfullscreen></iframe>]]></wp:meta_value>
		</wp:postmeta>
		<wp:postmeta>
			<wp:meta_key>_oembed_time_ca589a4e0d5c77bf01d2aecce080c575</wp:meta_key>
			<wp:meta_value><![CDATA[1498204472]]></wp:meta_value>
		</wp:postmeta>
		<wp:postmeta>
			<wp:meta_key>_woodmart_main_layout</wp:meta_key>
			<wp:meta_value><![CDATA[full-width]]></wp:meta_value>
		</wp:postmeta>
		<wp:postmeta>
			<wp:meta_key>_woodmart_title_off</wp:meta_key>
			<wp:meta_value><![CDATA[on]]></wp:meta_value>
		</wp:postmeta>
		<wp:postmeta>
			<wp:meta_key>_woodmart_open_categories</wp:meta_key>
			<wp:meta_value><![CDATA[on]]></wp:meta_value>
		</wp:postmeta>
		<wp:postmeta>
			<wp:meta_key>_woodmart_prefooter_off</wp:meta_key>
			<wp:meta_value><![CDATA[on]]></wp:meta_value>
		</wp:postmeta>
	</item>
	<item>
		<title>electro-banner10</title>
		<link>http://dummy.xtemos.com/woodmart/demos/home-electronics/electro-banner10/</link>
		<pubDate>Fri, 23 Jun 2017 08:07:54 +0000</pubDate>
		<dc:creator><![CDATA[erwin]]></dc:creator>
		<guid isPermaLink="false">http://dummy.xtemos.com/woodmart/demos/wp-content/uploads/sites/2/2017/06/electro-banner10.jpg</guid>
		<description></description>
		<content:encoded><![CDATA[]]></content:encoded>
		<excerpt:encoded><![CDATA[]]></excerpt:encoded>
		<wp:post_id>497</wp:post_id>
		<wp:post_date>2017-06-23 08:07:54</wp:post_date>
		<wp:post_date_gmt>2017-06-23 08:07:54</wp:post_date_gmt>
		<wp:comment_status>open</wp:comment_status>
		<wp:ping_status>closed</wp:ping_status>
		<wp:post_name>electro-banner10</wp:post_name>
		<wp:status>inherit</wp:status>
		<wp:post_parent>492</wp:post_parent>
		<wp:menu_order>0</wp:menu_order>
		<wp:post_type>attachment</wp:post_type>
		<wp:post_password></wp:post_password>
		<wp:is_sticky>0</wp:is_sticky>
		<wp:attachment_url>http://dummy.xtemos.com/woodmart/demos/wp-content/uploads/sites/2/2017/06/electro-banner10.jpg</wp:attachment_url>
		<wp:postmeta>
			<wp:meta_key>_wp_attached_file</wp:meta_key>
			<wp:meta_value><![CDATA[2017/06/electro-banner10.jpg]]></wp:meta_value>
		</wp:postmeta>
	</item>
	<item>
		<title>electro-banner1-2</title>
		<link>http://dummy.xtemos.com/woodmart/demos/home-electronics/electro-banner1-2/</link>
		<pubDate>Fri, 23 Jun 2017 08:08:31 +0000</pubDate>
		<dc:creator><![CDATA[erwin]]></dc:creator>
		<guid isPermaLink="false">http://dummy.xtemos.com/woodmart/demos/wp-content/uploads/sites/2/2017/06/electro-banner1-2.jpg</guid>
		<description></description>
		<content:encoded><![CDATA[]]></content:encoded>
		<excerpt:encoded><![CDATA[]]></excerpt:encoded>
		<wp:post_id>498</wp:post_id>
		<wp:post_date>2017-06-23 08:08:31</wp:post_date>
		<wp:post_date_gmt>2017-06-23 08:08:31</wp:post_date_gmt>
		<wp:comment_status>open</wp:comment_status>
		<wp:ping_status>closed</wp:ping_status>
		<wp:post_name>electro-banner1-2</wp:post_name>
		<wp:status>inherit</wp:status>
		<wp:post_parent>492</wp:post_parent>
		<wp:menu_order>0</wp:menu_order>
		<wp:post_type>attachment</wp:post_type>
		<wp:post_password></wp:post_password>
		<wp:is_sticky>0</wp:is_sticky>
		<wp:attachment_url>http://dummy.xtemos.com/woodmart/demos/wp-content/uploads/sites/2/2017/06/electro-banner1-2.jpg</wp:attachment_url>
		<wp:postmeta>
			<wp:meta_key>_wp_attached_file</wp:meta_key>
			<wp:meta_value><![CDATA[2017/06/electro-banner1-2.jpg]]></wp:meta_value>
		</wp:postmeta>
	</item>
	<item>
		<title>electro-banner</title>
		<link>http://dummy.xtemos.com/woodmart/demos/home-electronics/electro-banner/</link>
		<pubDate>Fri, 23 Jun 2017 08:08:43 +0000</pubDate>
		<dc:creator><![CDATA[erwin]]></dc:creator>
		<guid isPermaLink="false">http://dummy.xtemos.com/woodmart/demos/wp-content/uploads/sites/2/2017/06/electro-banner.jpg</guid>
		<description></description>
		<content:encoded><![CDATA[]]></content:encoded>
		<excerpt:encoded><![CDATA[]]></excerpt:encoded>
		<wp:post_id>499</wp:post_id>
		<wp:post_date>2017-06-23 08:08:43</wp:post_date>
		<wp:post_date_gmt>2017-06-23 08:08:43</wp:post_date_gmt>
		<wp:comment_status>open</wp:comment_status>
		<wp:ping_status>closed</wp:ping_status>
		<wp:post_name>electro-banner</wp:post_name>
		<wp:status>inherit</wp:status>
		<wp:post_parent>492</wp:post_parent>
		<wp:menu_order>0</wp:menu_order>
		<wp:post_type>attachment</wp:post_type>
		<wp:post_password></wp:post_password>
		<wp:is_sticky>0</wp:is_sticky>
		<wp:attachment_url>http://dummy.xtemos.com/woodmart/demos/wp-content/uploads/sites/2/2017/06/electro-banner.jpg</wp:attachment_url>
		<wp:postmeta>
			<wp:meta_key>_wp_attached_file</wp:meta_key>
			<wp:meta_value><![CDATA[2017/06/electro-banner.jpg]]></wp:meta_value>
		</wp:postmeta>
	</item>
	<item>
		<title>electro-banner3-1</title>
		<link>http://dummy.xtemos.com/woodmart/demos/home-electronics/electro-banner3-1/</link>
		<pubDate>Fri, 23 Jun 2017 08:08:57 +0000</pubDate>
		<dc:creator><![CDATA[erwin]]></dc:creator>
		<guid isPermaLink="false">http://dummy.xtemos.com/woodmart/demos/wp-content/uploads/sites/2/2017/06/electro-banner3-1.jpg</guid>
		<description></description>
		<content:encoded><![CDATA[]]></content:encoded>
		<excerpt:encoded><![CDATA[]]></excerpt:encoded>
		<wp:post_id>500</wp:post_id>
		<wp:post_date>2017-06-23 08:08:57</wp:post_date>
		<wp:post_date_gmt>2017-06-23 08:08:57</wp:post_date_gmt>
		<wp:comment_status>open</wp:comment_status>
		<wp:ping_status>closed</wp:ping_status>
		<wp:post_name>electro-banner3-1</wp:post_name>
		<wp:status>inherit</wp:status>
		<wp:post_parent>492</wp:post_parent>
		<wp:menu_order>0</wp:menu_order>
		<wp:post_type>attachment</wp:post_type>
		<wp:post_password></wp:post_password>
		<wp:is_sticky>0</wp:is_sticky>
		<wp:attachment_url>http://dummy.xtemos.com/woodmart/demos/wp-content/uploads/sites/2/2017/06/electro-banner3-1.jpg</wp:attachment_url>
		<wp:postmeta>
			<wp:meta_key>_wp_attached_file</wp:meta_key>
			<wp:meta_value><![CDATA[2017/06/electro-banner3-1.jpg]]></wp:meta_value>
		</wp:postmeta>
	</item>
	<item>
		<title>electro-banner3</title>
		<link>http://dummy.xtemos.com/woodmart/demos/home-electronics/electro-banner3/</link>
		<pubDate>Fri, 23 Jun 2017 08:09:55 +0000</pubDate>
		<dc:creator><![CDATA[erwin]]></dc:creator>
		<guid isPermaLink="false">http://dummy.xtemos.com/woodmart/demos/wp-content/uploads/sites/2/2017/06/electro-banner3.jpg</guid>
		<description></description>
		<content:encoded><![CDATA[]]></content:encoded>
		<excerpt:encoded><![CDATA[]]></excerpt:encoded>
		<wp:post_id>501</wp:post_id>
		<wp:post_date>2017-06-23 08:09:55</wp:post_date>
		<wp:post_date_gmt>2017-06-23 08:09:55</wp:post_date_gmt>
		<wp:comment_status>open</wp:comment_status>
		<wp:ping_status>closed</wp:ping_status>
		<wp:post_name>electro-banner3</wp:post_name>
		<wp:status>inherit</wp:status>
		<wp:post_parent>492</wp:post_parent>
		<wp:menu_order>0</wp:menu_order>
		<wp:post_type>attachment</wp:post_type>
		<wp:post_password></wp:post_password>
		<wp:is_sticky>0</wp:is_sticky>
		<wp:attachment_url>http://dummy.xtemos.com/woodmart/demos/wp-content/uploads/sites/2/2017/06/electro-banner3.jpg</wp:attachment_url>
		<wp:postmeta>
			<wp:meta_key>_wp_attached_file</wp:meta_key>
			<wp:meta_value><![CDATA[2017/06/electro-banner3.jpg]]></wp:meta_value>
		</wp:postmeta>
	</item>
	<item>
		<title>electro-banner1-32</title>
		<link>http://dummy.xtemos.com/woodmart/demos/home-electronics/electro-banner1-32/</link>
		<pubDate>Fri, 23 Jun 2017 08:12:56 +0000</pubDate>
		<dc:creator><![CDATA[erwin]]></dc:creator>
		<guid isPermaLink="false">http://dummy.xtemos.com/woodmart/demos/wp-content/uploads/sites/2/2017/06/electro-banner1-32.jpg</guid>
		<description></description>
		<content:encoded><![CDATA[]]></content:encoded>
		<excerpt:encoded><![CDATA[]]></excerpt:encoded>
		<wp:post_id>503</wp:post_id>
		<wp:post_date>2017-06-23 08:12:56</wp:post_date>
		<wp:post_date_gmt>2017-06-23 08:12:56</wp:post_date_gmt>
		<wp:comment_status>open</wp:comment_status>
		<wp:ping_status>closed</wp:ping_status>
		<wp:post_name>electro-banner1-32</wp:post_name>
		<wp:status>inherit</wp:status>
		<wp:post_parent>492</wp:post_parent>
		<wp:menu_order>0</wp:menu_order>
		<wp:post_type>attachment</wp:post_type>
		<wp:post_password></wp:post_password>
		<wp:is_sticky>0</wp:is_sticky>
		<wp:attachment_url>http://dummy.xtemos.com/woodmart/demos/wp-content/uploads/sites/2/2017/06/electro-banner1-32.jpg</wp:attachment_url>
		<wp:postmeta>
			<wp:meta_key>_wp_attached_file</wp:meta_key>
			<wp:meta_value><![CDATA[2017/06/electro-banner1-32.jpg]]></wp:meta_value>
		</wp:postmeta>
	</item>
	<item>
		<title>electro-banner11</title>
		<link>http://dummy.xtemos.com/woodmart/demos/home-electronics/electro-banner11-2/</link>
		<pubDate>Fri, 23 Jun 2017 08:21:19 +0000</pubDate>
		<dc:creator><![CDATA[erwin]]></dc:creator>
		<guid isPermaLink="false">http://dummy.xtemos.com/woodmart/demos/wp-content/uploads/sites/2/2017/06/electro-banner11-1.jpg</guid>
		<description></description>
		<content:encoded><![CDATA[]]></content:encoded>
		<excerpt:encoded><![CDATA[]]></excerpt:encoded>
		<wp:post_id>506</wp:post_id>
		<wp:post_date>2017-06-23 08:21:19</wp:post_date>
		<wp:post_date_gmt>2017-06-23 08:21:19</wp:post_date_gmt>
		<wp:comment_status>open</wp:comment_status>
		<wp:ping_status>closed</wp:ping_status>
		<wp:post_name>electro-banner11-2</wp:post_name>
		<wp:status>inherit</wp:status>
		<wp:post_parent>492</wp:post_parent>
		<wp:menu_order>0</wp:menu_order>
		<wp:post_type>attachment</wp:post_type>
		<wp:post_password></wp:post_password>
		<wp:is_sticky>0</wp:is_sticky>
		<wp:attachment_url>http://dummy.xtemos.com/woodmart/demos/wp-content/uploads/sites/2/2017/06/electro-banner11-1.jpg</wp:attachment_url>
		<wp:postmeta>
			<wp:meta_key>_wp_attached_file</wp:meta_key>
			<wp:meta_value><![CDATA[2017/06/electro-banner11-1.jpg]]></wp:meta_value>
		</wp:postmeta>
	</item>
	<item>
		<title>woodmart-dualshok</title>
		<link>http://dummy.xtemos.com/woodmart/demos/home-electronics/woodmart-dualshok/</link>
		<pubDate>Fri, 23 Jun 2017 08:35:27 +0000</pubDate>
		<dc:creator><![CDATA[erwin]]></dc:creator>
		<guid isPermaLink="false">http://dummy.xtemos.com/woodmart/demos/wp-content/uploads/sites/2/2017/06/woodmart-dualshok.png</guid>
		<description></description>
		<content:encoded><![CDATA[]]></content:encoded>
		<excerpt:encoded><![CDATA[]]></excerpt:encoded>
		<wp:post_id>514</wp:post_id>
		<wp:post_date>2017-06-23 08:35:27</wp:post_date>
		<wp:post_date_gmt>2017-06-23 08:35:27</wp:post_date_gmt>
		<wp:comment_status>open</wp:comment_status>
		<wp:ping_status>closed</wp:ping_status>
		<wp:post_name>woodmart-dualshok</wp:post_name>
		<wp:status>inherit</wp:status>
		<wp:post_parent>492</wp:post_parent>
		<wp:menu_order>0</wp:menu_order>
		<wp:post_type>attachment</wp:post_type>
		<wp:post_password></wp:post_password>
		<wp:is_sticky>0</wp:is_sticky>
		<wp:attachment_url>http://dummy.xtemos.com/woodmart/demos/wp-content/uploads/sites/2/2017/06/woodmart-dualshok.png</wp:attachment_url>
		<wp:postmeta>
			<wp:meta_key>_wp_attached_file</wp:meta_key>
			<wp:meta_value><![CDATA[2017/06/woodmart-dualshok.png]]></wp:meta_value>
		</wp:postmeta>
	</item>
	<item>
		<title>electro-dualshok</title>
		<link>http://dummy.xtemos.com/woodmart/demos/home-electronics/electro-dualshok/</link>
		<pubDate>Fri, 23 Jun 2017 08:27:13 +0000</pubDate>
		<dc:creator><![CDATA[erwin]]></dc:creator>
		<guid isPermaLink="false">http://dummy.xtemos.com/woodmart/demos/wp-content/uploads/sites/2/2017/06/electro-dualshok.jpg</guid>
		<description></description>
		<content:encoded><![CDATA[]]></content:encoded>
		<excerpt:encoded><![CDATA[]]></excerpt:encoded>
		<wp:post_id>508</wp:post_id>
		<wp:post_date>2017-06-23 08:27:13</wp:post_date>
		<wp:post_date_gmt>2017-06-23 08:27:13</wp:post_date_gmt>
		<wp:comment_status>open</wp:comment_status>
		<wp:ping_status>closed</wp:ping_status>
		<wp:post_name>electro-dualshok</wp:post_name>
		<wp:status>inherit</wp:status>
		<wp:post_parent>492</wp:post_parent>
		<wp:menu_order>0</wp:menu_order>
		<wp:post_type>attachment</wp:post_type>
		<wp:post_password></wp:post_password>
		<wp:is_sticky>0</wp:is_sticky>
		<wp:attachment_url>http://dummy.xtemos.com/woodmart/demos/wp-content/uploads/sites/2/2017/06/electro-dualshok.jpg</wp:attachment_url>
		<wp:postmeta>
			<wp:meta_key>_wp_attached_file</wp:meta_key>
			<wp:meta_value><![CDATA[2017/06/electro-dualshok.jpg]]></wp:meta_value>
		</wp:postmeta>
	</item>
</channel>
</rss>
