<?xml version="1.0" encoding="UTF-8" ?>
<!-- This is a WordPress eXtended RSS file generated by WordPress as an export of your site. -->
<!-- It contains information about your site's posts, pages, comments, categories, and other content. -->
<!-- You may use this file to transfer that content from one site to another. -->
<!-- This file is not intended to serve as a complete backup of your site. -->

<!-- To import this information into a WordPress site follow these steps: -->
<!-- 1. Log in to that site as an administrator. -->
<!-- 2. Go to Tools: Import in the WordPress admin panel. -->
<!-- 3. Install the "WordPress" importer from the list. -->
<!-- 4. Activate & Run Importer. -->
<!-- 5. Upload this file using the form provided on that page. -->
<!-- 6. You will first be asked to map the authors in this export file to users -->
<!--    on the site. For each author, you may choose to map to an -->
<!--    existing user on the site or to create a new user. -->
<!-- 7. WordPress will then import each of the posts, pages, comments, categories, etc. -->
<!--    contained in this file into your site. -->

	<!-- generator="WordPress/5.4.2" created="2020-07-17 13:34" -->
<rss version="2.0"
	xmlns:excerpt="http://wordpress.org/export/1.2/excerpt/"
	xmlns:content="http://purl.org/rss/1.0/modules/content/"
	xmlns:wfw="http://wellformedweb.org/CommentAPI/"
	xmlns:dc="http://purl.org/dc/elements/1.1/"
	xmlns:wp="http://wordpress.org/export/1.2/"
>

<channel>
	<title>Woodmart dummy demos</title>
	<link>http://dummy.xtemos.com/woodmart-elementor/demos</link>
	<description>Just another Woodmart Dummy Content Sites site</description>
	<pubDate>Fri, 17 Jul 2020 13:34:11 +0000</pubDate>
	<language>en-US</language>
	<wp:wxr_version>1.2</wp:wxr_version>
	<wp:base_site_url>http://dummy.xtemos.com/woodmart-elementor/</wp:base_site_url>
	<wp:base_blog_url>http://dummy.xtemos.com/woodmart-elementor/demos</wp:base_blog_url>

		<wp:author><wp:author_id>2</wp:author_id><wp:author_login>erwin</wp:author_login><wp:author_email>ss@asas.as</wp:author_email><wp:author_display_name><![CDATA[erwin]]></wp:author_display_name><wp:author_first_name><![CDATA[]]></wp:author_first_name><wp:author_last_name><![CDATA[]]></wp:author_last_name></wp:author>

				
	<generator>https://wordpress.org/?v=5.4.2</generator>

		<item>
		<title>
				Brands Element		</title>
		<link>http://dummy.xtemos.com/woodmart-elementor/demos/brands-element/</link>
		<pubDate>Tue, 04 Jul 2017 14:02:21 +0000</pubDate>
		<dc:creator><![CDATA[erwin]]></dc:creator>
		<guid isPermaLink="false">http://dummy.xtemos.com/woodmart-elementor/demos/?page_id=798</guid>
		<description></description>
		<content:encoded><![CDATA[XTEMOS ELEMENT				
				
					BRANDS GRID - DEFAULT STYLE				
							
																																
							
																														]]></content:encoded>
		<excerpt:encoded><![CDATA[]]></excerpt:encoded>
		<wp:post_id>798</wp:post_id>
		<wp:post_date>2017-07-04 14:02:21</wp:post_date>
		<wp:post_date_gmt>2017-07-04 14:02:21</wp:post_date_gmt>
		<wp:comment_status>closed</wp:comment_status>
		<wp:ping_status>closed</wp:ping_status>
		<wp:post_name>brands-element</wp:post_name>
		<wp:status>publish</wp:status>
		<wp:post_parent>0</wp:post_parent>
		<wp:menu_order>0</wp:menu_order>
		<wp:post_type>page</wp:post_type>
		<wp:post_password></wp:post_password>
		<wp:is_sticky>0</wp:is_sticky>
														<wp:postmeta>
			<wp:meta_key>_wp_page_template</wp:meta_key>
			<wp:meta_value><![CDATA[default]]></wp:meta_value>
		</wp:postmeta>
							<wp:postmeta>
			<wp:meta_key>_woodmart_main_layout</wp:meta_key>
			<wp:meta_value><![CDATA[full-width]]></wp:meta_value>
		</wp:postmeta>
							<wp:postmeta>
			<wp:meta_key>_woodmart_header_color_scheme</wp:meta_key>
			<wp:meta_value><![CDATA[inherit]]></wp:meta_value>
		</wp:postmeta>
							<wp:postmeta>
			<wp:meta_key>_elementor_data</wp:meta_key>
			<wp:meta_value><![CDATA[[{"id":"9615337","elType":"section","settings":{"margin":{"unit":"px","top":"0","right":"0","bottom":"45","left":"0","isLinked":""},"margin_tablet":{"unit":"px","top":"0","right":"0","bottom":"55","left":"0","isLinked":""},"margin_mobile":{"unit":"px","top":"0","right":"0","bottom":"35","left":"0","isLinked":""}},"elements":[{"id":"7034215","elType":"column","settings":{"_column_size":"100","_inline_size":"","column_sticky_offset":"50","scroll_y":"-80"},"elements":[{"id":"530586","elType":"widget","settings":{"subtitle":"XTEMOS ELEMENT","after_title":"","image_size":"custom","style":"bordered","color":"primary","title":"BRANDS GRID - DEFAULT STYLE","_margin":{"unit":"px","top":"0","right":"0","bottom":"10","left":"0","isLinked":""},"scroll_y":"-80"},"elements":[],"widgetType":"wd_title"},{"id":"6874583","elType":"widget","settings":{"style":"grid","columns":{"size":"4","unit":"px","sizes":[]},"number":"8","scroll_y":"-80"},"elements":[],"widgetType":"wd_products_brands"}],"isInner":""}],"isInner":""},{"id":"6934962","elType":"section","settings":{"margin":{"unit":"px","top":"0","right":"0","bottom":"45","left":"0","isLinked":""},"margin_tablet":{"unit":"px","top":"0","right":"0","bottom":"55","left":"0","isLinked":""},"margin_mobile":{"unit":"px","top":"0","right":"0","bottom":"35","left":"0","isLinked":""}},"elements":[{"id":"9012592","elType":"column","settings":{"_column_size":"100","_inline_size":"","column_sticky_offset":"50","scroll_y":"-80"},"elements":[{"id":"9901627","elType":"widget","settings":{"subtitle":"XTEMOS ELEMENT","after_title":"","image_size":"custom","style":"bordered","color":"primary","title":"BRANDS GRID - BORDERED STYLE","_margin":{"unit":"px","top":"0","right":"0","bottom":"10","left":"0","isLinked":""},"scroll_y":"-80"},"elements":[],"widgetType":"wd_title"},{"id":"7670204","elType":"widget","settings":{"brand_style":"bordered","style":"grid","columns":{"size":"4","unit":"px","sizes":[]},"number":"8","scroll_y":"-80"},"elements":[],"widgetType":"wd_products_brands"}],"isInner":""}],"isInner":""},{"id":"8757926","elType":"section","settings":{"margin":{"unit":"px","top":"0","right":"0","bottom":"45","left":"0","isLinked":""},"margin_tablet":{"unit":"px","top":"0","right":"0","bottom":"55","left":"0","isLinked":""},"margin_mobile":{"unit":"px","top":"0","right":"0","bottom":"35","left":"0","isLinked":""}},"elements":[{"id":"6714804","elType":"column","settings":{"_column_size":"100","_inline_size":"","column_sticky_offset":"50","scroll_y":"-80"},"elements":[{"id":"4707607","elType":"widget","settings":{"subtitle":"XTEMOS ELEMENT","after_title":"","image_size":"custom","style":"bordered","color":"primary","title":"BRANDS GRID - SIMPLE HOVER","_margin":{"unit":"px","top":"0","right":"0","bottom":"10","left":"0","isLinked":""},"scroll_y":"-80"},"elements":[],"widgetType":"wd_title"},{"id":"6219864","elType":"widget","settings":{"hover":"simple","style":"grid","columns":{"size":"4","unit":"px","sizes":[]},"number":"8","scroll_y":"-80"},"elements":[],"widgetType":"wd_products_brands"}],"isInner":""}],"isInner":""},{"id":"2798512","elType":"section","settings":{"margin":{"unit":"px","top":"0","right":"0","bottom":"45","left":"0","isLinked":""},"margin_tablet":{"unit":"px","top":"0","right":"0","bottom":"55","left":"0","isLinked":""},"margin_mobile":{"unit":"px","top":"0","right":"0","bottom":"35","left":"0","isLinked":""}},"elements":[{"id":"5539394","elType":"column","settings":{"_column_size":"100","_inline_size":"","column_sticky_offset":"50","scroll_y":"-80"},"elements":[{"id":"2338986","elType":"widget","settings":{"subtitle":"XTEMOS ELEMENT","after_title":"","image_size":"custom","style":"bordered","color":"primary","title":"BRANDS GRID - ALTERNATIVE HOVER","_margin":{"unit":"px","top":"0","right":"0","bottom":"10","left":"0","isLinked":""},"scroll_y":"-80"},"elements":[],"widgetType":"wd_title"},{"id":"9622328","elType":"widget","settings":{"hover":"alt","style":"grid","columns":{"size":"4","unit":"px","sizes":[]},"number":"8","scroll_y":"-80"},"elements":[],"widgetType":"wd_products_brands"}],"isInner":""}],"isInner":""},{"id":"425715","elType":"section","settings":{"margin":{"unit":"px","top":"0","right":"0","bottom":"45","left":"0","isLinked":""},"margin_tablet":{"unit":"px","top":"0","right":"0","bottom":"55","left":"0","isLinked":""},"margin_mobile":{"unit":"px","top":"0","right":"0","bottom":"35","left":"0","isLinked":""}},"elements":[{"id":"7826988","elType":"column","settings":{"_column_size":"100","_inline_size":"","column_sticky_offset":"50","scroll_y":"-80"},"elements":[{"id":"2525589","elType":"widget","settings":{"subtitle":"XTEMOS ELEMENT","after_title":"","image_size":"custom","style":"bordered","color":"primary","title":"BRANDS CAROUSEL - DEFAULT STYLE","_margin":{"unit":"px","top":"0","right":"0","bottom":"10","left":"0","isLinked":""},"scroll_y":"-80"},"elements":[],"widgetType":"wd_title"},{"id":"1604117","elType":"widget","settings":{"slides_per_view":{"size":"6","unit":"px","sizes":[]},"number":"10","scroll_y":"-80"},"elements":[],"widgetType":"wd_products_brands"}],"isInner":""}],"isInner":""},{"id":"9672221","elType":"section","settings":{"margin":{"unit":"px","top":"0","right":"0","bottom":"45","left":"0","isLinked":""},"margin_tablet":{"unit":"px","top":"0","right":"0","bottom":"55","left":"0","isLinked":""},"margin_mobile":{"unit":"px","top":"0","right":"0","bottom":"35","left":"0","isLinked":""}},"elements":[{"id":"2669930","elType":"column","settings":{"_column_size":"100","_inline_size":"","column_sticky_offset":"50","scroll_y":"-80"},"elements":[{"id":"1727083","elType":"widget","settings":{"subtitle":"XTEMOS ELEMENT","after_title":"","image_size":"custom","style":"bordered","color":"primary","title":"BRANDS CAROUSEL - BORDERED STYLE","_margin":{"unit":"px","top":"0","right":"0","bottom":"10","left":"0","isLinked":""},"scroll_y":"-80"},"elements":[],"widgetType":"wd_title"},{"id":"114523","elType":"widget","settings":{"brand_style":"bordered","slides_per_view":{"size":"6","unit":"px","sizes":[]},"number":"10","scroll_y":"-80"},"elements":[],"widgetType":"wd_products_brands"}],"isInner":""}],"isInner":""},{"id":"956071","elType":"section","settings":{"wd_section_stretch":"stretch","woodmart_gradient_switch":"yes","background_background":"classic","background_image":{"url":"http:\/\/dummy.xtemos.com\/woodmart-elementor\/demos\/wp-content\/uploads\/sites\/2\/2017\/06\/wood-main-bg.jpg?id=44","id":""},"background_size":"cover","background_repeat":"no-repeat","woodmart_color_gradient":"rgba(255, 255, 255, 0.7)-0\/rgba(255, 255, 255, 0.7)-100\/|linear-gradient(left , rgba(255, 255, 255, 0.7) , rgba(255, 255, 255, 0.7) 100%)|linear|left","margin":{"unit":"px","top":"0","right":"0","bottom":"45","left":"0","isLinked":""},"margin_tablet":{"unit":"px","top":"0","right":"0","bottom":"55","left":"0","isLinked":""},"margin_mobile":{"unit":"px","top":"0","right":"0","bottom":"35","left":"0","isLinked":""},"padding":{"unit":"px","top":"45","right":"15","bottom":"25","left":"15","isLinked":""}},"elements":[{"id":"2268909","elType":"column","settings":{"_column_size":"100","_inline_size":"","column_sticky_offset":"50","scroll_y":"-80"},"elements":[{"id":"9746105","elType":"widget","settings":{"subtitle":"XTEMOS ELEMENT","after_title":"","image_size":"custom","color":"primary","title":"BRANDS ON BACKGROUND IMAGE","style":"bordered","_margin":{"unit":"px","top":"0","right":"0","bottom":"10","left":"0","isLinked":""},"scroll_y":"-80"},"elements":[],"widgetType":"wd_title"},{"id":"3542205","elType":"widget","settings":{"style":"grid","columns":{"size":"4","unit":"px","sizes":[]},"number":"8","scroll_y":"-80"},"elements":[],"widgetType":"wd_products_brands"}],"isInner":""}],"isInner":""},{"id":"3611796","elType":"section","settings":{"margin":{"unit":"px","top":"0","right":"0","bottom":"30","left":"0","isLinked":""},"margin_mobile":{"unit":"px","top":"0","right":"0","bottom":"0","left":"0","isLinked":""}},"elements":[{"id":"6075536","elType":"column","settings":{"_column_size":"100","_inline_size":"","column_sticky_offset":"50","scroll_y":"-80"},"elements":[{"id":"9659224","elType":"widget","settings":{"subtitle":"XTEMOS ELEMENT","after_title":"","image_size":"custom","style":"bordered","color":"primary","title":"BRANDS LINKS LIST","_margin":{"unit":"px","top":"0","right":"0","bottom":"10","left":"0","isLinked":""},"scroll_y":"-80"},"elements":[],"widgetType":"wd_title"},{"id":"661173","elType":"widget","settings":{"hover":"alt","style":"list","columns":{"size":"4","unit":"px","sizes":[]},"number":"8","scroll_y":"-80"},"elements":[],"widgetType":"wd_products_brands"}],"isInner":""}],"isInner":""}]]]></wp:meta_value>
		</wp:postmeta>
							<wp:postmeta>
			<wp:meta_key>_elementor_edit_mode</wp:meta_key>
			<wp:meta_value><![CDATA[builder]]></wp:meta_value>
		</wp:postmeta>
							<wp:postmeta>
			<wp:meta_key>_elementor_version</wp:meta_key>
			<wp:meta_value><![CDATA[2.9.11]]></wp:meta_value>
		</wp:postmeta>
							<wp:postmeta>
			<wp:meta_key>_elementor_template_type</wp:meta_key>
			<wp:meta_value><![CDATA[wp-page]]></wp:meta_value>
		</wp:postmeta>
							<wp:postmeta>
			<wp:meta_key>_elementor_controls_usage</wp:meta_key>
			<wp:meta_value><![CDATA[a:4:{s:8:"wd_title";a:3:{s:5:"count";i:8;s:15:"control_percent";i:3;s:8:"controls";a:3:{s:7:"content";a:1:{s:23:"general_content_section";a:3:{s:8:"subtitle";i:8;s:11:"after_title";i:8;s:5:"title";i:8;}}s:5:"style";a:2:{s:19:"title_style_section";a:1:{s:10:"image_size";i:8;}s:21:"general_style_section";a:2:{s:5:"style";i:8;s:5:"color";i:8;}}s:8:"advanced";a:2:{s:14:"_section_style";a:1:{s:7:"_margin";i:8;}s:8:"wd_extra";a:1:{s:8:"scroll_y";i:8;}}}}s:18:"wd_products_brands";a:3:{s:5:"count";i:8;s:15:"control_percent";i:2;s:8:"controls";a:3:{s:5:"style";a:2:{s:21:"general_style_section";a:4:{s:5:"style";i:6;s:7:"columns";i:6;s:11:"brand_style";i:2;s:5:"hover";i:3;}s:22:"carousel_style_section";a:1:{s:15:"slides_per_view";i:2;}}s:7:"content";a:1:{s:23:"general_content_section";a:1:{s:6:"number";i:8;}}s:8:"advanced";a:1:{s:8:"wd_extra";a:1:{s:8:"scroll_y";i:8;}}}}s:6:"column";a:3:{s:5:"count";i:8;s:15:"control_percent";i:1;s:8:"controls";a:1:{s:8:"advanced";a:1:{s:8:"wd_extra";a:2:{s:20:"column_sticky_offset";i:8;s:8:"scroll_y";i:8;}}}}s:7:"section";a:3:{s:5:"count";i:8;s:15:"control_percent";i:1;s:8:"controls";a:3:{s:8:"advanced";a:1:{s:16:"section_advanced";a:4:{s:6:"margin";i:8;s:13:"margin_tablet";i:7;s:13:"margin_mobile";i:8;s:7:"padding";i:1;}}s:6:"layout";a:1:{s:15:"wd_extra_layout";a:1:{s:18:"wd_section_stretch";i:1;}}s:5:"style";a:1:{s:18:"section_background";a:4:{s:21:"background_background";i:1;s:16:"background_image";i:1;s:15:"background_size";i:1;s:17:"background_repeat";i:1;}}}}}]]></wp:meta_value>
		</wp:postmeta>
						</item>
				</channel>
</rss>
	