<?xml version="1.0" encoding="UTF-8" ?>
<!-- This is a WordPress eXtended RSS file generated by WordPress as an export of your site. -->
<!-- It contains information about your site's posts, pages, comments, categories, and other content. -->
<!-- You may use this file to transfer that content from one site to another. -->
<!-- This file is not intended to serve as a complete backup of your site. -->

<!-- To import this information into a WordPress site follow these steps: -->
<!-- 1. Log in to that site as an administrator. -->
<!-- 2. Go to Tools: Import in the WordPress admin panel. -->
<!-- 3. Install the "WordPress" importer from the list. -->
<!-- 4. Activate & Run Importer. -->
<!-- 5. Upload this file using the form provided on that page. -->
<!-- 6. You will first be asked to map the authors in this export file to users -->
<!--    on the site. For each author, you may choose to map to an -->
<!--    existing user on the site or to create a new user. -->
<!-- 7. WordPress will then import each of the posts, pages, comments, categories, etc. -->
<!--    contained in this file into your site. -->

<!-- generator="WordPress/5.3.4" created="2020-07-20 13:56" -->
<rss version="2.0"
	xmlns:excerpt="http://wordpress.org/export/1.2/excerpt/"
	xmlns:content="http://purl.org/rss/1.0/modules/content/"
	xmlns:wfw="http://wellformedweb.org/CommentAPI/"
	xmlns:dc="http://purl.org/dc/elements/1.1/"
	xmlns:wp="http://wordpress.org/export/1.2/"
>

<channel>
	<title>Woodmart dummy demos</title>
	<link>http://dummy.xtemos.com/woodmart/demos</link>
	<description>Just another Woodmart Dummy Content Sites site</description>
	<pubDate>Mon, 20 Jul 2020 13:56:32 +0000</pubDate>
	<language>en-US</language>
	<wp:wxr_version>1.2</wp:wxr_version>
	<wp:base_site_url>http://dummy.xtemos.com/woodmart/</wp:base_site_url>
	<wp:base_blog_url>http://dummy.xtemos.com/woodmart/demos</wp:base_blog_url>

	<wp:author><wp:author_id>2</wp:author_id><wp:author_login>erwin</wp:author_login><wp:author_email>ss@asas.as</wp:author_email><wp:author_display_name><![CDATA[erwin]]></wp:author_display_name><wp:author_first_name><![CDATA[]]></wp:author_first_name><wp:author_last_name><![CDATA[]]></wp:author_last_name></wp:author>


	<generator>https://wordpress.org/?v=5.3.4</generator>

	<item>
		<title>wood-gallery-placeholder-5</title>
		<link>http://dummy.xtemos.com/woodmart/demos/home-base/wood-gallery-placeholder-5/</link>
		<pubDate>Wed, 14 Jun 2017 11:33:22 +0000</pubDate>
		<dc:creator><![CDATA[admin]]></dc:creator>
		<guid isPermaLink="false">http://dummy.xtemos.com/woodmart/demos/wp-content/uploads/sites/2/2017/06/wood-gallery-placeholder-5.jpg</guid>
		<description></description>
		<content:encoded><![CDATA[]]></content:encoded>
		<excerpt:encoded><![CDATA[]]></excerpt:encoded>
		<wp:post_id>77</wp:post_id>
		<wp:post_date>2017-06-14 11:33:22</wp:post_date>
		<wp:post_date_gmt>2017-06-14 11:33:22</wp:post_date_gmt>
		<wp:comment_status>open</wp:comment_status>
		<wp:ping_status>closed</wp:ping_status>
		<wp:post_name>wood-gallery-placeholder-5</wp:post_name>
		<wp:status>inherit</wp:status>
		<wp:post_parent>57</wp:post_parent>
		<wp:menu_order>0</wp:menu_order>
		<wp:post_type>attachment</wp:post_type>
		<wp:post_password></wp:post_password>
		<wp:is_sticky>0</wp:is_sticky>
		<wp:attachment_url>http://dummy.xtemos.com/woodmart/demos/wp-content/uploads/sites/2/2017/06/wood-gallery-placeholder-5.jpg</wp:attachment_url>
		<wp:postmeta>
			<wp:meta_key>_wp_attached_file</wp:meta_key>
			<wp:meta_value><![CDATA[2017/06/wood-gallery-placeholder-5.jpg]]></wp:meta_value>
		</wp:postmeta>
		<wp:postmeta>
			<wp:meta_key>wd_page_css_files</wp:meta_key>
			<wp:meta_value><![CDATA[a:13:{i:0;s:12:"wp-gutenberg";i:1;s:5:"wpcf7";i:2;s:5:"mc4wp";i:3;s:17:"revolution-slider";i:4;s:17:"woo-yith-wishlist";i:5;s:13:"wpbakery-base";i:6;s:13:"notices-fixed";i:7;s:16:"woocommerce-base";i:8;s:12:"social-icons";i:9;s:18:"off-canvas-sidebar";i:10;s:9:"instagram";i:11;s:13:"section-title";i:12;s:10:"scroll-top";}]]></wp:meta_value>
		</wp:postmeta>
	</item>
	<item>
		<title>wood-gallery-placeholder</title>
		<link>http://dummy.xtemos.com/woodmart/demos/home-base/wood-gallery-placeholder/</link>
		<pubDate>Wed, 14 Jun 2017 11:33:24 +0000</pubDate>
		<dc:creator><![CDATA[admin]]></dc:creator>
		<guid isPermaLink="false">http://dummy.xtemos.com/woodmart/demos/wp-content/uploads/sites/2/2017/06/wood-gallery-placeholder.jpg</guid>
		<description></description>
		<content:encoded><![CDATA[]]></content:encoded>
		<excerpt:encoded><![CDATA[]]></excerpt:encoded>
		<wp:post_id>78</wp:post_id>
		<wp:post_date>2017-06-14 11:33:24</wp:post_date>
		<wp:post_date_gmt>2017-06-14 11:33:24</wp:post_date_gmt>
		<wp:comment_status>open</wp:comment_status>
		<wp:ping_status>closed</wp:ping_status>
		<wp:post_name>wood-gallery-placeholder</wp:post_name>
		<wp:status>inherit</wp:status>
		<wp:post_parent>57</wp:post_parent>
		<wp:menu_order>0</wp:menu_order>
		<wp:post_type>attachment</wp:post_type>
		<wp:post_password></wp:post_password>
		<wp:is_sticky>0</wp:is_sticky>
		<wp:attachment_url>http://dummy.xtemos.com/woodmart/demos/wp-content/uploads/sites/2/2017/06/wood-gallery-placeholder.jpg</wp:attachment_url>
		<wp:postmeta>
			<wp:meta_key>_wp_attached_file</wp:meta_key>
			<wp:meta_value><![CDATA[2017/06/wood-gallery-placeholder.jpg]]></wp:meta_value>
		</wp:postmeta>
		<wp:postmeta>
			<wp:meta_key>wd_page_css_files</wp:meta_key>
			<wp:meta_value><![CDATA[a:13:{i:0;s:12:"wp-gutenberg";i:1;s:5:"wpcf7";i:2;s:5:"mc4wp";i:3;s:17:"revolution-slider";i:4;s:17:"woo-yith-wishlist";i:5;s:13:"wpbakery-base";i:6;s:13:"notices-fixed";i:7;s:16:"woocommerce-base";i:8;s:12:"social-icons";i:9;s:18:"off-canvas-sidebar";i:10;s:9:"instagram";i:11;s:13:"section-title";i:12;s:10:"scroll-top";}]]></wp:meta_value>
		</wp:postmeta>
	</item>
	<item>
		<title>wood-gallery-placeholder-2</title>
		<link>http://dummy.xtemos.com/woodmart/demos/home-base/wood-gallery-placeholder-2/</link>
		<pubDate>Wed, 14 Jun 2017 11:33:26 +0000</pubDate>
		<dc:creator><![CDATA[admin]]></dc:creator>
		<guid isPermaLink="false">http://dummy.xtemos.com/woodmart/demos/wp-content/uploads/sites/2/2017/06/wood-gallery-placeholder-2.jpg</guid>
		<description></description>
		<content:encoded><![CDATA[]]></content:encoded>
		<excerpt:encoded><![CDATA[]]></excerpt:encoded>
		<wp:post_id>79</wp:post_id>
		<wp:post_date>2017-06-14 11:33:26</wp:post_date>
		<wp:post_date_gmt>2017-06-14 11:33:26</wp:post_date_gmt>
		<wp:comment_status>open</wp:comment_status>
		<wp:ping_status>closed</wp:ping_status>
		<wp:post_name>wood-gallery-placeholder-2</wp:post_name>
		<wp:status>inherit</wp:status>
		<wp:post_parent>57</wp:post_parent>
		<wp:menu_order>0</wp:menu_order>
		<wp:post_type>attachment</wp:post_type>
		<wp:post_password></wp:post_password>
		<wp:is_sticky>0</wp:is_sticky>
		<wp:attachment_url>http://dummy.xtemos.com/woodmart/demos/wp-content/uploads/sites/2/2017/06/wood-gallery-placeholder-2.jpg</wp:attachment_url>
		<wp:postmeta>
			<wp:meta_key>_wp_attached_file</wp:meta_key>
			<wp:meta_value><![CDATA[2017/06/wood-gallery-placeholder-2.jpg]]></wp:meta_value>
		</wp:postmeta>
		<wp:postmeta>
			<wp:meta_key>wd_page_css_files</wp:meta_key>
			<wp:meta_value><![CDATA[a:13:{i:0;s:12:"wp-gutenberg";i:1;s:5:"wpcf7";i:2;s:5:"mc4wp";i:3;s:17:"revolution-slider";i:4;s:17:"woo-yith-wishlist";i:5;s:13:"wpbakery-base";i:6;s:13:"notices-fixed";i:7;s:16:"woocommerce-base";i:8;s:12:"social-icons";i:9;s:18:"off-canvas-sidebar";i:10;s:9:"instagram";i:11;s:13:"section-title";i:12;s:10:"scroll-top";}]]></wp:meta_value>
		</wp:postmeta>
	</item>
	<item>
		<title>wood-gallery-placeholder-3</title>
		<link>http://dummy.xtemos.com/woodmart/demos/home-base/wood-gallery-placeholder-3/</link>
		<pubDate>Wed, 14 Jun 2017 11:33:28 +0000</pubDate>
		<dc:creator><![CDATA[admin]]></dc:creator>
		<guid isPermaLink="false">http://dummy.xtemos.com/woodmart/demos/wp-content/uploads/sites/2/2017/06/wood-gallery-placeholder-3.jpg</guid>
		<description></description>
		<content:encoded><![CDATA[]]></content:encoded>
		<excerpt:encoded><![CDATA[]]></excerpt:encoded>
		<wp:post_id>80</wp:post_id>
		<wp:post_date>2017-06-14 11:33:28</wp:post_date>
		<wp:post_date_gmt>2017-06-14 11:33:28</wp:post_date_gmt>
		<wp:comment_status>open</wp:comment_status>
		<wp:ping_status>closed</wp:ping_status>
		<wp:post_name>wood-gallery-placeholder-3</wp:post_name>
		<wp:status>inherit</wp:status>
		<wp:post_parent>57</wp:post_parent>
		<wp:menu_order>0</wp:menu_order>
		<wp:post_type>attachment</wp:post_type>
		<wp:post_password></wp:post_password>
		<wp:is_sticky>0</wp:is_sticky>
		<wp:attachment_url>http://dummy.xtemos.com/woodmart/demos/wp-content/uploads/sites/2/2017/06/wood-gallery-placeholder-3.jpg</wp:attachment_url>
		<wp:postmeta>
			<wp:meta_key>_wp_attached_file</wp:meta_key>
			<wp:meta_value><![CDATA[2017/06/wood-gallery-placeholder-3.jpg]]></wp:meta_value>
		</wp:postmeta>
		<wp:postmeta>
			<wp:meta_key>wd_page_css_files</wp:meta_key>
			<wp:meta_value><![CDATA[a:13:{i:0;s:12:"wp-gutenberg";i:1;s:5:"wpcf7";i:2;s:5:"mc4wp";i:3;s:17:"revolution-slider";i:4;s:17:"woo-yith-wishlist";i:5;s:13:"wpbakery-base";i:6;s:13:"notices-fixed";i:7;s:16:"woocommerce-base";i:8;s:12:"social-icons";i:9;s:18:"off-canvas-sidebar";i:10;s:9:"instagram";i:11;s:13:"section-title";i:12;s:10:"scroll-top";}]]></wp:meta_value>
		</wp:postmeta>
	</item>
	<item>
		<title>wood-gallery-placeholder-4</title>
		<link>http://dummy.xtemos.com/woodmart/demos/home-base/wood-gallery-placeholder-4/</link>
		<pubDate>Wed, 14 Jun 2017 11:33:30 +0000</pubDate>
		<dc:creator><![CDATA[admin]]></dc:creator>
		<guid isPermaLink="false">http://dummy.xtemos.com/woodmart/demos/wp-content/uploads/sites/2/2017/06/wood-gallery-placeholder-4.jpg</guid>
		<description></description>
		<content:encoded><![CDATA[]]></content:encoded>
		<excerpt:encoded><![CDATA[]]></excerpt:encoded>
		<wp:post_id>81</wp:post_id>
		<wp:post_date>2017-06-14 11:33:30</wp:post_date>
		<wp:post_date_gmt>2017-06-14 11:33:30</wp:post_date_gmt>
		<wp:comment_status>open</wp:comment_status>
		<wp:ping_status>closed</wp:ping_status>
		<wp:post_name>wood-gallery-placeholder-4</wp:post_name>
		<wp:status>inherit</wp:status>
		<wp:post_parent>57</wp:post_parent>
		<wp:menu_order>0</wp:menu_order>
		<wp:post_type>attachment</wp:post_type>
		<wp:post_password></wp:post_password>
		<wp:is_sticky>0</wp:is_sticky>
		<wp:attachment_url>http://dummy.xtemos.com/woodmart/demos/wp-content/uploads/sites/2/2017/06/wood-gallery-placeholder-4.jpg</wp:attachment_url>
		<wp:postmeta>
			<wp:meta_key>_wp_attached_file</wp:meta_key>
			<wp:meta_value><![CDATA[2017/06/wood-gallery-placeholder-4.jpg]]></wp:meta_value>
		</wp:postmeta>
		<wp:postmeta>
			<wp:meta_key>wd_page_css_files</wp:meta_key>
			<wp:meta_value><![CDATA[a:13:{i:0;s:12:"wp-gutenberg";i:1;s:5:"wpcf7";i:2;s:5:"mc4wp";i:3;s:17:"revolution-slider";i:4;s:17:"woo-yith-wishlist";i:5;s:13:"wpbakery-base";i:6;s:13:"notices-fixed";i:7;s:16:"woocommerce-base";i:8;s:12:"social-icons";i:9;s:18:"off-canvas-sidebar";i:10;s:9:"instagram";i:11;s:13:"section-title";i:12;s:10:"scroll-top";}]]></wp:meta_value>
		</wp:postmeta>
	</item>
	<item>
		<title>wood-portfolio-placeholder</title>
		<link>http://dummy.xtemos.com/woodmart/demos/wood-portfolio-placeholder/</link>
		<pubDate>Wed, 14 Jun 2017 14:02:43 +0000</pubDate>
		<dc:creator><![CDATA[admin]]></dc:creator>
		<guid isPermaLink="false">http://dummy.xtemos.com/woodmart/demos/wp-content/uploads/sites/2/2017/06/wood-portfolio-placeholder.jpg</guid>
		<description></description>
		<content:encoded><![CDATA[]]></content:encoded>
		<excerpt:encoded><![CDATA[]]></excerpt:encoded>
		<wp:post_id>117</wp:post_id>
		<wp:post_date>2017-06-14 14:02:43</wp:post_date>
		<wp:post_date_gmt>2017-06-14 14:02:43</wp:post_date_gmt>
		<wp:comment_status>open</wp:comment_status>
		<wp:ping_status>closed</wp:ping_status>
		<wp:post_name>wood-portfolio-placeholder</wp:post_name>
		<wp:status>inherit</wp:status>
		<wp:post_parent>0</wp:post_parent>
		<wp:menu_order>0</wp:menu_order>
		<wp:post_type>attachment</wp:post_type>
		<wp:post_password></wp:post_password>
		<wp:is_sticky>0</wp:is_sticky>
		<wp:attachment_url>http://dummy.xtemos.com/woodmart/demos/wp-content/uploads/sites/2/2017/06/wood-portfolio-placeholder.jpg</wp:attachment_url>
		<wp:postmeta>
			<wp:meta_key>_wp_attached_file</wp:meta_key>
			<wp:meta_value><![CDATA[2017/06/wood-portfolio-placeholder.jpg]]></wp:meta_value>
		</wp:postmeta>
		<wp:postmeta>
			<wp:meta_key>wd_page_css_files</wp:meta_key>
			<wp:meta_value><![CDATA[a:14:{i:0;s:12:"wp-gutenberg";i:1;s:5:"wpcf7";i:2;s:5:"mc4wp";i:3;s:17:"revolution-slider";i:4;s:17:"woo-yith-wishlist";i:5;s:13:"wpbakery-base";i:6;s:13:"notices-fixed";i:7;s:16:"woocommerce-base";i:8;s:12:"social-icons";i:9;s:12:"owl-carousel";i:10;s:18:"off-canvas-sidebar";i:11;s:9:"instagram";i:12;s:13:"section-title";i:13;s:10:"scroll-top";}]]></wp:meta_value>
		</wp:postmeta>
	</item>
	<item>
		<title>Home Fashion-Color</title>
		<link>http://dummy.xtemos.com/woodmart/demos/home-fashion-color/</link>
		<pubDate>Fri, 23 Jun 2017 06:38:18 +0000</pubDate>
		<dc:creator><![CDATA[erwin]]></dc:creator>
		<guid isPermaLink="false">http://dummy.xtemos.com/woodmart/demos/?page_id=474</guid>
		<description></description>
		<content:encoded><![CDATA[[vc_row full_width="stretch_row_content_no_spaces" css=".vc_custom_1496835328474{margin-top: -40px !important;margin-bottom: 5px !important;}"][vc_column][rev_slider alias="fashion-color"][/vc_column][/vc_row][vc_row full_width="stretch_row_content_no_spaces" css=".vc_custom_1496843273284{margin-bottom: 8vh !important;padding-right: 5px !important;padding-left: 5px !important;}"][vc_column css=".vc_custom_1490874937736{padding-top: 0px !important;}"][banners_carousel slider_spacing="6" slides_per_view="3" hide_pagination_control="yes" hide_prev_next_buttons="yes"][promo_banner image="480" woodmart_color_scheme="light" title_size="extra-large" btn_position="static" btn_color="white" btn_style="link" vertical_alignment="middle" text_alignment="center" content_width="50" increase_spaces="yes" link="url:%23|||" title="WOMAN
COLLECTION" btn_text="read more"]Laculis velit dictum ligula
elementum diam.[/promo_banner][promo_banner image="480" woodmart_color_scheme="light" title_size="extra-large" btn_position="static" btn_color="white" btn_style="link" vertical_alignment="middle" text_alignment="center" content_width="50" increase_spaces="yes" link="url:%23|||" title="MAN'S
COLLECTION" btn_text="read more"]Dictumst oddio mrtattis
sit a nisi justo.[/promo_banner][promo_banner image="480" woodmart_color_scheme="light" title_size="extra-large" btn_position="static" btn_color="white" btn_style="link" vertical_alignment="middle" text_alignment="center" content_width="50" increase_spaces="yes" link="url:%23|||" title="KID'S
COLLECTION" btn_text="read more"]A etiam eleifend accum
sanmi aliquet.[/promo_banner][/banners_carousel][/vc_column][/vc_row][vc_row css=".vc_custom_1496843349912{margin-bottom: 5vh !important;}"][vc_column 0="" width="5/6" offset="vc_col-lg-offset-1 vc_col-md-offset-1 vc_col-sm-offset-1 vc_col-xs-12"][woodmart_title size="large" title="LATEST PRDOUCTS" subtitle="SEE OUR COLLECTION" after_title="Street art salvia irony wolf waistcoat actually lomo meh fap jean shorts."][woodmart_products items_per_page="6" orderby="post__in" columns="3" sale_countdown="0" stock_progress_bar="0" highlighted_products="0" products_bordered_grid="0" lazy_loading="no"][/vc_column][/vc_row][vc_row css=".vc_custom_1496842742776{margin-bottom: 30px !important;}"][vc_column][woodmart_title size="large" title="TOP VISITED CATEGORIES" subtitle="SEE OUR COLLECTION" after_title="Street art salvia irony wolf waistcoat actually lomo meh fap jean shorts." css=".vc_custom_1496842615973{margin-bottom: 0px !important;}"][/vc_column][/vc_row][vc_row full_width="stretch_row_content_no_spaces" css=".vc_custom_1497509844397{margin-bottom: 5vh !important;padding-right: 5px !important;padding-left: 5px !important;}"][vc_column][woodmart_categories orderby="date" order="" style="carousel" spacing="6" slides_per_view="5" hide_pagination_control="yes" hide_prev_next_buttons="yes" wrap="yes" ids="" number="6"][/vc_column][/vc_row][vc_row css=".vc_custom_1497509850282{margin-bottom: 5vh !important;}"][vc_column 0=""][woodmart_title size="large" title="LATEST PRDOUCTS" subtitle="SEE OUR COLLECTION" after_title="Street art salvia irony wolf waistcoat actually lomo meh fap jean shorts."][woodmart_products layout="carousel" items_per_page="6" orderby="post__in" slides_per_view="5"][/vc_column][/vc_row][vc_row css=".vc_custom_1496841438061{margin-bottom: 5vh !important;}"][vc_column][woodmart_title size="large" title_width="50" title="HOW WE WORKS" after_title="Street art salvia irony wolf waistcoat actually lomo meh fap jean shorts." css=".vc_custom_1496841422825{margin-bottom: 0px !important;}" subtitle="SEE OUR COLLECTION"][/vc_column][/vc_row][vc_row full_width="stretch_row" css=".vc_custom_1496841554394{margin-bottom: 8vh !important;border-bottom-width: 1px !important;padding-bottom: 8vh !important;border-bottom-color: rgba(129,129,129,0.2) !important;border-bottom-style: solid !important;}"][vc_column css=".vc_custom_1496841267690{border-right-width: 1px !important;padding-top: 20px !important;padding-right: 10% !important;padding-bottom: 20px !important;padding-left: 10% !important;border-right-color: rgba(129,129,129,0.2) !important;border-right-style: solid !important;}" offset="vc_col-lg-4 vc_col-md-4"][woodmart_info_box icon_type="text" icon_text_size="large" image_alignment="left" btn_color="primary" btn_style="link" no_svg_animation="yes" title="<strong>SHOP FEATURE 1</strong>" css=".vc_custom_1496841635979{margin-bottom: 0px !important;}" icon_text="01." btn_text="READ MORE"]Massa a erat nam aliquam condi mentu tum in cum proin.[/woodmart_info_box][/vc_column][vc_column css=".vc_custom_1496841274194{border-right-width: 1px !important;padding-top: 20px !important;padding-right: 10% !important;padding-bottom: 20px !important;padding-left: 10% !important;border-right-color: rgba(129,129,129,0.2) !important;border-right-style: solid !important;}" offset="vc_col-lg-4 vc_col-md-4"][woodmart_info_box icon_type="text" icon_text_size="large" image_alignment="left" btn_color="primary" btn_style="link" no_svg_animation="yes" title="<strong>SHOP FEATURE 2</strong>" css=".vc_custom_1496840520729{margin-bottom: 0px !important;}" icon_text="02." btn_text="READ MORE"]Adipiscing proin lobortis nunc luctus conubia ac facilisi.[/woodmart_info_box][/vc_column][vc_column css=".vc_custom_1496841281249{padding-top: 20px !important;padding-right: 10% !important;padding-bottom: 20px !important;padding-left: 10% !important;}" offset="vc_col-lg-4 vc_col-md-4"][woodmart_info_box icon_type="text" icon_text_size="large" image_alignment="left" btn_color="primary" btn_style="link" no_svg_animation="yes" title="<strong>SHOP FEATURE 3</strong>" css=".vc_custom_1496840604584{margin-bottom: 0px !important;}" icon_text="03." btn_text="READ MORE"]Ulamcorper parturient adipiscing nisi rutrum eleifend class.[/woodmart_info_box][/vc_column][/vc_row][vc_row css=".vc_custom_1496844857719{margin-bottom: 8vh !important;}"][vc_column css=".vc_custom_1496844904988{padding-top: 0px !important;}"][woodmart_title size="large" title="WOODMART ON INSTAGRAM" after_title="Street art salvia irony wolf waistcoat actually lomo meh fap jean shorts." css=".vc_custom_1496839681908{margin-bottom: 15px !important;}" subtitle="SEE OUR COLLECTION"][woodmart_button style="link" title="FOLLOW US ON INSTAGRAM"][/vc_column][/vc_row][vc_row full_width="stretch_row_content_no_spaces" css=".vc_custom_1496845999022{margin-bottom: -40px !important;}"][vc_column css=".vc_custom_1496839907688{padding-top: 0px !important;}"][woodmart_instagram data_source="images" images="117,81,80,79,78,77" design="slider" per_row="6" hide_pagination_control="yes" hide_prev_next_buttons="yes" username="kimgenevieve" spacing="0" rounded="0" hide_mask="0" images_size="full" images_link="#"][/woodmart_instagram][/vc_column][/vc_row]]]></content:encoded>
		<excerpt:encoded><![CDATA[]]></excerpt:encoded>
		<wp:post_id>474</wp:post_id>
		<wp:post_date>2017-06-23 06:38:18</wp:post_date>
		<wp:post_date_gmt>2017-06-23 06:38:18</wp:post_date_gmt>
		<wp:comment_status>closed</wp:comment_status>
		<wp:ping_status>closed</wp:ping_status>
		<wp:post_name>home-fashion-color</wp:post_name>
		<wp:status>publish</wp:status>
		<wp:post_parent>0</wp:post_parent>
		<wp:menu_order>0</wp:menu_order>
		<wp:post_type>page</wp:post_type>
		<wp:post_password></wp:post_password>
		<wp:is_sticky>0</wp:is_sticky>
		<wp:postmeta>
			<wp:meta_key>_wp_page_template</wp:meta_key>
			<wp:meta_value><![CDATA[default]]></wp:meta_value>
		</wp:postmeta>
		<wp:postmeta>
			<wp:meta_key>_wpb_shortcodes_custom_css</wp:meta_key>
			<wp:meta_value><![CDATA[.vc_custom_1496835328474{margin-top: -40px !important;margin-bottom: 5px !important;}.vc_custom_1496843273284{margin-bottom: 8vh !important;padding-right: 5px !important;padding-left: 5px !important;}.vc_custom_1496843349912{margin-bottom: 5vh !important;}.vc_custom_1496842742776{margin-bottom: 30px !important;}.vc_custom_1497509844397{margin-bottom: 5vh !important;padding-right: 5px !important;padding-left: 5px !important;}.vc_custom_1497509850282{margin-bottom: 5vh !important;}.vc_custom_1496841438061{margin-bottom: 5vh !important;}.vc_custom_1496841554394{margin-bottom: 8vh !important;border-bottom-width: 1px !important;padding-bottom: 8vh !important;border-bottom-color: rgba(129,129,129,0.2) !important;border-bottom-style: solid !important;}.vc_custom_1496844857719{margin-bottom: 8vh !important;}.vc_custom_1496845999022{margin-bottom: -40px !important;}.vc_custom_1490874937736{padding-top: 0px !important;}.vc_custom_1496842615973{margin-bottom: 0px !important;}.vc_custom_1496841422825{margin-bottom: 0px !important;}.vc_custom_1496841267690{border-right-width: 1px !important;padding-top: 20px !important;padding-right: 10% !important;padding-bottom: 20px !important;padding-left: 10% !important;border-right-color: rgba(129,129,129,0.2) !important;border-right-style: solid !important;}.vc_custom_1496841274194{border-right-width: 1px !important;padding-top: 20px !important;padding-right: 10% !important;padding-bottom: 20px !important;padding-left: 10% !important;border-right-color: rgba(129,129,129,0.2) !important;border-right-style: solid !important;}.vc_custom_1496841281249{padding-top: 20px !important;padding-right: 10% !important;padding-bottom: 20px !important;padding-left: 10% !important;}.vc_custom_1496841635979{margin-bottom: 0px !important;}.vc_custom_1496840520729{margin-bottom: 0px !important;}.vc_custom_1496840604584{margin-bottom: 0px !important;}.vc_custom_1496844904988{padding-top: 0px !important;}.vc_custom_1496839681908{margin-bottom: 15px !important;}.vc_custom_1496839907688{padding-top: 0px !important;}]]></wp:meta_value>
		</wp:postmeta>
		<wp:postmeta>
			<wp:meta_key>_woodmart_header_color_scheme</wp:meta_key>
			<wp:meta_value><![CDATA[light]]></wp:meta_value>
		</wp:postmeta>
		<wp:postmeta>
			<wp:meta_key>_woodmart_main_layout</wp:meta_key>
			<wp:meta_value><![CDATA[full-width]]></wp:meta_value>
		</wp:postmeta>
		<wp:postmeta>
			<wp:meta_key>_woodmart_header-overlap</wp:meta_key>
			<wp:meta_value><![CDATA[on]]></wp:meta_value>
		</wp:postmeta>
		<wp:postmeta>
			<wp:meta_key>_woodmart_title_off</wp:meta_key>
			<wp:meta_value><![CDATA[on]]></wp:meta_value>
		</wp:postmeta>
		<wp:postmeta>
			<wp:meta_key>_woodmart_prefooter_off</wp:meta_key>
			<wp:meta_value><![CDATA[on]]></wp:meta_value>
		</wp:postmeta>
		<wp:postmeta>
			<wp:meta_key>rs_page_bg_color</wp:meta_key>
			<wp:meta_value><![CDATA[#ffffff]]></wp:meta_value>
		</wp:postmeta>
		<wp:postmeta>
			<wp:meta_key>_woodmart_whb_header</wp:meta_key>
			<wp:meta_value><![CDATA[none]]></wp:meta_value>
		</wp:postmeta>
		<wp:postmeta>
			<wp:meta_key>_woodmart_title_image</wp:meta_key>
			<wp:meta_value><![CDATA[]]></wp:meta_value>
		</wp:postmeta>
		<wp:postmeta>
			<wp:meta_key>_woodmart_title_bg_color</wp:meta_key>
			<wp:meta_value><![CDATA[]]></wp:meta_value>
		</wp:postmeta>
		<wp:postmeta>
			<wp:meta_key>_woodmart_page-title-size</wp:meta_key>
			<wp:meta_value><![CDATA[inherit]]></wp:meta_value>
		</wp:postmeta>
		<wp:postmeta>
			<wp:meta_key>_woodmart_mobile_content</wp:meta_key>
			<wp:meta_value><![CDATA[]]></wp:meta_value>
		</wp:postmeta>
		<wp:postmeta>
			<wp:meta_key>wd_page_css_files</wp:meta_key>
			<wp:meta_value><![CDATA[a:19:{i:0;s:12:"wp-gutenberg";i:1;s:5:"wpcf7";i:2;s:5:"mc4wp";i:3;s:17:"revolution-slider";i:4;s:17:"woo-yith-wishlist";i:5;s:13:"wpbakery-base";i:6;s:13:"notices-fixed";i:7;s:16:"woocommerce-base";i:8;s:12:"social-icons";i:9;s:12:"owl-carousel";i:10;s:6:"banner";i:11;s:13:"section-title";i:12;s:12:"product-loop";i:13;s:17:"add-to-cart-popup";i:14;s:9:"mfp-popup";i:15;s:15:"categories-loop";i:16;s:8:"info-box";i:17;s:9:"instagram";i:18;s:10:"scroll-top";}]]></wp:meta_value>
		</wp:postmeta>
	</item>
	<item>
		<title>cat-colored-fashion-7</title>
		<link>http://dummy.xtemos.com/woodmart/demos/home-fashion-color/cat-colored-fashion-7/</link>
		<pubDate>Fri, 23 Jun 2017 06:47:03 +0000</pubDate>
		<dc:creator><![CDATA[erwin]]></dc:creator>
		<guid isPermaLink="false">http://dummy.xtemos.com/woodmart/demos/wp-content/uploads/sites/2/2017/06/cat-colored-fashion-7.jpg</guid>
		<description></description>
		<content:encoded><![CDATA[]]></content:encoded>
		<excerpt:encoded><![CDATA[]]></excerpt:encoded>
		<wp:post_id>480</wp:post_id>
		<wp:post_date>2017-06-23 06:47:03</wp:post_date>
		<wp:post_date_gmt>2017-06-23 06:47:03</wp:post_date_gmt>
		<wp:comment_status>open</wp:comment_status>
		<wp:ping_status>closed</wp:ping_status>
		<wp:post_name>cat-colored-fashion-7</wp:post_name>
		<wp:status>inherit</wp:status>
		<wp:post_parent>474</wp:post_parent>
		<wp:menu_order>0</wp:menu_order>
		<wp:post_type>attachment</wp:post_type>
		<wp:post_password></wp:post_password>
		<wp:is_sticky>0</wp:is_sticky>
		<wp:attachment_url>http://dummy.xtemos.com/woodmart/demos/wp-content/uploads/sites/2/2017/06/cat-colored-fashion-7.jpg</wp:attachment_url>
		<wp:postmeta>
			<wp:meta_key>_wp_attached_file</wp:meta_key>
			<wp:meta_value><![CDATA[2017/06/cat-colored-fashion-7.jpg]]></wp:meta_value>
		</wp:postmeta>
	</item>
</channel>
</rss>
