<?xml version="1.0" encoding="UTF-8" ?>
<!-- This is a WordPress eXtended RSS file generated by WordPress as an export of your site. -->
<!-- It contains information about your site's posts, pages, comments, categories, and other content. -->
<!-- You may use this file to transfer that content from one site to another. -->
<!-- This file is not intended to serve as a complete backup of your site. -->

<!-- To import this information into a WordPress site follow these steps: -->
<!-- 1. Log in to that site as an administrator. -->
<!-- 2. Go to Tools: Import in the WordPress admin panel. -->
<!-- 3. Install the "WordPress" importer from the list. -->
<!-- 4. Activate & Run Importer. -->
<!-- 5. Upload this file using the form provided on that page. -->
<!-- 6. You will first be asked to map the authors in this export file to users -->
<!--    on the site. For each author, you may choose to map to an -->
<!--    existing user on the site or to create a new user. -->
<!-- 7. WordPress will then import each of the posts, pages, comments, categories, etc. -->
<!--    contained in this file into your site. -->

	<!-- generator="WordPress/5.4.2" created="2020-07-08 11:10" -->
<rss version="2.0"
	xmlns:excerpt="http://wordpress.org/export/1.2/excerpt/"
	xmlns:content="http://purl.org/rss/1.0/modules/content/"
	xmlns:wfw="http://wellformedweb.org/CommentAPI/"
	xmlns:dc="http://purl.org/dc/elements/1.1/"
	xmlns:wp="http://wordpress.org/export/1.2/"
>

<channel>
	<title>Woodmart dummy demos</title>
	<link>http://dummy.xtemos.com/woodmart-elementor/demos</link>
	<description>Just another Woodmart Dummy Content Sites site</description>
	<pubDate>Wed, 08 Jul 2020 11:10:43 +0000</pubDate>
	<language>en-US</language>
	<wp:wxr_version>1.2</wp:wxr_version>
	<wp:base_site_url>http://dummy.xtemos.com/woodmart-elementor/</wp:base_site_url>
	<wp:base_blog_url>http://dummy.xtemos.com/woodmart-elementor/demos</wp:base_blog_url>

		<wp:author><wp:author_id>2</wp:author_id><wp:author_login>erwin</wp:author_login><wp:author_email>ss@asas.as</wp:author_email><wp:author_display_name><![CDATA[erwin]]></wp:author_display_name><wp:author_first_name><![CDATA[]]></wp:author_first_name><wp:author_last_name><![CDATA[]]></wp:author_last_name></wp:author>

				
	<generator>https://wordpress.org/?v=5.4.2</generator>

		<<item>
		<title>
				paper-plane		</title>
		<link>http://dummy.xtemos.com/woodmart-elementor/demos/home-video/paper-plane/</link>
		<pubDate>Mon, 26 Jun 2017 09:01:23 +0000</pubDate>
		<dc:creator><![CDATA[erwin]]></dc:creator>
		<guid isPermaLink="false">http://dummy.xtemos.com/woodmart-elementor/demos/wp-content/uploads/sites/2/2017/06/paper-plane.svg</guid>
		<description></description>
		<content:encoded><![CDATA[]]></content:encoded>
		<excerpt:encoded><![CDATA[]]></excerpt:encoded>
		<wp:post_id>611</wp:post_id>
		<wp:post_date>2017-06-26 09:01:23</wp:post_date>
		<wp:post_date_gmt>2017-06-26 09:01:23</wp:post_date_gmt>
		<wp:comment_status>open</wp:comment_status>
		<wp:ping_status>closed</wp:ping_status>
		<wp:post_name>paper-plane</wp:post_name>
		<wp:status>inherit</wp:status>
		<wp:post_parent>601</wp:post_parent>
		<wp:menu_order>0</wp:menu_order>
		<wp:post_type>attachment</wp:post_type>
		<wp:post_password></wp:post_password>
		<wp:is_sticky>0</wp:is_sticky>
						<wp:attachment_url>http://dummy.xtemos.com/woodmart-elementor/demos/wp-content/uploads/sites/2/2017/06/paper-plane.svg</wp:attachment_url>
												<wp:postmeta>
			<wp:meta_key>_wp_attached_file</wp:meta_key>
			<wp:meta_value><![CDATA[2017/06/paper-plane.svg]]></wp:meta_value>
		</wp:postmeta>
							<wp:postmeta>
			<wp:meta_key>wd_page_css_files</wp:meta_key>
			<wp:meta_value><![CDATA[a:15:{i:0;s:12:"wp-gutenberg";i:1;s:5:"wpcf7";i:2;s:5:"mc4wp";i:3;s:17:"revolution-slider";i:4;s:14:"elementor-base";i:5;s:13:"wpbakery-base";i:6;s:13:"notices-fixed";i:7;s:16:"woocommerce-base";i:8;s:12:"social-icons";i:9;s:8:"info-box";i:10;s:6:"banner";i:11;s:18:"off-canvas-sidebar";i:12;s:9:"instagram";i:13;s:13:"section-title";i:14;s:10:"scroll-top";}]]></wp:meta_value>
		</wp:postmeta>
						</item>
					<item>
		<title>
				Custom-404		</title>
		<link>http://dummy.xtemos.com/woodmart-elementor/demos/custom-404/</link>
		<pubDate>Thu, 10 May 2018 09:31:22 +0000</pubDate>
		<dc:creator><![CDATA[erwin]]></dc:creator>
		<guid isPermaLink="false">http://dummy.xtemos.com/woodmart-elementor/demos/?page_id=1532</guid>
		<description></description>
		<content:encoded><![CDATA[											
				
					PAGE NOT FOUND				
					This is somewhat embarrassing, isn’t it? It looks like nothing was found at this location.				]]></content:encoded>
		<excerpt:encoded><![CDATA[]]></excerpt:encoded>
		<wp:post_id>1532</wp:post_id>
		<wp:post_date>2018-05-10 09:31:22</wp:post_date>
		<wp:post_date_gmt>2018-05-10 09:31:22</wp:post_date_gmt>
		<wp:comment_status>closed</wp:comment_status>
		<wp:ping_status>closed</wp:ping_status>
		<wp:post_name>custom-404</wp:post_name>
		<wp:status>publish</wp:status>
		<wp:post_parent>0</wp:post_parent>
		<wp:menu_order>0</wp:menu_order>
		<wp:post_type>page</wp:post_type>
		<wp:post_password></wp:post_password>
		<wp:is_sticky>0</wp:is_sticky>
														<wp:postmeta>
			<wp:meta_key>_wp_page_template</wp:meta_key>
			<wp:meta_value><![CDATA[default]]></wp:meta_value>
		</wp:postmeta>
							<wp:postmeta>
			<wp:meta_key>_woodmart_whb_header</wp:meta_key>
			<wp:meta_value><![CDATA[none]]></wp:meta_value>
		</wp:postmeta>
							<wp:postmeta>
			<wp:meta_key>_woodmart_main_layout</wp:meta_key>
			<wp:meta_value><![CDATA[full-width]]></wp:meta_value>
		</wp:postmeta>
							<wp:postmeta>
			<wp:meta_key>_woodmart_title_off</wp:meta_key>
			<wp:meta_value><![CDATA[on]]></wp:meta_value>
		</wp:postmeta>
							<wp:postmeta>
			<wp:meta_key>woodmart_shortcodes_custom_css</wp:meta_key>
			<wp:meta_value><![CDATA[#wd-5c98d60f6fe03 .woodmart-title-container{line-height:55px;font-size:45px;}@media (max-width: 1024px) {#wd-5c98d60f6fe03 .woodmart-title-container{line-height:55px;font-size:45px;}}@media (max-width: 767px) {#wd-5c98d60f6fe03 .woodmart-title-container{line-height:42px;font-size:32px;}}]]></wp:meta_value>
		</wp:postmeta>
							<wp:postmeta>
			<wp:meta_key>_woodmart_page-title-size</wp:meta_key>
			<wp:meta_value><![CDATA[inherit]]></wp:meta_value>
		</wp:postmeta>
							<wp:postmeta>
			<wp:meta_key>_elementor_data</wp:meta_key>
			<wp:meta_value><![CDATA[[{"id":"5379095","elType":"section","settings":{"structure":"34"},"elements":[{"id":"2059050","elType":"column","settings":{"_column_size":"16","column_sticky_offset":"50","scroll_y":"-80","hide_mobile":"hidden-phone"},"elements":[],"isInner":""},{"id":"7301229","elType":"column","settings":{"_column_size":"66","woodmart_text_align":"center","align":"center","column_sticky_offset":"50","scroll_y":"-80"},"elements":[{"id":"1926680","elType":"widget","settings":{"align":"center","image_size":"full","image":{"id":"1534","url":"#"},"image_custom_dimension":[],"scroll_y":"-80"},"elements":[],"widgetType":"image"},{"id":"3742262","elType":"widget","settings":{"subtitle":"","after_title":"<p>This is somewhat embarrassing, isn\u2019t it? It looks like nothing was found at this location.<\/p>","image_size":"custom","title_typography_typography":"custom","title_typography_font_weight":"700","title":"PAGE NOT FOUND","woodmart_css_id":"5c98d60f6fe03","title_typography_font_size":{"size":"45","unit":"px"},"title_typography_font_size_tablet":{"size":"45","unit":"px"},"title_typography_font_size_mobile":{"size":"32","unit":"px"},"woodmart_empty_space":"","width":{"size":"100","unit":"%"},"width_tablet":{"unit":"%","size":"93","sizes":[]},"text_typography_typography":"custom","text_typography_font_size":{"unit":"px","size":"16","sizes":[]},"_margin":{"unit":"px","top":"0","right":"0","bottom":"5","left":"0","isLinked":""},"scroll_y":"-80"},"elements":[],"widgetType":"wd_title"},{"id":"3442868","elType":"widget","settings":{"color":"primary","_element_width":"auto","text":"HOME PAGE","_margin":{"unit":"px","top":"0","right":"15","bottom":"0","left":"0","isLinked":""},"scroll_y":"-80"},"elements":[],"widgetType":"wd_button"},{"id":"6145803","elType":"widget","settings":{"style":"bordered","button_inline":"yes","popup_id":"contact-form-popup","text":"CONTACT US","content":"317","scroll_y":"-80","_element_width":"auto","width":{"unit":"px","size":"900","sizes":[]}},"elements":[{"id":"1200966","elType":"section","settings":{"equal_height":"yes","structure":"20"},"elements":[{"id":"68885","elType":"column","settings":{"_column_size":"66","column_sticky_offset":"50","scroll_y":"-80"},"elements":[{"id":"9551320","elType":"widget","settings":{"subtitle":"","after_title":"","image_size":"custom","size":"small","align":"left","title":"SEND US A MESSAGE","scroll_y":"-80"},"elements":[],"widgetType":"wd_title"},{"id":"3531532","elType":"widget","settings":{"typography_typography":"custom","align":"left","editor":"<p>[contact-form-7 id=\"608\" title=\"Contact form alternative\"]<\/p>\n","scroll_y":"-80"},"elements":[],"widgetType":"text-editor"}],"isInner":"1"},{"id":"9549024","elType":"column","settings":{"_column_size":"33","_background_background":"classic","_background_color":"#333333","column_sticky_offset":"50","scroll_y":"-80"},"elements":[{"id":"240431","elType":"widget","settings":{"subtitle":"","after_title":"","image_size":"custom","size":"small","color":"white","align":"left","title":"CONTACT INFORMATION","scroll_y":"-80"},"elements":[],"widgetType":"wd_title"},{"id":"2870642","elType":"widget","settings":{"icon_type":"icon","alignment":"left","btn_text":"","image_size":"custom","subtitle":"","title":"","btn_position":"hover","image":{"id":"611","url":"#"},"woodmart_color_scheme":"light","image_alignment":"left","image_custom_dimension":{"width":"30","height":"30"},"content":"50 East 52nd Street\r\nBrooklyn, NY 10022\r\nUnited States","icon_text":"53","scroll_y":"-80"},"elements":[],"widgetType":"wd_infobox"},{"id":"407980","elType":"widget","settings":{"icon_type":"icon","alignment":"left","btn_text":"","image_size":"custom","subtitle":"","title":"","btn_position":"hover","image":{"id":"611","url":"#"},"woodmart_color_scheme":"light","image_alignment":"left","image_custom_dimension":{"width":"30","height":"30"},"content":"+1322224332\r\n+1323345455","icon_text":"53","scroll_y":"-80"},"elements":[],"widgetType":"wd_infobox"},{"id":"8457013","elType":"widget","settings":{"icon_type":"icon","alignment":"left","btn_text":"","image_size":"custom","subtitle":"","title":"","btn_position":"hover","image":{"id":"611","url":"#"},"woodmart_color_scheme":"light","image_alignment":"left","image_custom_dimension":{"width":"30","height":"30"},"content":"<a href=\"http:\/\/themedemo.commercegurus.com\/economist\/#\">info@economist.com<\/a>\r\n<a href=\"http:\/\/themedemo.commercegurus.com\/economist\/#\">support@economist.com<\/a>","icon_text":"53","scroll_y":"-80"},"elements":[],"widgetType":"wd_infobox"},{"id":"2488326","elType":"widget","settings":{"color":"rgba(255,255,255,0.15)","text":"Divider","scroll_y":"-80"},"elements":[],"widgetType":"divider"},{"id":"816420","elType":"widget","settings":{"typography_typography":"custom","align":"left","woodmart_color_scheme":"light","editor":"<p>Do you have questions about how Economist can help your company? Send us an email and we\u2019ll get in touch shortly.<\/p>\n","scroll_y":"-80"},"elements":[],"widgetType":"text-editor"},{"id":"7091810","elType":"widget","settings":{"size":"small","align":"left","style":"colored","scroll_y":"-80"},"elements":[],"widgetType":"wd_social_buttons"}],"isInner":""}],"isInner":"1"}],"widgetType":"wd_popup"}],"isInner":""},{"id":"5381490","elType":"column","settings":{"_column_size":"16","column_sticky_offset":"50","scroll_y":"-80","hide_mobile":"hidden-phone"},"elements":[],"isInner":""}],"isInner":""}]]]></wp:meta_value>
		</wp:postmeta>
							<wp:postmeta>
			<wp:meta_key>_elementor_edit_mode</wp:meta_key>
			<wp:meta_value><![CDATA[builder]]></wp:meta_value>
		</wp:postmeta>
							<wp:postmeta>
			<wp:meta_key>_elementor_version</wp:meta_key>
			<wp:meta_value><![CDATA[2.9.11]]></wp:meta_value>
		</wp:postmeta>
							<wp:postmeta>
			<wp:meta_key>_elementor_template_type</wp:meta_key>
			<wp:meta_value><![CDATA[wp-page]]></wp:meta_value>
		</wp:postmeta>
							<wp:postmeta>
			<wp:meta_key>_elementor_controls_usage</wp:meta_key>
			<wp:meta_value><![CDATA[a:10:{s:6:"column";a:3:{s:5:"count";i:5;s:15:"control_percent";i:1;s:8:"controls";a:2:{s:8:"advanced";a:2:{s:8:"wd_extra";a:2:{s:20:"column_sticky_offset";i:5;s:8:"scroll_y";i:5;}s:19:"_section_responsive";a:1:{s:11:"hide_mobile";i:2;}}s:6:"layout";a:1:{s:6:"layout";a:1:{s:5:"align";i:1;}}}}s:5:"image";a:3:{s:5:"count";i:1;s:15:"control_percent";i:2;s:8:"controls";a:2:{s:7:"content";a:1:{s:13:"section_image";a:4:{s:5:"align";i:1;s:10:"image_size";i:1;s:5:"image";i:1;s:22:"image_custom_dimension";i:1;}}s:8:"advanced";a:1:{s:8:"wd_extra";a:1:{s:8:"scroll_y";i:1;}}}}s:8:"wd_title";a:3:{s:5:"count";i:3;s:15:"control_percent";i:3;s:8:"controls";a:3:{s:7:"content";a:1:{s:23:"general_content_section";a:3:{s:8:"subtitle";i:3;s:11:"after_title";i:3;s:5:"title";i:3;}}s:5:"style";a:3:{s:19:"title_style_section";a:6:{s:10:"image_size";i:3;s:27:"title_typography_typography";i:1;s:28:"title_typography_font_weight";i:1;s:26:"title_typography_font_size";i:1;s:33:"title_typography_font_size_tablet";i:1;s:33:"title_typography_font_size_mobile";i:1;}s:21:"general_style_section";a:5:{s:5:"width";i:1;s:12:"width_tablet";i:1;s:4:"size";i:2;s:5:"align";i:2;s:5:"color";i:1;}s:18:"text_style_section";a:2:{s:26:"text_typography_typography";i:1;s:25:"text_typography_font_size";i:1;}}s:8:"advanced";a:2:{s:14:"_section_style";a:1:{s:7:"_margin";i:1;}s:8:"wd_extra";a:1:{s:8:"scroll_y";i:3;}}}}s:9:"wd_button";a:3:{s:5:"count";i:1;s:15:"control_percent";i:2;s:8:"controls";a:3:{s:5:"style";a:1:{s:21:"general_style_section";a:1:{s:5:"color";i:1;}}s:8:"advanced";a:3:{s:17:"_section_position";a:1:{s:14:"_element_width";i:1;}s:14:"_section_style";a:1:{s:7:"_margin";i:1;}s:8:"wd_extra";a:1:{s:8:"scroll_y";i:1;}}s:7:"content";a:1:{s:23:"general_content_section";a:1:{s:4:"text";i:1;}}}}s:11:"text-editor";a:3:{s:5:"count";i:2;s:15:"control_percent";i:2;s:8:"controls";a:3:{s:5:"style";a:1:{s:13:"section_style";a:2:{s:21:"typography_typography";i:2;s:5:"align";i:2;}}s:7:"content";a:1:{s:14:"section_editor";a:1:{s:6:"editor";i:2;}}s:8:"advanced";a:1:{s:8:"wd_extra";a:1:{s:8:"scroll_y";i:2;}}}}s:10:"wd_infobox";a:3:{s:5:"count";i:3;s:15:"control_percent";i:4;s:8:"controls";a:3:{s:7:"content";a:2:{s:20:"icon_content_section";a:4:{s:9:"icon_type";i:3;s:10:"image_size";i:3;s:5:"image";i:3;s:22:"image_custom_dimension";i:3;}s:23:"general_content_section";a:4:{s:8:"btn_text";i:3;s:8:"subtitle";i:3;s:5:"title";i:3;s:7:"content";i:3;}}s:5:"style";a:2:{s:21:"general_style_section";a:3:{s:9:"alignment";i:3;s:21:"woodmart_color_scheme";i:3;s:15:"image_alignment";i:3;}s:22:"button_content_section";a:1:{s:12:"btn_position";i:3;}}s:8:"advanced";a:1:{s:8:"wd_extra";a:1:{s:8:"scroll_y";i:3;}}}}s:7:"divider";a:3:{s:5:"count";i:1;s:15:"control_percent";i:1;s:8:"controls";a:2:{s:5:"style";a:1:{s:21:"section_divider_style";a:1:{s:5:"color";i:1;}}s:8:"advanced";a:1:{s:8:"wd_extra";a:1:{s:8:"scroll_y";i:1;}}}}s:17:"wd_social_buttons";a:3:{s:5:"count";i:1;s:15:"control_percent";i:2;s:8:"controls";a:2:{s:5:"style";a:1:{s:21:"general_style_section";a:3:{s:4:"size";i:1;s:5:"align";i:1;s:5:"style";i:1;}}s:8:"advanced";a:1:{s:8:"wd_extra";a:1:{s:8:"scroll_y";i:1;}}}}s:7:"section";a:3:{s:5:"count";i:2;s:15:"control_percent";i:0;s:8:"controls";a:1:{s:6:"layout";a:1:{s:17:"section_structure";a:1:{s:9:"structure";i:2;}}}}s:8:"wd_popup";a:3:{s:5:"count";i:1;s:15:"control_percent";i:3;s:8:"controls";a:3:{s:5:"style";a:2:{s:20:"button_style_section";a:1:{s:5:"style";i:1;}s:21:"general_style_section";a:1:{s:5:"width";i:1;}}s:7:"content";a:2:{s:23:"general_content_section";a:2:{s:8:"popup_id";i:1;s:7:"content";i:1;}s:22:"button_content_section";a:1:{s:4:"text";i:1;}}s:8:"advanced";a:2:{s:8:"wd_extra";a:1:{s:8:"scroll_y";i:1;}s:17:"_section_position";a:1:{s:14:"_element_width";i:1;}}}}}]]></wp:meta_value>
		</wp:postmeta>
						</item>
					<item>
		<title>
				404		</title>
		<link>http://dummy.xtemos.com/woodmart-elementor/demos/custom-404/attachment/404/</link>
		<pubDate>Thu, 10 May 2018 09:29:42 +0000</pubDate>
		<dc:creator><![CDATA[erwin]]></dc:creator>
		<guid isPermaLink="false">http://dummy.xtemos.com/woodmart-elementor/demos/wp-content/uploads/sites/2/2018/05/404.jpg</guid>
		<description></description>
		<content:encoded><![CDATA[]]></content:encoded>
		<excerpt:encoded><![CDATA[]]></excerpt:encoded>
		<wp:post_id>1534</wp:post_id>
		<wp:post_date>2018-05-10 09:29:42</wp:post_date>
		<wp:post_date_gmt>2018-05-10 09:29:42</wp:post_date_gmt>
		<wp:comment_status>open</wp:comment_status>
		<wp:ping_status>closed</wp:ping_status>
		<wp:post_name>404</wp:post_name>
		<wp:status>inherit</wp:status>
		<wp:post_parent>1532</wp:post_parent>
		<wp:menu_order>0</wp:menu_order>
		<wp:post_type>attachment</wp:post_type>
		<wp:post_password></wp:post_password>
		<wp:is_sticky>0</wp:is_sticky>
						<wp:attachment_url>http://dummy.xtemos.com/woodmart-elementor/demos/wp-content/uploads/sites/2/2018/05/404.jpg</wp:attachment_url>
												<wp:postmeta>
			<wp:meta_key>_wp_attached_file</wp:meta_key>
			<wp:meta_value><![CDATA[2018/05/404.jpg]]></wp:meta_value>
		</wp:postmeta>
						</item>
				</channel>
</rss>
	