<?xml version="1.0" encoding="UTF-8" ?>
<!-- This is a WordPress eXtended RSS file generated by WordPress as an export of your site. -->
<!-- It contains information about your site's posts, pages, comments, categories, and other content. -->
<!-- You may use this file to transfer that content from one site to another. -->
<!-- This file is not intended to serve as a complete backup of your site. -->

<!-- To import this information into a WordPress site follow these steps: -->
<!-- 1. Log in to that site as an administrator. -->
<!-- 2. Go to Tools: Import in the WordPress admin panel. -->
<!-- 3. Install the "WordPress" importer from the list. -->
<!-- 4. Activate & Run Importer. -->
<!-- 5. Upload this file using the form provided on that page. -->
<!-- 6. You will first be asked to map the authors in this export file to users -->
<!--    on the site. For each author, you may choose to map to an -->
<!--    existing user on the site or to create a new user. -->
<!-- 7. WordPress will then import each of the posts, pages, comments, categories, etc. -->
<!--    contained in this file into your site. -->

	<!-- generator="WordPress/5.4.6" created="2021-06-17 13:33" -->
<rss version="2.0"
	xmlns:excerpt="http://wordpress.org/export/1.2/excerpt/"
	xmlns:content="http://purl.org/rss/1.0/modules/content/"
	xmlns:wfw="http://wellformedweb.org/CommentAPI/"
	xmlns:dc="http://purl.org/dc/elements/1.1/"
	xmlns:wp="http://wordpress.org/export/1.2/"
>

<channel>
	<title>Woodmart dummy demos</title>
	<link>http://dummy.xtemos.com/woodmart-elementor/demos</link>
	<description>Just another Woodmart Dummy Content Sites site</description>
	<pubDate>Thu, 17 Jun 2021 13:33:31 +0000</pubDate>
	<language>en-US</language>
	<wp:wxr_version>1.2</wp:wxr_version>
	<wp:base_site_url>http://dummy.xtemos.com/woodmart-elementor/</wp:base_site_url>
	<wp:base_blog_url>http://dummy.xtemos.com/woodmart-elementor/demos</wp:base_blog_url>

		<wp:author><wp:author_id>4</wp:author_id><wp:author_login>zakhar</wp:author_login><wp:author_email>sdads@asdasd.asd</wp:author_email><wp:author_display_name><![CDATA[zakhar]]></wp:author_display_name><wp:author_first_name><![CDATA[]]></wp:author_first_name><wp:author_last_name><![CDATA[]]></wp:author_last_name></wp:author>

				
	<generator>https://wordpress.org/?v=5.4.6</generator>

		<item>
		<title>
				About us #3		</title>
		<link>http://dummy.xtemos.com/woodmart-elementor/demos/about-us-3/</link>
		<pubDate>Wed, 17 Mar 2021 13:44:33 +0000</pubDate>
		<dc:creator><![CDATA[zakhar]]></dc:creator>
		<guid isPermaLink="false">http://dummy.xtemos.com/woodmart-elementor/demos/?page_id=9910</guid>
		<description></description>
		<content:encoded><![CDATA[ 					
					SOME WORDS ABOUT US				
				Well-coordinated teamwork speaks About Us 
						 					
											
								We love what we do						]]></content:encoded>
		<excerpt:encoded><![CDATA[]]></excerpt:encoded>
		<wp:post_id>9910</wp:post_id>
		<wp:post_date>2021-03-17 13:44:33</wp:post_date>
		<wp:post_date_gmt>2021-03-17 13:44:33</wp:post_date_gmt>
		<wp:comment_status>closed</wp:comment_status>
		<wp:ping_status>closed</wp:ping_status>
		<wp:post_name>about-us-3</wp:post_name>
		<wp:status>publish</wp:status>
		<wp:post_parent>0</wp:post_parent>
		<wp:menu_order>0</wp:menu_order>
		<wp:post_type>page</wp:post_type>
		<wp:post_password></wp:post_password>
		<wp:is_sticky>0</wp:is_sticky>
														<wp:postmeta>
			<wp:meta_key>_woodmart_whb_header</wp:meta_key>
			<wp:meta_value><![CDATA[none]]></wp:meta_value>
		</wp:postmeta>
							<wp:postmeta>
			<wp:meta_key>_woodmart_title_off</wp:meta_key>
			<wp:meta_value><![CDATA[on]]></wp:meta_value>
		</wp:postmeta>
							<wp:postmeta>
			<wp:meta_key>_woodmart_title_image</wp:meta_key>
			<wp:meta_value><![CDATA[]]></wp:meta_value>
		</wp:postmeta>
							<wp:postmeta>
			<wp:meta_key>_woodmart_title_bg_color</wp:meta_key>
			<wp:meta_value><![CDATA[]]></wp:meta_value>
		</wp:postmeta>
							<wp:postmeta>
			<wp:meta_key>_woodmart_page-title-size</wp:meta_key>
			<wp:meta_value><![CDATA[inherit]]></wp:meta_value>
		</wp:postmeta>
							<wp:postmeta>
			<wp:meta_key>_woodmart_main_layout</wp:meta_key>
			<wp:meta_value><![CDATA[full-width]]></wp:meta_value>
		</wp:postmeta>
							<wp:postmeta>
			<wp:meta_key>_elementor_edit_mode</wp:meta_key>
			<wp:meta_value><![CDATA[builder]]></wp:meta_value>
		</wp:postmeta>
							<wp:postmeta>
			<wp:meta_key>_elementor_template_type</wp:meta_key>
			<wp:meta_value><![CDATA[wp-page]]></wp:meta_value>
		</wp:postmeta>
							<wp:postmeta>
			<wp:meta_key>_elementor_version</wp:meta_key>
			<wp:meta_value><![CDATA[2.9.11]]></wp:meta_value>
		</wp:postmeta>
							<wp:postmeta>
			<wp:meta_key>_wp_page_template</wp:meta_key>
			<wp:meta_value><![CDATA[default]]></wp:meta_value>
		</wp:postmeta>
							<wp:postmeta>
			<wp:meta_key>_elementor_data</wp:meta_key>
			<wp:meta_value><![CDATA[[{"id":"a3a6b53","elType":"section","settings":{"gap":"extended","content_position":"middle","wd_section_stretch":"stretch","structure":"30","background_background":"classic","background_color":"#F9F9F9","margin":{"unit":"px","top":"-40","right":"0","bottom":"80","left":"0","isLinked":""},"margin_tablet":{"unit":"px","top":"-40","right":"0","bottom":"60","left":"0","isLinked":""},"margin_mobile":{"unit":"px","top":"-40","right":"0","bottom":"40","left":"0","isLinked":""},"padding":{"unit":"px","top":"80","right":"10","bottom":"80","left":"10","isLinked":""},"padding_tablet":{"unit":"px","top":"60","right":"15","bottom":"60","left":"15","isLinked":""}},"elements":[{"id":"957325b","elType":"column","settings":{"_column_size":"33","column_sticky_offset":"50","scroll_y":"-80","_inline_size_tablet":"100"},"elements":[{"id":"eb63f6b","elType":"widget","settings":{"subtitle":"SOME WORDS ABOUT US","title":"Well-coordinated teamwork speaks About Us","after_title":"","size":"large","align":"left","subtitle_color":"#83B735","subtitle_typography_typography":"custom","subtitle_typography_font_weight":"600","scroll_y":"-80"},"elements":[],"widgetType":"wd_title"}],"isInner":""},{"id":"baed603","elType":"column","settings":{"_column_size":"33","column_sticky_offset":"50","scroll_y":"-80","_inline_size_tablet":"50","margin":{"unit":"%","top":"0","right":"0","bottom":"0","left":"30","isLinked":""},"margin_tablet":{"unit":"px","top":"0","right":"0","bottom":"0","left":"0","isLinked":""}},"elements":[{"id":"10d6437","elType":"widget","settings":{"icon_text":"","subtitle":"","title":"We love what we do","content":"<p>A small river named Duden flows by their place and supplies it with the necessary regelialia.<\/p>","btn_text":"Read more","alignment":"left","content_typography_typography":"custom","content_typography_font_size":{"unit":"px","size":"16","sizes":[]},"btn_size":"small","btn_color":"primary","btn_style":"link","scroll_y":"-80"},"elements":[],"widgetType":"wd_infobox"}],"isInner":""},{"id":"d722957","elType":"column","settings":{"_column_size":"33","column_sticky_offset":"50","scroll_y":"-80","_inline_size_tablet":"50","margin":{"unit":"%","top":"0","right":"0","bottom":"0","left":"30","isLinked":""},"margin_tablet":{"unit":"px","top":"0","right":"0","bottom":"0","left":"0","isLinked":""}},"elements":[{"id":"6409327","elType":"widget","settings":{"icon_text":"","subtitle":"","title":"Our working process","content":"<p>She packed her seven versalia, put her initial into the belt and made herself on the way.<\/p>","btn_text":"Read more","alignment":"left","content_typography_typography":"custom","content_typography_font_size":{"unit":"px","size":"16","sizes":[]},"btn_size":"small","btn_color":"primary","btn_style":"link","scroll_y":"-80"},"elements":[],"widgetType":"wd_infobox"}],"isInner":""}],"isInner":""},{"id":"049ec71","elType":"section","settings":{"structure":"20","margin":{"unit":"px","top":"0","right":"0","bottom":"80","left":"0","isLinked":""},"margin_tablet":{"unit":"px","top":"0","right":"0","bottom":"60","left":"0","isLinked":""},"margin_mobile":{"unit":"px","top":"0","right":"0","bottom":"40","left":"0","isLinked":""},"reverse_order_tablet":"reverse-tablet","reverse_order_mobile":"reverse-mobile"},"elements":[{"id":"c506670","elType":"column","settings":{"_column_size":"50","_inline_size_tablet":"100","column_sticky_offset":"50","scroll_y":"-80"},"elements":[{"id":"f2bef89","elType":"widget","settings":{"image":{"url":"http:\/\/dummy.xtemos.com\/woodmart-elementor\/demos\/wp-content\/uploads\/sites\/2\/2021\/03\/w-about-us1-img-1-opt.jpg","id":"9924"},"image_size":"full","align_tablet":"left","scroll_y":"-80"},"elements":[],"widgetType":"image"}],"isInner":""},{"id":"7d08c97","elType":"column","settings":{"_column_size":"50","_inline_size_tablet":"100","margin":{"unit":"%","top":"6","right":"0","bottom":"0","left":"20","isLinked":""},"margin_tablet":{"unit":"px","top":"0","right":"0","bottom":"0","left":"0","isLinked":""},"column_sticky_offset":"50","scroll_y":"-80"},"elements":[{"id":"caf8c52","elType":"widget","settings":{"subtitle":"SEEMINGLY ELEGANT DESIGN","title":"About our online store","after_title":"<p><em>Risus suspendisse a orci penatibus a felis suscipit consectetur vestibulum sodales dui cum ultricies lacus interdum.<\/em><\/p>","size":"large","align":"left","subtitle_color":"#83B735","subtitle_typography_typography":"custom","subtitle_typography_font_weight":"600","text_color":"rgba(0, 0, 0, 0.30196078431372547)","text_typography_typography":"custom","text_typography_font_size":{"unit":"px","size":"16","sizes":[]},"scroll_y":"-80"},"elements":[],"widgetType":"wd_title"},{"id":"c00f413","elType":"widget","settings":{"editor":"<p>One morning, when Gregor Samsa woke from troubled dreams, he found himself transformed in his bed into a horrible vermin. He lay on his armour-like back, and if he lifted his head a little he could see his brown belly, slightly domed and divided by arches into stiff.<\/p><p>Dictumst per ante cras suscipit nascetur ullamcorper in nullam fermentum condimentum torquent iaculis reden posuere potenti viverra condimentum dictumst id tellus suspendisse<\/p>","typography_typography":"custom","typography_font_size":{"unit":"px","size":"16","sizes":[]},"_margin":{"unit":"px","top":"0","right":"0","bottom":"10","left":"0","isLinked":""},"scroll_y":"-80"},"elements":[],"widgetType":"text-editor"},{"id":"47919fe","elType":"section","settings":{"border_border":"solid","border_width":{"unit":"px","top":"1","right":"0","bottom":"0","left":"0","isLinked":""},"border_color":"rgba(10, 10, 10, 0.12156862745098039)","padding":{"unit":"px","top":"10","right":"0","bottom":"0","left":"0","isLinked":""}},"elements":[{"id":"a3f4514","elType":"column","settings":{"_column_size":"100","content_position":"center","align":"space-between","column_sticky_offset":"50","scroll_y":"-80"},"elements":[{"id":"5956caf","elType":"widget","settings":{"editor":"<p><a href=\"http:\/\/xtemos.com\"><strong><em>Developed by <span style=\"color: #cd1d1d\">X<\/span>temos Studio @ 2021.<\/em><\/strong><\/a><\/p>","_margin":{"unit":"px","top":"0","right":"25","bottom":"0","left":"0","isLinked":""},"scroll_y":"-80","_element_width":"auto"},"elements":[],"widgetType":"text-editor"},{"id":"47a566f","elType":"widget","settings":{"size":"small","align":"left","style":"colored-alt","scroll_y":"-80","_element_width":"auto","hide_mobile":"hidden-phone"},"elements":[],"widgetType":"wd_social_buttons"}],"isInner":"1"}],"isInner":"1"}],"isInner":""}],"isInner":""},{"id":"5181cec","elType":"section","settings":{"margin":{"unit":"px","top":"0","right":"0","bottom":"20","left":"0","isLinked":""}},"elements":[{"id":"43730ec","elType":"column","settings":{"_column_size":"100","column_sticky_offset":"50","scroll_y":"-80"},"elements":[{"id":"8c8f626","elType":"widget","settings":{"subtitle":"WORDS ABOUT US","title":"Our Team","after_title":"<p>Convallis ullamcorper aliquet ultrices orci cum vestibulum lobortis erat.<\/p>","size":"large","subtitle_color":"#83B735","subtitle_typography_typography":"custom","subtitle_typography_font_weight":"600","scroll_y":"-80"},"elements":[],"widgetType":"wd_title"}],"isInner":""}],"isInner":""},{"id":"afc2c7a","elType":"section","settings":{"structure":"40","margin":{"unit":"px","top":"0","right":"0","bottom":"70","left":"0","isLinked":""},"margin_tablet":{"unit":"px","top":"0","right":"0","bottom":"50","left":"0","isLinked":""},"margin_mobile":{"unit":"px","top":"0","right":"0","bottom":"30","left":"0","isLinked":""}},"elements":[{"id":"6b2510e","elType":"column","settings":{"_column_size":"25","_inline_size_tablet":"50","column_sticky_offset":"50","scroll_y":"-80"},"elements":[{"id":"940c22f","elType":"widget","settings":{"image":{"url":"http:\/\/dummy.xtemos.com\/woodmart-elementor\/demos\/wp-content\/uploads\/sites\/2\/2021\/03\/w-about-us1-per-1-opt-1.jpg","id":"9965"},"image_size":"full","name":"Mark Jance","position":"CEO \/ FOUNDER","content":"","facebook":"#","twitter":"#","linkedin":"#","skype":"","instagram":"#","align":"center","size":"small","style":"colored","_margin":{"unit":"px","top":"0","right":"0","bottom":"10","left":"0","isLinked":""},"scroll_y":"-80"},"elements":[],"widgetType":"wd_team_member"}],"isInner":""},{"id":"5569632","elType":"column","settings":{"_column_size":"25","_inline_size_tablet":"50","column_sticky_offset":"50","scroll_y":"-80"},"elements":[{"id":"d5d6ce6","elType":"widget","settings":{"image":{"url":"http:\/\/dummy.xtemos.com\/woodmart-elementor\/demos\/wp-content\/uploads\/sites\/2\/2021\/03\/w-about-us1-per-2-opt-1.jpg","id":"9966"},"image_size":"full","name":"Aviana Plummer","position":"CEO \/ FOUNDER","content":"","facebook":"#","twitter":"#","linkedin":"#","skype":"","instagram":"#","align":"center","size":"small","style":"colored","_margin":{"unit":"px","top":"0","right":"0","bottom":"10","left":"0","isLinked":""},"scroll_y":"-80"},"elements":[],"widgetType":"wd_team_member"}],"isInner":""},{"id":"58eec4c","elType":"column","settings":{"_column_size":"25","_inline_size_tablet":"50","column_sticky_offset":"50","scroll_y":"-80"},"elements":[{"id":"e66cb94","elType":"widget","settings":{"image":{"url":"http:\/\/dummy.xtemos.com\/woodmart-elementor\/demos\/wp-content\/uploads\/sites\/2\/2021\/03\/w-about-us1-per-3-opt-1.jpg","id":"9967"},"image_size":"full","name":"Braydon Wilkerson","position":"CEO \/ FOUNDER","content":"","facebook":"#","twitter":"#","linkedin":"#","skype":"","instagram":"#","align":"center","size":"small","style":"colored","_margin":{"unit":"px","top":"0","right":"0","bottom":"10","left":"0","isLinked":""},"scroll_y":"-80"},"elements":[],"widgetType":"wd_team_member"}],"isInner":""},{"id":"b1c8c97","elType":"column","settings":{"_column_size":"25","_inline_size_tablet":"50","column_sticky_offset":"50","scroll_y":"-80"},"elements":[{"id":"8af4b5a","elType":"widget","settings":{"image":{"url":"http:\/\/dummy.xtemos.com\/woodmart-elementor\/demos\/wp-content\/uploads\/sites\/2\/2021\/03\/w-about-us1-per-4-opt-1.jpg","id":"9968"},"image_size":"full","name":"Kristin Watson","position":"CEO \/ FOUNDER","content":"","facebook":"#","twitter":"#","linkedin":"#","skype":"","instagram":"#","align":"center","size":"small","style":"colored","_margin":{"unit":"px","top":"0","right":"0","bottom":"10","left":"0","isLinked":""},"scroll_y":"-80"},"elements":[],"widgetType":"wd_team_member"}],"isInner":""}],"isInner":""},{"id":"8a9dc4d","elType":"section","settings":{"content_position":"middle","wd_section_stretch":"stretch","structure":"20","background_background":"classic","background_image":{"url":"http:\/\/dummy.xtemos.com\/woodmart-elementor\/demos\/wp-content\/uploads\/sites\/2\/2021\/03\/w-about-us1-infobox-bg-opt.jpg","id":"9947"},"background_position":"center center","background_repeat":"no-repeat","background_size":"cover","margin":{"unit":"px","top":"0","right":"0","bottom":"80","left":"0","isLinked":""},"margin_tablet":{"unit":"px","top":"0","right":"0","bottom":"60","left":"0","isLinked":""},"margin_mobile":{"unit":"px","top":"0","right":"0","bottom":"40","left":"0","isLinked":""},"padding":{"unit":"px","top":"80","right":"10","bottom":"80","left":"10","isLinked":""},"padding_tablet":{"unit":"px","top":"60","right":"15","bottom":"60","left":"15","isLinked":""},"padding_mobile":{"unit":"px","top":"40","right":"15","bottom":"40","left":"15","isLinked":""}},"elements":[{"id":"bc7141d","elType":"column","settings":{"_column_size":"50","margin_mobile":{"unit":"px","top":"0","right":"0","bottom":"20","left":"0","isLinked":""},"column_sticky_offset":"50","scroll_y":"-80"},"elements":[{"id":"65cb408","elType":"widget","settings":{"subtitle":"DEVELOPED BY XTEMOS STUDIO @ 2021.","title":"We work through every aspect at the planning","after_title":"","color":"white","size":"large","align":"left","width":{"unit":"%","size":"90","sizes":[]},"subtitle_color":"#83B735","subtitle_typography_typography":"custom","subtitle_typography_font_weight":"600","scroll_y":"-80"},"elements":[],"widgetType":"wd_title"},{"id":"57bdff7","elType":"widget","settings":{"text":"WE DO IT FOR YOU WITH LOVE","style":"link","color":"white","align":"left","scroll_y":"-80"},"elements":[],"widgetType":"wd_button"}],"isInner":""},{"id":"0a43ac7","elType":"column","settings":{"_column_size":"50","column_sticky_offset":"50","scroll_y":"-80"},"elements":[{"id":"31a7d88","elType":"section","settings":{"_border_width":{"top":"0","left":"0","right":"0","bottom":"1","unit":"px","isLinked":""},"_border_border":"solid","_border_color":"rgba(255,255,255,0.3)","structure":"20","gap":"no","border_border":"solid","border_width":{"unit":"px","top":"0","right":"0","bottom":"1","left":"0","isLinked":""},"border_color":"rgba(255, 255, 255, 0.30196078431372547)"},"elements":[{"id":"cc2ddae","elType":"column","settings":{"_column_size":"50","_border_width":{"top":"0","left":"0","right":"1","bottom":"0","unit":"px","isLinked":""},"_border_border":"solid","_border_color":"rgba(255,255,255,0.3)","_inline_size_tablet":"50","_inline_size_mobile":"50","border_border":"solid","border_width":{"unit":"px","top":"0","right":"1","bottom":"0","left":"0","isLinked":""},"border_color":"rgba(255, 255, 255, 0.30196078431372547)","padding":{"unit":"px","top":"30","right":"30","bottom":"30","left":"30","isLinked":"1"},"column_sticky_offset":"50","scroll_y":"-80","padding_mobile":{"unit":"px","top":"30","right":"15","bottom":"30","left":"40","isLinked":""},"padding_tablet":{"unit":"px","top":"30","right":"15","bottom":"30","left":"15","isLinked":""}},"elements":[{"id":"36b2ad9","elType":"widget","settings":{"size":"large","label":"FOUNDING YEAR","value":"2010","value_typography_typography":"custom","value_typography_font_weight":"600","color_scheme":"light","scroll_y":"-80"},"elements":[],"widgetType":"wd_counter"}],"isInner":"1"},{"id":"394e8d8","elType":"column","settings":{"_column_size":"50","_inline_size_tablet":"50","_inline_size_mobile":"50","border_width":{"unit":"px","top":"0","right":"1","bottom":"0","left":"0","isLinked":""},"border_color":"rgba(255, 255, 255, 0.30196078431372547)","padding":{"unit":"px","top":"30","right":"30","bottom":"30","left":"30","isLinked":"1"},"column_sticky_offset":"50","scroll_y":"-80","padding_mobile":{"unit":"px","top":"30","right":"40","bottom":"30","left":"15","isLinked":""},"padding_tablet":{"unit":"px","top":"30","right":"15","bottom":"30","left":"15","isLinked":""}},"elements":[{"id":"48f8588","elType":"widget","settings":{"size":"large","label":"HAPPY COSTUMERS","value":"2000","value_typography_typography":"custom","value_typography_font_weight":"600","color_scheme":"light","scroll_y":"-80"},"elements":[],"widgetType":"wd_counter"}],"isInner":""}],"isInner":"1"},{"id":"845ee94","elType":"section","settings":{"_border_width":{"top":"0","left":"0","right":"0","bottom":"1","unit":"px","isLinked":""},"_border_border":"solid","_border_color":"rgba(255,255,255,0.3)","structure":"20","gap":"no","border_border":"solid","border_width":{"unit":"px","top":"0","right":"0","bottom":"1","left":"0","isLinked":""},"border_color":"rgba(255, 255, 255, 0.30196078431372547)"},"elements":[{"id":"53e2e57","elType":"column","settings":{"_column_size":"50","_border_width":{"top":"0","left":"0","right":"1","bottom":"0","unit":"px","isLinked":""},"_border_border":"solid","_border_color":"rgba(255,255,255,0.3)","_inline_size_tablet":"50","_inline_size_mobile":"50","border_border":"solid","border_width":{"unit":"px","top":"0","right":"1","bottom":"0","left":"0","isLinked":""},"border_color":"rgba(255, 255, 255, 0.30196078431372547)","padding":{"unit":"px","top":"30","right":"30","bottom":"30","left":"30","isLinked":"1"},"column_sticky_offset":"50","scroll_y":"-80","padding_mobile":{"unit":"px","top":"30","right":"15","bottom":"30","left":"40","isLinked":""},"padding_tablet":{"unit":"px","top":"30","right":"15","bottom":"30","left":"15","isLinked":""}},"elements":[{"id":"29ae5ff","elType":"widget","settings":{"size":"large","label":"COMPANY WORK WITH US","value":"190","value_typography_typography":"custom","value_typography_font_weight":"600","color_scheme":"light","scroll_y":"-80"},"elements":[],"widgetType":"wd_counter"}],"isInner":"1"},{"id":"b941cb8","elType":"column","settings":{"_column_size":"50","_inline_size_tablet":"50","_inline_size_mobile":"50","border_width":{"unit":"px","top":"0","right":"1","bottom":"0","left":"0","isLinked":""},"border_color":"rgba(255, 255, 255, 0.30196078431372547)","padding":{"unit":"px","top":"30","right":"30","bottom":"30","left":"30","isLinked":"1"},"column_sticky_offset":"50","scroll_y":"-80","padding_mobile":{"unit":"px","top":"30","right":"40","bottom":"30","left":"15","isLinked":""},"padding_tablet":{"unit":"px","top":"30","right":"15","bottom":"30","left":"15","isLinked":""}},"elements":[{"id":"5947d99","elType":"widget","settings":{"size":"large","label":"OFFICES","value":"2","value_typography_typography":"custom","value_typography_font_weight":"600","color_scheme":"light","scroll_y":"-80"},"elements":[],"widgetType":"wd_counter"}],"isInner":""}],"isInner":"1"},{"id":"76d5013","elType":"section","settings":{"structure":"20","gap":"no"},"elements":[{"id":"c063280","elType":"column","settings":{"_column_size":"50","_border_width":{"top":"0","left":"0","right":"1","bottom":"0","unit":"px","isLinked":""},"_border_border":"solid","_border_color":"rgba(255,255,255,0.3)","_inline_size_tablet":"50","_inline_size_mobile":"50","border_border":"solid","border_width":{"unit":"px","top":"0","right":"1","bottom":"0","left":"0","isLinked":""},"border_color":"rgba(255, 255, 255, 0.30196078431372547)","padding":{"unit":"px","top":"30","right":"30","bottom":"30","left":"30","isLinked":"1"},"column_sticky_offset":"50","scroll_y":"-80","padding_mobile":{"unit":"px","top":"30","right":"15","bottom":"30","left":"40","isLinked":""},"padding_tablet":{"unit":"px","top":"30","right":"15","bottom":"30","left":"15","isLinked":""}},"elements":[{"id":"00d1a76","elType":"widget","settings":{"size":"large","label":"TEAM MEMBERS","value":"21","value_typography_typography":"custom","value_typography_font_weight":"600","color_scheme":"light","scroll_y":"-80"},"elements":[],"widgetType":"wd_counter"}],"isInner":"1"},{"id":"de64da3","elType":"column","settings":{"_column_size":"50","_inline_size_tablet":"50","_inline_size_mobile":"50","border_width":{"unit":"px","top":"0","right":"1","bottom":"0","left":"0","isLinked":""},"border_color":"rgba(255, 255, 255, 0.30196078431372547)","padding":{"unit":"px","top":"30","right":"30","bottom":"30","left":"30","isLinked":"1"},"column_sticky_offset":"50","scroll_y":"-80","padding_mobile":{"unit":"px","top":"30","right":"40","bottom":"30","left":"15","isLinked":""},"padding_tablet":{"unit":"px","top":"30","right":"15","bottom":"30","left":"15","isLinked":""}},"elements":[{"id":"f129e65","elType":"widget","settings":{"size":"large","label":"PROJECTS COMPLETED","value":"750","value_typography_typography":"custom","value_typography_font_weight":"600","color_scheme":"light","scroll_y":"-80"},"elements":[],"widgetType":"wd_counter"}],"isInner":""}],"isInner":"1"}],"isInner":""}],"isInner":""},{"id":"bd64a80","elType":"section","settings":{"structure":"20","margin":{"unit":"px","top":"0","right":"0","bottom":"40","left":"0","isLinked":""},"margin_tablet":{"unit":"px","top":"0","right":"0","bottom":"20","left":"0","isLinked":""},"margin_mobile":{"unit":"px","top":"0","right":"0","bottom":"0","left":"0","isLinked":""}},"elements":[{"id":"7f161ba","elType":"column","settings":{"_column_size":"50","margin_mobile":{"unit":"px","top":"0","right":"0","bottom":"20","left":"0","isLinked":""},"column_sticky_offset":"50","scroll_y":"-80"},"elements":[{"id":"606ef71","elType":"widget","settings":{"youtube_url":"https:\/\/www.youtube.com\/watch?v=XHOmBV4js_E","vimeo_url":"https:\/\/vimeo.com\/235215203","dailymotion_url":"https:\/\/www.dailymotion.com\/video\/x6tqhqb","controls":"","show_image_overlay":"yes","image_overlay":{"url":"http:\/\/dummy.xtemos.com\/woodmart-elementor\/demos\/wp-content\/uploads\/sites\/2\/2021\/03\/w-about-us1-video-1-opt.jpg","id":"9955"},"_margin":{"unit":"px","top":"0","right":"0","bottom":"10","left":"0","isLinked":""},"scroll_y":"-80","wd_theme_style":"theme-style"},"elements":[],"widgetType":"video"},{"id":"8e6e36c","elType":"widget","settings":{"subtitle":"","title":"Our company history and facts","after_title":"","align":"left","title_typography_typography":"custom","title_typography_font_size":{"unit":"px","size":"24","sizes":[]},"scroll_y":"-80"},"elements":[],"widgetType":"wd_title"},{"id":"243bfe6","elType":"widget","settings":{"editor":"<p><em>I should be incapable of drawing a single stroke at the present moment; and yet I feel that I never was a greater artist than now.<\/em><\/p>","typography_typography":"custom","typography_font_size":{"unit":"px","size":"16","sizes":[]},"wd_content_width":{"unit":"%","size":"80","sizes":[]},"scroll_y":"-80"},"elements":[],"widgetType":"text-editor"}],"isInner":""},{"id":"916044a","elType":"column","settings":{"_column_size":"50","column_sticky_offset":"50","scroll_y":"-80"},"elements":[{"id":"b001290","elType":"widget","settings":{"youtube_url":"https:\/\/www.youtube.com\/watch?v=XHOmBV4js_E","vimeo_url":"https:\/\/vimeo.com\/235215203","dailymotion_url":"https:\/\/www.dailymotion.com\/video\/x6tqhqb","controls":"","show_image_overlay":"yes","image_overlay":{"url":"http:\/\/dummy.xtemos.com\/woodmart-elementor\/demos\/wp-content\/uploads\/sites\/2\/2021\/03\/w-about-us1-video-2-opt.jpg","id":"9956"},"_margin":{"unit":"px","top":"0","right":"0","bottom":"10","left":"0","isLinked":""},"scroll_y":"-80","wd_theme_style":"theme-style"},"elements":[],"widgetType":"video"},{"id":"a97a3ce","elType":"widget","settings":{"subtitle":"","title":"Design &amp; development process demonstration","after_title":"","align":"left","title_typography_typography":"custom","title_typography_font_size":{"unit":"px","size":"24","sizes":[]},"scroll_y":"-80"},"elements":[],"widgetType":"wd_title"},{"id":"822fa7a","elType":"widget","settings":{"editor":"<p><em>A wonderful serenity has taken possession of my entire soul,like these sweet mornings of spring which I enjoy with my whole heart.<\/em><\/p>","typography_typography":"custom","typography_font_size":{"unit":"px","size":"16","sizes":[]},"wd_content_width":{"unit":"%","size":"80","sizes":[]},"scroll_y":"-80"},"elements":[],"widgetType":"text-editor"}],"isInner":""}],"isInner":""}]]]></wp:meta_value>
		</wp:postmeta>
							<wp:postmeta>
			<wp:meta_key>_oembed_f8a21e0e6a462ed42bd0798b2950cb9c</wp:meta_key>
			<wp:meta_value><![CDATA[<iframe title="Video Placeholder" width="500" height="281" src="https://www.youtube.com/embed/XHOmBV4js_E?feature=oembed" frameborder="0" allow="accelerometer; autoplay; clipboard-write; encrypted-media; gyroscope; picture-in-picture" allowfullscreen></iframe>]]></wp:meta_value>
		</wp:postmeta>
							<wp:postmeta>
			<wp:meta_key>_oembed_time_f8a21e0e6a462ed42bd0798b2950cb9c</wp:meta_key>
			<wp:meta_value><![CDATA[1615992901]]></wp:meta_value>
		</wp:postmeta>
							<wp:postmeta>
			<wp:meta_key>_elementor_controls_usage</wp:meta_key>
			<wp:meta_value><![CDATA[a:11:{s:8:"wd_title";a:3:{s:5:"count";i:6;s:15:"control_percent";i:2;s:8:"controls";a:3:{s:7:"content";a:1:{s:23:"general_content_section";a:3:{s:8:"subtitle";i:6;s:5:"title";i:6;s:11:"after_title";i:6;}}s:5:"style";a:4:{s:21:"general_style_section";a:4:{s:4:"size";i:4;s:5:"align";i:5;s:5:"color";i:1;s:5:"width";i:1;}s:22:"subtitle_style_section";a:3:{s:14:"subtitle_color";i:4;s:30:"subtitle_typography_typography";i:4;s:31:"subtitle_typography_font_weight";i:4;}s:18:"text_style_section";a:3:{s:10:"text_color";i:1;s:26:"text_typography_typography";i:1;s:25:"text_typography_font_size";i:1;}s:19:"title_style_section";a:2:{s:27:"title_typography_typography";i:2;s:26:"title_typography_font_size";i:2;}}s:8:"advanced";a:1:{s:8:"wd_extra";a:1:{s:8:"scroll_y";i:6;}}}}s:6:"column";a:3:{s:5:"count";i:21;s:15:"control_percent";i:1;s:8:"controls";a:3:{s:8:"advanced";a:2:{s:8:"wd_extra";a:2:{s:20:"column_sticky_offset";i:21;s:8:"scroll_y";i:21;}s:16:"section_advanced";a:6:{s:6:"margin";i:3;s:13:"margin_tablet";i:3;s:13:"margin_mobile";i:2;s:7:"padding";i:6;s:14:"padding_mobile";i:6;s:14:"padding_tablet";i:6;}}s:6:"layout";a:1:{s:6:"layout";a:4:{s:19:"_inline_size_tablet";i:15;s:16:"content_position";i:1;s:5:"align";i:1;s:19:"_inline_size_mobile";i:6;}}s:5:"style";a:1:{s:14:"section_border";a:3:{s:13:"border_border";i:3;s:12:"border_width";i:6;s:12:"border_color";i:6;}}}}s:10:"wd_infobox";a:3:{s:5:"count";i:2;s:15:"control_percent";i:3;s:8:"controls";a:3:{s:7:"content";a:2:{s:20:"icon_content_section";a:1:{s:9:"icon_text";i:2;}s:15:"content_section";a:3:{s:8:"subtitle";i:2;s:5:"title";i:2;s:7:"content";i:2;}}s:5:"style";a:3:{s:21:"general_style_section";a:1:{s:9:"alignment";i:2;}s:21:"content_style_section";a:2:{s:29:"content_typography_typography";i:2;s:28:"content_typography_font_size";i:2;}s:22:"button_content_section";a:3:{s:8:"btn_size";i:2;s:9:"btn_color";i:2;s:9:"btn_style";i:2;}}s:8:"advanced";a:1:{s:8:"wd_extra";a:1:{s:8:"scroll_y";i:2;}}}}s:7:"section";a:3:{s:5:"count";i:10;s:15:"control_percent";i:1;s:8:"controls";a:3:{s:6:"layout";a:3:{s:14:"section_layout";a:2:{s:3:"gap";i:4;s:16:"content_position";i:2;}s:15:"wd_extra_layout";a:1:{s:18:"wd_section_stretch";i:2;}s:17:"section_structure";a:1:{s:9:"structure";i:8;}}s:5:"style";a:2:{s:18:"section_background";a:6:{s:21:"background_background";i:2;s:16:"background_color";i:1;s:16:"background_image";i:1;s:19:"background_position";i:1;s:17:"background_repeat";i:1;s:15:"background_size";i:1;}s:14:"section_border";a:3:{s:13:"border_border";i:3;s:12:"border_width";i:3;s:12:"border_color";i:3;}}s:8:"advanced";a:2:{s:16:"section_advanced";a:6:{s:6:"margin";i:6;s:13:"margin_tablet";i:5;s:13:"margin_mobile";i:5;s:7:"padding";i:3;s:14:"padding_tablet";i:2;s:14:"padding_mobile";i:1;}s:19:"_section_responsive";a:2:{s:20:"reverse_order_tablet";i:1;s:20:"reverse_order_mobile";i:1;}}}}s:5:"image";a:3:{s:5:"count";i:1;s:15:"control_percent";i:1;s:8:"controls";a:2:{s:7:"content";a:1:{s:13:"section_image";a:3:{s:5:"image";i:1;s:10:"image_size";i:1;s:12:"align_tablet";i:1;}}s:8:"advanced";a:1:{s:8:"wd_extra";a:1:{s:8:"scroll_y";i:1;}}}}s:11:"text-editor";a:3:{s:5:"count";i:4;s:15:"control_percent";i:2;s:8:"controls";a:3:{s:7:"content";a:1:{s:14:"section_editor";a:1:{s:6:"editor";i:4;}}s:5:"style";a:1:{s:13:"section_style";a:3:{s:21:"typography_typography";i:3;s:20:"typography_font_size";i:3;s:16:"wd_content_width";i:2;}}s:8:"advanced";a:3:{s:14:"_section_style";a:1:{s:7:"_margin";i:2;}s:8:"wd_extra";a:1:{s:8:"scroll_y";i:4;}s:17:"_section_position";a:1:{s:14:"_element_width";i:1;}}}}s:17:"wd_social_buttons";a:3:{s:5:"count";i:1;s:15:"control_percent";i:3;s:8:"controls";a:2:{s:5:"style";a:1:{s:21:"general_style_section";a:3:{s:4:"size";i:1;s:5:"align";i:1;s:5:"style";i:1;}}s:8:"advanced";a:3:{s:8:"wd_extra";a:1:{s:8:"scroll_y";i:1;}s:17:"_section_position";a:1:{s:14:"_element_width";i:1;}s:19:"_section_responsive";a:1:{s:11:"hide_mobile";i:1;}}}}s:14:"wd_team_member";a:3:{s:5:"count";i:4;s:15:"control_percent";i:5;s:8:"controls";a:3:{s:7:"content";a:2:{s:23:"general_content_section";a:5:{s:5:"image";i:4;s:10:"image_size";i:4;s:4:"name";i:4;s:8:"position";i:4;s:7:"content";i:4;}s:21:"links_content_section";a:1:{s:5:"skype";i:4;}}s:5:"style";a:2:{s:21:"general_style_section";a:1:{s:5:"align";i:4;}s:21:"buttons_style_section";a:2:{s:4:"size";i:4;s:5:"style";i:4;}}s:8:"advanced";a:2:{s:14:"_section_style";a:1:{s:7:"_margin";i:4;}s:8:"wd_extra";a:1:{s:8:"scroll_y";i:4;}}}}s:9:"wd_button";a:3:{s:5:"count";i:1;s:15:"control_percent";i:2;s:8:"controls";a:3:{s:7:"content";a:1:{s:23:"general_content_section";a:1:{s:4:"text";i:1;}}s:5:"style";a:1:{s:21:"general_style_section";a:3:{s:5:"style";i:1;s:5:"color";i:1;s:5:"align";i:1;}}s:8:"advanced";a:1:{s:8:"wd_extra";a:1:{s:8:"scroll_y";i:1;}}}}s:10:"wd_counter";a:3:{s:5:"count";i:6;s:15:"control_percent";i:3;s:8:"controls";a:3:{s:5:"style";a:1:{s:21:"general_style_section";a:4:{s:4:"size";i:6;s:27:"value_typography_typography";i:6;s:28:"value_typography_font_weight";i:6;s:12:"color_scheme";i:6;}}s:7:"content";a:1:{s:23:"general_content_section";a:2:{s:5:"label";i:6;s:5:"value";i:6;}}s:8:"advanced";a:1:{s:8:"wd_extra";a:1:{s:8:"scroll_y";i:6;}}}}s:5:"video";a:3:{s:5:"count";i:2;s:15:"control_percent";i:2;s:8:"controls";a:3:{s:7:"content";a:2:{s:13:"section_video";a:1:{s:8:"controls";i:2;}s:21:"section_image_overlay";a:2:{s:18:"show_image_overlay";i:2;s:13:"image_overlay";i:2;}}s:8:"advanced";a:2:{s:14:"_section_style";a:1:{s:7:"_margin";i:2;}s:8:"wd_extra";a:1:{s:8:"scroll_y";i:2;}}s:5:"style";a:1:{s:19:"section_video_style";a:1:{s:14:"wd_theme_style";i:2;}}}}}]]></wp:meta_value>
		</wp:postmeta>
							<wp:postmeta>
			<wp:meta_key>wd_page_css_files</wp:meta_key>
			<wp:meta_value><![CDATA[a:27:{i:0;s:16:"widget-tag-cloud";i:1;s:27:"widget-recent-post-comments";i:2;s:22:"widget-wd-recent-posts";i:3;s:10:"widget-nav";i:4;s:33:"widget-wd-layered-nav-product-cat";i:5;s:19:"widget-product-list";i:6;s:26:"widget-slider-price-filter";i:7;s:17:"widget-user-panel";i:8;s:11:"footer-base";i:9;s:12:"wp-gutenberg";i:10;s:5:"wpcf7";i:11;s:5:"mc4wp";i:12;s:17:"revolution-slider";i:13;s:14:"elementor-base";i:14;s:13:"notices-fixed";i:15;s:16:"woocommerce-base";i:16;s:11:"header-base";i:17;s:9:"mod-tools";i:18;s:14:"header-el-base";i:19;s:8:"info-box";i:20;s:9:"mfp-popup";i:21;s:13:"section-title";i:22;s:12:"social-icons";i:23;s:11:"team-member";i:24;s:7:"counter";i:25;s:4:"list";i:26;s:10:"scroll-top";}]]></wp:meta_value>
		</wp:postmeta>
						</item>
					<item>
		<title>
				w-about-us1-img-1-opt		</title>
		<link>http://dummy.xtemos.com/woodmart-elementor/demos/about-us-3/w-about-us1-img-1-opt/</link>
		<pubDate>Wed, 17 Mar 2021 14:24:03 +0000</pubDate>
		<dc:creator><![CDATA[zakhar]]></dc:creator>
		<guid isPermaLink="false">http://dummy.xtemos.com/woodmart-elementor/demos/wp-content/uploads/sites/2/2021/03/w-about-us1-img-1-opt.jpg</guid>
		<description></description>
		<content:encoded><![CDATA[]]></content:encoded>
		<excerpt:encoded><![CDATA[]]></excerpt:encoded>
		<wp:post_id>9924</wp:post_id>
		<wp:post_date>2021-03-17 14:24:03</wp:post_date>
		<wp:post_date_gmt>2021-03-17 14:24:03</wp:post_date_gmt>
		<wp:comment_status>open</wp:comment_status>
		<wp:ping_status>closed</wp:ping_status>
		<wp:post_name>w-about-us1-img-1-opt</wp:post_name>
		<wp:status>inherit</wp:status>
		<wp:post_parent>9910</wp:post_parent>
		<wp:menu_order>0</wp:menu_order>
		<wp:post_type>attachment</wp:post_type>
		<wp:post_password></wp:post_password>
		<wp:is_sticky>0</wp:is_sticky>
						<wp:attachment_url>http://dummy.xtemos.com/woodmart-elementor/demos/wp-content/uploads/sites/2/2021/03/w-about-us1-img-1-opt.jpg</wp:attachment_url>
												<wp:postmeta>
			<wp:meta_key>_wp_attached_file</wp:meta_key>
			<wp:meta_value><![CDATA[2021/03/w-about-us1-img-1-opt.jpg]]></wp:meta_value>
		</wp:postmeta>
						</item>
					<item>
		<title>
				w-about-us1-infobox-bg-opt		</title>
		<link>http://dummy.xtemos.com/woodmart-elementor/demos/about-us-3/w-about-us1-infobox-bg-opt/</link>
		<pubDate>Wed, 17 Mar 2021 14:41:17 +0000</pubDate>
		<dc:creator><![CDATA[zakhar]]></dc:creator>
		<guid isPermaLink="false">http://dummy.xtemos.com/woodmart-elementor/demos/wp-content/uploads/sites/2/2021/03/w-about-us1-infobox-bg-opt.jpg</guid>
		<description></description>
		<content:encoded><![CDATA[]]></content:encoded>
		<excerpt:encoded><![CDATA[]]></excerpt:encoded>
		<wp:post_id>9947</wp:post_id>
		<wp:post_date>2021-03-17 14:41:17</wp:post_date>
		<wp:post_date_gmt>2021-03-17 14:41:17</wp:post_date_gmt>
		<wp:comment_status>open</wp:comment_status>
		<wp:ping_status>closed</wp:ping_status>
		<wp:post_name>w-about-us1-infobox-bg-opt</wp:post_name>
		<wp:status>inherit</wp:status>
		<wp:post_parent>9910</wp:post_parent>
		<wp:menu_order>0</wp:menu_order>
		<wp:post_type>attachment</wp:post_type>
		<wp:post_password></wp:post_password>
		<wp:is_sticky>0</wp:is_sticky>
						<wp:attachment_url>http://dummy.xtemos.com/woodmart-elementor/demos/wp-content/uploads/sites/2/2021/03/w-about-us1-infobox-bg-opt.jpg</wp:attachment_url>
												<wp:postmeta>
			<wp:meta_key>_wp_attached_file</wp:meta_key>
			<wp:meta_value><![CDATA[2021/03/w-about-us1-infobox-bg-opt.jpg]]></wp:meta_value>
		</wp:postmeta>
						</item>
					<item>
		<title>
				w-about-us1-video-1-opt		</title>
		<link>http://dummy.xtemos.com/woodmart-elementor/demos/about-us-3/w-about-us1-video-1-opt/</link>
		<pubDate>Wed, 17 Mar 2021 14:51:11 +0000</pubDate>
		<dc:creator><![CDATA[zakhar]]></dc:creator>
		<guid isPermaLink="false">http://dummy.xtemos.com/woodmart-elementor/demos/wp-content/uploads/sites/2/2021/03/w-about-us1-video-1-opt.jpg</guid>
		<description></description>
		<content:encoded><![CDATA[]]></content:encoded>
		<excerpt:encoded><![CDATA[]]></excerpt:encoded>
		<wp:post_id>9955</wp:post_id>
		<wp:post_date>2021-03-17 14:51:11</wp:post_date>
		<wp:post_date_gmt>2021-03-17 14:51:11</wp:post_date_gmt>
		<wp:comment_status>open</wp:comment_status>
		<wp:ping_status>closed</wp:ping_status>
		<wp:post_name>w-about-us1-video-1-opt</wp:post_name>
		<wp:status>inherit</wp:status>
		<wp:post_parent>9910</wp:post_parent>
		<wp:menu_order>0</wp:menu_order>
		<wp:post_type>attachment</wp:post_type>
		<wp:post_password></wp:post_password>
		<wp:is_sticky>0</wp:is_sticky>
						<wp:attachment_url>http://dummy.xtemos.com/woodmart-elementor/demos/wp-content/uploads/sites/2/2021/03/w-about-us1-video-1-opt.jpg</wp:attachment_url>
												<wp:postmeta>
			<wp:meta_key>_wp_attached_file</wp:meta_key>
			<wp:meta_value><![CDATA[2021/03/w-about-us1-video-1-opt.jpg]]></wp:meta_value>
		</wp:postmeta>
						</item>
					<item>
		<title>
				w-about-us1-video-2-opt		</title>
		<link>http://dummy.xtemos.com/woodmart-elementor/demos/about-us-3/w-about-us1-video-2-opt/</link>
		<pubDate>Wed, 17 Mar 2021 14:51:28 +0000</pubDate>
		<dc:creator><![CDATA[zakhar]]></dc:creator>
		<guid isPermaLink="false">http://dummy.xtemos.com/woodmart-elementor/demos/wp-content/uploads/sites/2/2021/03/w-about-us1-video-2-opt.jpg</guid>
		<description></description>
		<content:encoded><![CDATA[]]></content:encoded>
		<excerpt:encoded><![CDATA[]]></excerpt:encoded>
		<wp:post_id>9956</wp:post_id>
		<wp:post_date>2021-03-17 14:51:28</wp:post_date>
		<wp:post_date_gmt>2021-03-17 14:51:28</wp:post_date_gmt>
		<wp:comment_status>open</wp:comment_status>
		<wp:ping_status>closed</wp:ping_status>
		<wp:post_name>w-about-us1-video-2-opt</wp:post_name>
		<wp:status>inherit</wp:status>
		<wp:post_parent>9910</wp:post_parent>
		<wp:menu_order>0</wp:menu_order>
		<wp:post_type>attachment</wp:post_type>
		<wp:post_password></wp:post_password>
		<wp:is_sticky>0</wp:is_sticky>
						<wp:attachment_url>http://dummy.xtemos.com/woodmart-elementor/demos/wp-content/uploads/sites/2/2021/03/w-about-us1-video-2-opt.jpg</wp:attachment_url>
												<wp:postmeta>
			<wp:meta_key>_wp_attached_file</wp:meta_key>
			<wp:meta_value><![CDATA[2021/03/w-about-us1-video-2-opt.jpg]]></wp:meta_value>
		</wp:postmeta>
						</item>
					<item>
		<title>
				w-about-us1-per-1-opt		</title>
		<link>http://dummy.xtemos.com/woodmart-elementor/demos/about-us-3/w-about-us1-per-1-opt-2/</link>
		<pubDate>Wed, 17 Mar 2021 15:01:13 +0000</pubDate>
		<dc:creator><![CDATA[zakhar]]></dc:creator>
		<guid isPermaLink="false">http://dummy.xtemos.com/woodmart-elementor/demos/wp-content/uploads/sites/2/2021/03/w-about-us1-per-1-opt-1.jpg</guid>
		<description></description>
		<content:encoded><![CDATA[]]></content:encoded>
		<excerpt:encoded><![CDATA[]]></excerpt:encoded>
		<wp:post_id>9965</wp:post_id>
		<wp:post_date>2021-03-17 15:01:13</wp:post_date>
		<wp:post_date_gmt>2021-03-17 15:01:13</wp:post_date_gmt>
		<wp:comment_status>open</wp:comment_status>
		<wp:ping_status>closed</wp:ping_status>
		<wp:post_name>w-about-us1-per-1-opt-2</wp:post_name>
		<wp:status>inherit</wp:status>
		<wp:post_parent>9910</wp:post_parent>
		<wp:menu_order>0</wp:menu_order>
		<wp:post_type>attachment</wp:post_type>
		<wp:post_password></wp:post_password>
		<wp:is_sticky>0</wp:is_sticky>
						<wp:attachment_url>http://dummy.xtemos.com/woodmart-elementor/demos/wp-content/uploads/sites/2/2021/03/w-about-us1-per-1-opt-1.jpg</wp:attachment_url>
												<wp:postmeta>
			<wp:meta_key>_wp_attached_file</wp:meta_key>
			<wp:meta_value><![CDATA[2021/03/w-about-us1-per-1-opt-1.jpg]]></wp:meta_value>
		</wp:postmeta>
						</item>
					<item>
		<title>
				w-about-us1-per-2-opt		</title>
		<link>http://dummy.xtemos.com/woodmart-elementor/demos/about-us-3/w-about-us1-per-2-opt-2/</link>
		<pubDate>Wed, 17 Mar 2021 15:01:14 +0000</pubDate>
		<dc:creator><![CDATA[zakhar]]></dc:creator>
		<guid isPermaLink="false">http://dummy.xtemos.com/woodmart-elementor/demos/wp-content/uploads/sites/2/2021/03/w-about-us1-per-2-opt-1.jpg</guid>
		<description></description>
		<content:encoded><![CDATA[]]></content:encoded>
		<excerpt:encoded><![CDATA[]]></excerpt:encoded>
		<wp:post_id>9966</wp:post_id>
		<wp:post_date>2021-03-17 15:01:14</wp:post_date>
		<wp:post_date_gmt>2021-03-17 15:01:14</wp:post_date_gmt>
		<wp:comment_status>open</wp:comment_status>
		<wp:ping_status>closed</wp:ping_status>
		<wp:post_name>w-about-us1-per-2-opt-2</wp:post_name>
		<wp:status>inherit</wp:status>
		<wp:post_parent>9910</wp:post_parent>
		<wp:menu_order>0</wp:menu_order>
		<wp:post_type>attachment</wp:post_type>
		<wp:post_password></wp:post_password>
		<wp:is_sticky>0</wp:is_sticky>
						<wp:attachment_url>http://dummy.xtemos.com/woodmart-elementor/demos/wp-content/uploads/sites/2/2021/03/w-about-us1-per-2-opt-1.jpg</wp:attachment_url>
												<wp:postmeta>
			<wp:meta_key>_wp_attached_file</wp:meta_key>
			<wp:meta_value><![CDATA[2021/03/w-about-us1-per-2-opt-1.jpg]]></wp:meta_value>
		</wp:postmeta>
						</item>
					<item>
		<title>
				w-about-us1-per-3-opt		</title>
		<link>http://dummy.xtemos.com/woodmart-elementor/demos/about-us-3/w-about-us1-per-3-opt-2/</link>
		<pubDate>Wed, 17 Mar 2021 15:01:15 +0000</pubDate>
		<dc:creator><![CDATA[zakhar]]></dc:creator>
		<guid isPermaLink="false">http://dummy.xtemos.com/woodmart-elementor/demos/wp-content/uploads/sites/2/2021/03/w-about-us1-per-3-opt-1.jpg</guid>
		<description></description>
		<content:encoded><![CDATA[]]></content:encoded>
		<excerpt:encoded><![CDATA[]]></excerpt:encoded>
		<wp:post_id>9967</wp:post_id>
		<wp:post_date>2021-03-17 15:01:15</wp:post_date>
		<wp:post_date_gmt>2021-03-17 15:01:15</wp:post_date_gmt>
		<wp:comment_status>open</wp:comment_status>
		<wp:ping_status>closed</wp:ping_status>
		<wp:post_name>w-about-us1-per-3-opt-2</wp:post_name>
		<wp:status>inherit</wp:status>
		<wp:post_parent>9910</wp:post_parent>
		<wp:menu_order>0</wp:menu_order>
		<wp:post_type>attachment</wp:post_type>
		<wp:post_password></wp:post_password>
		<wp:is_sticky>0</wp:is_sticky>
						<wp:attachment_url>http://dummy.xtemos.com/woodmart-elementor/demos/wp-content/uploads/sites/2/2021/03/w-about-us1-per-3-opt-1.jpg</wp:attachment_url>
												<wp:postmeta>
			<wp:meta_key>_wp_attached_file</wp:meta_key>
			<wp:meta_value><![CDATA[2021/03/w-about-us1-per-3-opt-1.jpg]]></wp:meta_value>
		</wp:postmeta>
						</item>
					<item>
		<title>
				w-about-us1-per-4-opt		</title>
		<link>http://dummy.xtemos.com/woodmart-elementor/demos/about-us-3/w-about-us1-per-4-opt-2/</link>
		<pubDate>Wed, 17 Mar 2021 15:01:16 +0000</pubDate>
		<dc:creator><![CDATA[zakhar]]></dc:creator>
		<guid isPermaLink="false">http://dummy.xtemos.com/woodmart-elementor/demos/wp-content/uploads/sites/2/2021/03/w-about-us1-per-4-opt-1.jpg</guid>
		<description></description>
		<content:encoded><![CDATA[]]></content:encoded>
		<excerpt:encoded><![CDATA[]]></excerpt:encoded>
		<wp:post_id>9968</wp:post_id>
		<wp:post_date>2021-03-17 15:01:16</wp:post_date>
		<wp:post_date_gmt>2021-03-17 15:01:16</wp:post_date_gmt>
		<wp:comment_status>open</wp:comment_status>
		<wp:ping_status>closed</wp:ping_status>
		<wp:post_name>w-about-us1-per-4-opt-2</wp:post_name>
		<wp:status>inherit</wp:status>
		<wp:post_parent>9910</wp:post_parent>
		<wp:menu_order>0</wp:menu_order>
		<wp:post_type>attachment</wp:post_type>
		<wp:post_password></wp:post_password>
		<wp:is_sticky>0</wp:is_sticky>
						<wp:attachment_url>http://dummy.xtemos.com/woodmart-elementor/demos/wp-content/uploads/sites/2/2021/03/w-about-us1-per-4-opt-1.jpg</wp:attachment_url>
												<wp:postmeta>
			<wp:meta_key>_wp_attached_file</wp:meta_key>
			<wp:meta_value><![CDATA[2021/03/w-about-us1-per-4-opt-1.jpg]]></wp:meta_value>
		</wp:postmeta>
						</item>
				</channel>
</rss>
	