<?xml version="1.0" encoding="UTF-8" ?>
<!-- This is a WordPress eXtended RSS file generated by WordPress as an export of your site. -->
<!-- It contains information about your site's posts, pages, comments, categories, and other content. -->
<!-- You may use this file to transfer that content from one site to another. -->
<!-- This file is not intended to serve as a complete backup of your site. -->

<!-- To import this information into a WordPress site follow these steps: -->
<!-- 1. Log in to that site as an administrator. -->
<!-- 2. Go to Tools: Import in the WordPress admin panel. -->
<!-- 3. Install the "WordPress" importer from the list. -->
<!-- 4. Activate & Run Importer. -->
<!-- 5. Upload this file using the form provided on that page. -->
<!-- 6. You will first be asked to map the authors in this export file to users -->
<!--    on the site. For each author, you may choose to map to an -->
<!--    existing user on the site or to create a new user. -->
<!-- 7. WordPress will then import each of the posts, pages, comments, categories, etc. -->
<!--    contained in this file into your site. -->

<!-- generator="WordPress/4.8" created="2017-11-06 13:00" -->
<rss version="2.0"
	xmlns:excerpt="http://wordpress.org/export/1.2/excerpt/"
	xmlns:content="http://purl.org/rss/1.0/modules/content/"
	xmlns:wfw="http://wellformedweb.org/CommentAPI/"
	xmlns:dc="http://purl.org/dc/elements/1.1/"
	xmlns:wp="http://wordpress.org/export/1.2/"
>

<channel>
	<title>Woodmart dummy demos</title>
	<link>http://dummy.xtemos.com/woodmart/demos</link>
	<description>Just another Woodmart Dummy Content Sites site</description>
	<pubDate>Mon, 06 Nov 2017 13:00:55 +0000</pubDate>
	<language>en-US</language>
	<wp:wxr_version>1.2</wp:wxr_version>
	<wp:base_site_url>http://dummy.xtemos.com/woodmart/</wp:base_site_url>
	<wp:base_blog_url>http://dummy.xtemos.com/woodmart/demos</wp:base_blog_url>

	<wp:author><wp:author_id>1</wp:author_id><wp:author_login>admin</wp:author_login><wp:author_email>se@as.as</wp:author_email><wp:author_display_name><![CDATA[admin]]></wp:author_display_name><wp:author_first_name><![CDATA[]]></wp:author_first_name><wp:author_last_name><![CDATA[]]></wp:author_last_name></wp:author>
	<wp:author><wp:author_id>2</wp:author_id><wp:author_login>erwin</wp:author_login><wp:author_email>ss@asas.as</wp:author_email><wp:author_display_name><![CDATA[erwin]]></wp:author_display_name><wp:author_first_name><![CDATA[]]></wp:author_first_name><wp:author_last_name><![CDATA[]]></wp:author_last_name></wp:author>


	<generator>https://wordpress.org/?v=4.8</generator>

	<item>
		<title>wood-gallery-placeholder</title>
		<link>http://dummy.xtemos.com/woodmart/demos/home-base/wood-gallery-placeholder/</link>
		<pubDate>Wed, 14 Jun 2017 11:33:24 +0000</pubDate>
		<dc:creator><![CDATA[admin]]></dc:creator>
		<guid isPermaLink="false">http://dummy.xtemos.com/woodmart/demos/wp-content/uploads/sites/2/2017/06/wood-gallery-placeholder.jpg</guid>
		<description></description>
		<content:encoded><![CDATA[]]></content:encoded>
		<excerpt:encoded><![CDATA[]]></excerpt:encoded>
		<wp:post_id>78</wp:post_id>
		<wp:post_date>2017-06-14 11:33:24</wp:post_date>
		<wp:post_date_gmt>2017-06-14 11:33:24</wp:post_date_gmt>
		<wp:comment_status>open</wp:comment_status>
		<wp:ping_status>closed</wp:ping_status>
		<wp:post_name>wood-gallery-placeholder</wp:post_name>
		<wp:status>inherit</wp:status>
		<wp:post_parent>57</wp:post_parent>
		<wp:menu_order>0</wp:menu_order>
		<wp:post_type>attachment</wp:post_type>
		<wp:post_password></wp:post_password>
		<wp:is_sticky>0</wp:is_sticky>
		<wp:attachment_url>http://dummy.xtemos.com/woodmart/demos/wp-content/uploads/sites/2/2017/06/wood-gallery-placeholder.jpg</wp:attachment_url>
		<wp:postmeta>
			<wp:meta_key>_wp_attached_file</wp:meta_key>
			<wp:meta_value><![CDATA[2017/06/wood-gallery-placeholder.jpg]]></wp:meta_value>
		</wp:postmeta>
	</item>
	<item>
		<title>wood-gallery-placeholder-3</title>
		<link>http://dummy.xtemos.com/woodmart/demos/home-base/wood-gallery-placeholder-3/</link>
		<pubDate>Wed, 14 Jun 2017 11:33:28 +0000</pubDate>
		<dc:creator><![CDATA[admin]]></dc:creator>
		<guid isPermaLink="false">http://dummy.xtemos.com/woodmart/demos/wp-content/uploads/sites/2/2017/06/wood-gallery-placeholder-3.jpg</guid>
		<description></description>
		<content:encoded><![CDATA[]]></content:encoded>
		<excerpt:encoded><![CDATA[]]></excerpt:encoded>
		<wp:post_id>80</wp:post_id>
		<wp:post_date>2017-06-14 11:33:28</wp:post_date>
		<wp:post_date_gmt>2017-06-14 11:33:28</wp:post_date_gmt>
		<wp:comment_status>open</wp:comment_status>
		<wp:ping_status>closed</wp:ping_status>
		<wp:post_name>wood-gallery-placeholder-3</wp:post_name>
		<wp:status>inherit</wp:status>
		<wp:post_parent>57</wp:post_parent>
		<wp:menu_order>0</wp:menu_order>
		<wp:post_type>attachment</wp:post_type>
		<wp:post_password></wp:post_password>
		<wp:is_sticky>0</wp:is_sticky>
		<wp:attachment_url>http://dummy.xtemos.com/woodmart/demos/wp-content/uploads/sites/2/2017/06/wood-gallery-placeholder-3.jpg</wp:attachment_url>
		<wp:postmeta>
			<wp:meta_key>_wp_attached_file</wp:meta_key>
			<wp:meta_value><![CDATA[2017/06/wood-gallery-placeholder-3.jpg]]></wp:meta_value>
		</wp:postmeta>
	</item>
	<item>
		<title>wood-gallery-placeholder-4</title>
		<link>http://dummy.xtemos.com/woodmart/demos/home-base/wood-gallery-placeholder-4/</link>
		<pubDate>Wed, 14 Jun 2017 11:33:30 +0000</pubDate>
		<dc:creator><![CDATA[admin]]></dc:creator>
		<guid isPermaLink="false">http://dummy.xtemos.com/woodmart/demos/wp-content/uploads/sites/2/2017/06/wood-gallery-placeholder-4.jpg</guid>
		<description></description>
		<content:encoded><![CDATA[]]></content:encoded>
		<excerpt:encoded><![CDATA[]]></excerpt:encoded>
		<wp:post_id>81</wp:post_id>
		<wp:post_date>2017-06-14 11:33:30</wp:post_date>
		<wp:post_date_gmt>2017-06-14 11:33:30</wp:post_date_gmt>
		<wp:comment_status>open</wp:comment_status>
		<wp:ping_status>closed</wp:ping_status>
		<wp:post_name>wood-gallery-placeholder-4</wp:post_name>
		<wp:status>inherit</wp:status>
		<wp:post_parent>57</wp:post_parent>
		<wp:menu_order>0</wp:menu_order>
		<wp:post_type>attachment</wp:post_type>
		<wp:post_password></wp:post_password>
		<wp:is_sticky>0</wp:is_sticky>
		<wp:attachment_url>http://dummy.xtemos.com/woodmart/demos/wp-content/uploads/sites/2/2017/06/wood-gallery-placeholder-4.jpg</wp:attachment_url>
		<wp:postmeta>
			<wp:meta_key>_wp_attached_file</wp:meta_key>
			<wp:meta_value><![CDATA[2017/06/wood-gallery-placeholder-4.jpg]]></wp:meta_value>
		</wp:postmeta>
	</item>
	<item>
		<title>wood-portfolio-placeholder</title>
		<link>http://dummy.xtemos.com/woodmart/demos/wood-portfolio-placeholder/</link>
		<pubDate>Wed, 14 Jun 2017 14:02:43 +0000</pubDate>
		<dc:creator><![CDATA[admin]]></dc:creator>
		<guid isPermaLink="false">http://dummy.xtemos.com/woodmart/demos/wp-content/uploads/sites/2/2017/06/wood-portfolio-placeholder.jpg</guid>
		<description></description>
		<content:encoded><![CDATA[]]></content:encoded>
		<excerpt:encoded><![CDATA[]]></excerpt:encoded>
		<wp:post_id>117</wp:post_id>
		<wp:post_date>2017-06-14 14:02:43</wp:post_date>
		<wp:post_date_gmt>2017-06-14 14:02:43</wp:post_date_gmt>
		<wp:comment_status>open</wp:comment_status>
		<wp:ping_status>closed</wp:ping_status>
		<wp:post_name>wood-portfolio-placeholder</wp:post_name>
		<wp:status>inherit</wp:status>
		<wp:post_parent>0</wp:post_parent>
		<wp:menu_order>0</wp:menu_order>
		<wp:post_type>attachment</wp:post_type>
		<wp:post_password></wp:post_password>
		<wp:is_sticky>0</wp:is_sticky>
		<wp:attachment_url>http://dummy.xtemos.com/woodmart/demos/wp-content/uploads/sites/2/2017/06/wood-portfolio-placeholder.jpg</wp:attachment_url>
		<wp:postmeta>
			<wp:meta_key>_wp_attached_file</wp:meta_key>
			<wp:meta_value><![CDATA[2017/06/wood-portfolio-placeholder.jpg]]></wp:meta_value>
		</wp:postmeta>
	</item>
	<item>
		<title>Home Digitals</title>
		<link>http://dummy.xtemos.com/woodmart/demos/demo-digitals/</link>
		<pubDate>Mon, 06 Nov 2017 11:03:37 +0000</pubDate>
		<dc:creator><![CDATA[erwin]]></dc:creator>
		<guid isPermaLink="false">http://dummy.xtemos.com/woodmart/demos/?page_id=1104</guid>
		<description></description>
		<content:encoded><![CDATA[[vc_row full_width="stretch_row_content_no_spaces" css=".vc_custom_1509464121140{margin-top: -40px !important;}"][vc_column css=".vc_custom_1509464067460{margin-top: -40px !important;padding-top: 0px !important;}"][rev_slider_vc alias="slider-digital"][/vc_column][/vc_row][vc_row full_width="stretch_row" woodmart_disable_overflow="1" css=".vc_custom_1509971527456{padding-top: 8vh !important;padding-bottom: 8vh !important;background-image: url(http://dummy.xtemos.com/woodmart/demos/wp-content/uploads/sites/2/2017/11/digita-app-row-bg.jpg?id=1115) !important;background-position: center !important;background-repeat: no-repeat !important;background-size: cover !important;}"][vc_column woodmart_color_scheme="light" css=".vc_custom_1509546495973{padding-top: 0px !important;}"][woodmart_responsive_text_block font="text" size="custom" font_weight="300" color_scheme="custom" css=".vc_custom_1509704719488{margin-bottom: 5px !important;}" desktop_text_size="18" tablet_text_size="14" mobile_text_size="12"]VERSIONS HAVE EVOLVED OVER THE YEARS[/woodmart_responsive_text_block][woodmart_responsive_text_block size="custom" font_weight="600" content_width="50" color_scheme="light" css=".vc_custom_1509704795722{margin-bottom: 10px !important;}" desktop_text_size="36" tablet_text_size="28" mobile_text_size="24"]Find the perfect design[/woodmart_responsive_text_block][woodmart_responsive_text_block font="text" size="custom" content_width="50" color_scheme="custom" desktop_text_size="15" el_class="text-larger" css=".vc_custom_1509704576520{margin-bottom: 30px !important;}" color="rgba(255,255,255,0.8)" tablet_text_size="14" mobile_text_size="12"]Looked up one of the more obscure latin words, consectetur, from a lorem ipsum passage, and going through the cites of the word in classical literature.[/woodmart_responsive_text_block][/vc_column][vc_column offset="vc_col-md-offset-3 vc_col-md-6" css=".vc_custom_1509714340154{padding-top: 0px !important;}"][woodmart_ajax_search price="1" thumbnail="1" category="1" woodmart_color_scheme="light" css=".vc_custom_1509629101812{margin-bottom: 0px !important;}"][/vc_column][/vc_row][vc_row woodmart_disable_overflow="1" css=".vc_custom_1509629098131{padding-top: 8vh !important;padding-bottom: 8vh !important;}"][vc_column width="1/4" css=".vc_custom_1509705435916{border-right-width: 1px !important;padding-top: 2vh !important;padding-bottom: 2vh !important;border-right-color: #eaeaea !important;border-right-style: solid !important;}" offset="vc_col-xs-6"][woodmart_info_box image="1119" alignment="center" img_size="70x70" title="PHOTOS" css=".vc_custom_1509966046187{margin-bottom: 0px !important;}" link="url:%23|||"]4000+ items[/woodmart_info_box][/vc_column][vc_column width="1/4" css=".vc_custom_1509705442502{border-right-width: 1px !important;padding-top: 2vh !important;padding-bottom: 2vh !important;border-right-color: #eaeaea !important;border-right-style: solid !important;}" offset="vc_col-xs-6"][woodmart_info_box image="1119" alignment="center" img_size="70x70" title="AUDIO" css=".vc_custom_1509966057281{margin-bottom: 0px !important;}" link="url:%23|||"]1000+ items[/woodmart_info_box][/vc_column][vc_column width="1/4" css=".vc_custom_1509705471243{border-right-width: 1px !important;padding-top: 2vh !important;padding-bottom: 2vh !important;border-right-color: #eaeaea !important;border-right-style: solid !important;}" offset="vc_col-xs-6"][woodmart_info_box image="1119" alignment="center" img_size="70x70" title="GRAPHICS" css=".vc_custom_1509966068698{margin-bottom: 0px !important;}" link="url:%23|||"]5000+ items[/woodmart_info_box][/vc_column][vc_column width="1/4" css=".vc_custom_1509705475749{padding-top: 2vh !important;padding-bottom: 2vh !important;}" offset="vc_col-xs-6"][woodmart_info_box image="1119" alignment="center" img_size="70x70" title="THEMES" css=".vc_custom_1509966081522{margin-bottom: 0px !important;}" link="url:%23|||"]2000+ items[/woodmart_info_box][/vc_column][/vc_row][vc_row full_width="stretch_row" css=".vc_custom_1509443703898{padding-top: 8vh !important;padding-bottom: 8vh !important;background-color: #fafafa !important;}"][vc_column css=".vc_custom_1509440190496{padding-top: 0px !important;}"][woodmart_responsive_text_block font="text" size="custom" font_weight="300" css=".vc_custom_1509704886952{margin-bottom: 5px !important;}" desktop_text_size="18" tablet_text_size="14" mobile_text_size="12"]VERSIONS HAVE EVOLVED OVER THE YEARS[/woodmart_responsive_text_block][woodmart_responsive_text_block size="custom" font_weight="600" content_width="50" color_scheme="dark" css=".vc_custom_1509705549071{margin-bottom: 10px !important;}" desktop_text_size="36" tablet_text_size="28" mobile_text_size="24"]Top trending design items[/woodmart_responsive_text_block][woodmart_responsive_text_block font="text" size="custom" content_width="50" color_scheme="custom" desktop_text_size="15" el_class="text-larger" css=".vc_custom_1509705027192{margin-bottom: 30px !important;}" color="#777777" tablet_text_size="14" mobile_text_size="12"]Looked up one of the more obscure latin words, consectetur, from a lorem ipsum passage, and going through the cites of the word in classical literature.[/woodmart_responsive_text_block][products_tabs color="#4876ca"][products_tab title="ALL" items_per_page="8" product_hover="tiled" columns="4" orderby="date"][products_tab title="PHOTO" items_per_page="8" product_hover="tiled" columns="4" orderby="rand"][products_tab title="AUDIO" items_per_page="8" product_hover="tiled" columns="4" orderby="rand"][products_tab title="GRAPHICS" items_per_page="8" product_hover="tiled" columns="4" orderby="rand"][products_tab title="THEMES" items_per_page="8" product_hover="tiled" columns="4" orderby="rand"][/products_tabs][/vc_column][/vc_row][vc_row full_width="stretch_row" content_placement="middle" css=".vc_custom_1509965862484{padding-top: 4vh !important;padding-bottom: 4vh !important;background-image: url(http://dummy.xtemos.com/woodmart/demos/wp-content/uploads/sites/2/2017/11/digital-fullwidth-bg.jpg?id=1116) !important;background-position: center !important;background-repeat: no-repeat !important;background-size: cover !important;}"][vc_column css=".vc_custom_1509713755680{padding-top: 4vh !important;padding-bottom: 4vh !important;}" offset="vc_col-md-6"][woodmart_gallery images="117,81,80,78" view="masonry" spacing="6" columns="2" caption="" img_size="full"][/vc_column][vc_column woodmart_color_scheme="light" css=".vc_custom_1509713761304{padding-top: 4vh !important;padding-bottom: 4vh !important;}" offset="vc_col-md-6"][woodmart_responsive_text_block font="text" size="custom" font_weight="300" align="left" color_scheme="light" css=".vc_custom_1509704903629{margin-bottom: 5px !important;}" desktop_text_size="18" tablet_text_size="14" mobile_text_size="12"]VERSIONS HAVE EVOLVED OVER THE YEARS[/woodmart_responsive_text_block][woodmart_responsive_text_block size="custom" font_weight="600" align="left" color_scheme="light" css=".vc_custom_1509705559775{margin-bottom: 10px !important;}" desktop_text_size="36" tablet_text_size="28" mobile_text_size="24"]Best mockup design tools &amp; apps prototyping for UI/UX designers[/woodmart_responsive_text_block][woodmart_responsive_text_block font="text" size="custom" align="left" color_scheme="custom" desktop_text_size="15" el_class="text-larger" css=".vc_custom_1509705119254{margin-bottom: 20px !important;}" color="rgba(255,255,255,0.8)" tablet_text_size="14" mobile_text_size="12"]Richard McClintock, a latin professor at Hampden-Sydney College in Virginia, looked up one of the more obscure latin words, consectetur, from a lorem ipsum passage, and going through the cites of the word in classical literature.[/woodmart_responsive_text_block][vc_row_inner][vc_column_inner width="1/4"][woodmart_responsive_text_block font="text" size="custom" align="left" color_scheme="light" css=".vc_custom_1509533796201{margin-bottom: 5px !important;border-bottom-width: 1px !important;padding-bottom: 5px !important;border-bottom-color: rgba(255,255,255,0.2) !important;border-bottom-style: solid !important;}" desktop_text_size="14px"]<strong>DATE:</strong>[/woodmart_responsive_text_block][woodmart_responsive_text_block font="text" size="custom" align="left" color_scheme="custom" color="rgba(255,255,255,0.7)" css=".vc_custom_1509542483264{margin-bottom: 25px !important;}" desktop_text_size="14px"]<em>25 May, 2017</em>[/woodmart_responsive_text_block][/vc_column_inner][vc_column_inner width="1/4"][woodmart_responsive_text_block font="text" size="custom" align="left" color_scheme="light" css=".vc_custom_1509533805399{margin-bottom: 5px !important;border-bottom-width: 1px !important;padding-bottom: 5px !important;border-bottom-color: rgba(255,255,255,0.2) !important;border-bottom-style: solid !important;}" desktop_text_size="14px"]<strong>FILE SIZE:</strong>[/woodmart_responsive_text_block][woodmart_responsive_text_block font="text" size="custom" align="left" color_scheme="custom" color="rgba(255,255,255,0.7)" css=".vc_custom_1509550905932{margin-bottom: 25px !important;}" desktop_text_size="14px"]<em>10.52 MB</em>[/woodmart_responsive_text_block][/vc_column_inner][vc_column_inner width="1/4"][woodmart_responsive_text_block font="text" size="custom" align="left" color_scheme="light" css=".vc_custom_1509533814391{margin-bottom: 5px !important;border-bottom-width: 1px !important;padding-bottom: 5px !important;border-bottom-color: rgba(255,255,255,0.2) !important;border-bottom-style: solid !important;}" desktop_text_size="14px"]<strong>REQUIREMENTS:</strong>[/woodmart_responsive_text_block][woodmart_responsive_text_block font="text" size="custom" align="left" color_scheme="custom" color="rgba(255,255,255,0.7)" css=".vc_custom_1509550910366{margin-bottom: 25px !important;}" desktop_text_size="14px"]<em>Adobe CC+</em>[/woodmart_responsive_text_block][/vc_column_inner][vc_column_inner width="1/4"][/vc_column_inner][/vc_row_inner][woodmart_button color="primary" button_inline="yes" title="SHOP NOW" link="url:%23|||"][woodmart_button color="white" style="bordered" button_inline="yes" title="VIEW MORE" link="url:%23|||"][/vc_column][/vc_row][vc_row full_width="stretch_row" css=".vc_custom_1509453645185{padding-top: 8vh !important;padding-bottom: 6vh !important;background-color: #fafafa !important;}"][vc_column css=".vc_custom_1509443785109{padding-top: 0px !important;}"][woodmart_responsive_text_block font="text" size="custom" font_weight="300" css=".vc_custom_1509704913727{margin-bottom: 5px !important;}" desktop_text_size="18" tablet_text_size="14" mobile_text_size="12"]VERSIONS HAVE EVOLVED OVER THE YEARS[/woodmart_responsive_text_block][woodmart_responsive_text_block size="custom" font_weight="600" content_width="50" color_scheme="dark" css=".vc_custom_1509705573023{margin-bottom: 10px !important;}" desktop_text_size="36" tablet_text_size="28" mobile_text_size="24"]Featured graphic products[/woodmart_responsive_text_block][woodmart_responsive_text_block font="text" size="custom" content_width="50" color_scheme="custom" desktop_text_size="15" el_class="text-larger" css=".vc_custom_1509705176384{margin-bottom: 30px !important;}" color="#777777" tablet_text_size="14" mobile_text_size="12"]Looked up one of the more obscure latin words, consectetur, from a lorem ipsum passage, and going through the cites of the word in classical literature.[/woodmart_responsive_text_block][woodmart_products layout="carousel" items_per_page="5" slides_per_view="4" hide_pagination_control="yes"][/vc_column][/vc_row][vc_row full_width="stretch_row" content_placement="middle" css=".vc_custom_1509965758402{padding-top: 4vh !important;padding-bottom: 4vh !important;background-image: url(http://dummy.xtemos.com/woodmart/demos/wp-content/uploads/sites/2/2017/11/digita-app-row-bg.jpg?id=1115) !important;background-position: center !important;background-repeat: no-repeat !important;background-size: cover !important;}"][vc_column width="1/2" css=".vc_custom_1509706006043{padding-top: 0px !important;}"][vc_empty_space height="4vh" woodmart_hide_large="1" woodmart_hide_medium="1"][vc_single_image image="1117" img_size="full" alignment="center" css=".vc_custom_1509965909256{margin-bottom: -12vh !important;}"][vc_empty_space height="13vh" woodmart_hide_large="1" woodmart_hide_medium="1"][/vc_column][vc_column width="1/2" woodmart_color_scheme="light" css=".vc_custom_1509705894158{padding-top: 4vh !important;padding-bottom: 4vh !important;}"][woodmart_responsive_text_block font="text" size="custom" font_weight="300" align="left" color_scheme="light" css=".vc_custom_1509704924505{margin-bottom: 5px !important;}" desktop_text_size="18" tablet_text_size="14" mobile_text_size="12"]VERSIONS HAVE EVOLVED OVER THE YEARS[/woodmart_responsive_text_block][woodmart_responsive_text_block size="custom" font_weight="600" align="left" color_scheme="light" css=".vc_custom_1509705583008{margin-bottom: 10px !important;}" desktop_text_size="36" tablet_text_size="28" mobile_text_size="24"]The most promising mobile app design trends expected in 2018[/woodmart_responsive_text_block][woodmart_responsive_text_block font="text" size="custom" align="left" color_scheme="custom" desktop_text_size="15" el_class="text-larger" css=".vc_custom_1509705119254{margin-bottom: 20px !important;}" color="rgba(255,255,255,0.8)" tablet_text_size="14" mobile_text_size="12"]Richard McClintock, a latin professor at Hampden-Sydney College in Virginia, looked up one of the more obscure latin words, consectetur, from a lorem ipsum passage, and going through the cites of the word in classical literature.[/woodmart_responsive_text_block][woodmart_gallery images="1126" view="grid" spacing="10" columns="4" on_click="links" target_blank="" caption="" img_size="full"][/vc_column][/vc_row][vc_row full_width="stretch_row" content_placement="middle" row_reverse_mobile="1" css=".vc_custom_1509715220713{background-color: #fafafa !important;}"][vc_column woodmart_text_align="center" css=".vc_custom_1509715701926{padding-top: 0px !important;padding-bottom: 0px !important;}" offset="vc_col-md-6"][vc_empty_space height="8vh" woodmart_hide_extra_small="1"][woodmart_responsive_text_block font="text" size="custom" font_weight="300" css=".vc_custom_1509704934296{margin-bottom: 5px !important;}" desktop_text_size="18" tablet_text_size="14" mobile_text_size="12"]VERSIONS HAVE EVOLVED OVER THE YEARS[/woodmart_responsive_text_block][woodmart_responsive_text_block size="custom" font_weight="600" color_scheme="dark" css=".vc_custom_1509705594207{margin-bottom: 10px !important;}" desktop_text_size="36" tablet_text_size="28" mobile_text_size="24"]How projects are created[/woodmart_responsive_text_block][woodmart_responsive_text_block font="text" size="custom" color_scheme="custom" desktop_text_size="15" el_class="text-larger" css=".vc_custom_1509705183920{margin-bottom: 30px !important;}" color="#777777" tablet_text_size="14" mobile_text_size="12"]Looked up one of the more obscure latin words, consectetur, from a lorem ipsum passage, and going through the cites of the word in classical literature.[/woodmart_responsive_text_block][vc_row_inner][vc_column_inner width="1/3" css=".vc_custom_1509715088160{margin-bottom: 25px !important;}"][woodmart_info_box image="1119" btn_position="static" btn_color="primary" btn_style="link" alignment="center" img_size="60x60" title="1. Idea" css=".vc_custom_1509965990714{margin-bottom: 0px !important;}"]Arcu enim mi curae facilisis interdum[/woodmart_info_box][/vc_column_inner][vc_column_inner width="1/3" css=".vc_custom_1509715091417{margin-bottom: 25px !important;}"][woodmart_info_box image="1119" btn_position="static" btn_color="primary" btn_style="link" alignment="center" img_size="60x60" title="2. Sketch" css=".vc_custom_1509966015646{margin-bottom: 0px !important;}"]Arcu enim mi curae facilisis interdum[/woodmart_info_box][/vc_column_inner][vc_column_inner width="1/3" css=".vc_custom_1509715095039{margin-bottom: 25px !important;}"][woodmart_info_box image="1119" btn_position="static" btn_color="primary" btn_style="link" alignment="center" img_size="60x60" title="3. Done work" css=".vc_custom_1509966027557{margin-bottom: 0px !important;}"]Arcu enim mi curae facilisis interdum[/woodmart_info_box][/vc_column_inner][/vc_row_inner][woodmart_button color="primary" button_inline="yes" title="OPEN SHOP" link="url:%23|||"][woodmart_button style="bordered" button_inline="yes" title="VIEW MORE" link="url:%23|||"][vc_empty_space height="8vh" woodmart_hide_small="1"][/vc_column][vc_column css=".vc_custom_1509970528030{padding-top: 8vh !important;padding-bottom: 8vh !important;background-image: url(http://dummy.xtemos.com/woodmart/demos/wp-content/uploads/sites/2/2017/11/video-bg-vector.png?id=1122) !important;background-position: center !important;background-repeat: no-repeat !important;background-size: contain !important;}" offset="vc_col-md-6"][vc_row_inner content_placement="middle"][vc_column_inner width="1/12" offset="vc_hidden-sm vc_hidden-xs"][/vc_column_inner][vc_column_inner offset="vc_col-md-10"][vc_video align="center" image_poster_switch="yes" poster_image="117" img_size="full" css=".vc_custom_1509965968604{margin-bottom: 0px !important;}"][/vc_column_inner][vc_column_inner width="1/12" offset="vc_hidden-sm vc_hidden-xs"][/vc_column_inner][/vc_row_inner][/vc_column][/vc_row][vc_row full_width="stretch_row" content_placement="middle" css=".vc_custom_1509965694534{background-image: url(http://dummy.xtemos.com/woodmart/demos/wp-content/uploads/sites/2/2017/11/digitals-newslatter-bg.jpg?id=1114) !important;background-position: center !important;background-repeat: no-repeat !important;background-size: cover !important;}"][vc_column css=".vc_custom_1509713685698{padding-top: 0px !important;}" offset="vc_col-md-6"][vc_empty_space height="8vh" woodmart_hide_large="1" woodmart_hide_medium="1"][vc_single_image image="1118" img_size="full" alignment="center" css=".vc_custom_1509965924527{margin-top: -2vh !important;margin-bottom: -6vh !important;}"][vc_empty_space height="5vh" woodmart_hide_large="1" woodmart_hide_medium="1"][/vc_column][vc_column woodmart_color_scheme="light" css=".vc_custom_1509713676994{padding-top: 8vh !important;padding-bottom: 8vh !important;}" offset="vc_col-md-6"][woodmart_responsive_text_block font="text" size="custom" font_weight="300" color_scheme="light" css=".vc_custom_1509704944479{margin-bottom: 5px !important;}" desktop_text_size="18" tablet_text_size="14" mobile_text_size="12"]VERSIONS HAVE EVOLVED OVER THE YEARS[/woodmart_responsive_text_block][woodmart_responsive_text_block size="custom" font_weight="600" color_scheme="light" css=".vc_custom_1509705604214{margin-bottom: 10px !important;}" desktop_text_size="36" tablet_text_size="28" mobile_text_size="24"]Join Woodmart newsletter[/woodmart_responsive_text_block][woodmart_responsive_text_block font="text" size="custom" color_scheme="custom" desktop_text_size="15" el_class="text-larger" css=".vc_custom_1509705269448{margin-bottom: 30px !important;}" color="rgba(255,255,255,0.8)" tablet_text_size="14" mobile_text_size="12"]Looked up one of the more obscure latin words, consectetur, from a lorem ipsum passage, and going through the cites of the word.[/woodmart_responsive_text_block][vc_column_text css=".vc_custom_1509971900352{margin-bottom: -20px !important;}"][mc4wp_form id="74"][/vc_column_text][/vc_column][/vc_row][vc_row full_width="stretch_row" css=".vc_custom_1509712295196{margin-bottom: -40px !important;padding-top: 8vh !important;padding-bottom: 5vh !important;background-color: #fafafa !important;background-position: center !important;background-repeat: no-repeat !important;background-size: cover !important;}"][vc_column css=".vc_custom_1509453492910{padding-top: 0px !important;}"][woodmart_responsive_text_block font="text" size="custom" font_weight="300" css=".vc_custom_1509704954791{margin-bottom: 5px !important;}" desktop_text_size="18" tablet_text_size="14" mobile_text_size="12"]VERSIONS HAVE EVOLVED OVER THE YEARS[/woodmart_responsive_text_block][woodmart_responsive_text_block size="custom" font_weight="600" content_width="50" color_scheme="dark" css=".vc_custom_1509705614822{margin-bottom: 10px !important;}" desktop_text_size="36" tablet_text_size="28" mobile_text_size="24"]Latest creative blog posts[/woodmart_responsive_text_block][woodmart_responsive_text_block font="text" size="custom" content_width="50" color_scheme="custom" desktop_text_size="15" el_class="text-larger" css=".vc_custom_1509705273614{margin-bottom: 30px !important;}" color="#777777" tablet_text_size="14" mobile_text_size="12"]Looked up one of the more obscure latin words, consectetur, from a lorem ipsum passage, and going through the cites of the word in classical literature.[/woodmart_responsive_text_block][woodmart_blog items_per_page="4" blog_design="carousel" parts_title="1" parts_meta="1" parts_text="1" parts_btn="1" slides_per_view="3" hide_pagination_control="yes" offset="1"][/vc_column][/vc_row]]]></content:encoded>
		<excerpt:encoded><![CDATA[]]></excerpt:encoded>
		<wp:post_id>1104</wp:post_id>
		<wp:post_date>2017-11-06 11:03:37</wp:post_date>
		<wp:post_date_gmt>2017-11-06 11:03:37</wp:post_date_gmt>
		<wp:comment_status>closed</wp:comment_status>
		<wp:ping_status>closed</wp:ping_status>
		<wp:post_name>demo-digitals</wp:post_name>
		<wp:status>publish</wp:status>
		<wp:post_parent>0</wp:post_parent>
		<wp:menu_order>0</wp:menu_order>
		<wp:post_type>page</wp:post_type>
		<wp:post_password></wp:post_password>
		<wp:is_sticky>0</wp:is_sticky>
		<wp:postmeta>
			<wp:meta_key>_wp_page_template</wp:meta_key>
			<wp:meta_value><![CDATA[default]]></wp:meta_value>
		</wp:postmeta>
		<wp:postmeta>
			<wp:meta_key>_wpb_shortcodes_custom_css</wp:meta_key>
			<wp:meta_value><![CDATA[.vc_custom_1509464121140{margin-top: -40px !important;}.vc_custom_1509971527456{padding-top: 8vh !important;padding-bottom: 8vh !important;background-image: url(http://dummy.xtemos.com/woodmart/demos/wp-content/uploads/sites/2/2017/11/digita-app-row-bg.jpg?id=1115) !important;background-position: center !important;background-repeat: no-repeat !important;background-size: cover !important;}.vc_custom_1509629098131{padding-top: 8vh !important;padding-bottom: 8vh !important;}.vc_custom_1509443703898{padding-top: 8vh !important;padding-bottom: 8vh !important;background-color: #fafafa !important;}.vc_custom_1509965862484{padding-top: 4vh !important;padding-bottom: 4vh !important;background-image: url(http://dummy.xtemos.com/woodmart/demos/wp-content/uploads/sites/2/2017/11/digital-fullwidth-bg.jpg?id=1116) !important;background-position: center !important;background-repeat: no-repeat !important;background-size: cover !important;}.vc_custom_1509453645185{padding-top: 8vh !important;padding-bottom: 6vh !important;background-color: #fafafa !important;}.vc_custom_1509965758402{padding-top: 4vh !important;padding-bottom: 4vh !important;background-image: url(http://dummy.xtemos.com/woodmart/demos/wp-content/uploads/sites/2/2017/11/digita-app-row-bg.jpg?id=1115) !important;background-position: center !important;background-repeat: no-repeat !important;background-size: cover !important;}.vc_custom_1509715220713{background-color: #fafafa !important;}.vc_custom_1509965694534{background-image: url(http://dummy.xtemos.com/woodmart/demos/wp-content/uploads/sites/2/2017/11/digitals-newslatter-bg.jpg?id=1114) !important;background-position: center !important;background-repeat: no-repeat !important;background-size: cover !important;}.vc_custom_1509712295196{margin-bottom: -40px !important;padding-top: 8vh !important;padding-bottom: 5vh !important;background-color: #fafafa !important;background-position: center !important;background-repeat: no-repeat !important;background-size: cover !important;}.vc_custom_1509464067460{margin-top: -40px !important;padding-top: 0px !important;}.vc_custom_1509546495973{padding-top: 0px !important;}.vc_custom_1509714340154{padding-top: 0px !important;}.vc_custom_1509704719488{margin-bottom: 5px !important;}.vc_custom_1509704795722{margin-bottom: 10px !important;}.vc_custom_1509704576520{margin-bottom: 30px !important;}.vc_custom_1509629101812{margin-bottom: 0px !important;}.vc_custom_1509705435916{border-right-width: 1px !important;padding-top: 2vh !important;padding-bottom: 2vh !important;border-right-color: #eaeaea !important;border-right-style: solid !important;}.vc_custom_1509705442502{border-right-width: 1px !important;padding-top: 2vh !important;padding-bottom: 2vh !important;border-right-color: #eaeaea !important;border-right-style: solid !important;}.vc_custom_1509705471243{border-right-width: 1px !important;padding-top: 2vh !important;padding-bottom: 2vh !important;border-right-color: #eaeaea !important;border-right-style: solid !important;}.vc_custom_1509705475749{padding-top: 2vh !important;padding-bottom: 2vh !important;}.vc_custom_1509966046187{margin-bottom: 0px !important;}.vc_custom_1509966057281{margin-bottom: 0px !important;}.vc_custom_1509966068698{margin-bottom: 0px !important;}.vc_custom_1509966081522{margin-bottom: 0px !important;}.vc_custom_1509440190496{padding-top: 0px !important;}.vc_custom_1509704886952{margin-bottom: 5px !important;}.vc_custom_1509705549071{margin-bottom: 10px !important;}.vc_custom_1509705027192{margin-bottom: 30px !important;}.vc_custom_1509713755680{padding-top: 4vh !important;padding-bottom: 4vh !important;}.vc_custom_1509713761304{padding-top: 4vh !important;padding-bottom: 4vh !important;}.vc_custom_1509704903629{margin-bottom: 5px !important;}.vc_custom_1509705559775{margin-bottom: 10px !important;}.vc_custom_1509705119254{margin-bottom: 20px !important;}.vc_custom_1509533796201{margin-bottom: 5px !important;border-bottom-width: 1px !important;padding-bottom: 5px !important;border-bottom-color: rgba(255,255,255,0.2) !important;border-bottom-style: solid !important;}.vc_custom_1509542483264{margin-bottom: 25px !important;}.vc_custom_1509533805399{margin-bottom: 5px !important;border-bottom-width: 1px !important;padding-bottom: 5px !important;border-bottom-color: rgba(255,255,255,0.2) !important;border-bottom-style: solid !important;}.vc_custom_1509550905932{margin-bottom: 25px !important;}.vc_custom_1509533814391{margin-bottom: 5px !important;border-bottom-width: 1px !important;padding-bottom: 5px !important;border-bottom-color: rgba(255,255,255,0.2) !important;border-bottom-style: solid !important;}.vc_custom_1509550910366{margin-bottom: 25px !important;}.vc_custom_1509443785109{padding-top: 0px !important;}.vc_custom_1509704913727{margin-bottom: 5px !important;}.vc_custom_1509705573023{margin-bottom: 10px !important;}.vc_custom_1509705176384{margin-bottom: 30px !important;}.vc_custom_1509706006043{padding-top: 0px !important;}.vc_custom_1509705894158{padding-top: 4vh !important;padding-bottom: 4vh !important;}.vc_custom_1509965909256{margin-bottom: -12vh !important;}.vc_custom_1509704924505{margin-bottom: 5px !important;}.vc_custom_1509705583008{margin-bottom: 10px !important;}.vc_custom_1509705119254{margin-bottom: 20px !important;}.vc_custom_1509715701926{padding-top: 0px !important;padding-bottom: 0px !important;}.vc_custom_1509970528030{padding-top: 8vh !important;padding-bottom: 8vh !important;background-image: url(http://dummy.xtemos.com/woodmart/demos/wp-content/uploads/sites/2/2017/11/video-bg-vector.png?id=1122) !important;background-position: center !important;background-repeat: no-repeat !important;background-size: contain !important;}.vc_custom_1509704934296{margin-bottom: 5px !important;}.vc_custom_1509705594207{margin-bottom: 10px !important;}.vc_custom_1509705183920{margin-bottom: 30px !important;}.vc_custom_1509715088160{margin-bottom: 25px !important;}.vc_custom_1509715091417{margin-bottom: 25px !important;}.vc_custom_1509715095039{margin-bottom: 25px !important;}.vc_custom_1509965990714{margin-bottom: 0px !important;}.vc_custom_1509966015646{margin-bottom: 0px !important;}.vc_custom_1509966027557{margin-bottom: 0px !important;}.vc_custom_1509965968604{margin-bottom: 0px !important;}.vc_custom_1509713685698{padding-top: 0px !important;}.vc_custom_1509713676994{padding-top: 8vh !important;padding-bottom: 8vh !important;}.vc_custom_1509965924527{margin-top: -2vh !important;margin-bottom: -6vh !important;}.vc_custom_1509704944479{margin-bottom: 5px !important;}.vc_custom_1509705604214{margin-bottom: 10px !important;}.vc_custom_1509705269448{margin-bottom: 30px !important;}.vc_custom_1509971900352{margin-bottom: -20px !important;}.vc_custom_1509453492910{padding-top: 0px !important;}.vc_custom_1509704954791{margin-bottom: 5px !important;}.vc_custom_1509705614822{margin-bottom: 10px !important;}.vc_custom_1509705273614{margin-bottom: 30px !important;}]]></wp:meta_value>
		</wp:postmeta>
		<wp:postmeta>
			<wp:meta_key>_woodmart_header_color_scheme</wp:meta_key>
			<wp:meta_value><![CDATA[inherit]]></wp:meta_value>
		</wp:postmeta>
		<wp:postmeta>
			<wp:meta_key>_oembed_71ae0db7f6e61ffd19b757ea6a0c207c</wp:meta_key>
			<wp:meta_value><![CDATA[<iframe src="https://player.vimeo.com/video/51589652" width="500" height="281" frameborder="0" title="Timelapse - Lighthouse (Oct 2012)" webkitallowfullscreen mozallowfullscreen allowfullscreen></iframe>]]></wp:meta_value>
		</wp:postmeta>
		<wp:postmeta>
			<wp:meta_key>_oembed_time_71ae0db7f6e61ffd19b757ea6a0c207c</wp:meta_key>
			<wp:meta_value><![CDATA[1509966244]]></wp:meta_value>
		</wp:postmeta>
		<wp:postmeta>
			<wp:meta_key>_woodmart_main_layout</wp:meta_key>
			<wp:meta_value><![CDATA[full-width]]></wp:meta_value>
		</wp:postmeta>
		<wp:postmeta>
			<wp:meta_key>_woodmart_title_off</wp:meta_key>
			<wp:meta_value><![CDATA[on]]></wp:meta_value>
		</wp:postmeta>
		<wp:postmeta>
			<wp:meta_key>_woodmart_prefooter_off</wp:meta_key>
			<wp:meta_value><![CDATA[on]]></wp:meta_value>
		</wp:postmeta>
	</item>
	<item>
		<title>phone-app-img</title>
		<link>http://dummy.xtemos.com/woodmart/demos/demo-digitals/phone-app-img/</link>
		<pubDate>Mon, 06 Nov 2017 11:00:34 +0000</pubDate>
		<dc:creator><![CDATA[erwin]]></dc:creator>
		<guid isPermaLink="false">http://dummy.xtemos.com/woodmart/demos/wp-content/uploads/sites/2/2017/11/phone-app-img.png</guid>
		<description></description>
		<content:encoded><![CDATA[]]></content:encoded>
		<excerpt:encoded><![CDATA[]]></excerpt:encoded>
		<wp:post_id>1117</wp:post_id>
		<wp:post_date>2017-11-06 11:00:34</wp:post_date>
		<wp:post_date_gmt>2017-11-06 11:00:34</wp:post_date_gmt>
		<wp:comment_status>open</wp:comment_status>
		<wp:ping_status>closed</wp:ping_status>
		<wp:post_name>phone-app-img</wp:post_name>
		<wp:status>inherit</wp:status>
		<wp:post_parent>1104</wp:post_parent>
		<wp:menu_order>0</wp:menu_order>
		<wp:post_type>attachment</wp:post_type>
		<wp:post_password></wp:post_password>
		<wp:is_sticky>0</wp:is_sticky>
		<wp:attachment_url>http://dummy.xtemos.com/woodmart/demos/wp-content/uploads/sites/2/2017/11/phone-app-img.png</wp:attachment_url>
		<wp:postmeta>
			<wp:meta_key>_wp_attached_file</wp:meta_key>
			<wp:meta_value><![CDATA[2017/11/phone-app-img.png]]></wp:meta_value>
		</wp:postmeta>
	</item>
	<item>
		<title>newslatter-img-products</title>
		<link>http://dummy.xtemos.com/woodmart/demos/demo-digitals/newslatter-img-products/</link>
		<pubDate>Mon, 06 Nov 2017 11:00:50 +0000</pubDate>
		<dc:creator><![CDATA[erwin]]></dc:creator>
		<guid isPermaLink="false">http://dummy.xtemos.com/woodmart/demos/wp-content/uploads/sites/2/2017/11/newslatter-img-products.png</guid>
		<description></description>
		<content:encoded><![CDATA[]]></content:encoded>
		<excerpt:encoded><![CDATA[]]></excerpt:encoded>
		<wp:post_id>1118</wp:post_id>
		<wp:post_date>2017-11-06 11:00:50</wp:post_date>
		<wp:post_date_gmt>2017-11-06 11:00:50</wp:post_date_gmt>
		<wp:comment_status>open</wp:comment_status>
		<wp:ping_status>closed</wp:ping_status>
		<wp:post_name>newslatter-img-products</wp:post_name>
		<wp:status>inherit</wp:status>
		<wp:post_parent>1104</wp:post_parent>
		<wp:menu_order>0</wp:menu_order>
		<wp:post_type>attachment</wp:post_type>
		<wp:post_password></wp:post_password>
		<wp:is_sticky>0</wp:is_sticky>
		<wp:attachment_url>http://dummy.xtemos.com/woodmart/demos/wp-content/uploads/sites/2/2017/11/newslatter-img-products.png</wp:attachment_url>
		<wp:postmeta>
			<wp:meta_key>_wp_attached_file</wp:meta_key>
			<wp:meta_value><![CDATA[2017/11/newslatter-img-products.png]]></wp:meta_value>
		</wp:postmeta>
	</item>
	<item>
		<title>digitals-dummy-icon</title>
		<link>http://dummy.xtemos.com/woodmart/demos/demo-digitals/digitals-dummy-icon/</link>
		<pubDate>Mon, 06 Nov 2017 11:01:56 +0000</pubDate>
		<dc:creator><![CDATA[erwin]]></dc:creator>
		<guid isPermaLink="false">http://dummy.xtemos.com/woodmart/demos/wp-content/uploads/sites/2/2017/11/digitals-dummy-icon.svg</guid>
		<description></description>
		<content:encoded><![CDATA[]]></content:encoded>
		<excerpt:encoded><![CDATA[]]></excerpt:encoded>
		<wp:post_id>1119</wp:post_id>
		<wp:post_date>2017-11-06 11:01:56</wp:post_date>
		<wp:post_date_gmt>2017-11-06 11:01:56</wp:post_date_gmt>
		<wp:comment_status>open</wp:comment_status>
		<wp:ping_status>closed</wp:ping_status>
		<wp:post_name>digitals-dummy-icon</wp:post_name>
		<wp:status>inherit</wp:status>
		<wp:post_parent>1104</wp:post_parent>
		<wp:menu_order>0</wp:menu_order>
		<wp:post_type>attachment</wp:post_type>
		<wp:post_password></wp:post_password>
		<wp:is_sticky>0</wp:is_sticky>
		<wp:attachment_url>http://dummy.xtemos.com/woodmart/demos/wp-content/uploads/sites/2/2017/11/digitals-dummy-icon.svg</wp:attachment_url>
		<wp:postmeta>
			<wp:meta_key>_wp_attached_file</wp:meta_key>
			<wp:meta_value><![CDATA[2017/11/digitals-dummy-icon.svg]]></wp:meta_value>
		</wp:postmeta>
	</item>
	<item>
		<title>google-play-button</title>
		<link>http://dummy.xtemos.com/woodmart/demos/demo-digitals/google-play-button/</link>
		<pubDate>Mon, 06 Nov 2017 12:25:27 +0000</pubDate>
		<dc:creator><![CDATA[erwin]]></dc:creator>
		<guid isPermaLink="false">http://dummy.xtemos.com/woodmart/demos/wp-content/uploads/sites/2/2017/11/google-play-button.png</guid>
		<description></description>
		<content:encoded><![CDATA[]]></content:encoded>
		<excerpt:encoded><![CDATA[]]></excerpt:encoded>
		<wp:post_id>1126</wp:post_id>
		<wp:post_date>2017-11-06 12:25:27</wp:post_date>
		<wp:post_date_gmt>2017-11-06 12:25:27</wp:post_date_gmt>
		<wp:comment_status>open</wp:comment_status>
		<wp:ping_status>closed</wp:ping_status>
		<wp:post_name>google-play-button</wp:post_name>
		<wp:status>inherit</wp:status>
		<wp:post_parent>1104</wp:post_parent>
		<wp:menu_order>0</wp:menu_order>
		<wp:post_type>attachment</wp:post_type>
		<wp:post_password></wp:post_password>
		<wp:is_sticky>0</wp:is_sticky>
		<wp:attachment_url>http://dummy.xtemos.com/woodmart/demos/wp-content/uploads/sites/2/2017/11/google-play-button.png</wp:attachment_url>
		<wp:postmeta>
			<wp:meta_key>_wp_attached_file</wp:meta_key>
			<wp:meta_value><![CDATA[2017/11/google-play-button.png]]></wp:meta_value>
		</wp:postmeta>
	</item>
	<item>
		<title>header-digitals</title>
		<link>http://dummy.xtemos.com/woodmart/demos/?cms_block=header-digitals</link>
		<pubDate>Mon, 06 Nov 2017 12:45:16 +0000</pubDate>
		<dc:creator><![CDATA[erwin]]></dc:creator>
		<guid isPermaLink="false">http://dummy.xtemos.com/woodmart/demos/?post_type=cms_block&#038;p=1132</guid>
		<description></description>
		<content:encoded><![CDATA[[vc_row][vc_column][woodmart_info_box image="1119" btn_position="static" btn_style="link" title_size="small" image_alignment="left" info_box_inline="yes" css=".vc_custom_1510057852611{margin-right: 50px !important;margin-bottom: 0px !important;}" img_size="40x40" link="url:https%3A%2F%2Fwoodmart.xtemos.com%2Fcontact-us%2Fdemo%2Fdigitals%2F|||"]
<div style="color: #333333;"><strong>Free Shipping.
</strong></div>
24/7 every day.[/woodmart_info_box][woodmart_info_box image="1119" btn_position="static" btn_style="link" title_size="small" image_alignment="left" info_box_inline="yes" css=".vc_custom_1510057868126{margin-bottom: 0px !important;background-position: center !important;background-repeat: no-repeat !important;background-size: cover !important;}" img_size="40x40" link="url:https%3A%2F%2Fwoodmart.xtemos.com%2Fabout-us%2Fdemo%2Fdigitals%2F|||" el_class="hidden-md"]
<div style="color: #333333;"><strong>How to Find Us.</strong></div>
Woodmart location.[/woodmart_info_box][/vc_column][/vc_row]]]></content:encoded>
		<excerpt:encoded><![CDATA[]]></excerpt:encoded>
		<wp:post_id>1132</wp:post_id>
		<wp:post_date>2017-11-06 12:45:16</wp:post_date>
		<wp:post_date_gmt>2017-11-06 12:45:16</wp:post_date_gmt>
		<wp:comment_status>closed</wp:comment_status>
		<wp:ping_status>closed</wp:ping_status>
		<wp:post_name>header-digitals</wp:post_name>
		<wp:status>publish</wp:status>
		<wp:post_parent>0</wp:post_parent>
		<wp:menu_order>0</wp:menu_order>
		<wp:post_type>cms_block</wp:post_type>
		<wp:post_password></wp:post_password>
		<wp:is_sticky>0</wp:is_sticky>
		<wp:postmeta>
			<wp:meta_key>_wpb_shortcodes_custom_css</wp:meta_key>
			<wp:meta_value><![CDATA[.vc_custom_1509972177890{margin-right: 50px !important;margin-bottom: 0px !important;}.vc_custom_1509972167862{margin-bottom: 0px !important;background-position: center !important;background-repeat: no-repeat !important;background-size: cover !important;}]]></wp:meta_value>
		</wp:postmeta>
	</item>
	<item>
		<title>digitals-newslatter-bg</title>
		<link>http://dummy.xtemos.com/woodmart/demos/demo-digitals/digitals-newslatter-bg/</link>
		<pubDate>Mon, 06 Nov 2017 10:57:02 +0000</pubDate>
		<dc:creator><![CDATA[erwin]]></dc:creator>
		<guid isPermaLink="false">http://dummy.xtemos.com/woodmart/demos/wp-content/uploads/sites/2/2017/11/digitals-newslatter-bg.jpg</guid>
		<description></description>
		<content:encoded><![CDATA[]]></content:encoded>
		<excerpt:encoded><![CDATA[]]></excerpt:encoded>
		<wp:post_id>1114</wp:post_id>
		<wp:post_date>2017-11-06 10:57:02</wp:post_date>
		<wp:post_date_gmt>2017-11-06 10:57:02</wp:post_date_gmt>
		<wp:comment_status>open</wp:comment_status>
		<wp:ping_status>closed</wp:ping_status>
		<wp:post_name>digitals-newslatter-bg</wp:post_name>
		<wp:status>inherit</wp:status>
		<wp:post_parent>1104</wp:post_parent>
		<wp:menu_order>0</wp:menu_order>
		<wp:post_type>attachment</wp:post_type>
		<wp:post_password></wp:post_password>
		<wp:is_sticky>0</wp:is_sticky>
		<wp:attachment_url>http://dummy.xtemos.com/woodmart/demos/wp-content/uploads/sites/2/2017/11/digitals-newslatter-bg.jpg</wp:attachment_url>
		<wp:postmeta>
			<wp:meta_key>_wp_attached_file</wp:meta_key>
			<wp:meta_value><![CDATA[2017/11/digitals-newslatter-bg.jpg]]></wp:meta_value>
		</wp:postmeta>
	</item>
	<item>
		<title>digita-app-row-bg</title>
		<link>http://dummy.xtemos.com/woodmart/demos/demo-digitals/digita-app-row-bg/</link>
		<pubDate>Mon, 06 Nov 2017 10:58:07 +0000</pubDate>
		<dc:creator><![CDATA[erwin]]></dc:creator>
		<guid isPermaLink="false">http://dummy.xtemos.com/woodmart/demos/wp-content/uploads/sites/2/2017/11/digita-app-row-bg.jpg</guid>
		<description></description>
		<content:encoded><![CDATA[]]></content:encoded>
		<excerpt:encoded><![CDATA[]]></excerpt:encoded>
		<wp:post_id>1115</wp:post_id>
		<wp:post_date>2017-11-06 10:58:07</wp:post_date>
		<wp:post_date_gmt>2017-11-06 10:58:07</wp:post_date_gmt>
		<wp:comment_status>open</wp:comment_status>
		<wp:ping_status>closed</wp:ping_status>
		<wp:post_name>digita-app-row-bg</wp:post_name>
		<wp:status>inherit</wp:status>
		<wp:post_parent>1104</wp:post_parent>
		<wp:menu_order>0</wp:menu_order>
		<wp:post_type>attachment</wp:post_type>
		<wp:post_password></wp:post_password>
		<wp:is_sticky>0</wp:is_sticky>
		<wp:attachment_url>http://dummy.xtemos.com/woodmart/demos/wp-content/uploads/sites/2/2017/11/digita-app-row-bg.jpg</wp:attachment_url>
		<wp:postmeta>
			<wp:meta_key>_wp_attached_file</wp:meta_key>
			<wp:meta_value><![CDATA[2017/11/digita-app-row-bg.jpg]]></wp:meta_value>
		</wp:postmeta>
	</item>
	<item>
		<title>digital-fullwidth-bg</title>
		<link>http://dummy.xtemos.com/woodmart/demos/demo-digitals/digital-fullwidth-bg/</link>
		<pubDate>Mon, 06 Nov 2017 10:59:49 +0000</pubDate>
		<dc:creator><![CDATA[erwin]]></dc:creator>
		<guid isPermaLink="false">http://dummy.xtemos.com/woodmart/demos/wp-content/uploads/sites/2/2017/11/digital-fullwidth-bg.jpg</guid>
		<description></description>
		<content:encoded><![CDATA[]]></content:encoded>
		<excerpt:encoded><![CDATA[]]></excerpt:encoded>
		<wp:post_id>1116</wp:post_id>
		<wp:post_date>2017-11-06 10:59:49</wp:post_date>
		<wp:post_date_gmt>2017-11-06 10:59:49</wp:post_date_gmt>
		<wp:comment_status>open</wp:comment_status>
		<wp:ping_status>closed</wp:ping_status>
		<wp:post_name>digital-fullwidth-bg</wp:post_name>
		<wp:status>inherit</wp:status>
		<wp:post_parent>1104</wp:post_parent>
		<wp:menu_order>0</wp:menu_order>
		<wp:post_type>attachment</wp:post_type>
		<wp:post_password></wp:post_password>
		<wp:is_sticky>0</wp:is_sticky>
		<wp:attachment_url>http://dummy.xtemos.com/woodmart/demos/wp-content/uploads/sites/2/2017/11/digital-fullwidth-bg.jpg</wp:attachment_url>
		<wp:postmeta>
			<wp:meta_key>_wp_attached_file</wp:meta_key>
			<wp:meta_value><![CDATA[2017/11/digital-fullwidth-bg.jpg]]></wp:meta_value>
		</wp:postmeta>
	</item>
	<item>
		<title>video-bg-vector</title>
		<link>http://dummy.xtemos.com/woodmart/demos/demo-digitals/video-bg-vector/</link>
		<pubDate>Mon, 06 Nov 2017 12:17:36 +0000</pubDate>
		<dc:creator><![CDATA[erwin]]></dc:creator>
		<guid isPermaLink="false">http://dummy.xtemos.com/woodmart/demos/wp-content/uploads/sites/2/2017/11/video-bg-vector.png</guid>
		<description></description>
		<content:encoded><![CDATA[]]></content:encoded>
		<excerpt:encoded><![CDATA[]]></excerpt:encoded>
		<wp:post_id>1122</wp:post_id>
		<wp:post_date>2017-11-06 12:17:36</wp:post_date>
		<wp:post_date_gmt>2017-11-06 12:17:36</wp:post_date_gmt>
		<wp:comment_status>open</wp:comment_status>
		<wp:ping_status>closed</wp:ping_status>
		<wp:post_name>video-bg-vector</wp:post_name>
		<wp:status>inherit</wp:status>
		<wp:post_parent>1104</wp:post_parent>
		<wp:menu_order>0</wp:menu_order>
		<wp:post_type>attachment</wp:post_type>
		<wp:post_password></wp:post_password>
		<wp:is_sticky>0</wp:is_sticky>
		<wp:attachment_url>http://dummy.xtemos.com/woodmart/demos/wp-content/uploads/sites/2/2017/11/video-bg-vector.png</wp:attachment_url>
		<wp:postmeta>
			<wp:meta_key>_wp_attached_file</wp:meta_key>
			<wp:meta_value><![CDATA[2017/11/video-bg-vector.png]]></wp:meta_value>
		</wp:postmeta>
	</item>
</channel>
</rss>
