<?xml version="1.0" encoding="UTF-8" ?>
<!-- This is a WordPress eXtended RSS file generated by WordPress as an export of your site. -->
<!-- It contains information about your site's posts, pages, comments, categories, and other content. -->
<!-- You may use this file to transfer that content from one site to another. -->
<!-- This file is not intended to serve as a complete backup of your site. -->
<!-- To import this information into a WordPress site follow these steps: -->
<!-- 1. Log in to that site as an administrator. -->
<!-- 2. Go to Tools: Import in the WordPress admin panel. -->
<!-- 3. Install the "WordPress" importer from the list. -->
<!-- 4. Activate & Run Importer. -->
<!-- 5. Upload this file using the form provided on that page. -->
<!-- 6. You will first be asked to map the authors in this export file to users -->
<!--    on the site. For each author, you may choose to map to an -->
<!--    existing user on the site or to create a new user. -->
<!-- 7. WordPress will then import each of the posts, pages, comments, categories, etc. -->
<!--    contained in this file into your site. -->
<!-- generator="WordPress/5.4.2" created="2020-07-13 07:59" -->
<rss version="2.0"
	xmlns:excerpt="http://wordpress.org/export/1.2/excerpt/"
	xmlns:content="http://purl.org/rss/1.0/modules/content/"
	xmlns:wfw="http://wellformedweb.org/CommentAPI/"
	xmlns:dc="http://purl.org/dc/elements/1.1/"
	xmlns:wp="http://wordpress.org/export/1.2/"
>
	<channel>
		<title>Woodmart dummy demos</title>
		<link>http://dummy.xtemos.com/woodmart-elementor/demos</link>
		<description>Just another Woodmart Dummy Content Sites site</description>
		<pubDate>Mon, 13 Jul 2020 07:59:26 +0000</pubDate>
		<language>en-US</language>
		<wp:wxr_version>1.2</wp:wxr_version>
		<wp:base_site_url>http://dummy.xtemos.com/woodmart-elementor/</wp:base_site_url>
		<wp:base_blog_url>http://dummy.xtemos.com/woodmart-elementor/demos</wp:base_blog_url>
		<wp:author>
			<wp:author_id>2</wp:author_id>
			<wp:author_login>erwin</wp:author_login>
			<wp:author_email>ss@asas.as</wp:author_email>
			<wp:author_display_name>
				<![CDATA[erwin]]>
			</wp:author_display_name>
			<wp:author_first_name>
				<![CDATA[]]>
			</wp:author_first_name>
			<wp:author_last_name>
				<![CDATA[]]>
			</wp:author_last_name>
		</wp:author>
		<generator>https://wordpress.org/?v=5.4.2</generator>
		<item>
			<title>
				wood-gallery-placeholder		</title>
			<link>http://dummy.xtemos.com/woodmart-elementor/demos/home-base/wood-gallery-placeholder/</link>
			<pubDate>Wed, 14 Jun 2017 11:33:24 +0000</pubDate>
			<dc:creator>
				<![CDATA[admin]]>
			</dc:creator>
			<guid isPermaLink="false">http://dummy.xtemos.com/woodmart-elementor/demos/wp-content/uploads/sites/2/2017/06/wood-gallery-placeholder.jpg</guid>
			<description></description>
			<content:encoded>
				<![CDATA[]]>
			</content:encoded>
			<excerpt:encoded>
				<![CDATA[]]>
			</excerpt:encoded>
			<wp:post_id>78</wp:post_id>
			<wp:post_date>2017-06-14 11:33:24</wp:post_date>
			<wp:post_date_gmt>2017-06-14 11:33:24</wp:post_date_gmt>
			<wp:comment_status>open</wp:comment_status>
			<wp:ping_status>closed</wp:ping_status>
			<wp:post_name>wood-gallery-placeholder</wp:post_name>
			<wp:status>inherit</wp:status>
			<wp:post_parent>57</wp:post_parent>
			<wp:menu_order>0</wp:menu_order>
			<wp:post_type>attachment</wp:post_type>
			<wp:post_password></wp:post_password>
			<wp:is_sticky>0</wp:is_sticky>
			<wp:attachment_url>http://dummy.xtemos.com/woodmart-elementor/demos/wp-content/uploads/sites/2/2017/06/wood-gallery-placeholder.jpg</wp:attachment_url>
			<wp:postmeta>
				<wp:meta_key>_wp_attached_file</wp:meta_key>
				<wp:meta_value>
					<![CDATA[2017/06/wood-gallery-placeholder.jpg]]>
				</wp:meta_value>
			</wp:postmeta>
		</item>
		<item>
			<title>
				wood-gallery-placeholder-3		</title>
			<link>http://dummy.xtemos.com/woodmart-elementor/demos/home-base/wood-gallery-placeholder-3/</link>
			<pubDate>Wed, 14 Jun 2017 11:33:28 +0000</pubDate>
			<dc:creator>
				<![CDATA[admin]]>
			</dc:creator>
			<guid isPermaLink="false">http://dummy.xtemos.com/woodmart-elementor/demos/wp-content/uploads/sites/2/2017/06/wood-gallery-placeholder-3.jpg</guid>
			<description></description>
			<content:encoded>
				<![CDATA[]]>
			</content:encoded>
			<excerpt:encoded>
				<![CDATA[]]>
			</excerpt:encoded>
			<wp:post_id>80</wp:post_id>
			<wp:post_date>2017-06-14 11:33:28</wp:post_date>
			<wp:post_date_gmt>2017-06-14 11:33:28</wp:post_date_gmt>
			<wp:comment_status>open</wp:comment_status>
			<wp:ping_status>closed</wp:ping_status>
			<wp:post_name>wood-gallery-placeholder-3</wp:post_name>
			<wp:status>inherit</wp:status>
			<wp:post_parent>57</wp:post_parent>
			<wp:menu_order>0</wp:menu_order>
			<wp:post_type>attachment</wp:post_type>
			<wp:post_password></wp:post_password>
			<wp:is_sticky>0</wp:is_sticky>
			<wp:attachment_url>http://dummy.xtemos.com/woodmart-elementor/demos/wp-content/uploads/sites/2/2017/06/wood-gallery-placeholder-3.jpg</wp:attachment_url>
			<wp:postmeta>
				<wp:meta_key>_wp_attached_file</wp:meta_key>
				<wp:meta_value>
					<![CDATA[2017/06/wood-gallery-placeholder-3.jpg]]>
				</wp:meta_value>
			</wp:postmeta>
		</item>
		<item>
			<title>
				wood-gallery-placeholder-4		</title>
			<link>http://dummy.xtemos.com/woodmart-elementor/demos/home-base/wood-gallery-placeholder-4/</link>
			<pubDate>Wed, 14 Jun 2017 11:33:30 +0000</pubDate>
			<dc:creator>
				<![CDATA[admin]]>
			</dc:creator>
			<guid isPermaLink="false">http://dummy.xtemos.com/woodmart-elementor/demos/wp-content/uploads/sites/2/2017/06/wood-gallery-placeholder-4.jpg</guid>
			<description></description>
			<content:encoded>
				<![CDATA[]]>
			</content:encoded>
			<excerpt:encoded>
				<![CDATA[]]>
			</excerpt:encoded>
			<wp:post_id>81</wp:post_id>
			<wp:post_date>2017-06-14 11:33:30</wp:post_date>
			<wp:post_date_gmt>2017-06-14 11:33:30</wp:post_date_gmt>
			<wp:comment_status>open</wp:comment_status>
			<wp:ping_status>closed</wp:ping_status>
			<wp:post_name>wood-gallery-placeholder-4</wp:post_name>
			<wp:status>inherit</wp:status>
			<wp:post_parent>57</wp:post_parent>
			<wp:menu_order>0</wp:menu_order>
			<wp:post_type>attachment</wp:post_type>
			<wp:post_password></wp:post_password>
			<wp:is_sticky>0</wp:is_sticky>
			<wp:attachment_url>http://dummy.xtemos.com/woodmart-elementor/demos/wp-content/uploads/sites/2/2017/06/wood-gallery-placeholder-4.jpg</wp:attachment_url>
			<wp:postmeta>
				<wp:meta_key>_wp_attached_file</wp:meta_key>
				<wp:meta_value>
					<![CDATA[2017/06/wood-gallery-placeholder-4.jpg]]>
				</wp:meta_value>
			</wp:postmeta>
		</item>
		<item>
			<title>
				wood-portfolio-placeholder		</title>
			<link>http://dummy.xtemos.com/woodmart-elementor/demos/wood-portfolio-placeholder/</link>
			<pubDate>Wed, 14 Jun 2017 14:02:43 +0000</pubDate>
			<dc:creator>
				<![CDATA[admin]]>
			</dc:creator>
			<guid isPermaLink="false">http://dummy.xtemos.com/woodmart-elementor/demos/wp-content/uploads/sites/2/2017/06/wood-portfolio-placeholder.jpg</guid>
			<description></description>
			<content:encoded>
				<![CDATA[]]>
			</content:encoded>
			<excerpt:encoded>
				<![CDATA[]]>
			</excerpt:encoded>
			<wp:post_id>117</wp:post_id>
			<wp:post_date>2017-06-14 14:02:43</wp:post_date>
			<wp:post_date_gmt>2017-06-14 14:02:43</wp:post_date_gmt>
			<wp:comment_status>open</wp:comment_status>
			<wp:ping_status>closed</wp:ping_status>
			<wp:post_name>wood-portfolio-placeholder</wp:post_name>
			<wp:status>inherit</wp:status>
			<wp:post_parent>0</wp:post_parent>
			<wp:menu_order>0</wp:menu_order>
			<wp:post_type>attachment</wp:post_type>
			<wp:post_password></wp:post_password>
			<wp:is_sticky>0</wp:is_sticky>
			<wp:attachment_url>http://dummy.xtemos.com/woodmart-elementor/demos/wp-content/uploads/sites/2/2017/06/wood-portfolio-placeholder.jpg</wp:attachment_url>
			<wp:postmeta>
				<wp:meta_key>_wp_attached_file</wp:meta_key>
				<wp:meta_value>
					<![CDATA[2017/06/wood-portfolio-placeholder.jpg]]>
				</wp:meta_value>
			</wp:postmeta>
		</item>
<item>
		<title>
				Home Digitals		</title>
		<link>http://dummy.xtemos.com/woodmart-elementor/demos/demo-digitals/</link>
		<pubDate>Mon, 06 Nov 2017 11:03:37 +0000</pubDate>
		<dc:creator><![CDATA[erwin]]></dc:creator>
		<guid isPermaLink="false">http://dummy.xtemos.com/woodmart-elementor/demos/?page_id=1104</guid>
		<description></description>
		<content:encoded><![CDATA[ 						

		
							
						
													
				
					16				
					Jun				
				
							Furniture
							
					New home dec]]></content:encoded>
		<excerpt:encoded><![CDATA[]]></excerpt:encoded>
		<wp:post_id>1104</wp:post_id>
		<wp:post_date>2017-11-06 11:03:37</wp:post_date>
		<wp:post_date_gmt>2017-11-06 11:03:37</wp:post_date_gmt>
		<wp:comment_status>closed</wp:comment_status>
		<wp:ping_status>closed</wp:ping_status>
		<wp:post_name>demo-digitals</wp:post_name>
		<wp:status>publish</wp:status>
		<wp:post_parent>0</wp:post_parent>
		<wp:menu_order>0</wp:menu_order>
		<wp:post_type>page</wp:post_type>
		<wp:post_password></wp:post_password>
		<wp:is_sticky>0</wp:is_sticky>
														<wp:postmeta>
			<wp:meta_key>_wp_page_template</wp:meta_key>
			<wp:meta_value><![CDATA[default]]></wp:meta_value>
		</wp:postmeta>
							<wp:postmeta>
			<wp:meta_key>_woodmart_header_color_scheme</wp:meta_key>
			<wp:meta_value><![CDATA[inherit]]></wp:meta_value>
		</wp:postmeta>
							<wp:postmeta>
			<wp:meta_key>_oembed_71ae0db7f6e61ffd19b757ea6a0c207c</wp:meta_key>
			<wp:meta_value><![CDATA[<iframe src="https://player.vimeo.com/video/51589652" width="500" height="281" frameborder="0" title="Timelapse - Lighthouse (Oct 2012)" webkitallowfullscreen mozallowfullscreen allowfullscreen></iframe>]]></wp:meta_value>
		</wp:postmeta>
							<wp:postmeta>
			<wp:meta_key>_oembed_time_71ae0db7f6e61ffd19b757ea6a0c207c</wp:meta_key>
			<wp:meta_value><![CDATA[1509966244]]></wp:meta_value>
		</wp:postmeta>
							<wp:postmeta>
			<wp:meta_key>_woodmart_main_layout</wp:meta_key>
			<wp:meta_value><![CDATA[full-width]]></wp:meta_value>
		</wp:postmeta>
							<wp:postmeta>
			<wp:meta_key>_woodmart_title_off</wp:meta_key>
			<wp:meta_value><![CDATA[on]]></wp:meta_value>
		</wp:postmeta>
							<wp:postmeta>
			<wp:meta_key>_woodmart_prefooter_off</wp:meta_key>
			<wp:meta_value><![CDATA[on]]></wp:meta_value>
		</wp:postmeta>
							<wp:postmeta>
			<wp:meta_key>_elementor_data</wp:meta_key>
			<wp:meta_value><![CDATA[[{"id":"1693422","elType":"section","settings":{"wd_section_stretch":"stretch-content","gap":"no","margin":{"unit":"px","top":"-40","right":"0","bottom":"0","left":"0","isLinked":""},"padding":{"unit":"px","top":"0","right":"0","bottom":"0","left":"0","isLinked":"1"}},"elements":[{"id":"3113584","elType":"column","settings":{"_column_size":"100","column_sticky_offset":"50","scroll_y":"-80"},"elements":[{"id":"8559169","elType":"widget","settings":{"shortcode":"[rev_slider alias=\"slider-digital\"][\/rev_slider]","revslidertitle":"slider-digital","scroll_y":"-80"},"elements":[],"widgetType":"slider_revolution"}],"isInner":""}],"isInner":""},{"id":"9098167","elType":"section","settings":{"wd_section_stretch":"stretch","woodmart_disable_overflow":"1","background_background":"classic","background_image":{"url":"http:\/\/dummy.xtemos.com\/woodmart-elementor\/demos\/wp-content\/uploads\/sites\/2\/2017\/11\/digita-app-row-bg.jpg?id=1115","id":""},"background_size":"cover","background_repeat":"no-repeat","structure":"30","padding":{"unit":"px","top":"75","right":"15","bottom":"75","left":"15","isLinked":""},"padding_mobile":{"unit":"px","top":"40","right":"15","bottom":"40","left":"15","isLinked":""}},"elements":[{"id":"53e6f58","elType":"column","settings":{"_column_size":"33","_inline_size":"25","column_sticky_offset":"50","scroll_y":"-80","hide_tablet":"hidden-tablet","hide_mobile":"hidden-phone"},"elements":[],"isInner":""},{"id":"793444","elType":"column","settings":{"_column_size":"33","_inline_size":"49.332","wd_color_scheme":"light","_inline_size_tablet":"100","column_sticky_offset":"50","scroll_y":"-80"},"elements":[{"id":"7a8a23f","elType":"widget","settings":{"subtitle":"VERSIONS HAVE EVOLVED OVER THE YEARS","title":"Find the perfect design","after_title":"<p>Looked up one of the more obscure latin words, consectetur, from a lorem ipsum passage, and going through the cites of the word in classical literature.<\/p>","width_tablet":{"unit":"%","size":"60","sizes":[]},"width_mobile":{"unit":"%","size":"100","sizes":[]},"size":"large","subtitle_typography_typography":"custom","subtitle_typography_font_size":{"unit":"px","size":"18","sizes":[]},"subtitle_typography_font_size_tablet":{"unit":"px","size":"14","sizes":[]},"subtitle_typography_font_size_mobile":{"unit":"px","size":"12","sizes":[]},"subtitle_typography_font_weight":"300","subtitle_typography_line_height":{"unit":"px","size":"","sizes":[]},"title_typography_typography":"custom","title_typography_font_size_tablet":{"unit":"px","size":"28","sizes":[]},"title_typography_font_size_mobile":{"unit":"px","size":"24","sizes":[]},"text_typography_typography":"custom","text_typography_font_size_mobile":{"unit":"px","size":"12","sizes":[]},"scroll_y":"-80"},"elements":[],"widgetType":"wd_title"},{"id":"16d2271","elType":"widget","settings":{"scroll_y":"-80","woodmart_color_scheme":"light"},"elements":[],"widgetType":"wd_search"}],"isInner":""},{"id":"2722324","elType":"column","settings":{"_column_size":"33","_inline_size":"25","column_sticky_offset":"50","scroll_y":"-80","hide_tablet":"hidden-tablet","hide_mobile":"hidden-phone"},"elements":[],"isInner":""}],"isInner":""},{"id":"7952472","elType":"section","settings":{"woodmart_disable_overflow":"1","structure":"40","padding":{"unit":"px","top":"75","right":"0","bottom":"75","left":"0","isLinked":""},"padding_mobile":{"unit":"px","top":"50","right":"0","bottom":"50","left":"0","isLinked":""}},"elements":[{"id":"1364277","elType":"column","settings":{"_column_size":"25","border_width":{"top":"0","left":"0","right":"1","bottom":"0","unit":"px","isLinked":""},"border_border":"solid","border_color":"#eaeaea","_inline_size_tablet":"25","_inline_size_mobile":"50","column_sticky_offset":"50","scroll_y":"-80"},"elements":[{"id":"5600415","elType":"widget","settings":{"icon_type":"icon","btn_text":"","image_size":"custom","subtitle":"","title":"PHOTOS","btn_position":"hover","image":{"id":"1119","url":"#"},"image_custom_dimension":{"width":"70","height":"70"},"content":"4000+ items","icon_text":"53","scroll_y":"-80"},"elements":[],"widgetType":"wd_infobox"}],"isInner":""},{"id":"3229869","elType":"column","settings":{"_column_size":"25","border_width":{"top":"0","left":"0","right":"1","bottom":"0","unit":"px","isLinked":""},"border_border":"solid","border_color":"#eaeaea","_inline_size_tablet":"25","_inline_size_mobile":"50","column_sticky_offset":"50","scroll_y":"-80"},"elements":[{"id":"1917174","elType":"widget","settings":{"icon_type":"icon","btn_text":"","image_size":"custom","subtitle":"","title":"AUDIO","btn_position":"hover","image":{"id":"1119","url":"#"},"image_custom_dimension":{"width":"70","height":"70"},"content":"1000+ items","icon_text":"53","scroll_y":"-80"},"elements":[],"widgetType":"wd_infobox"}],"isInner":""},{"id":"7556964","elType":"column","settings":{"_column_size":"25","border_width":{"top":"0","left":"0","right":"1","bottom":"0","unit":"px","isLinked":""},"border_border":"solid","border_color":"#eaeaea","_inline_size_tablet":"25","_inline_size_mobile":"50","column_sticky_offset":"50","scroll_y":"-80"},"elements":[{"id":"2734172","elType":"widget","settings":{"icon_type":"icon","btn_text":"","image_size":"custom","subtitle":"","title":"GRAPHICS","btn_position":"hover","image":{"id":"1119","url":"#"},"image_custom_dimension":{"width":"70","height":"70"},"content":"5000+ items","icon_text":"53","scroll_y":"-80"},"elements":[],"widgetType":"wd_infobox"}],"isInner":""},{"id":"5526517","elType":"column","settings":{"_column_size":"25","_inline_size_tablet":"25","_inline_size_mobile":"50","column_sticky_offset":"50","scroll_y":"-80"},"elements":[{"id":"8740539","elType":"widget","settings":{"icon_type":"icon","btn_text":"","image_size":"custom","subtitle":"","title":"THEMES","btn_position":"hover","image":{"id":"1119","url":"#"},"image_custom_dimension":{"width":"70","height":"70"},"content":"2000+ items","icon_text":"53","scroll_y":"-80"},"elements":[],"widgetType":"wd_infobox"}],"isInner":""}],"isInner":""},{"id":"6729869","elType":"section","settings":{"wd_section_stretch":"stretch","background_background":"classic","background_color":"#fafafa","padding":{"unit":"px","top":"75","right":"15","bottom":"75","left":"15","isLinked":""},"padding_mobile":{"unit":"px","top":"50","right":"15","bottom":"70","left":"15","isLinked":""}},"elements":[{"id":"9896248","elType":"column","settings":{"_column_size":"100","column_sticky_offset":"50","scroll_y":"-80"},"elements":[{"id":"e8b4740","elType":"widget","settings":{"subtitle":"VERSIONS HAVE EVOLVED OVER THE YEARS","title":"Top trending design items","after_title":"<p>Looked up one of the more obscure latin words, consectetur, from a lorem ipsum passage, and going through the cites of the word in classical literature.<\/p>","width":{"unit":"%","size":"52","sizes":[]},"width_tablet":{"unit":"%","size":"60","sizes":[]},"width_mobile":{"unit":"%","size":"100","sizes":[]},"size":"large","subtitle_color":"#777777","subtitle_typography_typography":"custom","subtitle_typography_font_size":{"unit":"px","size":"18","sizes":[]},"subtitle_typography_font_size_tablet":{"unit":"px","size":"14","sizes":[]},"subtitle_typography_font_size_mobile":{"unit":"px","size":"12","sizes":[]},"subtitle_typography_font_weight":"300","subtitle_typography_line_height":{"unit":"px","size":"","sizes":[]},"title_typography_typography":"custom","title_typography_font_size_tablet":{"unit":"px","size":"28","sizes":[]},"title_typography_font_size_mobile":{"unit":"px","size":"24","sizes":[]},"text_typography_typography":"custom","text_typography_font_size_mobile":{"unit":"px","size":"12","sizes":[]},"scroll_y":"-80"},"elements":[],"widgetType":"wd_title"},{"id":"691371","elType":"widget","settings":{"title":"","color":"#4876ca","tabs_items":[{"_id":"8542203","image_size":"custom","title":"ALL","items_per_page":"8","product_hover":"tiled","columns":{"size":"4","unit":"px","sizes":[]},"orderby":"date","post_type":"product","include":"","taxonomies":"","offset":"","query_type":"OR","order":"","meta_key":"","exclude":"","image":{"url":"","id":""},"image_custom_dimension":{"width":"","height":""}},{"_id":"2686842","image_size":"custom","title":"PHOTO","items_per_page":"8","product_hover":"tiled","columns":{"size":"4","unit":"px","sizes":[]},"orderby":"rand","post_type":"product","include":"","taxonomies":"","offset":"","query_type":"OR","order":"","meta_key":"","exclude":"","image":{"url":"","id":""},"image_custom_dimension":{"width":"","height":""}},{"_id":"1502599","image_size":"custom","title":"AUDIO","items_per_page":"8","product_hover":"tiled","columns":{"size":"4","unit":"px","sizes":[]},"orderby":"rand","post_type":"product","include":"","taxonomies":"","offset":"","query_type":"OR","order":"","meta_key":"","exclude":"","image":{"url":"","id":""},"image_custom_dimension":{"width":"","height":""}},{"_id":"3905596","image_size":"custom","title":"GRAPHICS","items_per_page":"8","product_hover":"tiled","columns":{"size":"4","unit":"px","sizes":[]},"orderby":"rand","post_type":"product","include":"","taxonomies":"","offset":"","query_type":"OR","order":"","meta_key":"","exclude":"","image":{"url":"","id":""},"image_custom_dimension":{"width":"","height":""}},{"_id":"7742746","image_size":"custom","title":"THEMES","items_per_page":"8","product_hover":"tiled","columns":{"size":"4","unit":"px","sizes":[]},"orderby":"rand","post_type":"product","include":"","taxonomies":"","offset":"","query_type":"OR","order":"","meta_key":"","exclude":"","image":{"url":"","id":""},"image_custom_dimension":{"width":"","height":""}}],"scroll_y":"-80","items_per_page":"8","product_hover":"tiled"},"elements":[],"widgetType":"wd_products_tabs"}],"isInner":""}],"isInner":""},{"id":"2604968","elType":"section","settings":{"wd_section_stretch":"stretch","content_position":"middle","background_background":"classic","background_image":{"url":"http:\/\/dummy.xtemos.com\/woodmart-elementor\/demos\/wp-content\/uploads\/sites\/2\/2017\/11\/digital-fullwidth-bg.jpg?id=1116","id":""},"background_size":"cover","background_repeat":"no-repeat","structure":"20","gap":"extended","background_position":"center center","padding":{"unit":"px","top":"75","right":"15","bottom":"75","left":"15","isLinked":""},"padding_mobile":{"unit":"px","top":"50","right":"15","bottom":"40","left":"15","isLinked":""}},"elements":[{"id":"6140838","elType":"column","settings":{"_column_size":"50","_inline_size_tablet":"100","margin_tablet":{"unit":"px","top":"0","right":"0","bottom":"40","left":"0","isLinked":""},"column_sticky_offset":"50","scroll_y":"-80"},"elements":[{"id":"7573733","elType":"widget","settings":{"ids_size":"full","ids":[{"id":"117","url":""},{"id":"81","url":""},{"id":"80","url":""},{"id":"78","url":""}],"view":"masonry","spacing":"6","columns":{"size":"2","unit":"px","sizes":[]},"caption":"","ids_custom_dimension":[],"scroll_y":"-80"},"elements":[],"widgetType":"wd_images_gallery"}],"isInner":""},{"id":"672524","elType":"column","settings":{"_column_size":"50","wd_color_scheme":"light","_inline_size_tablet":"100","column_sticky_offset":"50","scroll_y":"-80"},"elements":[{"id":"48cc1da","elType":"widget","settings":{"subtitle":"VERSIONS HAVE EVOLVED OVER THE YEARS","title":"Best mockup design tools &amp; apps prototyping for UI\/UX designers","after_title":"Richard McClintock, a latin professor at Hampden-Sydney College in Virginia, looked up one of the more obscure latin words, consectetur, from a lorem ipsum passage, and going through the cites of the word in classical literature.","align":"left","size":"large","subtitle_typography_typography":"custom","subtitle_typography_font_size":{"unit":"px","size":"18","sizes":[]},"subtitle_typography_font_size_tablet":{"unit":"px","size":"14","sizes":[]},"subtitle_typography_font_size_mobile":{"unit":"px","size":"12","sizes":[]},"subtitle_typography_font_weight":"300","subtitle_typography_line_height":{"unit":"px","size":"","sizes":[]},"title_typography_typography":"custom","title_typography_font_size_tablet":{"unit":"px","size":"28","sizes":[]},"title_typography_font_size_mobile":{"unit":"px","size":"24","sizes":[]},"text_typography_typography":"custom","text_typography_font_size_mobile":{"unit":"px","size":"12","sizes":[]},"scroll_y":"-80"},"elements":[],"widgetType":"wd_title"},{"id":"3282430","elType":"section","settings":{"structure":"40","margin":{"unit":"px","top":"0","right":"0","bottom":"15","left":"0","isLinked":""}},"elements":[{"id":"3428247","elType":"column","settings":{"_column_size":"25","column_sticky_offset":"50","scroll_y":"-80"},"elements":[{"id":"868ac32","elType":"widget","settings":{"icon_text":"","subtitle":"","title":"DATE:","content":"<p><em>25 May, 2017<\/em><\/p>","btn_text":"","link":{"url":"","is_external":"","nofollow":"","custom_attributes":""},"woodmart_color_scheme":"light","alignment":"left","title_style":"underlined","title_color":"rgba(255, 255, 255, 0.8)","title_typography_typography":"custom","title_typography_font_size":{"unit":"px","size":"14","sizes":[]},"custom_text_color":"rgba(255, 255, 255, 0.7)","scroll_y":"-80"},"elements":[],"widgetType":"wd_infobox"}],"isInner":"1"},{"id":"1871789","elType":"column","settings":{"_column_size":"25","column_sticky_offset":"50","scroll_y":"-80"},"elements":[{"id":"16da3b2","elType":"widget","settings":{"icon_text":"","subtitle":"","title":"FILE SIZE:","content":"<p><em>10.52 MB<\/em><\/p>","btn_text":"","link":{"url":"","is_external":"","nofollow":"","custom_attributes":""},"woodmart_color_scheme":"light","alignment":"left","title_style":"underlined","title_color":"rgba(255, 255, 255, 0.8)","title_typography_typography":"custom","title_typography_font_size":{"unit":"px","size":"14","sizes":[]},"custom_text_color":"rgba(255, 255, 255, 0.7)","scroll_y":"-80"},"elements":[],"widgetType":"wd_infobox"}],"isInner":""},{"id":"3211760","elType":"column","settings":{"_column_size":"25","column_sticky_offset":"50","scroll_y":"-80"},"elements":[{"id":"70b3889","elType":"widget","settings":{"icon_text":"","subtitle":"","title":"REQUIREMENTS:","content":"<p><em>Adobe CC+<\/em><\/p>","btn_text":"","link":{"url":"","is_external":"","nofollow":"","custom_attributes":""},"woodmart_color_scheme":"light","alignment":"left","title_style":"underlined","title_color":"rgba(255, 255, 255, 0.8)","title_typography_typography":"custom","title_typography_font_size":{"unit":"px","size":"14","sizes":[]},"custom_text_color":"rgba(255, 255, 255, 0.7)","scroll_y":"-80"},"elements":[],"widgetType":"wd_infobox"}],"isInner":""},{"id":"6808655","elType":"column","settings":{"_column_size":"25","column_sticky_offset":"50","scroll_y":"-80"},"elements":[],"isInner":""}],"isInner":"1"},{"id":"7586583","elType":"widget","settings":{"color":"primary","_element_width":"auto","text":"SHOP NOW","_margin":{"unit":"px","top":"0","right":"15","bottom":"0","left":"0","isLinked":""},"_margin_mobile":{"unit":"px","top":"0","right":"15","bottom":"10","left":"0","isLinked":""},"scroll_y":"-80","align":"left"},"elements":[],"widgetType":"wd_button"},{"id":"8928303","elType":"widget","settings":{"color":"white","style":"bordered","_element_width":"auto","text":"VIEW MORE","scroll_y":"-80","align":"left"},"elements":[],"widgetType":"wd_button"}],"isInner":""}],"isInner":""},{"id":"8962975","elType":"section","settings":{"wd_section_stretch":"stretch","background_background":"classic","background_color":"#fafafa","padding":{"unit":"px","top":"70","right":"15","bottom":"70","left":"15","isLinked":""},"padding_mobile":{"unit":"px","top":"45","right":"15","bottom":"45","left":"15","isLinked":""}},"elements":[{"id":"27269","elType":"column","settings":{"_column_size":"100","column_sticky_offset":"50","scroll_y":"-80"},"elements":[{"id":"11393cb","elType":"widget","settings":{"subtitle":"VERSIONS HAVE EVOLVED OVER THE YEARS","title":"Featured graphic products","after_title":"<p>Looked up one of the more obscure latin words, consectetur, from a lorem ipsum passage, and going through the cites of the word in classical literature.<\/p>","width":{"unit":"%","size":"52","sizes":[]},"width_tablet":{"unit":"%","size":"60","sizes":[]},"width_mobile":{"unit":"%","size":"100","sizes":[]},"size":"large","subtitle_color":"#777777","subtitle_typography_typography":"custom","subtitle_typography_font_size":{"unit":"px","size":"18","sizes":[]},"subtitle_typography_font_size_tablet":{"unit":"px","size":"14","sizes":[]},"subtitle_typography_font_size_mobile":{"unit":"px","size":"12","sizes":[]},"subtitle_typography_font_weight":"300","subtitle_typography_line_height":{"unit":"px","size":"","sizes":[]},"title_typography_typography":"custom","title_typography_font_size_tablet":{"unit":"px","size":"28","sizes":[]},"title_typography_font_size_mobile":{"unit":"px","size":"24","sizes":[]},"text_typography_typography":"custom","text_typography_font_size_mobile":{"unit":"px","size":"12","sizes":[]},"scroll_y":"-80"},"elements":[],"widgetType":"wd_title"},{"id":"282626","elType":"widget","settings":{"title":"","layout":"carousel","items_per_page":"5","slides_per_view":{"size":"4","unit":"px","sizes":[]},"hide_pagination_control":"yes","scroll_y":"-80"},"elements":[],"widgetType":"wd_products"}],"isInner":""}],"isInner":""},{"id":"586055","elType":"section","settings":{"wd_section_stretch":"stretch","content_position":"middle","background_background":"classic","background_image":{"url":"http:\/\/dummy.xtemos.com\/woodmart-elementor\/demos\/wp-content\/uploads\/sites\/2\/2017\/11\/digita-app-row-bg.jpg?id=1115","id":""},"background_size":"cover","background_repeat":"no-repeat","structure":"20","background_position":"center center","padding":{"unit":"px","top":"30","right":"15","bottom":"40","left":"15","isLinked":""},"padding_tablet":{"unit":"px","top":"50","right":"15","bottom":"50","left":"15","isLinked":""}},"elements":[{"id":"919014","elType":"column","settings":{"_column_size":"50","column_sticky_offset":"50","scroll_y":"-80"},"elements":[{"id":"857602","elType":"widget","settings":{"align":"center","image_size":"full","image":{"id":"1117","url":"#"},"image_custom_dimension":[],"_margin":{"unit":"px","top":"0","right":"0","bottom":"-120","left":"0","isLinked":""},"_margin_tablet":{"unit":"px","top":"0","right":"0","bottom":"0","left":"0","isLinked":"1"},"scroll_y":"-80"},"elements":[],"widgetType":"image"}],"isInner":""},{"id":"2435299","elType":"column","settings":{"_column_size":"50","wd_color_scheme":"light","column_sticky_offset":"50","scroll_y":"-80"},"elements":[{"id":"331ee83","elType":"widget","settings":{"subtitle":"VERSIONS HAVE EVOLVED OVER THE YEARS","title":"The most promising mobile app design trends expected in 2018","after_title":"Richard McClintock, a latin professor at Hampden-Sydney College in Virginia, looked up one of the more obscure latin words, consectetur, from a lorem ipsum passage, and going through the cites of the word in classical literature.","align":"left","size":"large","subtitle_typography_typography":"custom","subtitle_typography_font_size":{"unit":"px","size":"18","sizes":[]},"subtitle_typography_font_size_tablet":{"unit":"px","size":"14","sizes":[]},"subtitle_typography_font_size_mobile":{"unit":"px","size":"12","sizes":[]},"subtitle_typography_font_weight":"300","subtitle_typography_line_height":{"unit":"px","size":"","sizes":[]},"title_typography_typography":"custom","title_typography_font_size_tablet":{"unit":"px","size":"28","sizes":[]},"title_typography_font_size_mobile":{"unit":"px","size":"24","sizes":[]},"text_typography_typography":"custom","text_typography_font_size_mobile":{"unit":"px","size":"12","sizes":[]},"scroll_y":"-80"},"elements":[],"widgetType":"wd_title"},{"id":"7717363","elType":"widget","settings":{"ids_size":"full","ids":[{"id":"1126","url":""}],"spacing":"10","columns":{"size":"4","unit":"px","sizes":[]},"on_click":"links","target_blank":"","caption":"","ids_custom_dimension":[],"scroll_y":"-80","horizontal_align":"left"},"elements":[],"widgetType":"wd_images_gallery"}],"isInner":""}],"isInner":""},{"id":"8373570","elType":"section","settings":{"wd_section_stretch":"stretch","content_position":"middle","row_reverse_mobile":"1","background_background":"classic","background_color":"#fafafa","structure":"20","padding":{"unit":"px","top":"75","right":"15","bottom":"75","left":"15","isLinked":""},"padding_mobile":{"unit":"px","top":"45","right":"15","bottom":"45","left":"15","isLinked":""}},"elements":[{"id":"4056215","elType":"column","settings":{"_column_size":"50","woodmart_text_align":"center","_inline_size_tablet":"100","align":"center","margin_tablet":{"unit":"px","top":"0","right":"0","bottom":"40","left":"0","isLinked":""},"column_sticky_offset":"50","scroll_y":"-80"},"elements":[{"id":"2f6e428","elType":"widget","settings":{"subtitle":"VERSIONS HAVE EVOLVED OVER THE YEARS","title":"How projects are created","after_title":"<p>Looked up one of the more obscure latin words, consectetur, from a lorem ipsum passage, and going through the cites of the word in classical literature.<\/p>","size":"large","subtitle_color":"#777777","subtitle_typography_typography":"custom","subtitle_typography_font_size":{"unit":"px","size":"18","sizes":[]},"subtitle_typography_font_size_tablet":{"unit":"px","size":"14","sizes":[]},"subtitle_typography_font_size_mobile":{"unit":"px","size":"12","sizes":[]},"subtitle_typography_font_weight":"300","subtitle_typography_line_height":{"unit":"px","size":"","sizes":[]},"title_typography_typography":"custom","title_typography_font_size_tablet":{"unit":"px","size":"28","sizes":[]},"title_typography_font_size_mobile":{"unit":"px","size":"24","sizes":[]},"text_typography_typography":"custom","text_typography_font_size_mobile":{"unit":"px","size":"12","sizes":[]},"scroll_y":"-80"},"elements":[],"widgetType":"wd_title"},{"id":"3953261","elType":"section","settings":{"structure":"30","margin":{"unit":"px","top":"0","right":"0","bottom":"10","left":"0","isLinked":""}},"elements":[{"id":"864751","elType":"column","settings":{"_column_size":"33","column_sticky_offset":"50","scroll_y":"-80","margin_mobile":{"unit":"px","top":"0","right":"0","bottom":"20","left":"0","isLinked":""},"padding":{"unit":"%","top":"0","right":"10","bottom":"0","left":"10","isLinked":""}},"elements":[{"id":"8557072","elType":"widget","settings":{"icon_type":"icon","btn_text":"","image_size":"custom","subtitle":"","title":"1. Idea","image":{"id":"1119","url":"#"},"btn_color":"primary","btn_style":"link","image_custom_dimension":{"width":"60","height":"60"},"content":"Arcu enim mi curae facilisis interdum","icon_text":"53","scroll_y":"-80"},"elements":[],"widgetType":"wd_infobox"}],"isInner":"1"},{"id":"2933193","elType":"column","settings":{"_column_size":"33","column_sticky_offset":"50","scroll_y":"-80","margin_mobile":{"unit":"px","top":"0","right":"0","bottom":"20","left":"0","isLinked":""},"padding":{"unit":"%","top":"0","right":"10","bottom":"0","left":"10","isLinked":""}},"elements":[{"id":"1721631","elType":"widget","settings":{"icon_type":"icon","btn_text":"","image_size":"custom","subtitle":"","title":"2. Sketch","image":{"id":"1119","url":"#"},"btn_color":"primary","btn_style":"link","image_custom_dimension":{"width":"60","height":"60"},"content":"Arcu enim mi curae facilisis interdum","icon_text":"53","scroll_y":"-80"},"elements":[],"widgetType":"wd_infobox"}],"isInner":""},{"id":"6582293","elType":"column","settings":{"_column_size":"33","column_sticky_offset":"50","scroll_y":"-80","margin_mobile":{"unit":"px","top":"0","right":"0","bottom":"10","left":"0","isLinked":""},"padding":{"unit":"%","top":"0","right":"10","bottom":"0","left":"10","isLinked":""}},"elements":[{"id":"3948583","elType":"widget","settings":{"icon_type":"icon","btn_text":"","image_size":"custom","subtitle":"","title":"3. Done work","image":{"id":"1119","url":"#"},"btn_color":"primary","btn_style":"link","image_custom_dimension":{"width":"60","height":"60"},"content":"Arcu enim mi curae facilisis interdum","icon_text":"53","scroll_y":"-80"},"elements":[],"widgetType":"wd_infobox"}],"isInner":""}],"isInner":"1"},{"id":"295579","elType":"widget","settings":{"color":"primary","_element_width":"auto","text":"OPEN SHOP","_margin":{"unit":"px","top":"0","right":"15","bottom":"0","left":"0","isLinked":""},"scroll_y":"-80"},"elements":[],"widgetType":"wd_button"},{"id":"9057043","elType":"widget","settings":{"style":"bordered","_element_width":"auto","text":"VIEW MORE","scroll_y":"-80"},"elements":[],"widgetType":"wd_button"}],"isInner":""},{"id":"4653548","elType":"column","settings":{"_column_size":"50","background_background":"classic","background_image":{"url":"http:\/\/dummy.xtemos.com\/woodmart-elementor\/demos\/wp-content\/uploads\/sites\/2\/2017\/11\/video-bg-vector.png?id=1122","id":""},"background_size":"contain","background_repeat":"no-repeat","_inline_size_tablet":"100","background_position":"center center","column_sticky_offset":"50","scroll_y":"-80"},"elements":[{"id":"6150546","elType":"section","settings":{"content_position":"middle","padding":{"unit":"%","top":"0","right":"8","bottom":"0","left":"8","isLinked":""},"padding_tablet":{"unit":"px","top":"0","right":"0","bottom":"0","left":"0","isLinked":"1"},"padding_mobile":{"unit":"px","top":"0","right":"0","bottom":"0","left":"0","isLinked":"1"}},"elements":[{"id":"4075796","elType":"column","settings":{"_column_size":"100","_inline_size_tablet":"100","column_sticky_offset":"50","scroll_y":"-80"},"elements":[{"id":"3412393","elType":"widget","settings":{"video_type":"vimeo","align":"center","show_image_overlay":"yes","image_overlay":{"id":"117","url":"#"},"img_size":"full","youtube_url":"https:\/\/www.youtube.com\/watch?v=XHOmBV4js_E","vimeo_url":"https:\/\/vimeo.com\/235215203","dailymotion_url":"https:\/\/www.dailymotion.com\/video\/x6tqhqb","scroll_y":"-80","wd_theme_style":"theme-style"},"elements":[],"widgetType":"video"}],"isInner":""}],"isInner":"1"}],"isInner":""}],"isInner":""},{"id":"3272569","elType":"section","settings":{"wd_section_stretch":"stretch","content_position":"middle","background_background":"classic","background_image":{"url":"http:\/\/dummy.xtemos.com\/woodmart-elementor\/demos\/wp-content\/uploads\/sites\/2\/2017\/11\/digitals-newslatter-bg.jpg?id=1114","id":""},"background_size":"cover","background_repeat":"no-repeat","structure":"20","overflow":"hidden","background_position":"center center","border_width":{"unit":"px","top":"10","right":"10","bottom":"10","left":"0","isLinked":""},"padding_tablet":{"unit":"px","top":"70","right":"0","bottom":"80","left":"0","isLinked":""},"padding_mobile":{"unit":"px","top":"50","right":"15","bottom":"50","left":"15","isLinked":""}},"elements":[{"id":"9154169","elType":"column","settings":{"_column_size":"50","_inline_size_tablet":"100","margin_tablet":{"unit":"px","top":"0","right":"0","bottom":"60","left":"0","isLinked":""},"margin_mobile":{"unit":"px","top":"0","right":"0","bottom":"40","left":"0","isLinked":""},"column_sticky_offset":"50","scroll_y":"-80"},"elements":[{"id":"9600577","elType":"widget","settings":{"align":"center","image_size":"full","image":{"id":"1118","url":"#"},"image_custom_dimension":[],"_margin":{"unit":"px","top":"-40","right":"0","bottom":"-40","left":"0","isLinked":""},"_margin_tablet":{"unit":"px","top":"0","right":"0","bottom":"0","left":"0","isLinked":"1"},"scroll_y":"-80"},"elements":[],"widgetType":"image"}],"isInner":""},{"id":"8158774","elType":"column","settings":{"_column_size":"50","wd_color_scheme":"light","_inline_size_tablet":"100","padding":{"unit":"px","top":"40","right":"15","bottom":"40","left":"15","isLinked":""},"padding_tablet":{"unit":"px","top":"0","right":"15","bottom":"0","left":"15","isLinked":""},"column_sticky_offset":"50","scroll_y":"-80"},"elements":[{"id":"f3f46c7","elType":"widget","settings":{"subtitle":"VERSIONS HAVE EVOLVED OVER THE YEARS","title":"Join Woodmart newsletter","after_title":"Looked up one of the more obscure latin words, consectetur, from a lorem ipsum passage, and going through the cites of the word.","size":"large","subtitle_typography_typography":"custom","subtitle_typography_font_size":{"unit":"px","size":"18","sizes":[]},"subtitle_typography_font_size_tablet":{"unit":"px","size":"14","sizes":[]},"subtitle_typography_font_size_mobile":{"unit":"px","size":"12","sizes":[]},"subtitle_typography_font_weight":"300","subtitle_typography_line_height":{"unit":"px","size":"","sizes":[]},"title_typography_typography":"custom","title_typography_font_size_tablet":{"unit":"px","size":"28","sizes":[]},"title_typography_font_size_mobile":{"unit":"px","size":"24","sizes":[]},"text_typography_typography":"custom","text_typography_font_size_mobile":{"unit":"px","size":"12","sizes":[]},"scroll_y":"-80"},"elements":[],"widgetType":"wd_title"},{"id":"be0a3b6","elType":"widget","settings":{"form_id":"74","content_width":{"unit":"px","size":"400","sizes":[]},"scroll_y":"-80"},"elements":[],"widgetType":"wd_mailchimp"}],"isInner":""}],"isInner":""},{"id":"6172373","elType":"section","settings":{"wd_section_stretch":"stretch","background_background":"classic","background_color":"#fafafa","background_size":"cover","background_repeat":"no-repeat","margin":{"unit":"px","top":"0","right":"0","bottom":"-40","left":"0","isLinked":""},"padding":{"unit":"px","top":"75","right":"15","bottom":"75","left":"15","isLinked":""},"padding_tablet":{"unit":"px","top":"70","right":"15","bottom":"65","left":"15","isLinked":""},"padding_mobile":{"unit":"px","top":"45","right":"15","bottom":"45","left":"15","isLinked":""}},"elements":[{"id":"1447360","elType":"column","settings":{"_column_size":"100","column_sticky_offset":"50","scroll_y":"-80"},"elements":[{"id":"365d4af","elType":"widget","settings":{"subtitle":"VERSIONS HAVE EVOLVED OVER THE YEARS","title":"Latest creative blog posts","after_title":"<p>Looked up one of the more obscure latin words, consectetur, from a lorem ipsum passage, and going through the cites of the word in classical literature.<\/p>","width":{"unit":"%","size":"55","sizes":[]},"width_tablet":{"unit":"%","size":"60","sizes":[]},"width_mobile":{"unit":"%","size":"100","sizes":[]},"size":"large","subtitle_color":"#777777","subtitle_typography_typography":"custom","subtitle_typography_font_size":{"unit":"px","size":"18","sizes":[]},"subtitle_typography_font_size_tablet":{"unit":"px","size":"14","sizes":[]},"subtitle_typography_font_size_mobile":{"unit":"px","size":"12","sizes":[]},"subtitle_typography_font_weight":"300","subtitle_typography_line_height":{"unit":"px","size":"","sizes":[]},"title_typography_typography":"custom","title_typography_font_size_tablet":{"unit":"px","size":"28","sizes":[]},"title_typography_font_size_mobile":{"unit":"px","size":"24","sizes":[]},"text_typography_typography":"custom","text_typography_font_size_mobile":{"unit":"px","size":"12","sizes":[]},"_margin":{"unit":"px","top":"0","right":"0","bottom":"10","left":"0","isLinked":""},"scroll_y":"-80"},"elements":[],"widgetType":"wd_title"},{"id":"1387421","elType":"widget","settings":{"blog_spacing":"20","items_per_page":"4","blog_design":"carousel","slides_per_view":{"size":"3","unit":"px","sizes":[]},"hide_pagination_control":"yes","offset":"1","scroll_y":"-80"},"elements":[],"widgetType":"wd_blog"}],"isInner":""}],"isInner":""}]]]></wp:meta_value>
		</wp:postmeta>
							<wp:postmeta>
			<wp:meta_key>_elementor_edit_mode</wp:meta_key>
			<wp:meta_value><![CDATA[builder]]></wp:meta_value>
		</wp:postmeta>
							<wp:postmeta>
			<wp:meta_key>_elementor_version</wp:meta_key>
			<wp:meta_value><![CDATA[2.9.11]]></wp:meta_value>
		</wp:postmeta>
							<wp:postmeta>
			<wp:meta_key>_elementor_template_type</wp:meta_key>
			<wp:meta_value><![CDATA[wp-page]]></wp:meta_value>
		</wp:postmeta>
							<wp:postmeta>
			<wp:meta_key>_elementor_controls_usage</wp:meta_key>
			<wp:meta_value><![CDATA[a:14:{s:17:"slider_revolution";a:3:{s:5:"count";i:1;s:15:"control_percent";i:2;s:8:"controls";a:2:{s:7:"content";a:1:{s:15:"content_section";a:2:{s:9:"shortcode";i:1;s:14:"revslidertitle";i:1;}}s:8:"advanced";a:1:{s:8:"wd_extra";a:1:{s:8:"scroll_y";i:1;}}}}s:6:"column";a:3:{s:5:"count";i:27;s:15:"control_percent";i:1;s:8:"controls";a:3:{s:8:"advanced";a:3:{s:8:"wd_extra";a:2:{s:20:"column_sticky_offset";i:27;s:8:"scroll_y";i:27;}s:19:"_section_responsive";a:2:{s:11:"hide_tablet";i:2;s:11:"hide_mobile";i:2;}s:16:"section_advanced";a:4:{s:13:"margin_tablet";i:3;s:13:"margin_mobile";i:4;s:7:"padding";i:4;s:14:"padding_tablet";i:1;}}s:6:"layout";a:1:{s:6:"layout";a:4:{s:12:"_inline_size";i:3;s:19:"_inline_size_tablet";i:12;s:19:"_inline_size_mobile";i:4;s:5:"align";i:1;}}s:5:"style";a:3:{s:14:"wd_extra_style";a:1:{s:15:"wd_color_scheme";i:4;}s:14:"section_border";a:3:{s:12:"border_width";i:3;s:13:"border_border";i:3;s:12:"border_color";i:3;}s:13:"section_style";a:5:{s:21:"background_background";i:1;s:16:"background_image";i:1;s:15:"background_size";i:1;s:17:"background_repeat";i:1;s:19:"background_position";i:1;}}}}s:7:"section";a:3:{s:5:"count";i:13;s:15:"control_percent";i:3;s:8:"controls";a:3:{s:6:"layout";a:3:{s:15:"wd_extra_layout";a:1:{s:18:"wd_section_stretch";i:9;}s:14:"section_layout";a:3:{s:3:"gap";i:2;s:16:"content_position";i:5;s:8:"overflow";i:1;}s:17:"section_structure";a:1:{s:9:"structure";i:8;}}s:8:"advanced";a:1:{s:16:"section_advanced";a:4:{s:6:"margin";i:4;s:7:"padding";i:10;s:14:"padding_mobile";i:9;s:14:"padding_tablet";i:4;}}s:5:"style";a:2:{s:18:"section_background";a:6:{s:21:"background_background";i:8;s:16:"background_image";i:4;s:15:"background_size";i:5;s:17:"background_repeat";i:5;s:16:"background_color";i:4;s:19:"background_position";i:3;}s:14:"section_border";a:1:{s:12:"border_width";i:1;}}}}s:8:"wd_title";a:3:{s:5:"count";i:8;s:15:"control_percent";i:7;s:8:"controls";a:3:{s:7:"content";a:1:{s:23:"general_content_section";a:3:{s:8:"subtitle";i:8;s:5:"title";i:8;s:11:"after_title";i:8;}}s:5:"style";a:4:{s:21:"general_style_section";a:5:{s:12:"width_tablet";i:4;s:12:"width_mobile";i:4;s:4:"size";i:8;s:5:"width";i:3;s:5:"align";i:2;}s:22:"subtitle_style_section";a:7:{s:30:"subtitle_typography_typography";i:8;s:29:"subtitle_typography_font_size";i:8;s:36:"subtitle_typography_font_size_tablet";i:8;s:36:"subtitle_typography_font_size_mobile";i:8;s:31:"subtitle_typography_font_weight";i:8;s:31:"subtitle_typography_line_height";i:8;s:14:"subtitle_color";i:4;}s:19:"title_style_section";a:3:{s:27:"title_typography_typography";i:8;s:33:"title_typography_font_size_tablet";i:8;s:33:"title_typography_font_size_mobile";i:8;}s:18:"text_style_section";a:2:{s:26:"text_typography_typography";i:8;s:32:"text_typography_font_size_mobile";i:8;}}s:8:"advanced";a:2:{s:8:"wd_extra";a:1:{s:8:"scroll_y";i:8;}s:14:"_section_style";a:1:{s:7:"_margin";i:1;}}}}s:9:"wd_search";a:3:{s:5:"count";i:1;s:15:"control_percent";i:1;s:8:"controls";a:2:{s:8:"advanced";a:1:{s:8:"wd_extra";a:1:{s:8:"scroll_y";i:1;}}s:5:"style";a:1:{s:21:"general_style_section";a:1:{s:21:"woodmart_color_scheme";i:1;}}}}s:10:"wd_infobox";a:3:{s:5:"count";i:10;s:15:"control_percent";i:3;s:8:"controls";a:3:{s:7:"content";a:2:{s:20:"icon_content_section";a:5:{s:9:"icon_type";i:7;s:10:"image_size";i:7;s:5:"image";i:7;s:22:"image_custom_dimension";i:7;s:9:"icon_text";i:3;}s:15:"content_section";a:5:{s:8:"btn_text";i:10;s:8:"subtitle";i:10;s:5:"title";i:10;s:7:"content";i:10;s:4:"link";i:3;}}s:5:"style";a:4:{s:22:"button_content_section";a:3:{s:12:"btn_position";i:4;s:9:"btn_color";i:3;s:9:"btn_style";i:3;}s:21:"general_style_section";a:2:{s:21:"woodmart_color_scheme";i:3;s:9:"alignment";i:3;}s:19:"title_style_section";a:4:{s:11:"title_style";i:3;s:11:"title_color";i:3;s:27:"title_typography_typography";i:3;s:26:"title_typography_font_size";i:3;}s:21:"content_style_section";a:1:{s:17:"custom_text_color";i:3;}}s:8:"advanced";a:1:{s:8:"wd_extra";a:1:{s:8:"scroll_y";i:10;}}}}s:16:"wd_products_tabs";a:3:{s:5:"count";i:1;s:15:"control_percent";i:3;s:8:"controls";a:3:{s:7:"content";a:2:{s:23:"general_content_section";a:1:{s:5:"title";i:1;}s:20:"tabs_content_section";a:1:{s:10:"tabs_items";i:1;}}s:5:"style";a:3:{s:21:"heading_style_section";a:1:{s:5:"color";i:1;}s:29:"products_layout_style_section";a:1:{s:14:"items_per_page";i:1;}s:29:"products_design_style_section";a:1:{s:13:"product_hover";i:1;}}s:8:"advanced";a:1:{s:8:"wd_extra";a:1:{s:8:"scroll_y";i:1;}}}}s:17:"wd_images_gallery";a:3:{s:5:"count";i:2;s:15:"control_percent";i:5;s:8:"controls";a:3:{s:7:"content";a:2:{s:23:"general_content_section";a:3:{s:8:"ids_size";i:2;s:3:"ids";i:2;s:20:"ids_custom_dimension";i:2;}s:20:"click_action_section";a:3:{s:7:"caption";i:2;s:8:"on_click";i:1;s:12:"target_blank";i:1;}}s:5:"style";a:1:{s:20:"layout_style_section";a:4:{s:4:"view";i:1;s:7:"spacing";i:2;s:7:"columns";i:2;s:16:"horizontal_align";i:1;}}s:8:"advanced";a:1:{s:8:"wd_extra";a:1:{s:8:"scroll_y";i:2;}}}}s:9:"wd_button";a:3:{s:5:"count";i:4;s:15:"control_percent";i:2;s:8:"controls";a:3:{s:5:"style";a:1:{s:21:"general_style_section";a:3:{s:5:"color";i:3;s:5:"align";i:2;s:5:"style";i:2;}}s:8:"advanced";a:3:{s:17:"_section_position";a:1:{s:14:"_element_width";i:4;}s:14:"_section_style";a:2:{s:7:"_margin";i:2;s:14:"_margin_mobile";i:1;}s:8:"wd_extra";a:1:{s:8:"scroll_y";i:4;}}s:7:"content";a:1:{s:23:"general_content_section";a:1:{s:4:"text";i:4;}}}}s:11:"wd_products";a:3:{s:5:"count";i:1;s:15:"control_percent";i:2;s:8:"controls";a:2:{s:5:"style";a:2:{s:20:"layout_style_section";a:2:{s:6:"layout";i:1;s:14:"items_per_page";i:1;}s:22:"carousel_style_section";a:2:{s:15:"slides_per_view";i:1;s:23:"hide_pagination_control";i:1;}}s:8:"advanced";a:1:{s:8:"wd_extra";a:1:{s:8:"scroll_y";i:1;}}}}s:5:"image";a:3:{s:5:"count";i:2;s:15:"control_percent";i:3;s:8:"controls";a:2:{s:7:"content";a:1:{s:13:"section_image";a:4:{s:5:"align";i:2;s:10:"image_size";i:2;s:5:"image";i:2;s:22:"image_custom_dimension";i:2;}}s:8:"advanced";a:2:{s:14:"_section_style";a:2:{s:7:"_margin";i:2;s:14:"_margin_tablet";i:2;}s:8:"wd_extra";a:1:{s:8:"scroll_y";i:2;}}}}s:5:"video";a:3:{s:5:"count";i:1;s:15:"control_percent";i:2;s:8:"controls";a:3:{s:7:"content";a:2:{s:13:"section_video";a:1:{s:10:"video_type";i:1;}s:21:"section_image_overlay";a:2:{s:18:"show_image_overlay";i:1;s:13:"image_overlay";i:1;}}s:8:"advanced";a:1:{s:8:"wd_extra";a:1:{s:8:"scroll_y";i:1;}}s:5:"style";a:1:{s:19:"section_video_style";a:1:{s:14:"wd_theme_style";i:1;}}}}s:12:"wd_mailchimp";a:3:{s:5:"count";i:1;s:15:"control_percent";i:2;s:8:"controls";a:3:{s:7:"content";a:1:{s:23:"general_content_section";a:1:{s:7:"form_id";i:1;}}s:5:"style";a:1:{s:21:"general_style_section";a:1:{s:13:"content_width";i:1;}}s:8:"advanced";a:1:{s:8:"wd_extra";a:1:{s:8:"scroll_y";i:1;}}}}s:7:"wd_blog";a:3:{s:5:"count";i:1;s:15:"control_percent";i:3;s:8:"controls";a:3:{s:5:"style";a:2:{s:21:"general_style_section";a:3:{s:12:"blog_spacing";i:1;s:14:"items_per_page";i:1;s:11:"blog_design";i:1;}s:22:"carousel_style_section";a:2:{s:15:"slides_per_view";i:1;s:23:"hide_pagination_control";i:1;}}s:7:"content";a:1:{s:23:"general_content_section";a:1:{s:6:"offset";i:1;}}s:8:"advanced";a:1:{s:8:"wd_extra";a:1:{s:8:"scroll_y";i:1;}}}}}]]></wp:meta_value>
		</wp:postmeta>
							<wp:postmeta>
			<wp:meta_key>wd_page_css_files</wp:meta_key>
			<wp:meta_value><![CDATA[a:21:{i:0;s:12:"wp-gutenberg";i:1;s:5:"wpcf7";i:2;s:5:"mc4wp";i:3;s:17:"revolution-slider";i:4;s:14:"elementor-base";i:5;s:13:"wpbakery-base";i:6;s:13:"notices-fixed";i:7;s:16:"woocommerce-base";i:8;s:12:"social-icons";i:9;s:8:"info-box";i:10;s:6:"banner";i:11;s:13:"section-title";i:12;s:12:"product-tabs";i:13;s:12:"product-loop";i:14;s:17:"add-to-cart-popup";i:15;s:9:"mfp-popup";i:16;s:10:"photoswipe";i:17;s:13:"image-gallery";i:18;s:12:"owl-carousel";i:19;s:9:"blog-base";i:20;s:10:"scroll-top";}]]></wp:meta_value>
		</wp:postmeta>
						</item>
	<item>
		<title>
				phone-app-img		</title>
		<link>http://dummy.xtemos.com/woodmart-elementor/demos/demo-digitals/phone-app-img/</link>
		<pubDate>Mon, 06 Nov 2017 11:00:34 +0000</pubDate>
		<dc:creator>
			<![CDATA[erwin]]>
		</dc:creator>
		<guid isPermaLink="false">http://dummy.xtemos.com/woodmart-elementor/demos/wp-content/uploads/sites/2/2017/11/phone-app-img.png</guid>
		<description></description>
		<content:encoded>
			<![CDATA[]]>
		</content:encoded>
		<excerpt:encoded>
			<![CDATA[]]>
		</excerpt:encoded>
		<wp:post_id>1117</wp:post_id>
		<wp:post_date>2017-11-06 11:00:34</wp:post_date>
		<wp:post_date_gmt>2017-11-06 11:00:34</wp:post_date_gmt>
		<wp:comment_status>open</wp:comment_status>
		<wp:ping_status>closed</wp:ping_status>
		<wp:post_name>phone-app-img</wp:post_name>
		<wp:status>inherit</wp:status>
		<wp:post_parent>1104</wp:post_parent>
		<wp:menu_order>0</wp:menu_order>
		<wp:post_type>attachment</wp:post_type>
		<wp:post_password></wp:post_password>
		<wp:is_sticky>0</wp:is_sticky>
		<wp:attachment_url>http://dummy.xtemos.com/woodmart-elementor/demos/wp-content/uploads/sites/2/2017/11/phone-app-img.png</wp:attachment_url>
		<wp:postmeta>
			<wp:meta_key>_wp_attached_file</wp:meta_key>
			<wp:meta_value>
				<![CDATA[2017/11/phone-app-img.png]]>
			</wp:meta_value>
		</wp:postmeta>
	</item>
	<item>
		<title>
				newslatter-img-products		</title>
		<link>http://dummy.xtemos.com/woodmart-elementor/demos/demo-digitals/newslatter-img-products/</link>
		<pubDate>Mon, 06 Nov 2017 11:00:50 +0000</pubDate>
		<dc:creator>
			<![CDATA[erwin]]>
		</dc:creator>
		<guid isPermaLink="false">http://dummy.xtemos.com/woodmart-elementor/demos/wp-content/uploads/sites/2/2017/11/newslatter-img-products.png</guid>
		<description></description>
		<content:encoded>
			<![CDATA[]]>
		</content:encoded>
		<excerpt:encoded>
			<![CDATA[]]>
		</excerpt:encoded>
		<wp:post_id>1118</wp:post_id>
		<wp:post_date>2017-11-06 11:00:50</wp:post_date>
		<wp:post_date_gmt>2017-11-06 11:00:50</wp:post_date_gmt>
		<wp:comment_status>open</wp:comment_status>
		<wp:ping_status>closed</wp:ping_status>
		<wp:post_name>newslatter-img-products</wp:post_name>
		<wp:status>inherit</wp:status>
		<wp:post_parent>1104</wp:post_parent>
		<wp:menu_order>0</wp:menu_order>
		<wp:post_type>attachment</wp:post_type>
		<wp:post_password></wp:post_password>
		<wp:is_sticky>0</wp:is_sticky>
		<wp:attachment_url>http://dummy.xtemos.com/woodmart-elementor/demos/wp-content/uploads/sites/2/2017/11/newslatter-img-products.png</wp:attachment_url>
		<wp:postmeta>
			<wp:meta_key>_wp_attached_file</wp:meta_key>
			<wp:meta_value>
				<![CDATA[2017/11/newslatter-img-products.png]]>
			</wp:meta_value>
		</wp:postmeta>
	</item>
	<item>
		<title>
				digitals-dummy-icon		</title>
		<link>http://dummy.xtemos.com/woodmart-elementor/demos/demo-digitals/digitals-dummy-icon/</link>
		<pubDate>Mon, 06 Nov 2017 11:01:56 +0000</pubDate>
		<dc:creator>
			<![CDATA[erwin]]>
		</dc:creator>
		<guid isPermaLink="false">http://dummy.xtemos.com/woodmart-elementor/demos/wp-content/uploads/sites/2/2017/11/digitals-dummy-icon.svg</guid>
		<description></description>
		<content:encoded>
			<![CDATA[]]>
		</content:encoded>
		<excerpt:encoded>
			<![CDATA[]]>
		</excerpt:encoded>
		<wp:post_id>1119</wp:post_id>
		<wp:post_date>2017-11-06 11:01:56</wp:post_date>
		<wp:post_date_gmt>2017-11-06 11:01:56</wp:post_date_gmt>
		<wp:comment_status>open</wp:comment_status>
		<wp:ping_status>closed</wp:ping_status>
		<wp:post_name>digitals-dummy-icon</wp:post_name>
		<wp:status>inherit</wp:status>
		<wp:post_parent>1104</wp:post_parent>
		<wp:menu_order>0</wp:menu_order>
		<wp:post_type>attachment</wp:post_type>
		<wp:post_password></wp:post_password>
		<wp:is_sticky>0</wp:is_sticky>
		<wp:attachment_url>http://dummy.xtemos.com/woodmart-elementor/demos/wp-content/uploads/sites/2/2017/11/digitals-dummy-icon.svg</wp:attachment_url>
		<wp:postmeta>
			<wp:meta_key>_wp_attached_file</wp:meta_key>
			<wp:meta_value>
				<![CDATA[2017/11/digitals-dummy-icon.svg]]>
			</wp:meta_value>
		</wp:postmeta>
		<wp:postmeta>
			<wp:meta_key>_elementor_inline_svg</wp:meta_key>
			<wp:meta_value>
				<![CDATA[<svg id="ico-4-category-row"
				xmlns="http://www.w3.org/2000/svg" width="64" height="64" viewBox="0 0 64 64" fill="#4876ca"><defs></defs><path class="cls-1" d="M57.043,5H6.956A7.052,7.052,0,0,0,0,12.1v39.79A7.053,7.053,0,0,0,6.956,59H57.043A7.053,7.053,0,0,0,64,51.894V12.1A7.052,7.052,0,0,0,57.043,5Zm4.174,27.284-6.609-6.75a2.651,2.651,0,0,0-3.9,0l-15.93,16.2-0.07-.071-8.07-8.242a2.773,2.773,0,0,0-3.9,0L15.93,40.383a1.394,1.394,0,0,0,0,1.989,1.325,1.325,0,0,0,1.948,0L24.7,35.409l8.07,8.243,0.069,0.071L27.2,49.478a1.393,1.393,0,0,0,0,1.989,1.325,1.325,0,0,0,1.948,0L52.661,27.523l8.278,8.455c0.07,0.071.209,0.142,0.278,0.213v15.7a4.232,4.232,0,0,1-4.174,4.263H6.956a4.232,4.232,0,0,1-4.174-4.263V12.1A4.232,4.232,0,0,1,6.956,7.841H57.043A4.232,4.232,0,0,1,61.217,12.1V32.283ZM12.591,43.794L11.2,45.215a1.394,1.394,0,0,0,0,1.99,1.325,1.325,0,0,0,1.948,0l1.391-1.422a1.393,1.393,0,0,0,0-1.988A1.325,1.325,0,0,0,12.591,43.794ZM15.3,13.525a7.107,7.107,0,0,0,0,14.21A7.107,7.107,0,0,0,15.3,13.525Zm0,11.368a4.264,4.264,0,1,1,4.174-4.263A4.231,4.231,0,0,1,15.3,24.893Z"/></svg>
]]>
			</wp:meta_value>
		</wp:postmeta>
	</item>
	<item>
		<title>
				google-play-button		</title>
		<link>http://dummy.xtemos.com/woodmart-elementor/demos/demo-digitals/google-play-button/</link>
		<pubDate>Mon, 06 Nov 2017 12:25:27 +0000</pubDate>
		<dc:creator>
			<![CDATA[erwin]]>
		</dc:creator>
		<guid isPermaLink="false">http://dummy.xtemos.com/woodmart-elementor/demos/wp-content/uploads/sites/2/2017/11/google-play-button.png</guid>
		<description></description>
		<content:encoded>
			<![CDATA[]]>
		</content:encoded>
		<excerpt:encoded>
			<![CDATA[]]>
		</excerpt:encoded>
		<wp:post_id>1126</wp:post_id>
		<wp:post_date>2017-11-06 12:25:27</wp:post_date>
		<wp:post_date_gmt>2017-11-06 12:25:27</wp:post_date_gmt>
		<wp:comment_status>open</wp:comment_status>
		<wp:ping_status>closed</wp:ping_status>
		<wp:post_name>google-play-button</wp:post_name>
		<wp:status>inherit</wp:status>
		<wp:post_parent>1104</wp:post_parent>
		<wp:menu_order>0</wp:menu_order>
		<wp:post_type>attachment</wp:post_type>
		<wp:post_password></wp:post_password>
		<wp:is_sticky>0</wp:is_sticky>
		<wp:attachment_url>http://dummy.xtemos.com/woodmart-elementor/demos/wp-content/uploads/sites/2/2017/11/google-play-button.png</wp:attachment_url>
		<wp:postmeta>
			<wp:meta_key>_wp_attached_file</wp:meta_key>
			<wp:meta_value>
				<![CDATA[2017/11/google-play-button.png]]>
			</wp:meta_value>
		</wp:postmeta>
	</item>
	<item>
		<title>
				header-digitals		</title>
		<link>http://dummy.xtemos.com/woodmart-elementor/demos/?cms_block=header-digitals</link>
		<pubDate>Mon, 06 Nov 2017 12:45:16 +0000</pubDate>
		<dc:creator>
			<![CDATA[erwin]]>
		</dc:creator>
		<guid isPermaLink="false">http://dummy.xtemos.com/woodmart-elementor/demos/?post_type=cms_block&#038;p=1132</guid>
		<description></description>
		<content:encoded>
			<![CDATA[
  
  
  

						<p><strong>Free Shipping.<br /></strong>24/7 every day.</p><p><strong>How to Find Us.</strong>Woodmart location.</p>]]>
		</content:encoded>
		<excerpt:encoded>
			<![CDATA[]]>
		</excerpt:encoded>
		<wp:post_id>1132</wp:post_id>
		<wp:post_date>2017-11-06 12:45:16</wp:post_date>
		<wp:post_date_gmt>2017-11-06 12:45:16</wp:post_date_gmt>
		<wp:comment_status>closed</wp:comment_status>
		<wp:ping_status>closed</wp:ping_status>
		<wp:post_name>header-digitals</wp:post_name>
		<wp:status>publish</wp:status>
		<wp:post_parent>0</wp:post_parent>
		<wp:menu_order>0</wp:menu_order>
		<wp:post_type>cms_block</wp:post_type>
		<wp:post_password></wp:post_password>
		<wp:is_sticky>0</wp:is_sticky>
		<wp:postmeta>
			<wp:meta_key>_elementor_data</wp:meta_key>
			<wp:meta_value>
				<![CDATA[[{"id":"7446961","elType":"section","settings":[],"elements":[{"id":"2928520","elType":"column","settings":{"_column_size":"100","_inline_size":"","column_sticky_offset":"50","scroll_y":"-80"},"elements":[{"id":"7694779","elType":"widget","settings":{"icon_type":"icon","alignment":"left","btn_text":"","image_size":"custom","subtitle":"","title":"","image":{"id":"1119","url":"#"},"btn_style":"link","title_size":"small","image_alignment":"left","info_box_inline":"yes","image_custom_dimension":{"width":"40","height":"40"},"content":"<span style=\"color: #333333\"><strong>Free Shipping.\r\n<\/strong><\/span>24\/7 every day.","icon_text":"53","_margin":{"unit":"px","top":"0","right":"45","bottom":"0","left":"0","isLinked":""},"scroll_y":"-80","_element_width":"auto"},"elements":[],"widgetType":"wd_infobox"},{"id":"6025722","elType":"widget","settings":{"icon_type":"icon","alignment":"left","btn_text":"","image_size":"custom","subtitle":"","title":"","image":{"id":"1119","url":"#"},"btn_style":"link","title_size":"small","image_alignment":"left","info_box_inline":"yes","_background_size":"cover","_background_repeat":"no-repeat","image_custom_dimension":{"width":"40","height":"40"},"el_class":"hidden-md","content":"<span style=\"color: #333333\"><strong>How to Find Us.<\/strong><\/span>Woodmart location.","icon_text":"53","scroll_y":"-80","_element_width":"auto"},"elements":[],"widgetType":"wd_infobox"}],"isInner":""}],"isInner":""}]]]>
			</wp:meta_value>
		</wp:postmeta>
		<wp:postmeta>
			<wp:meta_key>_elementor_edit_mode</wp:meta_key>
			<wp:meta_value>
				<![CDATA[builder]]>
			</wp:meta_value>
		</wp:postmeta>
		<wp:postmeta>
			<wp:meta_key>_elementor_version</wp:meta_key>
			<wp:meta_value>
				<![CDATA[2.9.11]]>
			</wp:meta_value>
		</wp:postmeta>
		<wp:postmeta>
			<wp:meta_key>_elementor_template_type</wp:meta_key>
			<wp:meta_value>
				<![CDATA[wp-post]]>
			</wp:meta_value>
		</wp:postmeta>
		<wp:postmeta>
			<wp:meta_key>_wp_page_template</wp:meta_key>
			<wp:meta_value>
				<![CDATA[default]]>
			</wp:meta_value>
		</wp:postmeta>
		<wp:postmeta>
			<wp:meta_key>_elementor_controls_usage</wp:meta_key>
			<wp:meta_value>
				<![CDATA[a:3:{s:10:"wd_infobox";a:3:{s:5:"count";i:2;s:15:"control_percent";i:5;s:8:"controls";a:3:{s:7:"content";a:2:{s:20:"icon_content_section";a:4:{s:9:"icon_type";i:2;s:10:"image_size";i:2;s:5:"image";i:2;s:22:"image_custom_dimension";i:2;}s:23:"general_content_section";a:4:{s:8:"btn_text";i:2;s:8:"subtitle";i:2;s:5:"title";i:2;s:7:"content";i:2;}}s:5:"style";a:2:{s:21:"general_style_section";a:3:{s:9:"alignment";i:2;s:10:"title_size";i:2;s:15:"image_alignment";i:2;}s:22:"button_content_section";a:1:{s:9:"btn_style";i:2;}}s:8:"advanced";a:4:{s:14:"_section_style";a:1:{s:7:"_margin";i:1;}s:8:"wd_extra";a:1:{s:8:"scroll_y";i:2;}s:17:"_section_position";a:1:{s:14:"_element_width";i:2;}s:19:"_section_background";a:2:{s:16:"_background_size";i:1;s:18:"_background_repeat";i:1;}}}}s:6:"column";a:3:{s:5:"count";i:1;s:15:"control_percent";i:1;s:8:"controls";a:1:{s:8:"advanced";a:1:{s:8:"wd_extra";a:2:{s:20:"column_sticky_offset";i:1;s:8:"scroll_y";i:1;}}}}s:7:"section";a:3:{s:5:"count";i:1;s:15:"control_percent";i:0;s:8:"controls";a:0:{}}}]]>
			</wp:meta_value>
		</wp:postmeta>
	</item>
	<item>
		<title>
				digitals-newslatter-bg		</title>
		<link>http://dummy.xtemos.com/woodmart-elementor/demos/demo-digitals/digitals-newslatter-bg/</link>
		<pubDate>Mon, 06 Nov 2017 10:57:02 +0000</pubDate>
		<dc:creator><![CDATA[erwin]]></dc:creator>
		<guid isPermaLink="false">http://dummy.xtemos.com/woodmart-elementor/demos/wp-content/uploads/sites/2/2017/11/digitals-newslatter-bg.jpg</guid>
		<description></description>
		<content:encoded><![CDATA[]]></content:encoded>
		<excerpt:encoded><![CDATA[]]></excerpt:encoded>
		<wp:post_id>1114</wp:post_id>
		<wp:post_date>2017-11-06 10:57:02</wp:post_date>
		<wp:post_date_gmt>2017-11-06 10:57:02</wp:post_date_gmt>
		<wp:comment_status>open</wp:comment_status>
		<wp:ping_status>closed</wp:ping_status>
		<wp:post_name>digitals-newslatter-bg</wp:post_name>
		<wp:status>inherit</wp:status>
		<wp:post_parent>1104</wp:post_parent>
		<wp:menu_order>0</wp:menu_order>
		<wp:post_type>attachment</wp:post_type>
		<wp:post_password></wp:post_password>
		<wp:is_sticky>0</wp:is_sticky>
						<wp:attachment_url>http://dummy.xtemos.com/woodmart-elementor/demos/wp-content/uploads/sites/2/2017/11/digitals-newslatter-bg.jpg</wp:attachment_url>
												<wp:postmeta>
			<wp:meta_key>_wp_attached_file</wp:meta_key>
			<wp:meta_value><![CDATA[2017/11/digitals-newslatter-bg.jpg]]></wp:meta_value>
		</wp:postmeta>
						</item>
					<item>
		<title>
				digita-app-row-bg		</title>
		<link>http://dummy.xtemos.com/woodmart-elementor/demos/demo-digitals/digita-app-row-bg/</link>
		<pubDate>Mon, 06 Nov 2017 10:58:07 +0000</pubDate>
		<dc:creator><![CDATA[erwin]]></dc:creator>
		<guid isPermaLink="false">http://dummy.xtemos.com/woodmart-elementor/demos/wp-content/uploads/sites/2/2017/11/digita-app-row-bg.jpg</guid>
		<description></description>
		<content:encoded><![CDATA[]]></content:encoded>
		<excerpt:encoded><![CDATA[]]></excerpt:encoded>
		<wp:post_id>1115</wp:post_id>
		<wp:post_date>2017-11-06 10:58:07</wp:post_date>
		<wp:post_date_gmt>2017-11-06 10:58:07</wp:post_date_gmt>
		<wp:comment_status>open</wp:comment_status>
		<wp:ping_status>closed</wp:ping_status>
		<wp:post_name>digita-app-row-bg</wp:post_name>
		<wp:status>inherit</wp:status>
		<wp:post_parent>1104</wp:post_parent>
		<wp:menu_order>0</wp:menu_order>
		<wp:post_type>attachment</wp:post_type>
		<wp:post_password></wp:post_password>
		<wp:is_sticky>0</wp:is_sticky>
						<wp:attachment_url>http://dummy.xtemos.com/woodmart-elementor/demos/wp-content/uploads/sites/2/2017/11/digita-app-row-bg.jpg</wp:attachment_url>
												<wp:postmeta>
			<wp:meta_key>_wp_attached_file</wp:meta_key>
			<wp:meta_value><![CDATA[2017/11/digita-app-row-bg.jpg]]></wp:meta_value>
		</wp:postmeta>
						</item>
						<item>
		<title>
				digital-fullwidth-bg		</title>
		<link>http://dummy.xtemos.com/woodmart-elementor/demos/demo-digitals/digital-fullwidth-bg/</link>
		<pubDate>Mon, 06 Nov 2017 10:59:49 +0000</pubDate>
		<dc:creator><![CDATA[erwin]]></dc:creator>
		<guid isPermaLink="false">http://dummy.xtemos.com/woodmart-elementor/demos/wp-content/uploads/sites/2/2017/11/digital-fullwidth-bg.jpg</guid>
		<description></description>
		<content:encoded><![CDATA[]]></content:encoded>
		<excerpt:encoded><![CDATA[]]></excerpt:encoded>
		<wp:post_id>1116</wp:post_id>
		<wp:post_date>2017-11-06 10:59:49</wp:post_date>
		<wp:post_date_gmt>2017-11-06 10:59:49</wp:post_date_gmt>
		<wp:comment_status>open</wp:comment_status>
		<wp:ping_status>closed</wp:ping_status>
		<wp:post_name>digital-fullwidth-bg</wp:post_name>
		<wp:status>inherit</wp:status>
		<wp:post_parent>1104</wp:post_parent>
		<wp:menu_order>0</wp:menu_order>
		<wp:post_type>attachment</wp:post_type>
		<wp:post_password></wp:post_password>
		<wp:is_sticky>0</wp:is_sticky>
						<wp:attachment_url>http://dummy.xtemos.com/woodmart-elementor/demos/wp-content/uploads/sites/2/2017/11/digital-fullwidth-bg.jpg</wp:attachment_url>
												<wp:postmeta>
			<wp:meta_key>_wp_attached_file</wp:meta_key>
			<wp:meta_value><![CDATA[2017/11/digital-fullwidth-bg.jpg]]></wp:meta_value>
		</wp:postmeta>
						</item>
						<item>
		<title>
				video-bg-vector		</title>
		<link>http://dummy.xtemos.com/woodmart-elementor/demos/demo-digitals/video-bg-vector/</link>
		<pubDate>Mon, 06 Nov 2017 12:17:36 +0000</pubDate>
		<dc:creator><![CDATA[erwin]]></dc:creator>
		<guid isPermaLink="false">http://dummy.xtemos.com/woodmart-elementor/demos/wp-content/uploads/sites/2/2017/11/video-bg-vector.png</guid>
		<description></description>
		<content:encoded><![CDATA[]]></content:encoded>
		<excerpt:encoded><![CDATA[]]></excerpt:encoded>
		<wp:post_id>1122</wp:post_id>
		<wp:post_date>2017-11-06 12:17:36</wp:post_date>
		<wp:post_date_gmt>2017-11-06 12:17:36</wp:post_date_gmt>
		<wp:comment_status>open</wp:comment_status>
		<wp:ping_status>closed</wp:ping_status>
		<wp:post_name>video-bg-vector</wp:post_name>
		<wp:status>inherit</wp:status>
		<wp:post_parent>1104</wp:post_parent>
		<wp:menu_order>0</wp:menu_order>
		<wp:post_type>attachment</wp:post_type>
		<wp:post_password></wp:post_password>
		<wp:is_sticky>0</wp:is_sticky>
						<wp:attachment_url>http://dummy.xtemos.com/woodmart-elementor/demos/wp-content/uploads/sites/2/2017/11/video-bg-vector.png</wp:attachment_url>
												<wp:postmeta>
			<wp:meta_key>_wp_attached_file</wp:meta_key>
			<wp:meta_value><![CDATA[2017/11/video-bg-vector.png]]></wp:meta_value>
		</wp:postmeta>
						</item>
</channel>undefined</rss>
	