<?xml version="1.0" encoding="UTF-8" ?>
<!-- This is a WordPress eXtended RSS file generated by WordPress as an export of your site. -->
<!-- It contains information about your site's posts, pages, comments, categories, and other content. -->
<!-- You may use this file to transfer that content from one site to another. -->
<!-- This file is not intended to serve as a complete backup of your site. -->

<!-- To import this information into a WordPress site follow these steps: -->
<!-- 1. Log in to that site as an administrator. -->
<!-- 2. Go to Tools: Import in the WordPress admin panel. -->
<!-- 3. Install the "WordPress" importer from the list. -->
<!-- 4. Activate & Run Importer. -->
<!-- 5. Upload this file using the form provided on that page. -->
<!-- 6. You will first be asked to map the authors in this export file to users -->
<!--    on the site. For each author, you may choose to map to an -->
<!--    existing user on the site or to create a new user. -->
<!-- 7. WordPress will then import each of the posts, pages, comments, categories, etc. -->
<!--    contained in this file into your site. -->

	<!-- generator="WordPress/5.4.2" created="2020-07-21 06:58" -->
<rss version="2.0"
	xmlns:excerpt="http://wordpress.org/export/1.2/excerpt/"
	xmlns:content="http://purl.org/rss/1.0/modules/content/"
	xmlns:wfw="http://wellformedweb.org/CommentAPI/"
	xmlns:dc="http://purl.org/dc/elements/1.1/"
	xmlns:wp="http://wordpress.org/export/1.2/"
>

<channel>
	<title>Woodmart dummy demos</title>
	<link>http://dummy.xtemos.com/woodmart-elementor/demos</link>
	<description>Just another Woodmart Dummy Content Sites site</description>
	<pubDate>Tue, 21 Jul 2020 06:58:17 +0000</pubDate>
	<language>en-US</language>
	<wp:wxr_version>1.2</wp:wxr_version>
	<wp:base_site_url>http://dummy.xtemos.com/woodmart-elementor/</wp:base_site_url>
	<wp:base_blog_url>http://dummy.xtemos.com/woodmart-elementor/demos</wp:base_blog_url>

		<wp:author><wp:author_id>4</wp:author_id><wp:author_login>zakhar</wp:author_login><wp:author_email>sdads@asdasd.asd</wp:author_email><wp:author_display_name><![CDATA[zakhar]]></wp:author_display_name><wp:author_first_name><![CDATA[]]></wp:author_first_name><wp:author_last_name><![CDATA[]]></wp:author_last_name></wp:author>

				
	<generator>https://wordpress.org/?v=5.4.2</generator>

		<item>
		<title>
				wood-gallery-placeholder-5		</title>
		<link>http://dummy.xtemos.com/woodmart-elementor/demos/home-base/wood-gallery-placeholder-5/</link>
		<pubDate>Wed, 14 Jun 2017 11:33:22 +0000</pubDate>
		<dc:creator><![CDATA[admin]]></dc:creator>
		<guid isPermaLink="false">http://dummy.xtemos.com/woodmart-elementor/demos/wp-content/uploads/sites/2/2017/06/wood-gallery-placeholder-5.jpg</guid>
		<description></description>
		<content:encoded><![CDATA[]]></content:encoded>
		<excerpt:encoded><![CDATA[]]></excerpt:encoded>
		<wp:post_id>77</wp:post_id>
		<wp:post_date>2017-06-14 11:33:22</wp:post_date>
		<wp:post_date_gmt>2017-06-14 11:33:22</wp:post_date_gmt>
		<wp:comment_status>open</wp:comment_status>
		<wp:ping_status>closed</wp:ping_status>
		<wp:post_name>wood-gallery-placeholder-5</wp:post_name>
		<wp:status>inherit</wp:status>
		<wp:post_parent>57</wp:post_parent>
		<wp:menu_order>0</wp:menu_order>
		<wp:post_type>attachment</wp:post_type>
		<wp:post_password></wp:post_password>
		<wp:is_sticky>0</wp:is_sticky>
						<wp:attachment_url>http://dummy.xtemos.com/woodmart-elementor/demos/wp-content/uploads/sites/2/2017/06/wood-gallery-placeholder-5.jpg</wp:attachment_url>
												<wp:postmeta>
			<wp:meta_key>_wp_attached_file</wp:meta_key>
			<wp:meta_value><![CDATA[2017/06/wood-gallery-placeholder-5.jpg]]></wp:meta_value>
		</wp:postmeta>
						</item>
					<item>
		<title>
				wood-gallery-placeholder		</title>
		<link>http://dummy.xtemos.com/woodmart-elementor/demos/home-base/wood-gallery-placeholder/</link>
		<pubDate>Wed, 14 Jun 2017 11:33:24 +0000</pubDate>
		<dc:creator><![CDATA[admin]]></dc:creator>
		<guid isPermaLink="false">http://dummy.xtemos.com/woodmart-elementor/demos/wp-content/uploads/sites/2/2017/06/wood-gallery-placeholder.jpg</guid>
		<description></description>
		<content:encoded><![CDATA[]]></content:encoded>
		<excerpt:encoded><![CDATA[]]></excerpt:encoded>
		<wp:post_id>78</wp:post_id>
		<wp:post_date>2017-06-14 11:33:24</wp:post_date>
		<wp:post_date_gmt>2017-06-14 11:33:24</wp:post_date_gmt>
		<wp:comment_status>open</wp:comment_status>
		<wp:ping_status>closed</wp:ping_status>
		<wp:post_name>wood-gallery-placeholder</wp:post_name>
		<wp:status>inherit</wp:status>
		<wp:post_parent>57</wp:post_parent>
		<wp:menu_order>0</wp:menu_order>
		<wp:post_type>attachment</wp:post_type>
		<wp:post_password></wp:post_password>
		<wp:is_sticky>0</wp:is_sticky>
						<wp:attachment_url>http://dummy.xtemos.com/woodmart-elementor/demos/wp-content/uploads/sites/2/2017/06/wood-gallery-placeholder.jpg</wp:attachment_url>
												<wp:postmeta>
			<wp:meta_key>_wp_attached_file</wp:meta_key>
			<wp:meta_value><![CDATA[2017/06/wood-gallery-placeholder.jpg]]></wp:meta_value>
		</wp:postmeta>
						</item>
					<item>
		<title>
				wood-gallery-placeholder-2		</title>
		<link>http://dummy.xtemos.com/woodmart-elementor/demos/home-base/wood-gallery-placeholder-2/</link>
		<pubDate>Wed, 14 Jun 2017 11:33:26 +0000</pubDate>
		<dc:creator><![CDATA[admin]]></dc:creator>
		<guid isPermaLink="false">http://dummy.xtemos.com/woodmart-elementor/demos/wp-content/uploads/sites/2/2017/06/wood-gallery-placeholder-2.jpg</guid>
		<description></description>
		<content:encoded><![CDATA[]]></content:encoded>
		<excerpt:encoded><![CDATA[]]></excerpt:encoded>
		<wp:post_id>79</wp:post_id>
		<wp:post_date>2017-06-14 11:33:26</wp:post_date>
		<wp:post_date_gmt>2017-06-14 11:33:26</wp:post_date_gmt>
		<wp:comment_status>open</wp:comment_status>
		<wp:ping_status>closed</wp:ping_status>
		<wp:post_name>wood-gallery-placeholder-2</wp:post_name>
		<wp:status>inherit</wp:status>
		<wp:post_parent>57</wp:post_parent>
		<wp:menu_order>0</wp:menu_order>
		<wp:post_type>attachment</wp:post_type>
		<wp:post_password></wp:post_password>
		<wp:is_sticky>0</wp:is_sticky>
						<wp:attachment_url>http://dummy.xtemos.com/woodmart-elementor/demos/wp-content/uploads/sites/2/2017/06/wood-gallery-placeholder-2.jpg</wp:attachment_url>
												<wp:postmeta>
			<wp:meta_key>_wp_attached_file</wp:meta_key>
			<wp:meta_value><![CDATA[2017/06/wood-gallery-placeholder-2.jpg]]></wp:meta_value>
		</wp:postmeta>
						</item>
					<item>
		<title>
				wood-gallery-placeholder-3		</title>
		<link>http://dummy.xtemos.com/woodmart-elementor/demos/home-base/wood-gallery-placeholder-3/</link>
		<pubDate>Wed, 14 Jun 2017 11:33:28 +0000</pubDate>
		<dc:creator><![CDATA[admin]]></dc:creator>
		<guid isPermaLink="false">http://dummy.xtemos.com/woodmart-elementor/demos/wp-content/uploads/sites/2/2017/06/wood-gallery-placeholder-3.jpg</guid>
		<description></description>
		<content:encoded><![CDATA[]]></content:encoded>
		<excerpt:encoded><![CDATA[]]></excerpt:encoded>
		<wp:post_id>80</wp:post_id>
		<wp:post_date>2017-06-14 11:33:28</wp:post_date>
		<wp:post_date_gmt>2017-06-14 11:33:28</wp:post_date_gmt>
		<wp:comment_status>open</wp:comment_status>
		<wp:ping_status>closed</wp:ping_status>
		<wp:post_name>wood-gallery-placeholder-3</wp:post_name>
		<wp:status>inherit</wp:status>
		<wp:post_parent>57</wp:post_parent>
		<wp:menu_order>0</wp:menu_order>
		<wp:post_type>attachment</wp:post_type>
		<wp:post_password></wp:post_password>
		<wp:is_sticky>0</wp:is_sticky>
						<wp:attachment_url>http://dummy.xtemos.com/woodmart-elementor/demos/wp-content/uploads/sites/2/2017/06/wood-gallery-placeholder-3.jpg</wp:attachment_url>
												<wp:postmeta>
			<wp:meta_key>_wp_attached_file</wp:meta_key>
			<wp:meta_value><![CDATA[2017/06/wood-gallery-placeholder-3.jpg]]></wp:meta_value>
		</wp:postmeta>
						</item>
					<item>
		<title>
				wood-gallery-placeholder-4		</title>
		<link>http://dummy.xtemos.com/woodmart-elementor/demos/home-base/wood-gallery-placeholder-4/</link>
		<pubDate>Wed, 14 Jun 2017 11:33:30 +0000</pubDate>
		<dc:creator><![CDATA[admin]]></dc:creator>
		<guid isPermaLink="false">http://dummy.xtemos.com/woodmart-elementor/demos/wp-content/uploads/sites/2/2017/06/wood-gallery-placeholder-4.jpg</guid>
		<description></description>
		<content:encoded><![CDATA[]]></content:encoded>
		<excerpt:encoded><![CDATA[]]></excerpt:encoded>
		<wp:post_id>81</wp:post_id>
		<wp:post_date>2017-06-14 11:33:30</wp:post_date>
		<wp:post_date_gmt>2017-06-14 11:33:30</wp:post_date_gmt>
		<wp:comment_status>open</wp:comment_status>
		<wp:ping_status>closed</wp:ping_status>
		<wp:post_name>wood-gallery-placeholder-4</wp:post_name>
		<wp:status>inherit</wp:status>
		<wp:post_parent>57</wp:post_parent>
		<wp:menu_order>0</wp:menu_order>
		<wp:post_type>attachment</wp:post_type>
		<wp:post_password></wp:post_password>
		<wp:is_sticky>0</wp:is_sticky>
						<wp:attachment_url>http://dummy.xtemos.com/woodmart-elementor/demos/wp-content/uploads/sites/2/2017/06/wood-gallery-placeholder-4.jpg</wp:attachment_url>
												<wp:postmeta>
			<wp:meta_key>_wp_attached_file</wp:meta_key>
			<wp:meta_value><![CDATA[2017/06/wood-gallery-placeholder-4.jpg]]></wp:meta_value>
		</wp:postmeta>
						</item>
					<item>
		<title>
				wood-portfolio-placeholder		</title>
		<link>http://dummy.xtemos.com/woodmart-elementor/demos/wood-portfolio-placeholder/</link>
		<pubDate>Wed, 14 Jun 2017 14:02:43 +0000</pubDate>
		<dc:creator><![CDATA[admin]]></dc:creator>
		<guid isPermaLink="false">http://dummy.xtemos.com/woodmart-elementor/demos/wp-content/uploads/sites/2/2017/06/wood-portfolio-placeholder.jpg</guid>
		<description></description>
		<content:encoded><![CDATA[]]></content:encoded>
		<excerpt:encoded><![CDATA[]]></excerpt:encoded>
		<wp:post_id>117</wp:post_id>
		<wp:post_date>2017-06-14 14:02:43</wp:post_date>
		<wp:post_date_gmt>2017-06-14 14:02:43</wp:post_date_gmt>
		<wp:comment_status>open</wp:comment_status>
		<wp:ping_status>closed</wp:ping_status>
		<wp:post_name>wood-portfolio-placeholder</wp:post_name>
		<wp:status>inherit</wp:status>
		<wp:post_parent>0</wp:post_parent>
		<wp:menu_order>0</wp:menu_order>
		<wp:post_type>attachment</wp:post_type>
		<wp:post_password></wp:post_password>
		<wp:is_sticky>0</wp:is_sticky>
						<wp:attachment_url>http://dummy.xtemos.com/woodmart-elementor/demos/wp-content/uploads/sites/2/2017/06/wood-portfolio-placeholder.jpg</wp:attachment_url>
												<wp:postmeta>
			<wp:meta_key>_wp_attached_file</wp:meta_key>
			<wp:meta_value><![CDATA[2017/06/wood-portfolio-placeholder.jpg]]></wp:meta_value>
		</wp:postmeta>
						</item>
					<item>
		<title>
				wood-testimonials-placeholder		</title>
		<link>http://dummy.xtemos.com/woodmart-elementor/demos/2017/06/16/the-big-design-wall-likes-pictures/wood-testimonials-placeholder/</link>
		<pubDate>Fri, 16 Jun 2017 07:53:52 +0000</pubDate>
		<dc:creator><![CDATA[admin]]></dc:creator>
		<guid isPermaLink="false">http://dummy.xtemos.com/woodmart-elementor/demos/wp-content/uploads/sites/2/2017/06/wood-testimonials-placeholder.jpg</guid>
		<description></description>
		<content:encoded><![CDATA[]]></content:encoded>
		<excerpt:encoded><![CDATA[]]></excerpt:encoded>
		<wp:post_id>229</wp:post_id>
		<wp:post_date>2017-06-16 07:53:52</wp:post_date>
		<wp:post_date_gmt>2017-06-16 07:53:52</wp:post_date_gmt>
		<wp:comment_status>open</wp:comment_status>
		<wp:ping_status>closed</wp:ping_status>
		<wp:post_name>wood-testimonials-placeholder</wp:post_name>
		<wp:status>inherit</wp:status>
		<wp:post_parent>226</wp:post_parent>
		<wp:menu_order>0</wp:menu_order>
		<wp:post_type>attachment</wp:post_type>
		<wp:post_password></wp:post_password>
		<wp:is_sticky>0</wp:is_sticky>
						<wp:attachment_url>http://dummy.xtemos.com/woodmart-elementor/demos/wp-content/uploads/sites/2/2017/06/wood-testimonials-placeholder.jpg</wp:attachment_url>
												<wp:postmeta>
			<wp:meta_key>_wp_attached_file</wp:meta_key>
			<wp:meta_value><![CDATA[2017/06/wood-testimonials-placeholder.jpg]]></wp:meta_value>
		</wp:postmeta>
						</item>
					<item>
		<title>
				Home Alternative-energy		</title>
		<link>http://dummy.xtemos.com/woodmart-elementor/demos/home-alternative-energy/</link>
		<pubDate>Sat, 08 Jun 2019 07:53:30 +0000</pubDate>
		<dc:creator><![CDATA[zakhar]]></dc:creator>
		<guid isPermaLink="false">http://dummy.xtemos.com/woodmart-elementor/demos/?page_id=2412</guid>
		<description></description>
		<content:encoded><![CDATA[
		
							
						
													
				
					22				
					Jun				
				
							Furniture
							
					Minimalist Japanese-]]></content:encoded>
		<excerpt:encoded><![CDATA[]]></excerpt:encoded>
		<wp:post_id>2412</wp:post_id>
		<wp:post_date>2019-06-08 07:53:30</wp:post_date>
		<wp:post_date_gmt>2019-06-08 07:53:30</wp:post_date_gmt>
		<wp:comment_status>closed</wp:comment_status>
		<wp:ping_status>closed</wp:ping_status>
		<wp:post_name>home-alternative-energy</wp:post_name>
		<wp:status>publish</wp:status>
		<wp:post_parent>0</wp:post_parent>
		<wp:menu_order>0</wp:menu_order>
		<wp:post_type>page</wp:post_type>
		<wp:post_password></wp:post_password>
		<wp:is_sticky>0</wp:is_sticky>
														<wp:postmeta>
			<wp:meta_key>_wp_page_template</wp:meta_key>
			<wp:meta_value><![CDATA[default]]></wp:meta_value>
		</wp:postmeta>
							<wp:postmeta>
			<wp:meta_key>_woodmart_whb_header</wp:meta_key>
			<wp:meta_value><![CDATA[none]]></wp:meta_value>
		</wp:postmeta>
							<wp:postmeta>
			<wp:meta_key>_woodmart_page-title-size</wp:meta_key>
			<wp:meta_value><![CDATA[inherit]]></wp:meta_value>
		</wp:postmeta>
							<wp:postmeta>
			<wp:meta_key>_woodmart_main_layout</wp:meta_key>
			<wp:meta_value><![CDATA[full-width]]></wp:meta_value>
		</wp:postmeta>
							<wp:postmeta>
			<wp:meta_key>_woodmart_title_off</wp:meta_key>
			<wp:meta_value><![CDATA[on]]></wp:meta_value>
		</wp:postmeta>
							<wp:postmeta>
			<wp:meta_key>_oembed_71ae0db7f6e61ffd19b757ea6a0c207c</wp:meta_key>
			<wp:meta_value><![CDATA[<iframe src="https://player.vimeo.com/video/51589652?app_id=122963" width="500" height="281" frameborder="0" title="Timelapse - Lighthouse (Oct 2012)" allow="autoplay; fullscreen" allowfullscreen></iframe>]]></wp:meta_value>
		</wp:postmeta>
							<wp:postmeta>
			<wp:meta_key>_oembed_time_71ae0db7f6e61ffd19b757ea6a0c207c</wp:meta_key>
			<wp:meta_value><![CDATA[1559980673]]></wp:meta_value>
		</wp:postmeta>
							<wp:postmeta>
			<wp:meta_key>_woodmart_prefooter_off</wp:meta_key>
			<wp:meta_value><![CDATA[on]]></wp:meta_value>
		</wp:postmeta>
							<wp:postmeta>
			<wp:meta_key>_elementor_data</wp:meta_key>
			<wp:meta_value><![CDATA[[{"id":"8379363","elType":"section","settings":{"gap":"no","padding":{"unit":"px","top":"0","right":"0","bottom":"0","left":"0","isLinked":""}},"elements":[{"id":"7867683","elType":"column","settings":{"_column_size":"100","mobile_bg_img_hidden":"no","tablet_bg_img_hidden":"no","woodmart_parallax":"0","parallax_scroll":"no","mobile_reset_margin":"no","tablet_reset_margin":"no","column_sticky_offset":"50","scroll_y":"-80"},"elements":[{"id":"7741731","elType":"widget","settings":{"slider":"alternative-energy-slider","scroll_y":"-80"},"elements":[],"widgetType":"wd_slider"}],"isInner":""}],"isInner":""},{"id":"2531328","elType":"section","settings":{"wd_section_stretch":"stretch","background_background":"classic","background_color":"#def0f6","mobile_bg_img_hidden":"no","tablet_bg_img_hidden":"no","woodmart_parallax":"0","woodmart_gradient_switch":"no","row_reverse_mobile":"0","row_reverse_tablet":"0","woodmart_disable_overflow":"0","padding":{"unit":"px","top":"80","right":"15","bottom":"80","left":"15","isLinked":""},"margin":{"unit":"px","top":"0","right":"0","bottom":"80","left":"0","isLinked":""},"margin_tablet":{"unit":"px","top":"0","right":"0","bottom":"60","left":"0","isLinked":""},"margin_mobile":{"unit":"px","top":"0","right":"0","bottom":"40","left":"0","isLinked":""},"padding_tablet":{"unit":"px","top":"60","right":"15","bottom":"60","left":"15","isLinked":""},"padding_mobile":{"unit":"px","top":"40","right":"15","bottom":"40","left":"15","isLinked":""}},"elements":[{"id":"9881480","elType":"column","settings":{"_column_size":"100","mobile_bg_img_hidden":"no","tablet_bg_img_hidden":"no","woodmart_parallax":"0","parallax_scroll":"no","mobile_reset_margin":"no","tablet_reset_margin":"no","column_sticky_offset":"50","scroll_y":"-80"},"elements":[{"id":"2385419","elType":"widget","settings":{"subtitle":"","after_title":"","image_size":"custom","title_typography_typography":"custom","title_typography_font_weight":"100","align":"left","woodmart_css_id":"5cfbbdda16ae6","title":"Why Choose <strong>Woodmart<\/strong> Energy?","title_typography_font_size":{"size":"40","unit":"px"},"title_typography_font_size_tablet":{"size":"34","unit":"px"},"title_typography_font_size_mobile":{"size":"28","unit":"px"},"width":{"size":"100","unit":"%"},"scroll_y":"-80","_margin":{"unit":"px","top":"0","right":"0","bottom":"30","left":"0","isLinked":""}},"elements":[],"widgetType":"wd_title"},{"id":"5379473","elType":"widget","settings":{"slider_spacing":"30","slides_per_view":{"size":"3","unit":"px","sizes":[]},"hide_pagination_control":"yes","scroll_carousel_init":"no","content_repeater":[{"_id":"298051","icon_type":"icon","btn_text":"Read More","image_size":"custom","subtitle":"","title":"Solar Energy","image":{"id":"2422","url":"#"},"image_custom_dimension":{"width":"80","height":"80"},"content":"You begin with a text, you sculpt information, you chisel away what's.","link":{"url":"#","is_external":"","nofollow":"","custom_attributes":""},"icon_text":"01."},{"_id":"4136370","icon_type":"icon","btn_text":"Read More","image_size":"custom","subtitle":"","title":"Safe Planet","image":{"id":"2422","url":"#"},"image_custom_dimension":{"width":"80","height":"80"},"content":"Even if your less into design and content strategy you may some.","link":{"url":"#","is_external":"","nofollow":"","custom_attributes":""},"icon_text":"01."},{"_id":"6491396","icon_type":"icon","btn_text":"Read More","image_size":"custom","subtitle":"","title":"Wind Energy","image":{"id":"2422","url":"#"},"image_custom_dimension":{"width":"80","height":"80"},"content":"To short sentences, to many, for images toolarge the proposed.","link":{"url":"#","is_external":"","nofollow":"","custom_attributes":""},"icon_text":"01."}],"btn_color":"primary","btn_style":"link","scroll_y":"-80","alignment":"left","image_alignment":"left","title_typography_typography":"custom","title_typography_font_size":{"unit":"px","size":"28","sizes":[]},"title_typography_font_size_mobile":{"unit":"px","size":"20","sizes":[]},"title_typography_font_weight":"100"},"elements":[],"widgetType":"wd_infobox_carousel"}],"isInner":""}],"isInner":""},{"id":"8260272","elType":"section","settings":{"content_position":"middle","mobile_bg_img_hidden":"no","tablet_bg_img_hidden":"no","woodmart_parallax":"0","woodmart_gradient_switch":"no","row_reverse_mobile":"0","row_reverse_tablet":"0","woodmart_disable_overflow":"0","structure":"20","margin":{"unit":"px","top":"0","right":"0","bottom":"110","left":"0","isLinked":""},"margin_tablet":{"unit":"px","top":"0","right":"0","bottom":"60","left":"0","isLinked":""},"margin_mobile":{"unit":"px","top":"0","right":"0","bottom":"40","left":"0","isLinked":""}},"elements":[{"id":"8132191","elType":"column","settings":{"_column_size":"50","mobile_bg_img_hidden":"no","tablet_bg_img_hidden":"no","woodmart_parallax":"0","parallax_scroll":"no","mobile_reset_margin":"no","tablet_reset_margin":"no","column_sticky_offset":"50","scroll_y":"-80","_inline_size_tablet":"100"},"elements":[{"id":"4764763","elType":"widget","settings":{"align":"center","image_size":"custom","image":{"id":"117","url":"#"},"image_custom_dimension":{"width":"630","height":"580"},"parallax_scroll":"no","scroll_y":"-80"},"elements":[],"widgetType":"image"}],"isInner":""},{"id":"9759911","elType":"column","settings":{"_column_size":"50","mobile_bg_img_hidden":"no","tablet_bg_img_hidden":"no","woodmart_parallax":"0","parallax_scroll":"no","mobile_reset_margin":"no","tablet_reset_margin":"no","column_sticky_offset":"50","scroll_y":"-80","_inline_size_tablet":"100","margin_tablet":{"unit":"px","top":"35","right":"0","bottom":"0","left":"0","isLinked":""},"padding":{"unit":"%","top":"0","right":"15","bottom":"0","left":"15","isLinked":""}},"elements":[{"id":"1264117","elType":"widget","settings":{"typography_typography":"custom","size":"custom","font_weight":"500","color_scheme":"custom","woodmart_css_id":"5cfa72ca47f93","typography_font_size":{"size":"80","unit":"px"},"typography_font_size_mobile":{"size":"70","unit":"px"},"text_color":"rgba(142, 203, 222, 0.2)","wd_content_width":{"size":"100","unit":"%"},"inline":"no","editor":"<p>01<\/p>\n","scroll_y":"-80","typography_font_weight":"400","typography_line_height":{"unit":"em","size":"1","sizes":[]},"_margin":{"unit":"px","top":"0","right":"0","bottom":"-45","left":"-35","isLinked":""},"_element_width":"auto"},"elements":[],"widgetType":"text-editor"},{"id":"dfd126a","elType":"widget","settings":{"subtitle":"","title":"Produce Your\nOwn Clean <b>Energy<\/b>","after_title":"","align":"left","title_typography_typography":"custom","title_typography_font_size":{"unit":"px","size":"40","sizes":[]},"title_typography_font_size_tablet":{"unit":"px","size":"34","sizes":[]},"title_typography_font_size_mobile":{"unit":"px","size":"28","sizes":[]},"title_typography_font_weight":"100","scroll_y":"-80","_z_index":"1"},"elements":[],"widgetType":"wd_title"},{"id":"2950952","elType":"widget","settings":{"typography_typography":"custom","font":"text","size":"custom","woodmart_css_id":"5cfba3de8a542","wd_content_width":{"size":"","unit":"%"},"inline":"no","typography_font_size_mobile":{"size":"14","unit":"px"},"editor":"<p>But worse, what if the fish doesn't fit in the can, the foot's to big for the boot? Or to small? To short sentences, to many headings, images too large for the proposed design.<\/p>\n","scroll_y":"-80","_margin":{"unit":"px","top":"0","right":"0","bottom":"10","left":"0","isLinked":""}},"elements":[],"widgetType":"text-editor"},{"id":"8304393","elType":"widget","settings":{"color":"primary","shape":"round","woodmart_css_id":"5cf67c737ad2b","text":"About Us","_element_width":"auto","scroll_y":"-80","_margin":{"unit":"px","top":"0","right":"15","bottom":"0","left":"0","isLinked":""}},"elements":[],"widgetType":"wd_button"},{"id":"9470063","elType":"widget","settings":{"style":"bordered","shape":"round","woodmart_css_id":"5cfb6008bbf3d","text":"View More","_element_width":"auto","scroll_y":"-80"},"elements":[],"widgetType":"wd_button"}],"isInner":""}],"isInner":""},{"id":"34dffd1","elType":"section","settings":{"wd_section_stretch":"stretch-content","structure":"20","background_background":"gradient","background_color":"#8ECBDE","background_color_stop":{"unit":"%","size":"80","sizes":[]},"background_color_b":"rgba(255, 255, 255, 0)","background_color_b_stop":{"unit":"%","size":"80","sizes":[]},"background_gradient_angle":{"unit":"deg","size":"90","sizes":[]},"margin":{"unit":"%","top":"0","right":"0","bottom":"-4","left":"0","isLinked":""},"margin_tablet":{"unit":"px","top":"0","right":"0","bottom":"60","left":"0","isLinked":""},"margin_mobile":{"unit":"px","top":"0","right":"0","bottom":"40","left":"0","isLinked":""},"padding":{"unit":"px","top":"0","right":"0","bottom":"0","left":"0","isLinked":""}},"elements":[{"id":"235dee6","elType":"column","settings":{"_column_size":"50","_inline_size_tablet":"100","background_background":"classic","background_color":"#8ECBDE","padding":{"unit":"%","top":"8","right":"15","bottom":"10","left":"15","isLinked":""},"padding_tablet":{"unit":"%","top":"6","right":"15","bottom":"6","left":"15","isLinked":""},"column_sticky_offset":"50","scroll_y":"-80"},"elements":[{"id":"88f813d","elType":"widget","settings":{"typography_typography":"custom","size":"custom","font_weight":"500","color_scheme":"custom","woodmart_css_id":"5cfa72ed52c50","typography_font_size":{"size":"80","unit":"px"},"typography_font_size_mobile":{"size":"70","unit":"px"},"text_color":"rgba(255, 255, 255, 0.2)","wd_content_width":{"size":"","unit":"%"},"inline":"no","editor":"<p>02<\/p>\n","scroll_y":"-80","typography_font_weight":"400","typography_line_height":{"unit":"em","size":"1","sizes":[]},"_margin":{"unit":"px","top":"0","right":"0","bottom":"-45","left":"-35","isLinked":""},"_element_width":"auto"},"elements":[],"widgetType":"text-editor"},{"id":"d8f4150","elType":"widget","settings":{"subtitle":"","title":"The Power of Your\nSolar <b>Energy<\/b> Home","after_title":"","align":"left","color":"white","title_typography_typography":"custom","title_typography_font_size":{"unit":"px","size":"40","sizes":[]},"title_typography_font_size_tablet":{"unit":"px","size":"34","sizes":[]},"title_typography_font_size_mobile":{"unit":"px","size":"28","sizes":[]},"title_typography_font_weight":"100","scroll_y":"-80","_z_index":"1"},"elements":[],"widgetType":"wd_title"},{"id":"0d180cb","elType":"widget","settings":{"editor":"<p>Chances are there wasn\u2019t collaboration, communication, and checkpoints, there wasn\u2019t a process agreed upon or specified with the granularity required. It\u2019s content strategy gone awry that\u2019s unhappy for a reason is a problem, a client though.<\/p>","wd_color_scheme":"light","wd_content_width":{"unit":"%","size":"90","sizes":[]},"scroll_y":"-80"},"elements":[],"widgetType":"text-editor"},{"id":"e69df2b","elType":"section","settings":{"structure":"20"},"elements":[{"id":"b428a53","elType":"column","settings":{"_column_size":"50","column_sticky_offset":"50","scroll_y":"-80"},"elements":[{"id":"5992201","elType":"widget","settings":{"alignment":"left","btn_text":"","image_size":"custom","subtitle":"","title":"Wind Turbines Installed","btn_position":"hover","icon_text_size":"small","woodmart_color_scheme":"light","title_typography_typography":"custom","title_typography_font_weight":"400","woodmart_css_id":"5cf7d4c428c80","icon_text":"12+","title_typography_font_size":{"size":"18","unit":"px"},"info_box_inline":"no","icon_text_color":"#FFFFFF","scroll_y":"-80","content":""},"elements":[],"widgetType":"wd_infobox"},{"id":"abc0828","elType":"widget","settings":{"alignment":"left","btn_text":"","image_size":"custom","subtitle":"","title":"Cities Connected","btn_position":"hover","icon_text_size":"small","woodmart_color_scheme":"light","title_typography_typography":"custom","title_typography_font_weight":"400","woodmart_css_id":"5cf7d4d5e9360","icon_text":"48","title_typography_font_size":{"size":"18","unit":"px"},"info_box_inline":"no","icon_text_color":"#FFFFFF","scroll_y":"-80","content":""},"elements":[],"widgetType":"wd_infobox"}],"isInner":"1"},{"id":"f487c20","elType":"column","settings":{"_column_size":"50","column_sticky_offset":"50","scroll_y":"-80"},"elements":[{"id":"761a385","elType":"widget","settings":{"alignment":"left","btn_text":"","image_size":"custom","subtitle":"","title":"Solar Panel Installed","btn_position":"hover","icon_text_size":"small","woodmart_color_scheme":"light","title_typography_typography":"custom","title_typography_font_weight":"400","woodmart_css_id":"5cf7d4ca6f194","icon_text":"738","title_typography_font_size":{"size":"18","unit":"px"},"info_box_inline":"no","icon_text_color":"#FFFFFF","scroll_y":"-80","content":""},"elements":[],"widgetType":"wd_infobox"},{"id":"641eb1c","elType":"widget","settings":{"alignment":"left","btn_text":"","image_size":"custom","subtitle":"","title":"Satisfied People","btn_position":"hover","icon_text_size":"small","woodmart_color_scheme":"light","title_typography_typography":"custom","title_typography_font_weight":"400","woodmart_css_id":"5cf7d4d0b014f","icon_text":"999+","title_typography_font_size":{"size":"18","unit":"px"},"info_box_inline":"no","icon_text_color":"#FFFFFF","scroll_y":"-80","content":""},"elements":[],"widgetType":"wd_infobox"}],"isInner":""}],"isInner":"1"}],"isInner":""},{"id":"1347de0","elType":"column","settings":{"_column_size":"50","_inline_size_tablet":"100","padding_tablet":{"unit":"px","top":"0","right":"0","bottom":"0","left":"0","isLinked":""},"column_sticky_offset":"50","scroll_y":"-80"},"elements":[{"id":"9b167a7","elType":"widget","settings":{"video_type":"vimeo","align":"center","image_overlay":{"id":"117","url":"#"},"show_image_overlay":"yes","img_size":"full","youtube_url":"https:\/\/www.youtube.com\/watch?v=XHOmBV4js_E","vimeo_url":"https:\/\/vimeo.com\/235215203","dailymotion_url":"https:\/\/www.dailymotion.com\/video\/x6tqhqb","scroll_y":"-80","_margin":{"unit":"px","top":"-70","right":"0","bottom":"0","left":"0","isLinked":""},"_margin_tablet":{"unit":"px","top":"0","right":"0","bottom":"0","left":"0","isLinked":""},"wd_theme_style":"theme-style"},"elements":[],"widgetType":"video"}],"isInner":""}],"isInner":""},{"id":"2681163","elType":"section","settings":{"content_position":"middle","mobile_bg_img_hidden":"no","tablet_bg_img_hidden":"no","woodmart_parallax":"0","woodmart_gradient_switch":"no","row_reverse_mobile":"1","row_reverse_tablet":"1","woodmart_disable_overflow":"0","structure":"20","margin":{"unit":"px","top":"0","right":"0","bottom":"80","left":"0","isLinked":""},"margin_tablet":{"unit":"px","top":"0","right":"0","bottom":"60","left":"0","isLinked":""},"margin_mobile":{"unit":"px","top":"0","right":"0","bottom":"40","left":"0","isLinked":""},"reverse_order_tablet":"reverse-tablet","reverse_order_mobile":"reverse-mobile"},"elements":[{"id":"2470958","elType":"column","settings":{"_column_size":"50","mobile_bg_img_hidden":"no","tablet_bg_img_hidden":"no","woodmart_parallax":"0","parallax_scroll":"no","mobile_reset_margin":"no","tablet_reset_margin":"no","column_sticky_offset":"50","scroll_y":"-80","_inline_size_tablet":"100"},"elements":[{"id":"6733256","elType":"widget","settings":{"align":"center","image_size":"custom","image":{"id":"117","url":"#"},"image_custom_dimension":{"width":"600","height":"460"},"parallax_scroll":"no","scroll_y":"-80"},"elements":[],"widgetType":"image"}],"isInner":""},{"id":"7188714","elType":"column","settings":{"_column_size":"50","_inline_size_tablet":"100","mobile_bg_img_hidden":"no","tablet_bg_img_hidden":"no","woodmart_parallax":"0","parallax_scroll":"no","mobile_reset_margin":"no","tablet_reset_margin":"no","column_sticky_offset":"50","scroll_y":"-80","margin_tablet":{"unit":"px","top":"0","right":"0","bottom":"60","left":"0","isLinked":""},"margin_mobile":{"unit":"px","top":"0","right":"0","bottom":"40","left":"0","isLinked":""},"padding":{"unit":"%","top":"0","right":"15","bottom":"0","left":"15","isLinked":""}},"elements":[{"id":"2411611","elType":"widget","settings":{"typography_typography":"custom","size":"custom","font_weight":"500","color_scheme":"custom","woodmart_css_id":"5cfa7300ccd31","typography_font_size":{"size":"80","unit":"px"},"typography_font_size_mobile":{"size":"70","unit":"px"},"text_color":"rgba(142, 203, 222, 0.2)","wd_content_width":{"size":"100","unit":"%"},"inline":"no","editor":"<p>03<\/p>\n","scroll_y":"-80","typography_font_weight":"400","typography_line_height":{"unit":"em","size":"1","sizes":[]},"_margin":{"unit":"px","top":"0","right":"0","bottom":"-45","left":"-35","isLinked":""},"_element_width":"auto"},"elements":[],"widgetType":"text-editor"},{"id":"a28a780","elType":"widget","settings":{"subtitle":"","title":"Conserve Limited\n<b>Natural <\/b>Resources","after_title":"","align":"left","title_typography_typography":"custom","title_typography_font_size":{"unit":"px","size":"40","sizes":[]},"title_typography_font_size_tablet":{"unit":"px","size":"34","sizes":[]},"title_typography_font_size_mobile":{"unit":"px","size":"28","sizes":[]},"title_typography_font_weight":"100","scroll_y":"-80","_z_index":"1"},"elements":[],"widgetType":"wd_title"},{"id":"1317258","elType":"widget","settings":{"typography_typography":"custom","font":"text","size":"custom","woodmart_css_id":"5cfba492684e1","wd_content_width":{"size":"","unit":"%"},"inline":"no","typography_font_size_mobile":{"size":"14","unit":"px"},"editor":"<p>This is quite a problem to solve, but just doing without text won't fix it. Using test items of real content and data in designs will help, but there's no guarantee that every oddity.<\/p>\n","scroll_y":"-80","wd_content_width_tablet":{"unit":"%","size":"100","sizes":[]},"_margin":{"unit":"px","top":"0","right":"0","bottom":"10","left":"0","isLinked":""}},"elements":[],"widgetType":"text-editor"},{"id":"8202865","elType":"widget","settings":{"color":"primary","shape":"round","woodmart_css_id":"5cf67c737ad2b","text":"About Us","_element_width":"auto","scroll_y":"-80","_margin":{"unit":"px","top":"0","right":"15","bottom":"0","left":"0","isLinked":""}},"elements":[],"widgetType":"wd_button"},{"id":"1620975","elType":"widget","settings":{"style":"bordered","shape":"round","woodmart_css_id":"5cfb6012cb0f0","text":"View More","_element_width":"auto","scroll_y":"-80"},"elements":[],"widgetType":"wd_button"}],"isInner":""}],"isInner":""},{"id":"566972","elType":"section","settings":{"content_position":"middle","mobile_bg_img_hidden":"no","tablet_bg_img_hidden":"no","woodmart_parallax":"0","woodmart_gradient_switch":"no","row_reverse_mobile":"0","row_reverse_tablet":"0","woodmart_disable_overflow":"0","margin":{"unit":"px","top":"0","right":"0","bottom":"80","left":"0","isLinked":""},"margin_tablet":{"unit":"px","top":"0","right":"0","bottom":"60","left":"0","isLinked":""},"margin_mobile":{"unit":"px","top":"0","right":"0","bottom":"40","left":"0","isLinked":""}},"elements":[{"id":"7465815","elType":"column","settings":{"_column_size":"100","mobile_bg_img_hidden":"no","tablet_bg_img_hidden":"no","woodmart_parallax":"0","parallax_scroll":"no","mobile_reset_margin":"no","tablet_reset_margin":"no","column_sticky_offset":"50","scroll_y":"-80"},"elements":[{"id":"6809040","elType":"widget","settings":{"align":"left","image_size":"custom","image":{"id":"2427","url":"#"},"image_custom_dimension":{"width":"47","height":"60"},"parallax_scroll":"no","scroll_y":"-80","_element_width":"auto","_position":"absolute","_offset_y":{"unit":"px","size":"-27","sizes":[]}},"elements":[],"widgetType":"image"},{"id":"8991369","elType":"widget","settings":{"subtitle":"","after_title":"Accept that it\u2019s sometimes okay to just on the content.","image_size":"custom","title_typography_typography":"custom","title_typography_font_weight":"100","align":"left","woodmart_css_id":"5cfb6ebf1b3da","title":"<strong>Our<\/strong> Products","title_typography_font_size":{"size":"40","unit":"px"},"title_typography_font_size_tablet":{"size":"34","unit":"px"},"title_typography_font_size_mobile":{"size":"28","unit":"px"},"width":{"size":"","unit":"%"},"scroll_y":"-80","_z_index":"1"},"elements":[],"widgetType":"wd_title"},{"id":"929d063","elType":"widget","settings":{"title":"","tabs_items":[{"title":"NEW ARRIVALS","_id":"f07b508","post_type":"product","include":"","taxonomies":"","orderby":"","offset":"","query_type":"OR","order":"","meta_key":"","exclude":"","image":{"url":"","id":""},"image_size":"thumbnail","image_custom_dimension":{"width":"","height":""}},{"title":"  SOLAR PANELS","_id":"12ec08e","post_type":"product","include":"","taxonomies":"","orderby":"","offset":"","query_type":"OR","order":"","meta_key":"","exclude":"","image":{"url":"","id":""},"image_size":"thumbnail","image_custom_dimension":{"width":"","height":""}},{"title":"SOLAR INVERTERS","_id":"8a6766d","post_type":"product","include":"","taxonomies":"","orderby":"","offset":"","query_type":"OR","order":"","meta_key":"","exclude":"","image":{"url":"","id":""},"image_size":"thumbnail","image_custom_dimension":{"width":"","height":""}},{"title":"SOLAR BATTERIES","post_type":"product","include":"","taxonomies":"","orderby":"","offset":"","query_type":"OR","order":"","meta_key":"","exclude":"","image":{"url":"","id":""},"image_size":"thumbnail","image_custom_dimension":{"width":"","height":""},"_id":"bab34c6"}],"design":"alt","items_per_page":"4","pagination":"arrows","product_hover":"quick","img_size":"custom","img_size_custom":{"width":"276","height":"355"},"scroll_y":"-80"},"elements":[],"widgetType":"wd_products_tabs"}],"isInner":""}],"isInner":""},{"id":"392196","elType":"section","settings":{"wd_section_stretch":"stretch","content_position":"middle","background_background":"classic","background_color":"#def0f6","mobile_bg_img_hidden":"no","tablet_bg_img_hidden":"no","woodmart_parallax":"0","woodmart_gradient_switch":"no","row_reverse_mobile":"0","row_reverse_tablet":"0","woodmart_disable_overflow":"0","margin":{"unit":"px","top":"0","right":"0","bottom":"80","left":"0","isLinked":""},"margin_tablet":{"unit":"px","top":"0","right":"0","bottom":"60","left":"0","isLinked":""},"margin_mobile":{"unit":"px","top":"0","right":"0","bottom":"40","left":"0","isLinked":""},"padding":{"unit":"px","top":"90","right":"15","bottom":"90","left":"15","isLinked":""},"padding_mobile":{"unit":"px","top":"80","right":"15","bottom":"80","left":"15","isLinked":""}},"elements":[{"id":"1875533","elType":"column","settings":{"_column_size":"100","mobile_bg_img_hidden":"no","tablet_bg_img_hidden":"no","woodmart_parallax":"0","parallax_scroll":"no","mobile_reset_margin":"no","tablet_reset_margin":"no","column_sticky_offset":"50","scroll_y":"-80"},"elements":[{"id":"4698232","elType":"widget","settings":{"align":"left","image_size":"custom","image":{"id":"2427","url":"#"},"image_custom_dimension":{"width":"47","height":"60"},"parallax_scroll":"no","scroll_y":"-80","_element_width":"auto","_position":"absolute","_offset_y":{"unit":"px","size":"-27","sizes":[]}},"elements":[],"widgetType":"image"},{"id":"4314015","elType":"widget","settings":{"subtitle":"","after_title":"Then a prototype or beta site with real content published.","image_size":"custom","title_typography_typography":"custom","title_typography_font_weight":"100","align":"left","woodmart_css_id":"5cfbb1c471d7d","title":"<strong>Our<\/strong> Partners","title_typography_font_size":{"size":"40","unit":"px"},"title_typography_font_size_tablet":{"size":"34","unit":"px"},"title_typography_font_size_mobile":{"size":"28","unit":"px"},"width":{"size":"","unit":"%"},"scroll_y":"-80","_z_index":"1"},"elements":[],"widgetType":"wd_title"},{"id":"7487039","elType":"widget","settings":{"ids_size":"custom","ids":[{"id":"77","url":""},{"id":"78","url":""},{"id":"79","url":""},{"id":"80","url":""},{"id":"81","url":""},{"id":"117","url":""}],"spacing":"30","horizontal_align":"left","on_click":"none","columns":{"size":"3","unit":"px","sizes":[]},"ids_custom_dimension":{"width":"264","height":"120"},"scroll_y":"-80"},"elements":[],"widgetType":"wd_images_gallery"}],"isInner":""}],"isInner":""},{"id":"09b4ab9","elType":"section","settings":{"margin":{"unit":"px","top":"0","right":"0","bottom":"80","left":"0","isLinked":""},"margin_tablet":{"unit":"px","top":"0","right":"0","bottom":"60","left":"0","isLinked":""},"margin_mobile":{"unit":"px","top":"0","right":"0","bottom":"40","left":"0","isLinked":""}},"elements":[{"id":"87cf103","elType":"column","settings":{"_column_size":"100","column_sticky_offset":"50","scroll_y":"-80"},"elements":[{"id":"9c9ee42","elType":"section","settings":{"margin":{"unit":"px","top":"0","right":"0","bottom":"20","left":"0","isLinked":""}},"elements":[{"id":"e713957","elType":"column","settings":{"_column_size":"100","content_position":"bottom","align":"space-between","column_sticky_offset":"50","scroll_y":"-80"},"elements":[{"id":"9089320","elType":"widget","settings":{"align":"left","image_size":"custom","image":{"id":"2427","url":"#"},"image_custom_dimension":{"width":"44","height":"60"},"parallax_scroll":"no","scroll_y":"-80","_element_width":"auto","_position":"absolute","_offset_y":{"unit":"px","size":"-27","sizes":[]}},"elements":[],"widgetType":"image"},{"id":"8948259","elType":"widget","settings":{"subtitle":"","after_title":"It's like saying you're a bad designer, use less bold text.","image_size":"custom","title_typography_typography":"custom","title_typography_font_weight":"100","align":"left","woodmart_css_id":"5cfbb1ce57575","title":"<strong>Our<\/strong> New Articles","title_typography_font_size":{"size":"40","unit":"px"},"title_typography_font_size_tablet":{"size":"34","unit":"px"},"title_typography_font_size_mobile":{"size":"28","unit":"px"},"width":{"size":"100","unit":"%"},"scroll_y":"-80","_element_width":"auto","_z_index":"1"},"elements":[],"widgetType":"wd_title"},{"id":"5527435","elType":"widget","settings":{"color":"primary","style":"link","align":"right","woodmart_css_id":"5cfb602c307b7","text":"View More Articles","scroll_y":"-80","_element_width":"auto","hide_mobile":"hidden-phone"},"elements":[],"widgetType":"wd_button"}],"isInner":"1"}],"isInner":"1"},{"id":"3739987","elType":"widget","settings":{"blog_spacing":"20","items_per_page":"4","blog_design":"carousel","img_size":"full","slides_per_view":{"size":"3","unit":"px","sizes":[]},"hide_pagination_control":"yes","scroll_y":"-80"},"elements":[],"widgetType":"wd_blog"}],"isInner":""}],"isInner":""},{"id":"4467227","elType":"section","settings":{"wd_section_stretch":"stretch","background_background":"classic","background_image":{"url":"http:\/\/dummy.xtemos.com\/woodmart-elementor\/demos\/wp-content\/uploads\/sites\/2\/2017\/06\/wood-main-bg.jpg?id=44","id":""},"background_size":"cover","background_repeat":"no-repeat","mobile_bg_img_hidden":"no","tablet_bg_img_hidden":"no","woodmart_parallax":"0","woodmart_gradient_switch":"no","row_reverse_mobile":"1","row_reverse_tablet":"1","woodmart_disable_overflow":"0","margin":{"unit":"px","top":"0","right":"0","bottom":"-40","left":"0","isLinked":""},"padding":{"unit":"px","top":"60","right":"15","bottom":"60","left":"15","isLinked":""}},"elements":[{"id":"5542686","elType":"column","settings":{"_column_size":"100","mobile_bg_img_hidden":"no","tablet_bg_img_hidden":"no","woodmart_parallax":"0","parallax_scroll":"no","mobile_reset_margin":"no","tablet_reset_margin":"no","column_sticky_offset":"50","scroll_y":"-80"},"elements":[{"id":"914352","elType":"section","settings":{"content_position":"top","_background_background":"classic","_background_color":"#ffffff","row_reverse_mobile":"0","row_reverse_tablet":"0","structure":"20","background_background":"classic","background_color":"#FFFFFF","margin":{"unit":"px","top":"0","right":"0","bottom":"0","left":"0","isLinked":"1"},"padding":{"unit":"px","top":"60","right":"0","bottom":"60","left":"0","isLinked":""}},"elements":[{"id":"3618767","elType":"column","settings":{"_column_size":"50","_inline_size_tablet":"100","_inline_size_mobile":"100","column_sticky_offset":"50","scroll_y":"-80","border_border":"solid","border_width":{"unit":"px","top":"0","right":"1","bottom":"0","left":"0","isLinked":""},"border_width_tablet":{"unit":"px","top":"0","right":"0","bottom":"0","left":"0","isLinked":""},"border_color":"#EAEAEA","margin_tablet":{"unit":"px","top":"0","right":"0","bottom":"40","left":"0","isLinked":""}},"elements":[{"id":"5846883","elType":"widget","settings":{"subtitle":"Join Our Newsletter Now","after_title":"Sociable on as carriage my position weddings raillery consider. Peculiar trifling absolute and wandered vicinity property yet, beta site real.","image_size":"custom","title_typography_typography":"custom","title_typography_font_weight":"100","woodmart_css_id":"5cfbbe0e4454f","title":"Do You Like The Theme?\r\n<strong>Share With Your<\/strong> Friends!","width":{"size":"68","unit":"%"},"title_typography_font_size":{"size":"28","unit":"px"},"subtitle_typography_typography":"custom","subtitle_typography_font_size":{"size":"16","unit":"px"},"subtitle_color":"#8ecbde","woodmart_empty_space":"","scroll_y":"-80","_margin":{"unit":"px","top":"0","right":"0","bottom":"10","left":"0","isLinked":""}},"elements":[],"widgetType":"wd_title"},{"id":"7fc3b1a","elType":"widget","settings":{"form_id":"74","content_width":{"unit":"px","size":"380","sizes":[]},"content_width_mobile":{"unit":"%","size":"90","sizes":[]},"_margin":{"unit":"px","top":"0","right":"0","bottom":"5","left":"0","isLinked":""},"scroll_y":"-80"},"elements":[],"widgetType":"wd_mailchimp"},{"id":"3955279","elType":"widget","settings":{"typography_typography":"custom","wd_content_align":"center","font":"text","size":"custom","font_weight":"100","woodmart_css_id":"5cfb71b45ddad","wd_content_width":{"size":"100","unit":"%"},"inline":"no","typography_font_size":{"size":"14","unit":"px"},"editor":"<p>Will be used in accordance with our <strong><a href=\"#\"><span class=\"\">Privacy Policy<\/span><\/a><\/strong><\/p>\n","scroll_y":"-80","typography_font_weight":"100"},"elements":[],"widgetType":"text-editor"}],"isInner":"1"},{"id":"1444898","elType":"column","settings":{"_column_size":"50","_border_width":{"top":"0","left":"1","right":"0","bottom":"0","unit":"px","isLinked":""},"_border_border":"solid","_border_color":"#eaeaea","_inline_size_tablet":"100","_inline_size_mobile":"100","column_sticky_offset":"50","scroll_y":"-80","padding":{"unit":"px","top":"10","right":"60","bottom":"10","left":"60","isLinked":""}},"elements":[{"id":"9454753","elType":"widget","settings":{"subtitle":"Handcrafted With Integrity","after_title":"","image_size":"custom","title_typography_typography":"custom","title_typography_font_weight":"100","woodmart_css_id":"5cfb6ef52e0e7","title":"What They Say <strong>About Us<\/strong>","title_typography_font_size":{"size":"28","unit":"px"},"title_typography_font_size_mobile":{"size":"27","unit":"px"},"width":{"size":"100","unit":"%"},"subtitle_typography_typography":"custom","subtitle_typography_font_size":{"size":"16","unit":"px"},"subtitle_color":"#8ecbde","scroll_y":"-80"},"elements":[],"widgetType":"wd_title"},{"id":"4647956","elType":"widget","settings":{"stars_rating":"no","spacing":"30","slides_per_view":{"size":"1","unit":"px","sizes":[]},"hide_pagination_control":"yes","center_mode":"no","wrap":"yes","items_repeater":[{"_id":"7720474","image":{"id":"229","url":""},"name":"Jim Wood","title":"Google Inc.","img_size":"80x80","content":"When it's about controlling hundreds of articles, product pages for web shops, or user profiles in social networks, all of them potentially with different sizes, formats, rules for differing elements.","image_size":"custom","image_custom_dimension":{"width":"80","height":"80"}},{"_id":"8914212","image":{"id":"229","url":""},"name":"Kathleen Crystal","title":"Google Inc.","img_size":"80x80","content":"Mauris blandit aliquet elit, eget tincidunt nibh pulvinar a. Vestibulum ante ipsum primis in faucibus orci luctus et ultrices posuere cubilia Curae; Donec velit neque, auctor sit amet aliquam vel, ullamcorper sit.","image_size":"custom","image_custom_dimension":{"width":"80","height":"80"}},{"_id":"7850839","image":{"id":"229","url":""},"name":"Earlene Monna","title":"Google Inc.","img_size":"80x80","content":"Convallis arcu erat, accumsan id imperdiet et, porttitor at sem. Curabitur aliquet quam id dui posuere blandit. Vivamus suscipit tortor eget felis porttitor volutpat. Vivamus suscipit tortor eget felis.","image_size":"custom","image_custom_dimension":{"width":"80","height":"80"}}],"scroll_y":"-80"},"elements":[],"widgetType":"wd_testimonials"}],"isInner":""}],"isInner":"1"}],"isInner":""}],"isInner":""}]]]></wp:meta_value>
		</wp:postmeta>
							<wp:postmeta>
			<wp:meta_key>_elementor_edit_mode</wp:meta_key>
			<wp:meta_value><![CDATA[builder]]></wp:meta_value>
		</wp:postmeta>
							<wp:postmeta>
			<wp:meta_key>_elementor_version</wp:meta_key>
			<wp:meta_value><![CDATA[2.9.11]]></wp:meta_value>
		</wp:postmeta>
							<wp:postmeta>
			<wp:meta_key>_elementor_template_type</wp:meta_key>
			<wp:meta_value><![CDATA[wp-page]]></wp:meta_value>
		</wp:postmeta>
							<wp:postmeta>
			<wp:meta_key>_elementor_controls_usage</wp:meta_key>
			<wp:meta_value><![CDATA[a:15:{s:9:"wd_slider";a:3:{s:5:"count";i:1;s:15:"control_percent";i:1;s:8:"controls";a:2:{s:7:"content";a:1:{s:23:"general_content_section";a:1:{s:6:"slider";i:1;}}s:8:"advanced";a:1:{s:8:"wd_extra";a:1:{s:8:"scroll_y";i:1;}}}}s:6:"column";a:3:{s:5:"count";i:17;s:15:"control_percent";i:1;s:8:"controls";a:3:{s:8:"advanced";a:2:{s:8:"wd_extra";a:2:{s:20:"column_sticky_offset";i:17;s:8:"scroll_y";i:17;}s:16:"section_advanced";a:4:{s:13:"margin_tablet";i:3;s:7:"padding";i:4;s:14:"padding_tablet";i:2;s:13:"margin_mobile";i:1;}}s:6:"layout";a:1:{s:6:"layout";a:4:{s:19:"_inline_size_tablet";i:8;s:16:"content_position";i:1;s:5:"align";i:1;s:19:"_inline_size_mobile";i:2;}}s:5:"style";a:2:{s:13:"section_style";a:2:{s:21:"background_background";i:1;s:16:"background_color";i:1;}s:14:"section_border";a:4:{s:13:"border_border";i:1;s:12:"border_width";i:1;s:19:"border_width_tablet";i:1;s:12:"border_color";i:1;}}}}s:7:"section";a:3:{s:5:"count";i:12;s:15:"control_percent";i:2;s:8:"controls";a:3:{s:6:"layout";a:3:{s:14:"section_layout";a:2:{s:3:"gap";i:1;s:16:"content_position";i:5;}s:15:"wd_extra_layout";a:1:{s:18:"wd_section_stretch";i:4;}s:17:"section_structure";a:1:{s:9:"structure";i:5;}}s:8:"advanced";a:2:{s:16:"section_advanced";a:6:{s:7:"padding";i:6;s:6:"margin";i:10;s:13:"margin_tablet";i:7;s:13:"margin_mobile";i:7;s:14:"padding_tablet";i:1;s:14:"padding_mobile";i:2;}s:19:"_section_responsive";a:2:{s:20:"reverse_order_tablet";i:1;s:20:"reverse_order_mobile";i:1;}}s:5:"style";a:1:{s:18:"section_background";a:9:{s:21:"background_background";i:5;s:16:"background_color";i:4;s:21:"background_color_stop";i:1;s:18:"background_color_b";i:1;s:23:"background_color_b_stop";i:1;s:25:"background_gradient_angle";i:1;s:16:"background_image";i:1;s:15:"background_size";i:1;s:17:"background_repeat";i:1;}}}}s:8:"wd_title";a:3:{s:5:"count";i:9;s:15:"control_percent";i:4;s:8:"controls";a:3:{s:7:"content";a:1:{s:23:"general_content_section";a:3:{s:8:"subtitle";i:9;s:11:"after_title";i:9;s:5:"title";i:9;}}s:5:"style";a:3:{s:19:"title_style_section";a:6:{s:10:"image_size";i:6;s:27:"title_typography_typography";i:9;s:28:"title_typography_font_weight";i:9;s:26:"title_typography_font_size";i:9;s:33:"title_typography_font_size_tablet";i:7;s:33:"title_typography_font_size_mobile";i:8;}s:21:"general_style_section";a:3:{s:5:"align";i:7;s:5:"width";i:6;s:5:"color";i:1;}s:22:"subtitle_style_section";a:3:{s:30:"subtitle_typography_typography";i:2;s:29:"subtitle_typography_font_size";i:2;s:14:"subtitle_color";i:2;}}s:8:"advanced";a:3:{s:8:"wd_extra";a:1:{s:8:"scroll_y";i:9;}s:14:"_section_style";a:2:{s:7:"_margin";i:2;s:8:"_z_index";i:6;}s:17:"_section_position";a:1:{s:14:"_element_width";i:1;}}}}s:19:"wd_infobox_carousel";a:3:{s:5:"count";i:1;s:15:"control_percent";i:3;s:8:"controls";a:3:{s:5:"style";a:4:{s:22:"carousel_style_section";a:3:{s:14:"slider_spacing";i:1;s:15:"slides_per_view";i:1;s:23:"hide_pagination_control";i:1;}s:22:"button_content_section";a:2:{s:9:"btn_color";i:1;s:9:"btn_style";i:1;}s:21:"general_style_section";a:2:{s:9:"alignment";i:1;s:15:"image_alignment";i:1;}s:19:"title_style_section";a:4:{s:27:"title_typography_typography";i:1;s:26:"title_typography_font_size";i:1;s:33:"title_typography_font_size_mobile";i:1;s:28:"title_typography_font_weight";i:1;}}s:7:"content";a:1:{s:23:"general_content_section";a:1:{s:16:"content_repeater";i:1;}}s:8:"advanced";a:1:{s:8:"wd_extra";a:1:{s:8:"scroll_y";i:1;}}}}s:5:"image";a:3:{s:5:"count";i:5;s:15:"control_percent";i:3;s:8:"controls";a:2:{s:7:"content";a:1:{s:13:"section_image";a:4:{s:5:"align";i:5;s:10:"image_size";i:5;s:5:"image";i:5;s:22:"image_custom_dimension";i:5;}}s:8:"advanced";a:2:{s:8:"wd_extra";a:1:{s:8:"scroll_y";i:5;}s:17:"_section_position";a:3:{s:14:"_element_width";i:3;s:9:"_position";i:3;s:9:"_offset_y";i:3;}}}}s:11:"text-editor";a:3:{s:5:"count";i:7;s:15:"control_percent";i:3;s:8:"controls";a:3:{s:5:"style";a:1:{s:13:"section_style";a:10:{s:21:"typography_typography";i:6;s:20:"typography_font_size";i:4;s:27:"typography_font_size_mobile";i:5;s:10:"text_color";i:3;s:16:"wd_content_width";i:7;s:22:"typography_font_weight";i:4;s:22:"typography_line_height";i:3;s:15:"wd_color_scheme";i:1;s:23:"wd_content_width_tablet";i:1;s:16:"wd_content_align";i:1;}}s:7:"content";a:1:{s:14:"section_editor";a:1:{s:6:"editor";i:7;}}s:8:"advanced";a:3:{s:8:"wd_extra";a:1:{s:8:"scroll_y";i:7;}s:14:"_section_style";a:1:{s:7:"_margin";i:5;}s:17:"_section_position";a:1:{s:14:"_element_width";i:3;}}}}s:9:"wd_button";a:3:{s:5:"count";i:5;s:15:"control_percent";i:3;s:8:"controls";a:3:{s:5:"style";a:1:{s:21:"general_style_section";a:4:{s:5:"color";i:3;s:5:"shape";i:4;s:5:"style";i:3;s:5:"align";i:1;}}s:7:"content";a:1:{s:23:"general_content_section";a:1:{s:4:"text";i:5;}}s:8:"advanced";a:4:{s:17:"_section_position";a:1:{s:14:"_element_width";i:5;}s:8:"wd_extra";a:1:{s:8:"scroll_y";i:5;}s:14:"_section_style";a:1:{s:7:"_margin";i:2;}s:19:"_section_responsive";a:1:{s:11:"hide_mobile";i:1;}}}}s:10:"wd_infobox";a:3:{s:5:"count";i:4;s:15:"control_percent";i:4;s:8:"controls";a:3:{s:5:"style";a:4:{s:21:"general_style_section";a:2:{s:9:"alignment";i:4;s:21:"woodmart_color_scheme";i:4;}s:22:"button_content_section";a:1:{s:12:"btn_position";i:4;}s:18:"icon_style_section";a:2:{s:14:"icon_text_size";i:4;s:15:"icon_text_color";i:4;}s:19:"title_style_section";a:3:{s:27:"title_typography_typography";i:4;s:28:"title_typography_font_weight";i:4;s:26:"title_typography_font_size";i:4;}}s:7:"content";a:2:{s:15:"content_section";a:4:{s:8:"btn_text";i:4;s:8:"subtitle";i:4;s:5:"title";i:4;s:7:"content";i:4;}s:20:"icon_content_section";a:2:{s:10:"image_size";i:4;s:9:"icon_text";i:4;}}s:8:"advanced";a:1:{s:8:"wd_extra";a:1:{s:8:"scroll_y";i:4;}}}}s:5:"video";a:3:{s:5:"count";i:1;s:15:"control_percent";i:3;s:8:"controls";a:3:{s:7:"content";a:2:{s:13:"section_video";a:1:{s:10:"video_type";i:1;}s:21:"section_image_overlay";a:2:{s:13:"image_overlay";i:1;s:18:"show_image_overlay";i:1;}}s:8:"advanced";a:2:{s:8:"wd_extra";a:1:{s:8:"scroll_y";i:1;}s:14:"_section_style";a:2:{s:7:"_margin";i:1;s:14:"_margin_tablet";i:1;}}s:5:"style";a:1:{s:19:"section_video_style";a:1:{s:14:"wd_theme_style";i:1;}}}}s:16:"wd_products_tabs";a:3:{s:5:"count";i:1;s:15:"control_percent";i:4;s:8:"controls";a:3:{s:7:"content";a:2:{s:23:"general_content_section";a:1:{s:5:"title";i:1;}s:20:"tabs_content_section";a:1:{s:10:"tabs_items";i:1;}}s:5:"style";a:3:{s:21:"heading_style_section";a:1:{s:6:"design";i:1;}s:29:"products_layout_style_section";a:2:{s:14:"items_per_page";i:1;s:10:"pagination";i:1;}s:29:"products_design_style_section";a:3:{s:13:"product_hover";i:1;s:8:"img_size";i:1;s:15:"img_size_custom";i:1;}}s:8:"advanced";a:1:{s:8:"wd_extra";a:1:{s:8:"scroll_y";i:1;}}}}s:17:"wd_images_gallery";a:3:{s:5:"count";i:1;s:15:"control_percent";i:4;s:8:"controls";a:3:{s:7:"content";a:2:{s:23:"general_content_section";a:3:{s:8:"ids_size";i:1;s:3:"ids";i:1;s:20:"ids_custom_dimension";i:1;}s:20:"click_action_section";a:1:{s:8:"on_click";i:1;}}s:5:"style";a:1:{s:20:"layout_style_section";a:3:{s:7:"spacing";i:1;s:16:"horizontal_align";i:1;s:7:"columns";i:1;}}s:8:"advanced";a:1:{s:8:"wd_extra";a:1:{s:8:"scroll_y";i:1;}}}}s:7:"wd_blog";a:3:{s:5:"count";i:1;s:15:"control_percent";i:3;s:8:"controls";a:2:{s:5:"style";a:2:{s:21:"general_style_section";a:4:{s:12:"blog_spacing";i:1;s:14:"items_per_page";i:1;s:11:"blog_design";i:1;s:8:"img_size";i:1;}s:22:"carousel_style_section";a:2:{s:15:"slides_per_view";i:1;s:23:"hide_pagination_control";i:1;}}s:8:"advanced";a:1:{s:8:"wd_extra";a:1:{s:8:"scroll_y";i:1;}}}}s:12:"wd_mailchimp";a:3:{s:5:"count";i:1;s:15:"control_percent";i:3;s:8:"controls";a:3:{s:7:"content";a:1:{s:23:"general_content_section";a:1:{s:7:"form_id";i:1;}}s:5:"style";a:1:{s:21:"general_style_section";a:2:{s:13:"content_width";i:1;s:20:"content_width_mobile";i:1;}}s:8:"advanced";a:2:{s:14:"_section_style";a:1:{s:7:"_margin";i:1;}s:8:"wd_extra";a:1:{s:8:"scroll_y";i:1;}}}}s:15:"wd_testimonials";a:3:{s:5:"count";i:1;s:15:"control_percent";i:3;s:8:"controls";a:3:{s:5:"style";a:3:{s:21:"general_style_section";a:1:{s:12:"stars_rating";i:1;}s:20:"layout_style_section";a:1:{s:7:"spacing";i:1;}s:22:"carousel_style_section";a:3:{s:15:"slides_per_view";i:1;s:23:"hide_pagination_control";i:1;s:4:"wrap";i:1;}}s:7:"content";a:1:{s:23:"general_content_section";a:1:{s:14:"items_repeater";i:1;}}s:8:"advanced";a:1:{s:8:"wd_extra";a:1:{s:8:"scroll_y";i:1;}}}}}]]></wp:meta_value>
		</wp:postmeta>
							<wp:postmeta>
			<wp:meta_key>wd_page_css_files</wp:meta_key>
			<wp:meta_value><![CDATA[a:22:{i:0;s:12:"wp-gutenberg";i:1;s:5:"wpcf7";i:2;s:5:"mc4wp";i:3;s:17:"revolution-slider";i:4;s:14:"elementor-base";i:5;s:13:"wpbakery-base";i:6;s:13:"notices-fixed";i:7;s:16:"woocommerce-base";i:8;s:12:"social-icons";i:9;s:8:"info-box";i:10;s:6:"banner";i:11;s:6:"slider";i:12;s:12:"owl-carousel";i:13;s:13:"section-title";i:14;s:12:"product-tabs";i:15;s:12:"product-loop";i:16;s:9:"mfp-popup";i:17;s:17:"add-to-cart-popup";i:18;s:13:"image-gallery";i:19;s:9:"blog-base";i:20;s:11:"testimonial";i:21;s:10:"scroll-top";}]]></wp:meta_value>
		</wp:postmeta>
						</item>
					<item>
		<title>
				ae-slider-1-blur		</title>
		<link>http://dummy.xtemos.com/woodmart-elementor/demos/ae-slider-1-blur/</link>
		<pubDate>Sat, 08 Jun 2019 08:02:16 +0000</pubDate>
		<dc:creator><![CDATA[zakhar]]></dc:creator>
		<guid isPermaLink="false">http://dummy.xtemos.com/woodmart-elementor/demos/wp-content/uploads/sites/2/2019/06/ae-slider-1-blur.jpg</guid>
		<description></description>
		<content:encoded><![CDATA[]]></content:encoded>
		<excerpt:encoded><![CDATA[]]></excerpt:encoded>
		<wp:post_id>2416</wp:post_id>
		<wp:post_date>2019-06-08 08:02:16</wp:post_date>
		<wp:post_date_gmt>2019-06-08 08:02:16</wp:post_date_gmt>
		<wp:comment_status>open</wp:comment_status>
		<wp:ping_status>closed</wp:ping_status>
		<wp:post_name>ae-slider-1-blur</wp:post_name>
		<wp:status>inherit</wp:status>
		<wp:post_parent>0</wp:post_parent>
		<wp:menu_order>0</wp:menu_order>
		<wp:post_type>attachment</wp:post_type>
		<wp:post_password></wp:post_password>
		<wp:is_sticky>0</wp:is_sticky>
						<wp:attachment_url>http://dummy.xtemos.com/woodmart-elementor/demos/wp-content/uploads/sites/2/2019/06/ae-slider-1-blur.jpg</wp:attachment_url>
												<wp:postmeta>
			<wp:meta_key>_wp_attached_file</wp:meta_key>
			<wp:meta_value><![CDATA[2019/06/ae-slider-1-blur.jpg]]></wp:meta_value>
		</wp:postmeta>
						</item>
					<item>
		<title>
				ae-slider-2-blur		</title>
		<link>http://dummy.xtemos.com/woodmart-elementor/demos/ae-slider-2-blur/</link>
		<pubDate>Sat, 08 Jun 2019 08:02:18 +0000</pubDate>
		<dc:creator><![CDATA[zakhar]]></dc:creator>
		<guid isPermaLink="false">http://dummy.xtemos.com/woodmart-elementor/demos/wp-content/uploads/sites/2/2019/06/ae-slider-2-blur.jpg</guid>
		<description></description>
		<content:encoded><![CDATA[]]></content:encoded>
		<excerpt:encoded><![CDATA[]]></excerpt:encoded>
		<wp:post_id>2417</wp:post_id>
		<wp:post_date>2019-06-08 08:02:18</wp:post_date>
		<wp:post_date_gmt>2019-06-08 08:02:18</wp:post_date_gmt>
		<wp:comment_status>open</wp:comment_status>
		<wp:ping_status>closed</wp:ping_status>
		<wp:post_name>ae-slider-2-blur</wp:post_name>
		<wp:status>inherit</wp:status>
		<wp:post_parent>0</wp:post_parent>
		<wp:menu_order>0</wp:menu_order>
		<wp:post_type>attachment</wp:post_type>
		<wp:post_password></wp:post_password>
		<wp:is_sticky>0</wp:is_sticky>
						<wp:attachment_url>http://dummy.xtemos.com/woodmart-elementor/demos/wp-content/uploads/sites/2/2019/06/ae-slider-2-blur.jpg</wp:attachment_url>
												<wp:postmeta>
			<wp:meta_key>_wp_attached_file</wp:meta_key>
			<wp:meta_value><![CDATA[2019/06/ae-slider-2-blur.jpg]]></wp:meta_value>
		</wp:postmeta>
						</item>
					<item>
		<title>
				ae-slider-3-blur		</title>
		<link>http://dummy.xtemos.com/woodmart-elementor/demos/ae-slider-3-blur/</link>
		<pubDate>Sat, 08 Jun 2019 08:02:20 +0000</pubDate>
		<dc:creator><![CDATA[zakhar]]></dc:creator>
		<guid isPermaLink="false">http://dummy.xtemos.com/woodmart-elementor/demos/wp-content/uploads/sites/2/2019/06/ae-slider-3-blur.jpg</guid>
		<description></description>
		<content:encoded><![CDATA[]]></content:encoded>
		<excerpt:encoded><![CDATA[]]></excerpt:encoded>
		<wp:post_id>2418</wp:post_id>
		<wp:post_date>2019-06-08 08:02:20</wp:post_date>
		<wp:post_date_gmt>2019-06-08 08:02:20</wp:post_date_gmt>
		<wp:comment_status>open</wp:comment_status>
		<wp:ping_status>closed</wp:ping_status>
		<wp:post_name>ae-slider-3-blur</wp:post_name>
		<wp:status>inherit</wp:status>
		<wp:post_parent>0</wp:post_parent>
		<wp:menu_order>0</wp:menu_order>
		<wp:post_type>attachment</wp:post_type>
		<wp:post_password></wp:post_password>
		<wp:is_sticky>0</wp:is_sticky>
						<wp:attachment_url>http://dummy.xtemos.com/woodmart-elementor/demos/wp-content/uploads/sites/2/2019/06/ae-slider-3-blur.jpg</wp:attachment_url>
												<wp:postmeta>
			<wp:meta_key>_wp_attached_file</wp:meta_key>
			<wp:meta_value><![CDATA[2019/06/ae-slider-3-blur.jpg]]></wp:meta_value>
		</wp:postmeta>
						</item>
					<item>
		<title>
				Alternative-energy slide 1		</title>
		<link>http://dummy.xtemos.com/woodmart-elementor/demos/woodmart_slide/alternative-energy-slide-1/</link>
		<pubDate>Sat, 08 Jun 2019 08:04:41 +0000</pubDate>
		<dc:creator><![CDATA[zakhar]]></dc:creator>
		<guid isPermaLink="false">http://dummy.xtemos.com/woodmart-elementor/demos/?post_type=woodmart_slide&#038;p=2419</guid>
		<description></description>
		<content:encoded><![CDATA[Switch to cleaner energy				
				<h4>
					We Find Highest Use<br />
for <strong>All Resources</strong>				</h4>
			<a href="#">
					Read More				
							</a>
			<a href="#">
					View More				
							</a>]]></content:encoded>
		<excerpt:encoded><![CDATA[]]></excerpt:encoded>
		<wp:post_id>2419</wp:post_id>
		<wp:post_date>2019-06-08 08:04:41</wp:post_date>
		<wp:post_date_gmt>2019-06-08 08:04:41</wp:post_date_gmt>
		<wp:comment_status>closed</wp:comment_status>
		<wp:ping_status>closed</wp:ping_status>
		<wp:post_name>alternative-energy-slide-1</wp:post_name>
		<wp:status>publish</wp:status>
		<wp:post_parent>0</wp:post_parent>
		<wp:menu_order>0</wp:menu_order>
		<wp:post_type>woodmart_slide</wp:post_type>
		<wp:post_password></wp:post_password>
		<wp:is_sticky>0</wp:is_sticky>
										<category domain="woodmart_slider" nicename="alternative-energy-slider"><![CDATA[Alternative-energy slider]]></category>
						<wp:postmeta>
			<wp:meta_key>_thumbnail_id</wp:meta_key>
			<wp:meta_value><![CDATA[2417]]></wp:meta_value>
		</wp:postmeta>
							<wp:postmeta>
			<wp:meta_key>bg_color</wp:meta_key>
			<wp:meta_value><![CDATA[#95aebc]]></wp:meta_value>
		</wp:postmeta>
							<wp:postmeta>
			<wp:meta_key>vertical_align</wp:meta_key>
			<wp:meta_value><![CDATA[middle]]></wp:meta_value>
		</wp:postmeta>
							<wp:postmeta>
			<wp:meta_key>horizontal_align</wp:meta_key>
			<wp:meta_value><![CDATA[center]]></wp:meta_value>
		</wp:postmeta>
							<wp:postmeta>
			<wp:meta_key>content_full_width</wp:meta_key>
			<wp:meta_value><![CDATA[on]]></wp:meta_value>
		</wp:postmeta>
							<wp:postmeta>
			<wp:meta_key>slide_animation</wp:meta_key>
			<wp:meta_value><![CDATA[slide-from-right]]></wp:meta_value>
		</wp:postmeta>
							<wp:postmeta>
			<wp:meta_key>_elementor_data</wp:meta_key>
			<wp:meta_value><![CDATA[[{"id":"2512780","elType":"section","settings":[],"elements":[{"id":"1696359","elType":"column","settings":{"_column_size":"100","woodmart_text_align":"center","mobile_bg_img_hidden":"no","tablet_bg_img_hidden":"no","woodmart_parallax":"0","parallax_scroll":"no","mobile_reset_margin":"no","tablet_reset_margin":"no","align":"center","column_sticky_offset":"50","scroll_y":"-80"},"elements":[{"id":"2587208","elType":"widget","settings":{"subtitle":"Switch to cleaner energy","after_title":"","image_size":"custom","title_typography_typography":"custom","title_typography_font_weight":"100","color":"white","subtitle_font_weight":"100","woodmart_css_id":"5cfb6ce4aa663","title":"We Find Highest Use\r\nfor <strong>All Resources<\/strong>","width":{"size":"70","unit":"%"},"title_typography_font_size":{"size":"80","unit":"px"},"title_typography_font_size_tablet":{"size":"56","unit":"px"},"title_typography_font_size_mobile":{"size":"32","unit":"px"},"subtitle_typography_typography":"custom","subtitle_typography_font_size":{"size":"28","unit":"px"},"subtitle_typography_font_size_mobile":{"size":"22","unit":"px"},"width_tablet":{"unit":"%","size":"80","sizes":[]},"width_mobile":{"unit":"%","size":"100","sizes":[]},"scroll_y":"-80"},"elements":[],"widgetType":"wd_title"},{"id":"3343524","elType":"widget","settings":{"color":"primary","shape":"round","woodmart_css_id":"5cf6745d8870c","text":"Read More","_element_width":"auto","_margin":{"unit":"px","top":"0","right":"15","bottom":"0","left":"0","isLinked":""},"scroll_y":"-80"},"elements":[],"widgetType":"wd_button"},{"id":"2124708","elType":"widget","settings":{"color":"white","style":"bordered","shape":"round","woodmart_css_id":"5cfb7a30bd188","text":"View More","_element_width":"auto","scroll_y":"-80"},"elements":[],"widgetType":"wd_button"}],"isInner":""}],"isInner":""}]]]></wp:meta_value>
		</wp:postmeta>
							<wp:postmeta>
			<wp:meta_key>_elementor_edit_mode</wp:meta_key>
			<wp:meta_value><![CDATA[builder]]></wp:meta_value>
		</wp:postmeta>
							<wp:postmeta>
			<wp:meta_key>_elementor_version</wp:meta_key>
			<wp:meta_value><![CDATA[2.9.11]]></wp:meta_value>
		</wp:postmeta>
							<wp:postmeta>
			<wp:meta_key>_wp_page_template</wp:meta_key>
			<wp:meta_value><![CDATA[default]]></wp:meta_value>
		</wp:postmeta>
							<wp:postmeta>
			<wp:meta_key>_elementor_template_type</wp:meta_key>
			<wp:meta_value><![CDATA[wp-post]]></wp:meta_value>
		</wp:postmeta>
							<wp:postmeta>
			<wp:meta_key>_elementor_controls_usage</wp:meta_key>
			<wp:meta_value><![CDATA[a:4:{s:8:"wd_title";a:3:{s:5:"count";i:1;s:15:"control_percent";i:5;s:8:"controls";a:3:{s:7:"content";a:1:{s:23:"general_content_section";a:3:{s:8:"subtitle";i:1;s:11:"after_title";i:1;s:5:"title";i:1;}}s:5:"style";a:3:{s:19:"title_style_section";a:6:{s:10:"image_size";i:1;s:27:"title_typography_typography";i:1;s:28:"title_typography_font_weight";i:1;s:26:"title_typography_font_size";i:1;s:33:"title_typography_font_size_tablet";i:1;s:33:"title_typography_font_size_mobile";i:1;}s:21:"general_style_section";a:4:{s:5:"color";i:1;s:5:"width";i:1;s:12:"width_tablet";i:1;s:12:"width_mobile";i:1;}s:22:"subtitle_style_section";a:3:{s:30:"subtitle_typography_typography";i:1;s:29:"subtitle_typography_font_size";i:1;s:36:"subtitle_typography_font_size_mobile";i:1;}}s:8:"advanced";a:1:{s:8:"wd_extra";a:1:{s:8:"scroll_y";i:1;}}}}s:9:"wd_button";a:3:{s:5:"count";i:2;s:15:"control_percent";i:3;s:8:"controls";a:3:{s:5:"style";a:1:{s:21:"general_style_section";a:3:{s:5:"color";i:2;s:5:"shape";i:2;s:5:"style";i:1;}}s:7:"content";a:1:{s:23:"general_content_section";a:1:{s:4:"text";i:2;}}s:8:"advanced";a:3:{s:17:"_section_position";a:1:{s:14:"_element_width";i:2;}s:14:"_section_style";a:1:{s:7:"_margin";i:1;}s:8:"wd_extra";a:1:{s:8:"scroll_y";i:2;}}}}s:6:"column";a:3:{s:5:"count";i:1;s:15:"control_percent";i:1;s:8:"controls";a:2:{s:6:"layout";a:1:{s:6:"layout";a:1:{s:5:"align";i:1;}}s:8:"advanced";a:1:{s:8:"wd_extra";a:2:{s:20:"column_sticky_offset";i:1;s:8:"scroll_y";i:1;}}}}s:7:"section";a:3:{s:5:"count";i:1;s:15:"control_percent";i:0;s:8:"controls";a:0:{}}}]]></wp:meta_value>
		</wp:postmeta>
						</item>
					<item>
		<title>
				Alternative-energy slide 2		</title>
		<link>http://dummy.xtemos.com/woodmart-elementor/demos/woodmart_slide/alternative-energy-slide-1-2/</link>
		<pubDate>Sat, 08 Jun 2019 08:05:40 +0000</pubDate>
		<dc:creator><![CDATA[zakhar]]></dc:creator>
		<guid isPermaLink="false">http://dummy.xtemos.com/woodmart-elementor/demos/?post_type=woodmart_slide&#038;p=2420</guid>
		<description></description>
		<content:encoded><![CDATA[The energy generator				
				<h4>
					The Best Examples of <strong>Alternative Energy</strong>				</h4>
			<a href="#">
					Read More				
							</a>
			<a href="#">
					View More				
							</a>]]></content:encoded>
		<excerpt:encoded><![CDATA[]]></excerpt:encoded>
		<wp:post_id>2420</wp:post_id>
		<wp:post_date>2019-06-08 08:05:40</wp:post_date>
		<wp:post_date_gmt>2019-06-08 08:05:40</wp:post_date_gmt>
		<wp:comment_status>closed</wp:comment_status>
		<wp:ping_status>closed</wp:ping_status>
		<wp:post_name>alternative-energy-slide-1-2</wp:post_name>
		<wp:status>publish</wp:status>
		<wp:post_parent>0</wp:post_parent>
		<wp:menu_order>0</wp:menu_order>
		<wp:post_type>woodmart_slide</wp:post_type>
		<wp:post_password></wp:post_password>
		<wp:is_sticky>0</wp:is_sticky>
										<category domain="woodmart_slider" nicename="alternative-energy-slider"><![CDATA[Alternative-energy slider]]></category>
						<wp:postmeta>
			<wp:meta_key>_thumbnail_id</wp:meta_key>
			<wp:meta_value><![CDATA[2416]]></wp:meta_value>
		</wp:postmeta>
							<wp:postmeta>
			<wp:meta_key>bg_color</wp:meta_key>
			<wp:meta_value><![CDATA[#95aebc]]></wp:meta_value>
		</wp:postmeta>
							<wp:postmeta>
			<wp:meta_key>vertical_align</wp:meta_key>
			<wp:meta_value><![CDATA[middle]]></wp:meta_value>
		</wp:postmeta>
							<wp:postmeta>
			<wp:meta_key>horizontal_align</wp:meta_key>
			<wp:meta_value><![CDATA[center]]></wp:meta_value>
		</wp:postmeta>
							<wp:postmeta>
			<wp:meta_key>content_full_width</wp:meta_key>
			<wp:meta_value><![CDATA[on]]></wp:meta_value>
		</wp:postmeta>
							<wp:postmeta>
			<wp:meta_key>slide_animation</wp:meta_key>
			<wp:meta_value><![CDATA[slide-from-right]]></wp:meta_value>
		</wp:postmeta>
							<wp:postmeta>
			<wp:meta_key>_wp_old_slug</wp:meta_key>
			<wp:meta_value><![CDATA[alternative-energy-slide-1]]></wp:meta_value>
		</wp:postmeta>
							<wp:postmeta>
			<wp:meta_key>_elementor_data</wp:meta_key>
			<wp:meta_value><![CDATA[[{"id":"2111331","elType":"section","settings":[],"elements":[{"id":"5613980","elType":"column","settings":{"_column_size":"100","woodmart_text_align":"center","mobile_bg_img_hidden":"no","tablet_bg_img_hidden":"no","woodmart_parallax":"0","parallax_scroll":"no","mobile_reset_margin":"no","tablet_reset_margin":"no","align":"center","column_sticky_offset":"50","scroll_y":"-80"},"elements":[{"id":"5717082","elType":"widget","settings":{"subtitle":"The energy generator","after_title":"","image_size":"custom","title_typography_typography":"custom","title_typography_font_weight":"100","color":"white","subtitle_font_weight":"100","woodmart_css_id":"5cfb6cffdefa7","title":"The Best Examples of <strong>Alternative Energy<\/strong>","width":{"size":"70","unit":"%"},"title_typography_font_size":{"size":"80","unit":"px"},"title_typography_font_size_tablet":{"size":"56","unit":"px"},"title_typography_font_size_mobile":{"size":"32","unit":"px"},"subtitle_typography_typography":"custom","subtitle_typography_font_size":{"size":"28","unit":"px"},"subtitle_typography_font_size_mobile":{"size":"22","unit":"px"},"width_tablet":{"unit":"%","size":"80","sizes":[]},"width_mobile":{"unit":"%","size":"100","sizes":[]},"scroll_y":"-80"},"elements":[],"widgetType":"wd_title"},{"id":"6376142","elType":"widget","settings":{"color":"primary","shape":"round","woodmart_css_id":"5cf6745d8870c","text":"Read More","_element_width":"auto","_margin":{"unit":"px","top":"0","right":"15","bottom":"0","left":"0","isLinked":""},"scroll_y":"-80"},"elements":[],"widgetType":"wd_button"},{"id":"6669211","elType":"widget","settings":{"color":"white","style":"bordered","shape":"round","woodmart_css_id":"5cfb7a397362e","text":"View More","_element_width":"auto","scroll_y":"-80"},"elements":[],"widgetType":"wd_button"}],"isInner":""}],"isInner":""}]]]></wp:meta_value>
		</wp:postmeta>
							<wp:postmeta>
			<wp:meta_key>_elementor_edit_mode</wp:meta_key>
			<wp:meta_value><![CDATA[builder]]></wp:meta_value>
		</wp:postmeta>
							<wp:postmeta>
			<wp:meta_key>_elementor_version</wp:meta_key>
			<wp:meta_value><![CDATA[2.9.11]]></wp:meta_value>
		</wp:postmeta>
							<wp:postmeta>
			<wp:meta_key>_wp_page_template</wp:meta_key>
			<wp:meta_value><![CDATA[default]]></wp:meta_value>
		</wp:postmeta>
							<wp:postmeta>
			<wp:meta_key>_elementor_template_type</wp:meta_key>
			<wp:meta_value><![CDATA[wp-post]]></wp:meta_value>
		</wp:postmeta>
							<wp:postmeta>
			<wp:meta_key>_elementor_controls_usage</wp:meta_key>
			<wp:meta_value><![CDATA[a:4:{s:8:"wd_title";a:3:{s:5:"count";i:1;s:15:"control_percent";i:5;s:8:"controls";a:3:{s:7:"content";a:1:{s:23:"general_content_section";a:3:{s:8:"subtitle";i:1;s:11:"after_title";i:1;s:5:"title";i:1;}}s:5:"style";a:3:{s:19:"title_style_section";a:6:{s:10:"image_size";i:1;s:27:"title_typography_typography";i:1;s:28:"title_typography_font_weight";i:1;s:26:"title_typography_font_size";i:1;s:33:"title_typography_font_size_tablet";i:1;s:33:"title_typography_font_size_mobile";i:1;}s:21:"general_style_section";a:4:{s:5:"color";i:1;s:5:"width";i:1;s:12:"width_tablet";i:1;s:12:"width_mobile";i:1;}s:22:"subtitle_style_section";a:3:{s:30:"subtitle_typography_typography";i:1;s:29:"subtitle_typography_font_size";i:1;s:36:"subtitle_typography_font_size_mobile";i:1;}}s:8:"advanced";a:1:{s:8:"wd_extra";a:1:{s:8:"scroll_y";i:1;}}}}s:9:"wd_button";a:3:{s:5:"count";i:2;s:15:"control_percent";i:3;s:8:"controls";a:3:{s:5:"style";a:1:{s:21:"general_style_section";a:3:{s:5:"color";i:2;s:5:"shape";i:2;s:5:"style";i:1;}}s:7:"content";a:1:{s:23:"general_content_section";a:1:{s:4:"text";i:2;}}s:8:"advanced";a:3:{s:17:"_section_position";a:1:{s:14:"_element_width";i:2;}s:14:"_section_style";a:1:{s:7:"_margin";i:1;}s:8:"wd_extra";a:1:{s:8:"scroll_y";i:2;}}}}s:6:"column";a:3:{s:5:"count";i:1;s:15:"control_percent";i:1;s:8:"controls";a:2:{s:6:"layout";a:1:{s:6:"layout";a:1:{s:5:"align";i:1;}}s:8:"advanced";a:1:{s:8:"wd_extra";a:2:{s:20:"column_sticky_offset";i:1;s:8:"scroll_y";i:1;}}}}s:7:"section";a:3:{s:5:"count";i:1;s:15:"control_percent";i:0;s:8:"controls";a:0:{}}}]]></wp:meta_value>
		</wp:postmeta>
						</item>
					<item>
		<title>
				Alternative-energy slide 3		</title>
		<link>http://dummy.xtemos.com/woodmart-elementor/demos/woodmart_slide/alternative-energy-slide-1-3/</link>
		<pubDate>Sat, 08 Jun 2019 08:06:17 +0000</pubDate>
		<dc:creator><![CDATA[zakhar]]></dc:creator>
		<guid isPermaLink="false">http://dummy.xtemos.com/woodmart-elementor/demos/?post_type=woodmart_slide&#038;p=2421</guid>
		<description></description>
		<content:encoded><![CDATA[The power generator				
				<h4>
					The Benefits of<br />
<strong>Solar Power</strong>				</h4>
			<a href="#">
					Read More				
							</a>
			<a href="#">
					View More				
							</a>]]></content:encoded>
		<excerpt:encoded><![CDATA[]]></excerpt:encoded>
		<wp:post_id>2421</wp:post_id>
		<wp:post_date>2019-06-08 08:06:17</wp:post_date>
		<wp:post_date_gmt>2019-06-08 08:06:17</wp:post_date_gmt>
		<wp:comment_status>closed</wp:comment_status>
		<wp:ping_status>closed</wp:ping_status>
		<wp:post_name>alternative-energy-slide-1-3</wp:post_name>
		<wp:status>publish</wp:status>
		<wp:post_parent>0</wp:post_parent>
		<wp:menu_order>0</wp:menu_order>
		<wp:post_type>woodmart_slide</wp:post_type>
		<wp:post_password></wp:post_password>
		<wp:is_sticky>0</wp:is_sticky>
										<category domain="woodmart_slider" nicename="alternative-energy-slider"><![CDATA[Alternative-energy slider]]></category>
						<wp:postmeta>
			<wp:meta_key>_thumbnail_id</wp:meta_key>
			<wp:meta_value><![CDATA[2418]]></wp:meta_value>
		</wp:postmeta>
							<wp:postmeta>
			<wp:meta_key>bg_color</wp:meta_key>
			<wp:meta_value><![CDATA[#95aebc]]></wp:meta_value>
		</wp:postmeta>
							<wp:postmeta>
			<wp:meta_key>vertical_align</wp:meta_key>
			<wp:meta_value><![CDATA[middle]]></wp:meta_value>
		</wp:postmeta>
							<wp:postmeta>
			<wp:meta_key>horizontal_align</wp:meta_key>
			<wp:meta_value><![CDATA[center]]></wp:meta_value>
		</wp:postmeta>
							<wp:postmeta>
			<wp:meta_key>content_full_width</wp:meta_key>
			<wp:meta_value><![CDATA[on]]></wp:meta_value>
		</wp:postmeta>
							<wp:postmeta>
			<wp:meta_key>slide_animation</wp:meta_key>
			<wp:meta_value><![CDATA[slide-from-right]]></wp:meta_value>
		</wp:postmeta>
							<wp:postmeta>
			<wp:meta_key>_wp_old_slug</wp:meta_key>
			<wp:meta_value><![CDATA[alternative-energy-slide-1]]></wp:meta_value>
		</wp:postmeta>
							<wp:postmeta>
			<wp:meta_key>_elementor_data</wp:meta_key>
			<wp:meta_value><![CDATA[[{"id":"4778073","elType":"section","settings":[],"elements":[{"id":"1721077","elType":"column","settings":{"_column_size":"100","woodmart_text_align":"center","mobile_bg_img_hidden":"no","tablet_bg_img_hidden":"no","woodmart_parallax":"0","parallax_scroll":"no","mobile_reset_margin":"no","tablet_reset_margin":"no","align":"center","column_sticky_offset":"50","scroll_y":"-80"},"elements":[{"id":"867517","elType":"widget","settings":{"subtitle":"The power generator","after_title":"","image_size":"custom","title_typography_typography":"custom","title_typography_font_weight":"100","color":"white","subtitle_font_weight":"100","woodmart_css_id":"5cfb6c9b03633","title":"The Benefits of\r\n<strong>Solar Power<\/strong>","width":{"size":"70","unit":"%"},"title_typography_font_size":{"size":"80","unit":"px"},"title_typography_font_size_tablet":{"size":"56","unit":"px"},"title_typography_font_size_mobile":{"size":"32","unit":"px"},"subtitle_typography_typography":"custom","subtitle_typography_font_size":{"size":"28","unit":"px"},"subtitle_typography_font_size_mobile":{"size":"22","unit":"px"},"width_tablet":{"unit":"%","size":"80","sizes":[]},"width_mobile":{"unit":"%","size":"100","sizes":[]},"scroll_y":"-80"},"elements":[],"widgetType":"wd_title"},{"id":"7751362","elType":"widget","settings":{"color":"primary","shape":"round","woodmart_css_id":"5cf6745d8870c","text":"Read More","_element_width":"auto","_margin":{"unit":"px","top":"0","right":"15","bottom":"0","left":"0","isLinked":""},"scroll_y":"-80"},"elements":[],"widgetType":"wd_button"},{"id":"2887901","elType":"widget","settings":{"color":"white","style":"bordered","shape":"round","woodmart_css_id":"5cfb7a426d0ae","text":"View More","_element_width":"auto","scroll_y":"-80"},"elements":[],"widgetType":"wd_button"}],"isInner":""}],"isInner":""}]]]></wp:meta_value>
		</wp:postmeta>
							<wp:postmeta>
			<wp:meta_key>_elementor_edit_mode</wp:meta_key>
			<wp:meta_value><![CDATA[builder]]></wp:meta_value>
		</wp:postmeta>
							<wp:postmeta>
			<wp:meta_key>_elementor_version</wp:meta_key>
			<wp:meta_value><![CDATA[2.9.11]]></wp:meta_value>
		</wp:postmeta>
							<wp:postmeta>
			<wp:meta_key>_wp_page_template</wp:meta_key>
			<wp:meta_value><![CDATA[default]]></wp:meta_value>
		</wp:postmeta>
							<wp:postmeta>
			<wp:meta_key>_elementor_template_type</wp:meta_key>
			<wp:meta_value><![CDATA[wp-post]]></wp:meta_value>
		</wp:postmeta>
							<wp:postmeta>
			<wp:meta_key>_elementor_controls_usage</wp:meta_key>
			<wp:meta_value><![CDATA[a:4:{s:8:"wd_title";a:3:{s:5:"count";i:1;s:15:"control_percent";i:5;s:8:"controls";a:3:{s:7:"content";a:1:{s:23:"general_content_section";a:3:{s:8:"subtitle";i:1;s:11:"after_title";i:1;s:5:"title";i:1;}}s:5:"style";a:3:{s:19:"title_style_section";a:6:{s:10:"image_size";i:1;s:27:"title_typography_typography";i:1;s:28:"title_typography_font_weight";i:1;s:26:"title_typography_font_size";i:1;s:33:"title_typography_font_size_tablet";i:1;s:33:"title_typography_font_size_mobile";i:1;}s:21:"general_style_section";a:4:{s:5:"color";i:1;s:5:"width";i:1;s:12:"width_tablet";i:1;s:12:"width_mobile";i:1;}s:22:"subtitle_style_section";a:3:{s:30:"subtitle_typography_typography";i:1;s:29:"subtitle_typography_font_size";i:1;s:36:"subtitle_typography_font_size_mobile";i:1;}}s:8:"advanced";a:1:{s:8:"wd_extra";a:1:{s:8:"scroll_y";i:1;}}}}s:9:"wd_button";a:3:{s:5:"count";i:2;s:15:"control_percent";i:3;s:8:"controls";a:3:{s:5:"style";a:1:{s:21:"general_style_section";a:3:{s:5:"color";i:2;s:5:"shape";i:2;s:5:"style";i:1;}}s:7:"content";a:1:{s:23:"general_content_section";a:1:{s:4:"text";i:2;}}s:8:"advanced";a:3:{s:17:"_section_position";a:1:{s:14:"_element_width";i:2;}s:14:"_section_style";a:1:{s:7:"_margin";i:1;}s:8:"wd_extra";a:1:{s:8:"scroll_y";i:2;}}}}s:6:"column";a:3:{s:5:"count";i:1;s:15:"control_percent";i:1;s:8:"controls";a:2:{s:6:"layout";a:1:{s:6:"layout";a:1:{s:5:"align";i:1;}}s:8:"advanced";a:1:{s:8:"wd_extra";a:2:{s:20:"column_sticky_offset";i:1;s:8:"scroll_y";i:1;}}}}s:7:"section";a:3:{s:5:"count";i:1;s:15:"control_percent";i:0;s:8:"controls";a:0:{}}}]]></wp:meta_value>
		</wp:postmeta>
						</item>
					<item>
		<title>
				svg-ae-energy		</title>
		<link>http://dummy.xtemos.com/woodmart-elementor/demos/svg-ae-energy/</link>
		<pubDate>Sat, 08 Jun 2019 08:12:31 +0000</pubDate>
		<dc:creator><![CDATA[zakhar]]></dc:creator>
		<guid isPermaLink="false">http://dummy.xtemos.com/woodmart-elementor/demos/wp-content/uploads/sites/2/2019/06/svg-ae-energy.svg</guid>
		<description></description>
		<content:encoded><![CDATA[]]></content:encoded>
		<excerpt:encoded><![CDATA[]]></excerpt:encoded>
		<wp:post_id>2422</wp:post_id>
		<wp:post_date>2019-06-08 08:12:31</wp:post_date>
		<wp:post_date_gmt>2019-06-08 08:12:31</wp:post_date_gmt>
		<wp:comment_status>open</wp:comment_status>
		<wp:ping_status>closed</wp:ping_status>
		<wp:post_name>svg-ae-energy</wp:post_name>
		<wp:status>inherit</wp:status>
		<wp:post_parent>0</wp:post_parent>
		<wp:menu_order>0</wp:menu_order>
		<wp:post_type>attachment</wp:post_type>
		<wp:post_password></wp:post_password>
		<wp:is_sticky>0</wp:is_sticky>
						<wp:attachment_url>http://dummy.xtemos.com/woodmart-elementor/demos/wp-content/uploads/sites/2/2019/06/svg-ae-energy.svg</wp:attachment_url>
												<wp:postmeta>
			<wp:meta_key>_wp_attached_file</wp:meta_key>
			<wp:meta_value><![CDATA[2019/06/svg-ae-energy.svg]]></wp:meta_value>
		</wp:postmeta>
							<wp:postmeta>
			<wp:meta_key>_elementor_inline_svg</wp:meta_key>
			<wp:meta_value><![CDATA[<svg width="80" height="80" viewBox="0 0 80 80" fill="none" xmlns="http://www.w3.org/2000/svg">
<circle cx="40" cy="40" r="40" fill="white"/>
<path d="M52.1377 19.6263C52.6638 19.9429 53.1838 20.283 53.6833 20.6374C53.8724 20.7716 54.09 20.8362 54.3057 20.8362C54.6421 20.8362 54.9735 20.6792 55.1832 20.3848C55.5275 19.9016 55.4141 19.2316 54.93 18.8881C54.3866 18.5024 53.8208 18.1325 53.2487 17.7881C52.7396 17.4818 52.0789 17.6456 51.772 18.153C51.4653 18.6605 51.6289 19.3203 52.1377 19.6263Z" fill="#8ECBDE"/>
<path d="M64.8151 39.2016C57.7212 39.2016 51.0519 41.9581 46.0357 46.9632C41.2293 51.7591 38.4937 58.0698 38.2733 64.8164C25.4278 64.1453 15.1514 53.4546 15.1514 40.4999C15.1514 27.0714 26.1003 16.1466 39.5583 16.1466C42.7864 16.1466 45.9222 16.7652 48.8788 17.9854C49.4278 18.2118 50.0569 17.9516 50.284 17.4038C50.5109 16.8559 50.2501 16.2283 49.701 16.0017C46.4823 14.6734 43.0698 14 39.5582 14C32.4643 14 25.7949 16.7565 20.7787 21.7616C15.7625 26.7667 13 33.4215 13 40.4999C13 47.5378 15.7356 54.1651 20.7028 59.1611C25.667 64.1539 32.2809 66.9367 39.3263 66.9971H39.3264L39.5583 67C46.6522 67 53.3215 64.2434 58.3377 59.2384C63.3539 54.2331 66.1164 47.5784 66.1164 40.5C66.1083 39.664 65.653 39.2097 64.8151 39.2016ZM41.9334 64.7371L50.1286 56.5598C50.5487 56.1407 50.5487 55.4611 50.1286 55.0418C49.7085 54.6228 49.0275 54.6228 48.6073 55.0418L40.5489 63.0825C41.8325 51.1629 51.7711 41.7893 63.9499 41.3632C63.52 53.5998 53.9975 63.5684 41.9334 64.7371Z" fill="#8ECBDE"/>
<path d="M52.5251 53.724C52.8004 53.724 53.0756 53.6191 53.2857 53.4096L55.0334 51.6657C55.4534 51.2466 55.4534 50.567 55.0334 50.1477C54.6132 49.7287 53.9323 49.7287 53.512 50.1477L51.7643 51.8916C51.3443 52.3107 51.3443 52.9903 51.7643 53.4096C51.9744 53.6192 52.2497 53.724 52.5251 53.724Z" fill="#8ECBDE"/>
<path d="M66.6849 26.2884L64.664 24.2721L65.1273 23.8098C65.329 23.6084 65.4423 23.3355 65.4423 23.0508C65.4423 22.7662 65.329 22.4931 65.1273 22.2919L63.3935 20.562C62.5091 19.6797 61.3336 19.1938 60.0831 19.1938C58.8326 19.1938 57.657 19.6797 56.7728 20.562L55.8085 21.5241C54.9243 22.4065 54.4373 23.5794 54.4373 24.8272C54.4373 26.075 54.9243 27.248 55.8085 28.1303L57.5423 29.8602C57.7524 30.0697 58.0277 30.1746 58.303 30.1746C58.5782 30.1746 58.8535 30.0697 59.0636 29.8602L59.5268 29.398L61.5477 31.4145C61.7578 31.624 62.033 31.7289 62.3083 31.7289C62.5836 31.7289 62.8588 31.624 63.0689 31.4145C63.489 30.9954 63.489 30.3157 63.0689 29.8965L61.048 27.88L63.1426 25.79L65.1635 27.8064C65.3736 28.0159 65.6489 28.1207 65.9242 28.1207C66.1994 28.1207 66.4747 28.0159 66.6848 27.8064C67.1051 27.3872 67.1051 26.7076 66.6849 26.2884ZM58.303 27.5833L57.3298 26.6123C56.8519 26.1355 56.5886 25.5015 56.5886 24.8271C56.5886 24.1527 56.8518 23.5188 57.3298 23.0419L58.294 22.0798C58.7718 21.603 59.4073 21.3402 60.0831 21.3402C60.759 21.3402 61.3943 21.6029 61.8722 22.0798L62.8454 23.0507L58.303 27.5833Z" fill="#8ECBDE"/>
</svg>
]]></wp:meta_value>
		</wp:postmeta>
						</item>
					<item>
		<title>
				swg-ae-wind-generator		</title>
		<link>http://dummy.xtemos.com/woodmart-elementor/demos/swg-ae-wind-generator/</link>
		<pubDate>Sat, 08 Jun 2019 08:18:57 +0000</pubDate>
		<dc:creator><![CDATA[zakhar]]></dc:creator>
		<guid isPermaLink="false">http://dummy.xtemos.com/woodmart-elementor/demos/wp-content/uploads/sites/2/2019/06/swg-ae-wind-generator.png</guid>
		<description></description>
		<content:encoded><![CDATA[]]></content:encoded>
		<excerpt:encoded><![CDATA[]]></excerpt:encoded>
		<wp:post_id>2427</wp:post_id>
		<wp:post_date>2019-06-08 08:18:57</wp:post_date>
		<wp:post_date_gmt>2019-06-08 08:18:57</wp:post_date_gmt>
		<wp:comment_status>open</wp:comment_status>
		<wp:ping_status>closed</wp:ping_status>
		<wp:post_name>swg-ae-wind-generator</wp:post_name>
		<wp:status>inherit</wp:status>
		<wp:post_parent>0</wp:post_parent>
		<wp:menu_order>0</wp:menu_order>
		<wp:post_type>attachment</wp:post_type>
		<wp:post_password></wp:post_password>
		<wp:is_sticky>0</wp:is_sticky>
						<wp:attachment_url>http://dummy.xtemos.com/woodmart-elementor/demos/wp-content/uploads/sites/2/2019/06/swg-ae-wind-generator.png</wp:attachment_url>
												<wp:postmeta>
			<wp:meta_key>_wp_attached_file</wp:meta_key>
			<wp:meta_value><![CDATA[2019/06/swg-ae-wind-generator.png]]></wp:meta_value>
		</wp:postmeta>
						</item>
					<item>
		<title>
				Manrope3-Thin		</title>
		<link>http://dummy.xtemos.com/woodmart-elementor/demos/manrope3-thin-4/</link>
		<pubDate>Sat, 08 Jun 2019 09:48:34 +0000</pubDate>
		<dc:creator><![CDATA[zakhar]]></dc:creator>
		<guid isPermaLink="false">http://dummy.xtemos.com/woodmart-elementor/demos/wp-content/uploads/sites/2/2019/06/Manrope3-Thin.woff</guid>
		<description></description>
		<content:encoded><![CDATA[]]></content:encoded>
		<excerpt:encoded><![CDATA[]]></excerpt:encoded>
		<wp:post_id>2450</wp:post_id>
		<wp:post_date>2019-06-08 09:48:34</wp:post_date>
		<wp:post_date_gmt>2019-06-08 09:48:34</wp:post_date_gmt>
		<wp:comment_status>open</wp:comment_status>
		<wp:ping_status>closed</wp:ping_status>
		<wp:post_name>manrope3-thin-4</wp:post_name>
		<wp:status>inherit</wp:status>
		<wp:post_parent>0</wp:post_parent>
		<wp:menu_order>0</wp:menu_order>
		<wp:post_type>attachment</wp:post_type>
		<wp:post_password></wp:post_password>
		<wp:is_sticky>0</wp:is_sticky>
						<wp:attachment_url>http://dummy.xtemos.com/woodmart-elementor/demos/wp-content/uploads/sites/2/2019/06/Manrope3-Thin.woff</wp:attachment_url>
												<wp:postmeta>
			<wp:meta_key>_wp_attached_file</wp:meta_key>
			<wp:meta_value><![CDATA[2019/06/Manrope3-Thin.woff]]></wp:meta_value>
		</wp:postmeta>
						</item>
					<item>
		<title>
				Manrope3-Thin		</title>
		<link>http://dummy.xtemos.com/woodmart-elementor/demos/manrope3-thin-5/</link>
		<pubDate>Sat, 08 Jun 2019 09:48:35 +0000</pubDate>
		<dc:creator><![CDATA[zakhar]]></dc:creator>
		<guid isPermaLink="false">http://dummy.xtemos.com/woodmart-elementor/demos/wp-content/uploads/sites/2/2019/06/Manrope3-Thin.woff2</guid>
		<description></description>
		<content:encoded><![CDATA[]]></content:encoded>
		<excerpt:encoded><![CDATA[]]></excerpt:encoded>
		<wp:post_id>2451</wp:post_id>
		<wp:post_date>2019-06-08 09:48:35</wp:post_date>
		<wp:post_date_gmt>2019-06-08 09:48:35</wp:post_date_gmt>
		<wp:comment_status>open</wp:comment_status>
		<wp:ping_status>closed</wp:ping_status>
		<wp:post_name>manrope3-thin-5</wp:post_name>
		<wp:status>inherit</wp:status>
		<wp:post_parent>0</wp:post_parent>
		<wp:menu_order>0</wp:menu_order>
		<wp:post_type>attachment</wp:post_type>
		<wp:post_password></wp:post_password>
		<wp:is_sticky>0</wp:is_sticky>
						<wp:attachment_url>http://dummy.xtemos.com/woodmart-elementor/demos/wp-content/uploads/sites/2/2019/06/Manrope3-Thin.woff2</wp:attachment_url>
												<wp:postmeta>
			<wp:meta_key>_wp_attached_file</wp:meta_key>
			<wp:meta_value><![CDATA[2019/06/Manrope3-Thin.woff2]]></wp:meta_value>
		</wp:postmeta>
						</item>
					<item>
		<title>
				Manrope3-Bold		</title>
		<link>http://dummy.xtemos.com/woodmart-elementor/demos/manrope3-bold-3/</link>
		<pubDate>Sat, 08 Jun 2019 09:48:50 +0000</pubDate>
		<dc:creator><![CDATA[zakhar]]></dc:creator>
		<guid isPermaLink="false">http://dummy.xtemos.com/woodmart-elementor/demos/wp-content/uploads/sites/2/2019/06/Manrope3-Bold.ttf</guid>
		<description></description>
		<content:encoded><![CDATA[]]></content:encoded>
		<excerpt:encoded><![CDATA[]]></excerpt:encoded>
		<wp:post_id>2454</wp:post_id>
		<wp:post_date>2019-06-08 09:48:50</wp:post_date>
		<wp:post_date_gmt>2019-06-08 09:48:50</wp:post_date_gmt>
		<wp:comment_status>open</wp:comment_status>
		<wp:ping_status>closed</wp:ping_status>
		<wp:post_name>manrope3-bold-3</wp:post_name>
		<wp:status>inherit</wp:status>
		<wp:post_parent>0</wp:post_parent>
		<wp:menu_order>0</wp:menu_order>
		<wp:post_type>attachment</wp:post_type>
		<wp:post_password></wp:post_password>
		<wp:is_sticky>0</wp:is_sticky>
						<wp:attachment_url>http://dummy.xtemos.com/woodmart-elementor/demos/wp-content/uploads/sites/2/2019/06/Manrope3-Bold.ttf</wp:attachment_url>
												<wp:postmeta>
			<wp:meta_key>_wp_attached_file</wp:meta_key>
			<wp:meta_value><![CDATA[2019/06/Manrope3-Bold.ttf]]></wp:meta_value>
		</wp:postmeta>
						</item>
					<item>
		<title>
				Manrope3-Bold		</title>
		<link>http://dummy.xtemos.com/woodmart-elementor/demos/manrope3-bold-4/</link>
		<pubDate>Sat, 08 Jun 2019 09:48:51 +0000</pubDate>
		<dc:creator><![CDATA[zakhar]]></dc:creator>
		<guid isPermaLink="false">http://dummy.xtemos.com/woodmart-elementor/demos/wp-content/uploads/sites/2/2019/06/Manrope3-Bold.woff</guid>
		<description></description>
		<content:encoded><![CDATA[]]></content:encoded>
		<excerpt:encoded><![CDATA[]]></excerpt:encoded>
		<wp:post_id>2455</wp:post_id>
		<wp:post_date>2019-06-08 09:48:51</wp:post_date>
		<wp:post_date_gmt>2019-06-08 09:48:51</wp:post_date_gmt>
		<wp:comment_status>open</wp:comment_status>
		<wp:ping_status>closed</wp:ping_status>
		<wp:post_name>manrope3-bold-4</wp:post_name>
		<wp:status>inherit</wp:status>
		<wp:post_parent>0</wp:post_parent>
		<wp:menu_order>0</wp:menu_order>
		<wp:post_type>attachment</wp:post_type>
		<wp:post_password></wp:post_password>
		<wp:is_sticky>0</wp:is_sticky>
						<wp:attachment_url>http://dummy.xtemos.com/woodmart-elementor/demos/wp-content/uploads/sites/2/2019/06/Manrope3-Bold.woff</wp:attachment_url>
												<wp:postmeta>
			<wp:meta_key>_wp_attached_file</wp:meta_key>
			<wp:meta_value><![CDATA[2019/06/Manrope3-Bold.woff]]></wp:meta_value>
		</wp:postmeta>
						</item>
					<item>
		<title>
				Manrope3-Bold		</title>
		<link>http://dummy.xtemos.com/woodmart-elementor/demos/manrope3-bold-5/</link>
		<pubDate>Sat, 08 Jun 2019 09:48:53 +0000</pubDate>
		<dc:creator><![CDATA[zakhar]]></dc:creator>
		<guid isPermaLink="false">http://dummy.xtemos.com/woodmart-elementor/demos/wp-content/uploads/sites/2/2019/06/Manrope3-Bold.woff2</guid>
		<description></description>
		<content:encoded><![CDATA[]]></content:encoded>
		<excerpt:encoded><![CDATA[]]></excerpt:encoded>
		<wp:post_id>2456</wp:post_id>
		<wp:post_date>2019-06-08 09:48:53</wp:post_date>
		<wp:post_date_gmt>2019-06-08 09:48:53</wp:post_date_gmt>
		<wp:comment_status>open</wp:comment_status>
		<wp:ping_status>closed</wp:ping_status>
		<wp:post_name>manrope3-bold-5</wp:post_name>
		<wp:status>inherit</wp:status>
		<wp:post_parent>0</wp:post_parent>
		<wp:menu_order>0</wp:menu_order>
		<wp:post_type>attachment</wp:post_type>
		<wp:post_password></wp:post_password>
		<wp:is_sticky>0</wp:is_sticky>
						<wp:attachment_url>http://dummy.xtemos.com/woodmart-elementor/demos/wp-content/uploads/sites/2/2019/06/Manrope3-Bold.woff2</wp:attachment_url>
												<wp:postmeta>
			<wp:meta_key>_wp_attached_file</wp:meta_key>
			<wp:meta_value><![CDATA[2019/06/Manrope3-Bold.woff2]]></wp:meta_value>
		</wp:postmeta>
						</item>
						<item>
		<title>origami</title>
		<link>http://dummy.xtemos.com/woodmart/demos/origami/</link>
		<pubDate>Tue, 21 Jul 2020 09:10:17 +0000</pubDate>
		<dc:creator><![CDATA[zakhar]]></dc:creator>
		<guid isPermaLink="false">http://dummy.xtemos.com/woodmart/demos/wp-content/uploads/sites/2/2020/07/origami.svg</guid>
		<description></description>
		<content:encoded><![CDATA[]]></content:encoded>
		<excerpt:encoded><![CDATA[]]></excerpt:encoded>
		<wp:post_id>2868</wp:post_id>
		<wp:post_date>2020-07-21 09:10:17</wp:post_date>
		<wp:post_date_gmt>2020-07-21 09:10:17</wp:post_date_gmt>
		<wp:comment_status>open</wp:comment_status>
		<wp:ping_status>closed</wp:ping_status>
		<wp:post_name>origami</wp:post_name>
		<wp:status>inherit</wp:status>
		<wp:post_parent>0</wp:post_parent>
		<wp:menu_order>0</wp:menu_order>
		<wp:post_type>attachment</wp:post_type>
		<wp:post_password></wp:post_password>
		<wp:is_sticky>0</wp:is_sticky>
		<wp:attachment_url>http://dummy.xtemos.com/woodmart/demos/wp-content/uploads/sites/2/2020/07/origami.svg</wp:attachment_url>
		<wp:postmeta>
			<wp:meta_key>_wp_attached_file</wp:meta_key>
			<wp:meta_value><![CDATA[2020/07/origami.svg]]></wp:meta_value>
		</wp:postmeta>
	</item>
				</channel>
</rss>
	