<?xml version="1.0" encoding="UTF-8" ?>
<!-- This is a WordPress eXtended RSS file generated by WordPress as an export of your site. -->
<!-- It contains information about your site's posts, pages, comments, categories, and other content. -->
<!-- You may use this file to transfer that content from one site to another. -->
<!-- This file is not intended to serve as a complete backup of your site. -->

<!-- To import this information into a WordPress site follow these steps: -->
<!-- 1. Log in to that site as an administrator. -->
<!-- 2. Go to Tools: Import in the WordPress admin panel. -->
<!-- 3. Install the "WordPress" importer from the list. -->
<!-- 4. Activate & Run Importer. -->
<!-- 5. Upload this file using the form provided on that page. -->
<!-- 6. You will first be asked to map the authors in this export file to users -->
<!--    on the site. For each author, you may choose to map to an -->
<!--    existing user on the site or to create a new user. -->
<!-- 7. WordPress will then import each of the posts, pages, comments, categories, etc. -->
<!--    contained in this file into your site. -->

	<!-- generator="WordPress/5.4.4" created="2021-03-29 14:14" -->
<rss version="2.0"
	xmlns:excerpt="http://wordpress.org/export/1.2/excerpt/"
	xmlns:content="http://purl.org/rss/1.0/modules/content/"
	xmlns:wfw="http://wellformedweb.org/CommentAPI/"
	xmlns:dc="http://purl.org/dc/elements/1.1/"
	xmlns:wp="http://wordpress.org/export/1.2/"
>

<channel>
	<title>Woodmart dummy demos</title>
	<link>http://dummy.xtemos.com/woodmart-elementor/demos</link>
	<description>Just another Woodmart Dummy Content Sites site</description>
	<pubDate>Mon, 29 Mar 2021 14:14:18 +0000</pubDate>
	<language>en-US</language>
	<wp:wxr_version>1.2</wp:wxr_version>
	<wp:base_site_url>http://dummy.xtemos.com/woodmart-elementor/</wp:base_site_url>
	<wp:base_blog_url>http://dummy.xtemos.com/woodmart-elementor/demos</wp:base_blog_url>

		<wp:author><wp:author_id>4</wp:author_id><wp:author_login>zakhar</wp:author_login><wp:author_email>sdads@asdasd.asd</wp:author_email><wp:author_display_name><![CDATA[zakhar]]></wp:author_display_name><wp:author_first_name><![CDATA[]]></wp:author_first_name><wp:author_last_name><![CDATA[]]></wp:author_last_name></wp:author>

				
	<generator>https://wordpress.org/?v=5.4.4</generator>

		<item>
		<title>
				Home Coffee		</title>
		<link>http://dummy.xtemos.com/woodmart-elementor/demos/home-coffee/</link>
		<pubDate>Fri, 25 Dec 2020 12:16:20 +0000</pubDate>
		<dc:creator><![CDATA[zakhar]]></dc:creator>
		<guid isPermaLink="false">http://dummy.xtemos.com/woodmart-elementor/demos/?page_id=9408</guid>
		<description></description>
		<content:encoded><![CDATA[ 						

		
							
						
													
				
					22				
					Jun				
				
							Furniture
							
					Minimalist J]]></content:encoded>
		<excerpt:encoded><![CDATA[]]></excerpt:encoded>
		<wp:post_id>9408</wp:post_id>
		<wp:post_date>2020-12-25 12:16:20</wp:post_date>
		<wp:post_date_gmt>2020-12-25 12:16:20</wp:post_date_gmt>
		<wp:comment_status>closed</wp:comment_status>
		<wp:ping_status>closed</wp:ping_status>
		<wp:post_name>home-coffee</wp:post_name>
		<wp:status>publish</wp:status>
		<wp:post_parent>0</wp:post_parent>
		<wp:menu_order>0</wp:menu_order>
		<wp:post_type>page</wp:post_type>
		<wp:post_password></wp:post_password>
		<wp:is_sticky>0</wp:is_sticky>
														<wp:postmeta>
			<wp:meta_key>_woodmart_whb_header</wp:meta_key>
			<wp:meta_value><![CDATA[none]]></wp:meta_value>
		</wp:postmeta>
							<wp:postmeta>
			<wp:meta_key>_woodmart_title_image</wp:meta_key>
			<wp:meta_value><![CDATA[]]></wp:meta_value>
		</wp:postmeta>
							<wp:postmeta>
			<wp:meta_key>_woodmart_title_bg_color</wp:meta_key>
			<wp:meta_value><![CDATA[]]></wp:meta_value>
		</wp:postmeta>
							<wp:postmeta>
			<wp:meta_key>_woodmart_page-title-size</wp:meta_key>
			<wp:meta_value><![CDATA[inherit]]></wp:meta_value>
		</wp:postmeta>
							<wp:postmeta>
			<wp:meta_key>_woodmart_main_layout</wp:meta_key>
			<wp:meta_value><![CDATA[full-width]]></wp:meta_value>
		</wp:postmeta>
							<wp:postmeta>
			<wp:meta_key>_elementor_edit_mode</wp:meta_key>
			<wp:meta_value><![CDATA[builder]]></wp:meta_value>
		</wp:postmeta>
							<wp:postmeta>
			<wp:meta_key>_elementor_template_type</wp:meta_key>
			<wp:meta_value><![CDATA[wp-page]]></wp:meta_value>
		</wp:postmeta>
							<wp:postmeta>
			<wp:meta_key>_elementor_version</wp:meta_key>
			<wp:meta_value><![CDATA[2.9.11]]></wp:meta_value>
		</wp:postmeta>
							<wp:postmeta>
			<wp:meta_key>_wp_page_template</wp:meta_key>
			<wp:meta_value><![CDATA[default]]></wp:meta_value>
		</wp:postmeta>
							<wp:postmeta>
			<wp:meta_key>_elementor_data</wp:meta_key>
			<wp:meta_value><![CDATA[[{"id":"6d10a4e","elType":"section","settings":{"gap":"no","wd_section_stretch":"stretch","margin":{"unit":"px","top":"0","right":"0","bottom":"80","left":"0","isLinked":""},"margin_tablet":{"unit":"px","top":"0","right":"0","bottom":"60","left":"0","isLinked":""},"margin_mobile":{"unit":"px","top":"0","right":"0","bottom":"40","left":"0","isLinked":""}},"elements":[{"id":"13d1445","elType":"column","settings":{"_column_size":"100","column_sticky_offset":"50","scroll_y":"-80"},"elements":[{"id":"7b8488e","elType":"widget","settings":{"slider":"coffee-slider","scroll_y":"-80"},"elements":[],"widgetType":"wd_slider"}],"isInner":""}],"isInner":""},{"id":"cb11e20","elType":"section","settings":{"margin":{"unit":"px","top":"0","right":"0","bottom":"70","left":"0","isLinked":""},"margin_tablet":{"unit":"px","top":"0","right":"0","bottom":"50","left":"0","isLinked":""},"margin_mobile":{"unit":"px","top":"0","right":"0","bottom":"30","left":"0","isLinked":""}},"elements":[{"id":"6f95817","elType":"column","settings":{"_column_size":"100","column_sticky_offset":"50","scroll_y":"-80"},"elements":[{"id":"d9798af","elType":"widget","settings":{"subtitle":"","title":"Our Coffee","after_title":"<p>You begin with a text, you sculpt information.<\/p>","size":"large","title_color":"#114639","scroll_y":"-80","text_typography_typography":"custom","text_typography_font_size":{"unit":"px","size":"15","sizes":[]},"text_typography_font_size_mobile":{"unit":"px","size":"14","sizes":[]}},"elements":[],"widgetType":"wd_title"},{"id":"05e9acf","elType":"widget","settings":{"title":"","tabs_items":[{"title":"All","_id":"8f74d81","post_type":"product","include":"","taxonomies":"","orderby":"","offset":"","query_type":"OR","order":"","meta_key":"","exclude":"","image":{"url":"","id":""},"image_size":"thumbnail","image_custom_dimension":{"width":"","height":""}},{"title":"SINGLE ORIGIN","post_type":"product","include":"","taxonomies":"","orderby":"","offset":"","query_type":"OR","order":"DESC","meta_key":"","exclude":"","image":{"url":"","id":""},"image_size":"thumbnail","image_custom_dimension":{"width":"","height":""},"_id":"2564fdd"},{"title":"SPECIALTY","post_type":"product","include":"","taxonomies":"","orderby":"","offset":"","query_type":"OR","order":"","meta_key":"","exclude":"","image":{"url":"","id":""},"image_size":"thumbnail","image_custom_dimension":{"width":"","height":""},"_id":"28d3aec"},{"title":"DECAF","post_type":"product","include":"","taxonomies":"","orderby":"","offset":"","query_type":"AND","order":"ASC","meta_key":"","exclude":"","image":{"url":"","id":""},"image_size":"thumbnail","image_custom_dimension":{"width":"","height":""},"_id":"92c8053"}],"color":"#114639","spacing":"20","items_per_page":"4","product_hover":"icons","scroll_y":"-80","img_size":"custom","img_size_custom":{"width":"430","height":"487"}},"elements":[],"widgetType":"wd_products_tabs"}],"isInner":""}],"isInner":""},{"id":"e057f91","elType":"section","settings":{"wd_section_stretch":"stretch","background_background":"classic","background_image":{"url":"http:\/\/dummy.xtemos.com\/woodmart-elementor\/demos\/wp-content\/uploads\/sites\/2\/2020\/12\/w-coffee-bg-opt.jpg","id":"9445"},"background_position":"center left","background_repeat":"no-repeat","margin":{"unit":"px","top":"0","right":"0","bottom":"70","left":"0","isLinked":""},"margin_tablet":{"unit":"px","top":"0","right":"0","bottom":"50","left":"0","isLinked":""},"margin_mobile":{"unit":"px","top":"0","right":"0","bottom":"30","left":"0","isLinked":""},"background_size_tablet":"initial","background_bg_width_tablet":{"unit":"px","size":"0","sizes":[]}},"elements":[{"id":"ae8906a","elType":"column","settings":{"_column_size":"100","column_sticky_offset":"50","scroll_y":"-80"},"elements":[{"id":"7a9e197","elType":"section","settings":{"structure":"20","margin":{"unit":"px","top":"0","right":"0","bottom":"80","left":"0","isLinked":""},"margin_tablet":{"unit":"px","top":"0","right":"0","bottom":"60","left":"0","isLinked":""},"margin_mobile":{"unit":"px","top":"0","right":"0","bottom":"40","left":"0","isLinked":""}},"elements":[{"id":"7e21a7f","elType":"column","settings":{"_column_size":"50","_inline_size":"58.3","column_sticky_offset":"50","scroll_y":"-80","_inline_size_tablet":"100"},"elements":[{"id":"da917c8","elType":"widget","settings":{"image":{"url":"http:\/\/dummy.xtemos.com\/woodmart-elementor\/demos\/wp-content\/uploads\/sites\/2\/2020\/12\/w-coffee-banner-1-opt.jpg","id":"9441"},"image_size":"full","subtitle":"","title":"Check out our coffee shop","content":"Design is no afterthought, far from.","btn_text":"FIND US","style":"content-background","custom_content_bg_color":"#F3F3F3","custom_title_color":"#114639","title_typography_typography":"custom","title_typography_font_size":{"unit":"px","size":"34","sizes":[]},"title_typography_font_size_tablet":{"unit":"px","size":"22","sizes":[]},"title_typography_font_size_mobile":{"unit":"px","size":"20","sizes":[]},"btn_color":"primary","btn_style":"link","vertical_alignment":"bottom","width":{"unit":"%","size":"60","sizes":[]},"width_tablet":{"unit":"%","size":"70","sizes":[]},"width_mobile":{"unit":"%","size":"80","sizes":[]},"scroll_y":"-80"},"elements":[],"widgetType":"wd_banner"}],"isInner":"1"},{"id":"f977467","elType":"column","settings":{"_column_size":"50","_inline_size":"37.869","content_position":"bottom","column_sticky_offset":"50","scroll_y":"-80","_inline_size_tablet":"100"},"elements":[{"id":"cb4dedd","elType":"widget","settings":{"subtitle":"","title":"Try new flavors first","after_title":"<p>You come to the point, make things.<\/p>","title_color":"#114639","title_typography_typography":"custom","title_typography_font_size":{"unit":"px","size":"32","sizes":[]},"title_typography_font_size_tablet":{"unit":"px","size":"22","sizes":[]},"title_typography_font_size_mobile":{"unit":"px","size":"20","sizes":[]},"_margin":{"unit":"px","top":"30","right":"0","bottom":"0","left":"0","isLinked":""},"scroll_y":"-80"},"elements":[],"widgetType":"wd_title"},{"id":"ade2473","elType":"widget","settings":{"text":"CONTACT US","style":"link","color":"primary","scroll_y":"-80"},"elements":[],"widgetType":"wd_button"},{"id":"129f869","elType":"widget","settings":{"image":{"url":"http:\/\/dummy.xtemos.com\/woodmart-elementor\/demos\/wp-content\/uploads\/sites\/2\/2020\/12\/w-coffee-banner-2-opt-1.jpg","id":"9442"},"image_size":"full","scroll_y":"-80"},"elements":[],"widgetType":"image"}],"isInner":"1"}],"isInner":"1"},{"id":"e57ed6d","elType":"section","settings":{"content_position":"middle","structure":"20"},"elements":[{"id":"7ac5943","elType":"column","settings":{"_column_size":"50","column_sticky_offset":"50","scroll_y":"-80","_inline_size_tablet":"100"},"elements":[{"id":"cda14a2","elType":"widget","settings":{"image":{"url":"http:\/\/dummy.xtemos.com\/woodmart-elementor\/demos\/wp-content\/uploads\/sites\/2\/2020\/12\/w-coffee-svg-1.svg","id":"9446"},"image_size":"custom","image_custom_dimension":{"width":"80","height":"80"},"align":"left","scroll_y":"-80"},"elements":[],"widgetType":"image"},{"id":"cfcc448","elType":"widget","settings":{"subtitle":"","title":"Finely ground coffee beans","after_title":"<p>Settling you has separate supplied bed. Concluded resembled suspected his resources curiosity joy. Led all cottage met enabled attempt through talking delight.<\/p>","align":"left","title_color":"#114639","title_typography_typography":"custom","title_typography_font_size":{"unit":"px","size":"44","sizes":[]},"title_typography_font_size_tablet":{"unit":"px","size":"22","sizes":[]},"title_typography_font_size_mobile":{"unit":"px","size":"20","sizes":[]},"title_typography_line_height":{"unit":"em","size":"1.3","sizes":[]},"_margin":{"unit":"px","top":"0","right":"0","bottom":"10","left":"0","isLinked":""},"scroll_y":"-80","width":{"unit":"%","size":"78","sizes":[]},"width_tablet":{"unit":"%","size":"75","sizes":[]},"width_mobile":{"unit":"%","size":"100","sizes":[]},"text_typography_typography":"custom","text_typography_font_size":{"unit":"px","size":"15","sizes":[]},"text_typography_font_size_mobile":{"unit":"px","size":"14","sizes":[]}},"elements":[],"widgetType":"wd_title"},{"id":"a334cf4","elType":"widget","settings":{"text":"Read more","color":"primary","_margin":{"unit":"px","top":"0","right":"20","bottom":"0","left":"0","isLinked":""},"scroll_y":"-80","_element_width":"auto"},"elements":[],"widgetType":"wd_button"},{"id":"8574475","elType":"widget","settings":{"text":"View more","style":"bordered","scroll_y":"-80","_element_width":"auto"},"elements":[],"widgetType":"wd_button"}],"isInner":"1"},{"id":"20aa00d","elType":"column","settings":{"_column_size":"50","content_position":"bottom","column_sticky_offset":"50","scroll_y":"-80","_inline_size_tablet":"100"},"elements":[{"id":"defe844","elType":"widget","settings":{"image":{"url":"http:\/\/dummy.xtemos.com\/woodmart-elementor\/demos\/wp-content\/uploads\/sites\/2\/2020\/12\/w-coffee-parallax-scroll-1-opt.jpg","id":"9449"},"image_size":"full","align":"left","_margin":{"unit":"px","top":"0","right":"-360","bottom":"0","left":"0","isLinked":""},"scroll_y":"-80","_margin_mobile":{"unit":"px","top":"0","right":"0","bottom":"0","left":"0","isLinked":""}},"elements":[],"widgetType":"image"}],"isInner":"1"}],"isInner":"1"}],"isInner":""}],"isInner":""},{"id":"bbad220","elType":"section","settings":{"margin":{"unit":"px","top":"0","right":"0","bottom":"80","left":"0","isLinked":""},"margin_tablet":{"unit":"px","top":"0","right":"0","bottom":"60","left":"0","isLinked":""},"margin_mobile":{"unit":"px","top":"0","right":"0","bottom":"40","left":"0","isLinked":""}},"elements":[{"id":"ca185e0","elType":"column","settings":{"_column_size":"100","column_sticky_offset":"50","scroll_y":"-80"},"elements":[{"id":"49bb6b1","elType":"widget","settings":{"subtitle":"","title":"Brewing Equipment","after_title":"<p>Even if your less into design and more into content strategy.<\/p>","size":"large","title_color":"#114639","scroll_y":"-80","text_typography_typography":"custom","text_typography_font_size":{"unit":"px","size":"15","sizes":[]},"text_typography_font_size_mobile":{"unit":"px","size":"14","sizes":[]}},"elements":[],"widgetType":"wd_title"},{"id":"303ba3b","elType":"widget","settings":{"layout":"carousel","items_per_page":"6","slides_per_view":{"unit":"px","size":"4","sizes":[]},"hide_pagination_control":"yes","img_size":"custom","img_size_custom":{"width":"430","height":"487"},"scroll_y":"-80"},"elements":[],"widgetType":"wd_products"}],"isInner":""}],"isInner":""},{"id":"2f20b19","elType":"section","settings":{"content_position":"middle","structure":"20","margin":{"unit":"px","top":"0","right":"0","bottom":"80","left":"0","isLinked":""},"margin_tablet":{"unit":"px","top":"0","right":"0","bottom":"60","left":"0","isLinked":""},"margin_mobile":{"unit":"px","top":"0","right":"0","bottom":"40","left":"0","isLinked":""}},"elements":[{"id":"909295a","elType":"column","settings":{"_column_size":"50","column_sticky_offset":"50","scroll_y":"-80","_inline_size_tablet":"100"},"elements":[{"id":"fc02548","elType":"widget","settings":{"image":{"url":"http:\/\/dummy.xtemos.com\/woodmart-elementor\/demos\/wp-content\/uploads\/sites\/2\/2020\/12\/w-coffee-parallax-scroll-2-opt.jpg","id":"9457"},"image_size":"full","align":"left","_margin":{"unit":"px","top":"0","right":"0","bottom":"0","left":"-360","isLinked":""},"scroll_y":"-80","_margin_mobile":{"unit":"px","top":"0","right":"0","bottom":"0","left":"0","isLinked":""}},"elements":[],"widgetType":"image"}],"isInner":""},{"id":"13a3ef5","elType":"column","settings":{"_column_size":"50","column_sticky_offset":"50","scroll_y":"-80","_inline_size_tablet":"100"},"elements":[{"id":"da33975","elType":"widget","settings":{"image":{"url":"http:\/\/dummy.xtemos.com\/woodmart-elementor\/demos\/wp-content\/uploads\/sites\/2\/2020\/12\/w-coffee-svg-1.svg","id":"9446"},"image_size":"custom","image_custom_dimension":{"width":"80","height":"80"},"align":"left","scroll_y":"-80"},"elements":[],"widgetType":"image"},{"id":"26550f0","elType":"widget","settings":{"subtitle":"","title":"Choose for your perfect coffee roast","after_title":"<p>Anyway, you still use Lorem Ipsum and rightly so, as it will the always have a place in web workers toolbox, as happen checkpoints always things, not the way.<\/p>","align":"left","title_color":"#114639","title_typography_typography":"custom","title_typography_font_size":{"unit":"px","size":"44","sizes":[]},"title_typography_font_size_tablet":{"unit":"px","size":"22","sizes":[]},"title_typography_font_size_mobile":{"unit":"px","size":"20","sizes":[]},"title_typography_line_height":{"unit":"em","size":"1.3","sizes":[]},"_margin":{"unit":"px","top":"0","right":"0","bottom":"10","left":"0","isLinked":""},"scroll_y":"-80","width_tablet":{"unit":"%","size":"70","sizes":[]},"width_mobile":{"unit":"%","size":"100","sizes":[]},"width":{"unit":"%","size":"80","sizes":[]},"text_typography_typography":"custom","text_typography_font_size":{"unit":"px","size":"15","sizes":[]},"text_typography_font_size_mobile":{"unit":"px","size":"14","sizes":[]}},"elements":[],"widgetType":"wd_title"},{"id":"666484d","elType":"widget","settings":{"text":"Read more","color":"primary","_margin":{"unit":"px","top":"0","right":"20","bottom":"0","left":"0","isLinked":""},"scroll_y":"-80","_element_width":"auto"},"elements":[],"widgetType":"wd_button"},{"id":"9b56243","elType":"widget","settings":{"text":"View more","style":"bordered","scroll_y":"-80","_element_width":"auto"},"elements":[],"widgetType":"wd_button"}],"isInner":""}],"isInner":""},{"id":"87104da","elType":"section","settings":[],"elements":[{"id":"7181194","elType":"column","settings":{"_column_size":"100","column_sticky_offset":"50","scroll_y":"-80"},"elements":[{"id":"fd9b715","elType":"widget","settings":{"subtitle":"","title":"Our Articles","after_title":"<p>It's content strategy gone awry right from the start.<\/p>","size":"large","title_color":"#114639","scroll_y":"-80","text_typography_typography":"custom","text_typography_font_size":{"unit":"px","size":"15","sizes":[]},"text_typography_font_size_mobile":{"unit":"px","size":"14","sizes":[]}},"elements":[],"widgetType":"wd_title"},{"id":"eceef24","elType":"widget","settings":{"blog_design":"carousel","blog_carousel_design":"mask","img_size":"custom","img_size_custom":{"width":"500","height":"526"},"items_per_page":"4","hide_pagination_control":"yes","scroll_y":"-80"},"elements":[],"widgetType":"wd_blog"}],"isInner":""}],"isInner":""}]]]></wp:meta_value>
		</wp:postmeta>
							<wp:postmeta>
			<wp:meta_key>_woodmart_title_off</wp:meta_key>
			<wp:meta_value><![CDATA[on]]></wp:meta_value>
		</wp:postmeta>
							<wp:postmeta>
			<wp:meta_key>_elementor_controls_usage</wp:meta_key>
			<wp:meta_value><![CDATA[a:10:{s:9:"wd_slider";a:3:{s:5:"count";i:1;s:15:"control_percent";i:1;s:8:"controls";a:2:{s:7:"content";a:1:{s:23:"general_content_section";a:1:{s:6:"slider";i:1;}}s:8:"advanced";a:1:{s:8:"wd_extra";a:1:{s:8:"scroll_y";i:1;}}}}s:6:"column";a:3:{s:5:"count";i:11;s:15:"control_percent";i:1;s:8:"controls";a:2:{s:8:"advanced";a:1:{s:8:"wd_extra";a:2:{s:20:"column_sticky_offset";i:11;s:8:"scroll_y";i:11;}}s:6:"layout";a:1:{s:6:"layout";a:3:{s:12:"_inline_size";i:2;s:19:"_inline_size_tablet";i:6;s:16:"content_position";i:2;}}}}s:7:"section";a:3:{s:5:"count";i:8;s:15:"control_percent";i:0;s:8:"controls";a:3:{s:6:"layout";a:3:{s:14:"section_layout";a:2:{s:3:"gap";i:1;s:16:"content_position";i:2;}s:15:"wd_extra_layout";a:1:{s:18:"wd_section_stretch";i:2;}s:17:"section_structure";a:1:{s:9:"structure";i:3;}}s:8:"advanced";a:1:{s:16:"section_advanced";a:3:{s:6:"margin";i:6;s:13:"margin_tablet";i:6;s:13:"margin_mobile";i:6;}}s:5:"style";a:1:{s:18:"section_background";a:6:{s:21:"background_background";i:1;s:16:"background_image";i:1;s:19:"background_position";i:1;s:17:"background_repeat";i:1;s:22:"background_size_tablet";i:1;s:26:"background_bg_width_tablet";i:1;}}}}s:8:"wd_title";a:3:{s:5:"count";i:6;s:15:"control_percent";i:3;s:8:"controls";a:3:{s:7:"content";a:1:{s:23:"general_content_section";a:3:{s:8:"subtitle";i:6;s:5:"title";i:6;s:11:"after_title";i:6;}}s:5:"style";a:3:{s:21:"general_style_section";a:5:{s:4:"size";i:3;s:5:"align";i:2;s:5:"width";i:2;s:12:"width_tablet";i:2;s:12:"width_mobile";i:2;}s:19:"title_style_section";a:6:{s:11:"title_color";i:6;s:27:"title_typography_typography";i:3;s:26:"title_typography_font_size";i:3;s:33:"title_typography_font_size_tablet";i:3;s:33:"title_typography_font_size_mobile";i:3;s:28:"title_typography_line_height";i:2;}s:18:"text_style_section";a:3:{s:26:"text_typography_typography";i:5;s:25:"text_typography_font_size";i:5;s:32:"text_typography_font_size_mobile";i:5;}}s:8:"advanced";a:2:{s:8:"wd_extra";a:1:{s:8:"scroll_y";i:6;}s:14:"_section_style";a:1:{s:7:"_margin";i:3;}}}}s:16:"wd_products_tabs";a:3:{s:5:"count";i:1;s:15:"control_percent";i:4;s:8:"controls";a:3:{s:7:"content";a:2:{s:23:"general_content_section";a:1:{s:5:"title";i:1;}s:20:"tabs_content_section";a:1:{s:10:"tabs_items";i:1;}}s:5:"style";a:3:{s:21:"heading_style_section";a:1:{s:5:"color";i:1;}s:29:"products_layout_style_section";a:2:{s:7:"spacing";i:1;s:14:"items_per_page";i:1;}s:29:"products_design_style_section";a:3:{s:13:"product_hover";i:1;s:8:"img_size";i:1;s:15:"img_size_custom";i:1;}}s:8:"advanced";a:1:{s:8:"wd_extra";a:1:{s:8:"scroll_y";i:1;}}}}s:9:"wd_banner";a:3:{s:5:"count";i:1;s:15:"control_percent";i:7;s:8:"controls";a:3:{s:7:"content";a:2:{s:21:"image_content_section";a:2:{s:5:"image";i:1;s:10:"image_size";i:1;}s:15:"content_section";a:4:{s:8:"subtitle";i:1;s:5:"title";i:1;s:7:"content";i:1;s:8:"btn_text";i:1;}}s:5:"style";a:4:{s:21:"general_style_section";a:2:{s:5:"style";i:1;s:23:"custom_content_bg_color";i:1;}s:19:"title_style_section";a:5:{s:18:"custom_title_color";i:1;s:27:"title_typography_typography";i:1;s:26:"title_typography_font_size";i:1;s:33:"title_typography_font_size_tablet";i:1;s:33:"title_typography_font_size_mobile";i:1;}s:20:"button_style_section";a:2:{s:9:"btn_color";i:1;s:9:"btn_style";i:1;}s:20:"layout_style_section";a:4:{s:18:"vertical_alignment";i:1;s:5:"width";i:1;s:12:"width_tablet";i:1;s:12:"width_mobile";i:1;}}s:8:"advanced";a:1:{s:8:"wd_extra";a:1:{s:8:"scroll_y";i:1;}}}}s:9:"wd_button";a:3:{s:5:"count";i:5;s:15:"control_percent";i:2;s:8:"controls";a:3:{s:7:"content";a:1:{s:23:"general_content_section";a:1:{s:4:"text";i:3;}}s:5:"style";a:1:{s:21:"general_style_section";a:2:{s:5:"style";i:3;s:5:"color";i:3;}}s:8:"advanced";a:3:{s:8:"wd_extra";a:1:{s:8:"scroll_y";i:5;}s:14:"_section_style";a:1:{s:7:"_margin";i:2;}s:17:"_section_position";a:1:{s:14:"_element_width";i:4;}}}}s:5:"image";a:3:{s:5:"count";i:5;s:15:"control_percent";i:2;s:8:"controls";a:2:{s:7:"content";a:1:{s:13:"section_image";a:4:{s:5:"image";i:5;s:10:"image_size";i:5;s:22:"image_custom_dimension";i:2;s:5:"align";i:4;}}s:8:"advanced";a:2:{s:8:"wd_extra";a:1:{s:8:"scroll_y";i:5;}s:14:"_section_style";a:2:{s:7:"_margin";i:2;s:14:"_margin_mobile";i:2;}}}}s:11:"wd_products";a:3:{s:5:"count";i:1;s:15:"control_percent";i:3;s:8:"controls";a:2:{s:5:"style";a:3:{s:20:"layout_style_section";a:2:{s:6:"layout";i:1;s:14:"items_per_page";i:1;}s:22:"carousel_style_section";a:2:{s:15:"slides_per_view";i:1;s:23:"hide_pagination_control";i:1;}s:29:"products_design_style_section";a:2:{s:8:"img_size";i:1;s:15:"img_size_custom";i:1;}}s:8:"advanced";a:1:{s:8:"wd_extra";a:1:{s:8:"scroll_y";i:1;}}}}s:7:"wd_blog";a:3:{s:5:"count";i:1;s:15:"control_percent";i:3;s:8:"controls";a:2:{s:5:"style";a:2:{s:21:"general_style_section";a:5:{s:11:"blog_design";i:1;s:20:"blog_carousel_design";i:1;s:8:"img_size";i:1;s:15:"img_size_custom";i:1;s:14:"items_per_page";i:1;}s:22:"carousel_style_section";a:1:{s:23:"hide_pagination_control";i:1;}}s:8:"advanced";a:1:{s:8:"wd_extra";a:1:{s:8:"scroll_y";i:1;}}}}}]]></wp:meta_value>
		</wp:postmeta>
							<wp:postmeta>
			<wp:meta_key>wd_page_css_files</wp:meta_key>
			<wp:meta_value><![CDATA[a:19:{i:0;s:12:"wp-gutenberg";i:1;s:5:"wpcf7";i:2;s:5:"mc4wp";i:3;s:17:"revolution-slider";i:4;s:14:"elementor-base";i:5;s:13:"wpbakery-base";i:6;s:13:"notices-fixed";i:7;s:16:"woocommerce-base";i:8;s:6:"slider";i:9;s:12:"owl-carousel";i:10;s:13:"section-title";i:11;s:12:"product-tabs";i:12;s:12:"product-loop";i:13;s:17:"add-to-cart-popup";i:14;s:9:"mfp-popup";i:15;s:6:"banner";i:16;s:9:"blog-base";i:17;s:12:"social-icons";i:18;s:10:"scroll-top";}]]></wp:meta_value>
		</wp:postmeta>
						</item>
					<item>
		<title>
				w-coffee-banner-1-opt		</title>
		<link>http://dummy.xtemos.com/woodmart-elementor/demos/home-coffee/w-coffee-banner-1-opt/</link>
		<pubDate>Mon, 28 Dec 2020 14:06:38 +0000</pubDate>
		<dc:creator><![CDATA[zakhar]]></dc:creator>
		<guid isPermaLink="false">http://dummy.xtemos.com/woodmart-elementor/demos/wp-content/uploads/sites/2/2020/12/w-coffee-banner-1-opt.jpg</guid>
		<description></description>
		<content:encoded><![CDATA[]]></content:encoded>
		<excerpt:encoded><![CDATA[]]></excerpt:encoded>
		<wp:post_id>9441</wp:post_id>
		<wp:post_date>2020-12-28 14:06:38</wp:post_date>
		<wp:post_date_gmt>2020-12-28 14:06:38</wp:post_date_gmt>
		<wp:comment_status>open</wp:comment_status>
		<wp:ping_status>closed</wp:ping_status>
		<wp:post_name>w-coffee-banner-1-opt</wp:post_name>
		<wp:status>inherit</wp:status>
		<wp:post_parent>9408</wp:post_parent>
		<wp:menu_order>0</wp:menu_order>
		<wp:post_type>attachment</wp:post_type>
		<wp:post_password></wp:post_password>
		<wp:is_sticky>0</wp:is_sticky>
						<wp:attachment_url>http://dummy.xtemos.com/woodmart-elementor/demos/wp-content/uploads/sites/2/2020/12/w-coffee-banner-1-opt.jpg</wp:attachment_url>
												<wp:postmeta>
			<wp:meta_key>_wp_attached_file</wp:meta_key>
			<wp:meta_value><![CDATA[2020/12/w-coffee-banner-1-opt.jpg]]></wp:meta_value>
		</wp:postmeta>
						</item>
					<item>
		<title>
				w-coffee-banner-2-opt-1		</title>
		<link>http://dummy.xtemos.com/woodmart-elementor/demos/home-coffee/w-coffee-banner-2-opt-1/</link>
		<pubDate>Mon, 28 Dec 2020 14:07:00 +0000</pubDate>
		<dc:creator><![CDATA[zakhar]]></dc:creator>
		<guid isPermaLink="false">http://dummy.xtemos.com/woodmart-elementor/demos/wp-content/uploads/sites/2/2020/12/w-coffee-banner-2-opt-1.jpg</guid>
		<description></description>
		<content:encoded><![CDATA[]]></content:encoded>
		<excerpt:encoded><![CDATA[]]></excerpt:encoded>
		<wp:post_id>9442</wp:post_id>
		<wp:post_date>2020-12-28 14:07:00</wp:post_date>
		<wp:post_date_gmt>2020-12-28 14:07:00</wp:post_date_gmt>
		<wp:comment_status>open</wp:comment_status>
		<wp:ping_status>closed</wp:ping_status>
		<wp:post_name>w-coffee-banner-2-opt-1</wp:post_name>
		<wp:status>inherit</wp:status>
		<wp:post_parent>9408</wp:post_parent>
		<wp:menu_order>0</wp:menu_order>
		<wp:post_type>attachment</wp:post_type>
		<wp:post_password></wp:post_password>
		<wp:is_sticky>0</wp:is_sticky>
						<wp:attachment_url>http://dummy.xtemos.com/woodmart-elementor/demos/wp-content/uploads/sites/2/2020/12/w-coffee-banner-2-opt-1.jpg</wp:attachment_url>
												<wp:postmeta>
			<wp:meta_key>_wp_attached_file</wp:meta_key>
			<wp:meta_value><![CDATA[2020/12/w-coffee-banner-2-opt-1.jpg]]></wp:meta_value>
		</wp:postmeta>
						</item>
					<item>
		<title>
				w-coffee-bg-opt		</title>
		<link>http://dummy.xtemos.com/woodmart-elementor/demos/home-coffee/w-coffee-bg-opt/</link>
		<pubDate>Mon, 28 Dec 2020 14:10:57 +0000</pubDate>
		<dc:creator><![CDATA[zakhar]]></dc:creator>
		<guid isPermaLink="false">http://dummy.xtemos.com/woodmart-elementor/demos/wp-content/uploads/sites/2/2020/12/w-coffee-bg-opt.jpg</guid>
		<description></description>
		<content:encoded><![CDATA[]]></content:encoded>
		<excerpt:encoded><![CDATA[]]></excerpt:encoded>
		<wp:post_id>9445</wp:post_id>
		<wp:post_date>2020-12-28 14:10:57</wp:post_date>
		<wp:post_date_gmt>2020-12-28 14:10:57</wp:post_date_gmt>
		<wp:comment_status>open</wp:comment_status>
		<wp:ping_status>closed</wp:ping_status>
		<wp:post_name>w-coffee-bg-opt</wp:post_name>
		<wp:status>inherit</wp:status>
		<wp:post_parent>9408</wp:post_parent>
		<wp:menu_order>0</wp:menu_order>
		<wp:post_type>attachment</wp:post_type>
		<wp:post_password></wp:post_password>
		<wp:is_sticky>0</wp:is_sticky>
						<wp:attachment_url>http://dummy.xtemos.com/woodmart-elementor/demos/wp-content/uploads/sites/2/2020/12/w-coffee-bg-opt.jpg</wp:attachment_url>
												<wp:postmeta>
			<wp:meta_key>_wp_attached_file</wp:meta_key>
			<wp:meta_value><![CDATA[2020/12/w-coffee-bg-opt.jpg]]></wp:meta_value>
		</wp:postmeta>
						</item>
					<item>
		<title>
				w-coffee-svg-1		</title>
		<link>http://dummy.xtemos.com/woodmart-elementor/demos/home-coffee/w-coffee-svg-1/</link>
		<pubDate>Mon, 28 Dec 2020 14:13:22 +0000</pubDate>
		<dc:creator><![CDATA[zakhar]]></dc:creator>
		<guid isPermaLink="false">http://dummy.xtemos.com/woodmart-elementor/demos/wp-content/uploads/sites/2/2020/12/w-coffee-svg-1.svg</guid>
		<description></description>
		<content:encoded><![CDATA[]]></content:encoded>
		<excerpt:encoded><![CDATA[]]></excerpt:encoded>
		<wp:post_id>9446</wp:post_id>
		<wp:post_date>2020-12-28 14:13:22</wp:post_date>
		<wp:post_date_gmt>2020-12-28 14:13:22</wp:post_date_gmt>
		<wp:comment_status>open</wp:comment_status>
		<wp:ping_status>closed</wp:ping_status>
		<wp:post_name>w-coffee-svg-1</wp:post_name>
		<wp:status>inherit</wp:status>
		<wp:post_parent>9408</wp:post_parent>
		<wp:menu_order>0</wp:menu_order>
		<wp:post_type>attachment</wp:post_type>
		<wp:post_password></wp:post_password>
		<wp:is_sticky>0</wp:is_sticky>
						<wp:attachment_url>http://dummy.xtemos.com/woodmart-elementor/demos/wp-content/uploads/sites/2/2020/12/w-coffee-svg-1.svg</wp:attachment_url>
												<wp:postmeta>
			<wp:meta_key>_wp_attached_file</wp:meta_key>
			<wp:meta_value><![CDATA[2020/12/w-coffee-svg-1.svg]]></wp:meta_value>
		</wp:postmeta>
						</item>
					<item>
		<title>
				w-coffee-parallax-scroll-1-opt		</title>
		<link>http://dummy.xtemos.com/woodmart-elementor/demos/home-coffee/w-coffee-parallax-scroll-1-opt/</link>
		<pubDate>Mon, 28 Dec 2020 14:16:26 +0000</pubDate>
		<dc:creator><![CDATA[zakhar]]></dc:creator>
		<guid isPermaLink="false">http://dummy.xtemos.com/woodmart-elementor/demos/wp-content/uploads/sites/2/2020/12/w-coffee-parallax-scroll-1-opt.jpg</guid>
		<description></description>
		<content:encoded><![CDATA[]]></content:encoded>
		<excerpt:encoded><![CDATA[]]></excerpt:encoded>
		<wp:post_id>9449</wp:post_id>
		<wp:post_date>2020-12-28 14:16:26</wp:post_date>
		<wp:post_date_gmt>2020-12-28 14:16:26</wp:post_date_gmt>
		<wp:comment_status>open</wp:comment_status>
		<wp:ping_status>closed</wp:ping_status>
		<wp:post_name>w-coffee-parallax-scroll-1-opt</wp:post_name>
		<wp:status>inherit</wp:status>
		<wp:post_parent>9408</wp:post_parent>
		<wp:menu_order>0</wp:menu_order>
		<wp:post_type>attachment</wp:post_type>
		<wp:post_password></wp:post_password>
		<wp:is_sticky>0</wp:is_sticky>
						<wp:attachment_url>http://dummy.xtemos.com/woodmart-elementor/demos/wp-content/uploads/sites/2/2020/12/w-coffee-parallax-scroll-1-opt.jpg</wp:attachment_url>
												<wp:postmeta>
			<wp:meta_key>_wp_attached_file</wp:meta_key>
			<wp:meta_value><![CDATA[2020/12/w-coffee-parallax-scroll-1-opt.jpg]]></wp:meta_value>
		</wp:postmeta>
						</item>
					<item>
		<title>
				w-coffee-parallax-scroll-2-opt		</title>
		<link>http://dummy.xtemos.com/woodmart-elementor/demos/home-coffee/w-coffee-parallax-scroll-2-opt/</link>
		<pubDate>Mon, 28 Dec 2020 14:23:38 +0000</pubDate>
		<dc:creator><![CDATA[zakhar]]></dc:creator>
		<guid isPermaLink="false">http://dummy.xtemos.com/woodmart-elementor/demos/wp-content/uploads/sites/2/2020/12/w-coffee-parallax-scroll-2-opt.jpg</guid>
		<description></description>
		<content:encoded><![CDATA[]]></content:encoded>
		<excerpt:encoded><![CDATA[]]></excerpt:encoded>
		<wp:post_id>9457</wp:post_id>
		<wp:post_date>2020-12-28 14:23:38</wp:post_date>
		<wp:post_date_gmt>2020-12-28 14:23:38</wp:post_date_gmt>
		<wp:comment_status>open</wp:comment_status>
		<wp:ping_status>closed</wp:ping_status>
		<wp:post_name>w-coffee-parallax-scroll-2-opt</wp:post_name>
		<wp:status>inherit</wp:status>
		<wp:post_parent>9408</wp:post_parent>
		<wp:menu_order>0</wp:menu_order>
		<wp:post_type>attachment</wp:post_type>
		<wp:post_password></wp:post_password>
		<wp:is_sticky>0</wp:is_sticky>
						<wp:attachment_url>http://dummy.xtemos.com/woodmart-elementor/demos/wp-content/uploads/sites/2/2020/12/w-coffee-parallax-scroll-2-opt.jpg</wp:attachment_url>
												<wp:postmeta>
			<wp:meta_key>_wp_attached_file</wp:meta_key>
			<wp:meta_value><![CDATA[2020/12/w-coffee-parallax-scroll-2-opt.jpg]]></wp:meta_value>
		</wp:postmeta>
						</item>
					<item>
		<title>
				Prefooter Coffee		</title>
		<link>http://dummy.xtemos.com/woodmart-elementor/demos/?cms_block=prefooter-coffee</link>
		<pubDate>Mon, 28 Dec 2020 14:28:29 +0000</pubDate>
		<dc:creator><![CDATA[zakhar]]></dc:creator>
		<guid isPermaLink="false">http://dummy.xtemos.com/woodmart-elementor/demos/?post_type=cms_block&#038;p=9463</guid>
		<description></description>
		<content:encoded><![CDATA[											
				
					Do you like the theme? share with your friends!				
			]]></content:encoded>
		<excerpt:encoded><![CDATA[]]></excerpt:encoded>
		<wp:post_id>9463</wp:post_id>
		<wp:post_date>2020-12-28 14:28:29</wp:post_date>
		<wp:post_date_gmt>2020-12-28 14:28:29</wp:post_date_gmt>
		<wp:comment_status>closed</wp:comment_status>
		<wp:ping_status>closed</wp:ping_status>
		<wp:post_name>prefooter-coffee</wp:post_name>
		<wp:status>publish</wp:status>
		<wp:post_parent>0</wp:post_parent>
		<wp:menu_order>0</wp:menu_order>
		<wp:post_type>cms_block</wp:post_type>
		<wp:post_password></wp:post_password>
		<wp:is_sticky>0</wp:is_sticky>
														<wp:postmeta>
			<wp:meta_key>_wp_page_template</wp:meta_key>
			<wp:meta_value><![CDATA[default]]></wp:meta_value>
		</wp:postmeta>
							<wp:postmeta>
			<wp:meta_key>_elementor_edit_mode</wp:meta_key>
			<wp:meta_value><![CDATA[builder]]></wp:meta_value>
		</wp:postmeta>
							<wp:postmeta>
			<wp:meta_key>_elementor_template_type</wp:meta_key>
			<wp:meta_value><![CDATA[wp-post]]></wp:meta_value>
		</wp:postmeta>
							<wp:postmeta>
			<wp:meta_key>_elementor_version</wp:meta_key>
			<wp:meta_value><![CDATA[2.9.11]]></wp:meta_value>
		</wp:postmeta>
							<wp:postmeta>
			<wp:meta_key>_elementor_data</wp:meta_key>
			<wp:meta_value><![CDATA[[{"id":"6f14c1e","elType":"section","settings":{"gap":"no","wd_section_stretch":"stretch","structure":"20","background_background":"classic","background_color":"#F3F3F3","margin":{"unit":"px","top":"0","right":"0","bottom":"-40","left":"0","isLinked":""},"padding":{"unit":"px","top":"40","right":"10","bottom":"0","left":"10","isLinked":""},"reverse_order_mobile":"reverse-mobile"},"elements":[{"id":"7988536","elType":"column","settings":{"_column_size":"50","_inline_size":"","column_sticky_offset":"50","scroll_y":"-80"},"elements":[{"id":"718f881","elType":"widget","settings":{"image":{"url":"http:\/\/dummy.xtemos.com\/woodmart-elementor\/demos\/wp-content\/uploads\/sites\/2\/2020\/12\/w-coffee-prefooter-opt.jpg","id":"9465"},"image_size":"full","scroll_y":"-80"},"elements":[],"widgetType":"image"}],"isInner":""},{"id":"007dde2","elType":"column","settings":{"_column_size":"50","_inline_size":"","content_position":"center","padding":{"unit":"px","top":"10","right":"10","bottom":"10","left":"10","isLinked":"1"},"column_sticky_offset":"50","scroll_y":"-80"},"elements":[{"id":"a26bc80","elType":"widget","settings":{"subtitle":"","title":"Do you like the theme? share with your friends!","after_title":"","align":"left","width":{"unit":"%","size":"80","sizes":[]},"title_color":"#114639","title_typography_typography":"custom","title_typography_font_size":{"unit":"px","size":"32","sizes":[]},"title_typography_font_size_tablet":{"unit":"px","size":"22","sizes":[]},"title_typography_font_size_mobile":{"unit":"px","size":"20","sizes":[]},"title_typography_line_height":{"unit":"em","size":"1.5","sizes":[]},"scroll_y":"-80"},"elements":[],"widgetType":"wd_title"},{"id":"bb6bb4d","elType":"widget","settings":{"form_id":"74","alignment":"left","_margin":{"unit":"px","top":"0","right":"0","bottom":"20","left":"0","isLinked":""},"scroll_y":"-80","_element_width":"initial","_element_custom_width":{"unit":"px","size":"380","sizes":[]}},"elements":[],"widgetType":"wd_mailchimp"},{"id":"a6c75c1","elType":"widget","settings":{"editor":"<p>Will be used in accordance with our <a href=\"https:\/\/woodmart.xtemos.com\/privacy-policy\/\">Privacy Policy<\/a><\/p>","_margin_mobile":{"unit":"px","top":"0","right":"0","bottom":"20","left":"0","isLinked":""},"scroll_y":"-80"},"elements":[],"widgetType":"text-editor"}],"isInner":""}],"isInner":""}]]]></wp:meta_value>
		</wp:postmeta>
							<wp:postmeta>
			<wp:meta_key>_elementor_controls_usage</wp:meta_key>
			<wp:meta_value><![CDATA[a:6:{s:5:"image";a:3:{s:5:"count";i:1;s:15:"control_percent";i:1;s:8:"controls";a:2:{s:7:"content";a:1:{s:13:"section_image";a:2:{s:5:"image";i:1;s:10:"image_size";i:1;}}s:8:"advanced";a:1:{s:8:"wd_extra";a:1:{s:8:"scroll_y";i:1;}}}}s:6:"column";a:3:{s:5:"count";i:2;s:15:"control_percent";i:1;s:8:"controls";a:2:{s:8:"advanced";a:2:{s:8:"wd_extra";a:2:{s:20:"column_sticky_offset";i:2;s:8:"scroll_y";i:2;}s:16:"section_advanced";a:1:{s:7:"padding";i:1;}}s:6:"layout";a:1:{s:6:"layout";a:1:{s:16:"content_position";i:1;}}}}s:8:"wd_title";a:3:{s:5:"count";i:1;s:15:"control_percent";i:4;s:8:"controls";a:3:{s:7:"content";a:1:{s:23:"general_content_section";a:3:{s:8:"subtitle";i:1;s:5:"title";i:1;s:11:"after_title";i:1;}}s:5:"style";a:2:{s:21:"general_style_section";a:2:{s:5:"align";i:1;s:5:"width";i:1;}s:19:"title_style_section";a:6:{s:11:"title_color";i:1;s:27:"title_typography_typography";i:1;s:26:"title_typography_font_size";i:1;s:33:"title_typography_font_size_tablet";i:1;s:33:"title_typography_font_size_mobile";i:1;s:28:"title_typography_line_height";i:1;}}s:8:"advanced";a:1:{s:8:"wd_extra";a:1:{s:8:"scroll_y";i:1;}}}}s:12:"wd_mailchimp";a:3:{s:5:"count";i:1;s:15:"control_percent";i:3;s:8:"controls";a:3:{s:7:"content";a:1:{s:23:"general_content_section";a:1:{s:7:"form_id";i:1;}}s:5:"style";a:1:{s:21:"general_style_section";a:1:{s:9:"alignment";i:1;}}s:8:"advanced";a:3:{s:14:"_section_style";a:1:{s:7:"_margin";i:1;}s:8:"wd_extra";a:1:{s:8:"scroll_y";i:1;}s:17:"_section_position";a:2:{s:14:"_element_width";i:1;s:21:"_element_custom_width";i:1;}}}}s:11:"text-editor";a:3:{s:5:"count";i:1;s:15:"control_percent";i:1;s:8:"controls";a:2:{s:7:"content";a:1:{s:14:"section_editor";a:1:{s:6:"editor";i:1;}}s:8:"advanced";a:2:{s:14:"_section_style";a:1:{s:14:"_margin_mobile";i:1;}s:8:"wd_extra";a:1:{s:8:"scroll_y";i:1;}}}}s:7:"section";a:3:{s:5:"count";i:1;s:15:"control_percent";i:2;s:8:"controls";a:3:{s:6:"layout";a:3:{s:14:"section_layout";a:1:{s:3:"gap";i:1;}s:15:"wd_extra_layout";a:1:{s:18:"wd_section_stretch";i:1;}s:17:"section_structure";a:1:{s:9:"structure";i:1;}}s:5:"style";a:1:{s:18:"section_background";a:2:{s:21:"background_background";i:1;s:16:"background_color";i:1;}}s:8:"advanced";a:2:{s:16:"section_advanced";a:2:{s:6:"margin";i:1;s:7:"padding";i:1;}s:19:"_section_responsive";a:1:{s:20:"reverse_order_mobile";i:1;}}}}}]]></wp:meta_value>
		</wp:postmeta>
						</item>
					<item>
		<title>
				w-coffee-prefooter-opt		</title>
		<link>http://dummy.xtemos.com/woodmart-elementor/demos/?attachment_id=9465</link>
		<pubDate>Mon, 28 Dec 2020 14:29:07 +0000</pubDate>
		<dc:creator><![CDATA[zakhar]]></dc:creator>
		<guid isPermaLink="false">http://dummy.xtemos.com/woodmart-elementor/demos/wp-content/uploads/sites/2/2020/12/w-coffee-prefooter-opt.jpg</guid>
		<description></description>
		<content:encoded><![CDATA[]]></content:encoded>
		<excerpt:encoded><![CDATA[]]></excerpt:encoded>
		<wp:post_id>9465</wp:post_id>
		<wp:post_date>2020-12-28 14:29:07</wp:post_date>
		<wp:post_date_gmt>2020-12-28 14:29:07</wp:post_date_gmt>
		<wp:comment_status>open</wp:comment_status>
		<wp:ping_status>closed</wp:ping_status>
		<wp:post_name>w-coffee-prefooter-opt</wp:post_name>
		<wp:status>inherit</wp:status>
		<wp:post_parent>9463</wp:post_parent>
		<wp:menu_order>0</wp:menu_order>
		<wp:post_type>attachment</wp:post_type>
		<wp:post_password></wp:post_password>
		<wp:is_sticky>0</wp:is_sticky>
						<wp:attachment_url>http://dummy.xtemos.com/woodmart-elementor/demos/wp-content/uploads/sites/2/2020/12/w-coffee-prefooter-opt.jpg</wp:attachment_url>
												<wp:postmeta>
			<wp:meta_key>_wp_attached_file</wp:meta_key>
			<wp:meta_value><![CDATA[2020/12/w-coffee-prefooter-opt.jpg]]></wp:meta_value>
		</wp:postmeta>
						</item>
					<item>
		<title>
				Coffe slide 1		</title>
		<link>http://dummy.xtemos.com/woodmart-elementor/demos/woodmart_slide/coffe-slide-1/</link>
		<pubDate>Mon, 29 Mar 2021 13:23:19 +0000</pubDate>
		<dc:creator><![CDATA[zakhar]]></dc:creator>
		<guid isPermaLink="false">http://dummy.xtemos.com/woodmart-elementor/demos/?post_type=woodmart_slide&#038;p=10153</guid>
		<description></description>
		<content:encoded><![CDATA[ 					
				
					Start your day with a good cup of coffee				
		Anyway, you still use Lorem Ipsum and rightly so, as it will always have a p]]></content:encoded>
		<excerpt:encoded><![CDATA[]]></excerpt:encoded>
		<wp:post_id>10153</wp:post_id>
		<wp:post_date>2021-03-29 13:23:19</wp:post_date>
		<wp:post_date_gmt>2021-03-29 13:23:19</wp:post_date_gmt>
		<wp:comment_status>closed</wp:comment_status>
		<wp:ping_status>closed</wp:ping_status>
		<wp:post_name>coffe-slide-1</wp:post_name>
		<wp:status>publish</wp:status>
		<wp:post_parent>0</wp:post_parent>
		<wp:menu_order>0</wp:menu_order>
		<wp:post_type>woodmart_slide</wp:post_type>
		<wp:post_password></wp:post_password>
		<wp:is_sticky>0</wp:is_sticky>
										<category domain="woodmart_slider" nicename="coffee-slider"><![CDATA[Coffee slider]]></category>
						<wp:postmeta>
			<wp:meta_key>_thumbnail_id</wp:meta_key>
			<wp:meta_value><![CDATA[10154]]></wp:meta_value>
		</wp:postmeta>
							<wp:postmeta>
			<wp:meta_key>_wp_page_template</wp:meta_key>
			<wp:meta_value><![CDATA[default]]></wp:meta_value>
		</wp:postmeta>
							<wp:postmeta>
			<wp:meta_key>bg_color</wp:meta_key>
			<wp:meta_value><![CDATA[rgb(226,237,233)]]></wp:meta_value>
		</wp:postmeta>
							<wp:postmeta>
			<wp:meta_key>bg_image_tablet</wp:meta_key>
			<wp:meta_value><![CDATA[]]></wp:meta_value>
		</wp:postmeta>
							<wp:postmeta>
			<wp:meta_key>bg_image_mobile</wp:meta_key>
			<wp:meta_value><![CDATA[]]></wp:meta_value>
		</wp:postmeta>
							<wp:postmeta>
			<wp:meta_key>vertical_align</wp:meta_key>
			<wp:meta_value><![CDATA[middle]]></wp:meta_value>
		</wp:postmeta>
							<wp:postmeta>
			<wp:meta_key>horizontal_align</wp:meta_key>
			<wp:meta_value><![CDATA[center]]></wp:meta_value>
		</wp:postmeta>
							<wp:postmeta>
			<wp:meta_key>content_width</wp:meta_key>
			<wp:meta_value><![CDATA[1200]]></wp:meta_value>
		</wp:postmeta>
							<wp:postmeta>
			<wp:meta_key>content_width_tablet</wp:meta_key>
			<wp:meta_value><![CDATA[1200]]></wp:meta_value>
		</wp:postmeta>
							<wp:postmeta>
			<wp:meta_key>content_width_mobile</wp:meta_key>
			<wp:meta_value><![CDATA[410]]></wp:meta_value>
		</wp:postmeta>
							<wp:postmeta>
			<wp:meta_key>slide_animation</wp:meta_key>
			<wp:meta_value><![CDATA[slide-from-left]]></wp:meta_value>
		</wp:postmeta>
							<wp:postmeta>
			<wp:meta_key>_elementor_edit_mode</wp:meta_key>
			<wp:meta_value><![CDATA[builder]]></wp:meta_value>
		</wp:postmeta>
							<wp:postmeta>
			<wp:meta_key>_elementor_template_type</wp:meta_key>
			<wp:meta_value><![CDATA[wp-post]]></wp:meta_value>
		</wp:postmeta>
							<wp:postmeta>
			<wp:meta_key>_elementor_version</wp:meta_key>
			<wp:meta_value><![CDATA[2.9.11]]></wp:meta_value>
		</wp:postmeta>
							<wp:postmeta>
			<wp:meta_key>_elementor_data</wp:meta_key>
			<wp:meta_value><![CDATA[[{"id":"20c4914","elType":"section","settings":{"structure":"20"},"elements":[{"id":"0121e7c","elType":"column","settings":{"_column_size":"50","_inline_size":"58","column_sticky_offset":"50","scroll_y":"-80"},"elements":[{"id":"c65f5eb","elType":"widget","settings":{"subtitle":"","title":"Start your day with a good cup of coffee","after_title":"","align":"left","width":{"unit":"%","size":"90","sizes":[]},"title_color":"#114639","title_typography_typography":"custom","title_typography_font_size":{"unit":"px","size":"54","sizes":[]},"title_typography_font_size_tablet":{"unit":"px","size":"38","sizes":[]},"title_typography_font_size_mobile":{"unit":"px","size":"22","sizes":[]},"title_typography_font_weight":"700","scroll_y":"-80","width_tablet":{"unit":"%","size":"100","sizes":[]},"width_mobile":{"unit":"%","size":"75","sizes":[]},"title_typography_line_height":{"unit":"em","size":"1.2","sizes":[]},"_margin_mobile":{"unit":"px","top":"0","right":"0","bottom":"20","left":"0","isLinked":""}},"elements":[],"widgetType":"wd_title"},{"id":"6a6a69f","elType":"widget","settings":{"editor":"<p>Anyway, you still use Lorem Ipsum and rightly so, as it will always have a place in the web workers toolbox, as things happen, not always the way you like it, not always in the preferred order even if your less design.<\/p>","align":"left","typography_typography":"custom","typography_font_size":{"unit":"px","size":"16","sizes":[]},"wd_content_width":{"unit":"%","size":"90","sizes":[]},"_margin":{"unit":"px","top":"0","right":"0","bottom":"15","left":"0","isLinked":""},"scroll_y":"-80","wd_content_width_tablet":{"unit":"%","size":"100","sizes":[]},"hide_mobile":"hidden-phone"},"elements":[],"widgetType":"text-editor"},{"id":"1091378","elType":"widget","settings":{"text":"Read more","color":"primary","align":"left","_margin":{"unit":"px","top":"0","right":"20","bottom":"0","left":"0","isLinked":""},"scroll_y":"-80","_element_width":"auto"},"elements":[],"widgetType":"wd_button"},{"id":"d966ab5","elType":"widget","settings":{"text":"View more","style":"bordered","color":"custom","bg_color":"#C0C9C5","color_scheme":"dark","bg_color_hover":"#C0C9C5","color_scheme_hover":"dark","align":"left","_margin":{"unit":"px","top":"0","right":"20","bottom":"0","left":"0","isLinked":""},"scroll_y":"-80","_element_width":"auto"},"elements":[],"widgetType":"wd_button"}],"isInner":""},{"id":"9bd3e57","elType":"column","settings":{"_column_size":"50","_inline_size":"42","column_sticky_offset":"50","scroll_y":"-80","hide_mobile":"hidden-phone"},"elements":[],"isInner":""}],"isInner":""}]]]></wp:meta_value>
		</wp:postmeta>
							<wp:postmeta>
			<wp:meta_key>_elementor_controls_usage</wp:meta_key>
			<wp:meta_value><![CDATA[a:5:{s:8:"wd_title";a:3:{s:5:"count";i:1;s:15:"control_percent";i:5;s:8:"controls";a:3:{s:7:"content";a:1:{s:23:"general_content_section";a:3:{s:8:"subtitle";i:1;s:5:"title";i:1;s:11:"after_title";i:1;}}s:5:"style";a:2:{s:21:"general_style_section";a:4:{s:5:"align";i:1;s:5:"width";i:1;s:12:"width_tablet";i:1;s:12:"width_mobile";i:1;}s:19:"title_style_section";a:7:{s:11:"title_color";i:1;s:27:"title_typography_typography";i:1;s:26:"title_typography_font_size";i:1;s:33:"title_typography_font_size_tablet";i:1;s:33:"title_typography_font_size_mobile";i:1;s:28:"title_typography_font_weight";i:1;s:28:"title_typography_line_height";i:1;}}s:8:"advanced";a:2:{s:8:"wd_extra";a:1:{s:8:"scroll_y";i:1;}s:14:"_section_style";a:1:{s:14:"_margin_mobile";i:1;}}}}s:11:"text-editor";a:3:{s:5:"count";i:1;s:15:"control_percent";i:4;s:8:"controls";a:3:{s:7:"content";a:1:{s:14:"section_editor";a:1:{s:6:"editor";i:1;}}s:5:"style";a:1:{s:13:"section_style";a:5:{s:5:"align";i:1;s:21:"typography_typography";i:1;s:20:"typography_font_size";i:1;s:16:"wd_content_width";i:1;s:23:"wd_content_width_tablet";i:1;}}s:8:"advanced";a:3:{s:14:"_section_style";a:1:{s:7:"_margin";i:1;}s:8:"wd_extra";a:1:{s:8:"scroll_y";i:1;}s:19:"_section_responsive";a:1:{s:11:"hide_mobile";i:1;}}}}s:9:"wd_button";a:3:{s:5:"count";i:2;s:15:"control_percent";i:5;s:8:"controls";a:3:{s:5:"style";a:1:{s:21:"general_style_section";a:7:{s:5:"color";i:2;s:5:"align";i:2;s:5:"style";i:1;s:8:"bg_color";i:1;s:12:"color_scheme";i:1;s:14:"bg_color_hover";i:1;s:18:"color_scheme_hover";i:1;}}s:8:"advanced";a:3:{s:14:"_section_style";a:1:{s:7:"_margin";i:2;}s:8:"wd_extra";a:1:{s:8:"scroll_y";i:2;}s:17:"_section_position";a:1:{s:14:"_element_width";i:2;}}s:7:"content";a:1:{s:23:"general_content_section";a:1:{s:4:"text";i:1;}}}}s:6:"column";a:3:{s:5:"count";i:2;s:15:"control_percent";i:1;s:8:"controls";a:2:{s:6:"layout";a:1:{s:6:"layout";a:1:{s:12:"_inline_size";i:2;}}s:8:"advanced";a:2:{s:8:"wd_extra";a:2:{s:20:"column_sticky_offset";i:2;s:8:"scroll_y";i:2;}s:19:"_section_responsive";a:1:{s:11:"hide_mobile";i:1;}}}}s:7:"section";a:3:{s:5:"count";i:1;s:15:"control_percent";i:0;s:8:"controls";a:1:{s:6:"layout";a:1:{s:17:"section_structure";a:1:{s:9:"structure";i:1;}}}}}]]></wp:meta_value>
		</wp:postmeta>
						</item>
					<item>
		<title>
				wd-coffee-slide-1		</title>
		<link>http://dummy.xtemos.com/woodmart-elementor/demos/woodmart_slide/coffe-slide-1/wd-coffee-slide-1/</link>
		<pubDate>Mon, 29 Mar 2021 13:22:33 +0000</pubDate>
		<dc:creator><![CDATA[zakhar]]></dc:creator>
		<guid isPermaLink="false">http://dummy.xtemos.com/woodmart-elementor/demos/wp-content/uploads/sites/2/2021/03/wd-coffee-slide-1.jpg</guid>
		<description></description>
		<content:encoded><![CDATA[]]></content:encoded>
		<excerpt:encoded><![CDATA[]]></excerpt:encoded>
		<wp:post_id>10154</wp:post_id>
		<wp:post_date>2021-03-29 13:22:33</wp:post_date>
		<wp:post_date_gmt>2021-03-29 13:22:33</wp:post_date_gmt>
		<wp:comment_status>open</wp:comment_status>
		<wp:ping_status>closed</wp:ping_status>
		<wp:post_name>wd-coffee-slide-1</wp:post_name>
		<wp:status>inherit</wp:status>
		<wp:post_parent>10153</wp:post_parent>
		<wp:menu_order>0</wp:menu_order>
		<wp:post_type>attachment</wp:post_type>
		<wp:post_password></wp:post_password>
		<wp:is_sticky>0</wp:is_sticky>
						<wp:attachment_url>http://dummy.xtemos.com/woodmart-elementor/demos/wp-content/uploads/sites/2/2021/03/wd-coffee-slide-1.jpg</wp:attachment_url>
												<wp:postmeta>
			<wp:meta_key>_wp_attached_file</wp:meta_key>
			<wp:meta_value><![CDATA[2021/03/wd-coffee-slide-1.jpg]]></wp:meta_value>
		</wp:postmeta>
						</item>
					<item>
		<title>
				Coffe slide 2		</title>
		<link>http://dummy.xtemos.com/woodmart-elementor/demos/woodmart_slide/coffe-slide-1-2/</link>
		<pubDate>Mon, 29 Mar 2021 13:32:37 +0000</pubDate>
		<dc:creator><![CDATA[zakhar]]></dc:creator>
		<guid isPermaLink="false">http://dummy.xtemos.com/woodmart-elementor/demos/?post_type=woodmart_slide&#038;p=10164</guid>
		<description></description>
		<content:encoded><![CDATA[ 					
				
					A cup of hot coffee is what you need				
		How can you evaluate content without design? No typography, no colors, no layout]]></content:encoded>
		<excerpt:encoded><![CDATA[]]></excerpt:encoded>
		<wp:post_id>10164</wp:post_id>
		<wp:post_date>2021-03-29 13:32:37</wp:post_date>
		<wp:post_date_gmt>2021-03-29 13:32:37</wp:post_date_gmt>
		<wp:comment_status>closed</wp:comment_status>
		<wp:ping_status>closed</wp:ping_status>
		<wp:post_name>coffe-slide-1-2</wp:post_name>
		<wp:status>publish</wp:status>
		<wp:post_parent>0</wp:post_parent>
		<wp:menu_order>0</wp:menu_order>
		<wp:post_type>woodmart_slide</wp:post_type>
		<wp:post_password></wp:post_password>
		<wp:is_sticky>0</wp:is_sticky>
										<category domain="woodmart_slider" nicename="coffee-slider"><![CDATA[Coffee slider]]></category>
						<wp:postmeta>
			<wp:meta_key>_thumbnail_id</wp:meta_key>
			<wp:meta_value><![CDATA[10165]]></wp:meta_value>
		</wp:postmeta>
							<wp:postmeta>
			<wp:meta_key>_wp_page_template</wp:meta_key>
			<wp:meta_value><![CDATA[default]]></wp:meta_value>
		</wp:postmeta>
							<wp:postmeta>
			<wp:meta_key>bg_color</wp:meta_key>
			<wp:meta_value><![CDATA[rgb(226,237,233)]]></wp:meta_value>
		</wp:postmeta>
							<wp:postmeta>
			<wp:meta_key>bg_image_tablet</wp:meta_key>
			<wp:meta_value><![CDATA[]]></wp:meta_value>
		</wp:postmeta>
							<wp:postmeta>
			<wp:meta_key>bg_image_mobile</wp:meta_key>
			<wp:meta_value><![CDATA[]]></wp:meta_value>
		</wp:postmeta>
							<wp:postmeta>
			<wp:meta_key>vertical_align</wp:meta_key>
			<wp:meta_value><![CDATA[middle]]></wp:meta_value>
		</wp:postmeta>
							<wp:postmeta>
			<wp:meta_key>horizontal_align</wp:meta_key>
			<wp:meta_value><![CDATA[center]]></wp:meta_value>
		</wp:postmeta>
							<wp:postmeta>
			<wp:meta_key>content_width</wp:meta_key>
			<wp:meta_value><![CDATA[1200]]></wp:meta_value>
		</wp:postmeta>
							<wp:postmeta>
			<wp:meta_key>content_width_tablet</wp:meta_key>
			<wp:meta_value><![CDATA[1200]]></wp:meta_value>
		</wp:postmeta>
							<wp:postmeta>
			<wp:meta_key>content_width_mobile</wp:meta_key>
			<wp:meta_value><![CDATA[410]]></wp:meta_value>
		</wp:postmeta>
							<wp:postmeta>
			<wp:meta_key>slide_animation</wp:meta_key>
			<wp:meta_value><![CDATA[slide-from-bottom]]></wp:meta_value>
		</wp:postmeta>
							<wp:postmeta>
			<wp:meta_key>_elementor_edit_mode</wp:meta_key>
			<wp:meta_value><![CDATA[builder]]></wp:meta_value>
		</wp:postmeta>
							<wp:postmeta>
			<wp:meta_key>_elementor_template_type</wp:meta_key>
			<wp:meta_value><![CDATA[wp-post]]></wp:meta_value>
		</wp:postmeta>
							<wp:postmeta>
			<wp:meta_key>_elementor_version</wp:meta_key>
			<wp:meta_value><![CDATA[2.9.11]]></wp:meta_value>
		</wp:postmeta>
							<wp:postmeta>
			<wp:meta_key>_elementor_data</wp:meta_key>
			<wp:meta_value><![CDATA[[{"id":"20c4914","elType":"section","settings":{"structure":"34"},"elements":[{"id":"0121e7c","elType":"column","settings":{"_column_size":"16","column_sticky_offset":"50","scroll_y":"-80","hide_mobile":"hidden-phone"},"elements":[],"isInner":""},{"id":"9bd3e57","elType":"column","settings":{"_column_size":"66","column_sticky_offset":"50","scroll_y":"-80","align":"center"},"elements":[{"id":"c65f5eb","elType":"widget","settings":{"subtitle":"","title":"A cup of hot coffee is what you need","after_title":"","width":{"unit":"%","size":"80","sizes":[]},"title_color":"#114639","title_typography_typography":"custom","title_typography_font_size":{"unit":"px","size":"54","sizes":[]},"title_typography_font_size_tablet":{"unit":"px","size":"38","sizes":[]},"title_typography_font_size_mobile":{"unit":"px","size":"22","sizes":[]},"title_typography_font_weight":"700","scroll_y":"-80","width_tablet":{"unit":"%","size":"100","sizes":[]},"width_mobile":{"unit":"%","size":"75","sizes":[]},"title_typography_line_height":{"unit":"em","size":"1.2","sizes":[]},"_margin_mobile":{"unit":"px","top":"0","right":"0","bottom":"20","left":"0","isLinked":""}},"elements":[],"widgetType":"wd_title"},{"id":"6a6a69f","elType":"widget","settings":{"editor":"<p>How can you evaluate content without design? No typography, no colors, no layout, no styles, all those things that convey the important signals that beyond the mere textual, hierarchies of information, weight.<\/p>","align":"center","typography_typography":"custom","typography_font_size":{"unit":"px","size":"16","sizes":[]},"wd_content_width":{"unit":"%","size":"80","sizes":[]},"_margin":{"unit":"px","top":"0","right":"0","bottom":"15","left":"0","isLinked":""},"scroll_y":"-80","wd_content_align":"center","wd_content_width_tablet":{"unit":"%","size":"100","sizes":[]},"hide_mobile":"hidden-phone"},"elements":[],"widgetType":"text-editor"},{"id":"1091378","elType":"widget","settings":{"text":"Read more","color":"primary","align":"left","_margin":{"unit":"px","top":"0","right":"20","bottom":"0","left":"0","isLinked":""},"scroll_y":"-80","_element_width":"auto"},"elements":[],"widgetType":"wd_button"},{"id":"d966ab5","elType":"widget","settings":{"text":"View more","style":"bordered","color":"custom","bg_color":"#C0C9C5","color_scheme":"dark","bg_color_hover":"#C0C9C5","color_scheme_hover":"dark","align":"left","scroll_y":"-80","_element_width":"auto"},"elements":[],"widgetType":"wd_button"}],"isInner":""},{"id":"f3271c1","elType":"column","settings":{"_column_size":"16","column_sticky_offset":"50","scroll_y":"-80","hide_mobile":"hidden-phone"},"elements":[],"isInner":""}],"isInner":""}]]]></wp:meta_value>
		</wp:postmeta>
							<wp:postmeta>
			<wp:meta_key>_wp_old_slug</wp:meta_key>
			<wp:meta_value><![CDATA[coffe-slide-1]]></wp:meta_value>
		</wp:postmeta>
							<wp:postmeta>
			<wp:meta_key>_elementor_controls_usage</wp:meta_key>
			<wp:meta_value><![CDATA[a:5:{s:6:"column";a:3:{s:5:"count";i:3;s:15:"control_percent";i:1;s:8:"controls";a:2:{s:8:"advanced";a:2:{s:8:"wd_extra";a:2:{s:20:"column_sticky_offset";i:3;s:8:"scroll_y";i:3;}s:19:"_section_responsive";a:1:{s:11:"hide_mobile";i:2;}}s:6:"layout";a:1:{s:6:"layout";a:1:{s:5:"align";i:1;}}}}s:8:"wd_title";a:3:{s:5:"count";i:1;s:15:"control_percent";i:5;s:8:"controls";a:3:{s:7:"content";a:1:{s:23:"general_content_section";a:3:{s:8:"subtitle";i:1;s:5:"title";i:1;s:11:"after_title";i:1;}}s:5:"style";a:2:{s:21:"general_style_section";a:3:{s:5:"width";i:1;s:12:"width_tablet";i:1;s:12:"width_mobile";i:1;}s:19:"title_style_section";a:7:{s:11:"title_color";i:1;s:27:"title_typography_typography";i:1;s:26:"title_typography_font_size";i:1;s:33:"title_typography_font_size_tablet";i:1;s:33:"title_typography_font_size_mobile";i:1;s:28:"title_typography_font_weight";i:1;s:28:"title_typography_line_height";i:1;}}s:8:"advanced";a:2:{s:8:"wd_extra";a:1:{s:8:"scroll_y";i:1;}s:14:"_section_style";a:1:{s:14:"_margin_mobile";i:1;}}}}s:11:"text-editor";a:3:{s:5:"count";i:1;s:15:"control_percent";i:4;s:8:"controls";a:3:{s:7:"content";a:1:{s:14:"section_editor";a:1:{s:6:"editor";i:1;}}s:5:"style";a:1:{s:13:"section_style";a:6:{s:5:"align";i:1;s:21:"typography_typography";i:1;s:20:"typography_font_size";i:1;s:16:"wd_content_width";i:1;s:16:"wd_content_align";i:1;s:23:"wd_content_width_tablet";i:1;}}s:8:"advanced";a:3:{s:14:"_section_style";a:1:{s:7:"_margin";i:1;}s:8:"wd_extra";a:1:{s:8:"scroll_y";i:1;}s:19:"_section_responsive";a:1:{s:11:"hide_mobile";i:1;}}}}s:9:"wd_button";a:3:{s:5:"count";i:2;s:15:"control_percent";i:5;s:8:"controls";a:3:{s:5:"style";a:1:{s:21:"general_style_section";a:7:{s:5:"color";i:2;s:5:"align";i:2;s:5:"style";i:1;s:8:"bg_color";i:1;s:12:"color_scheme";i:1;s:14:"bg_color_hover";i:1;s:18:"color_scheme_hover";i:1;}}s:8:"advanced";a:3:{s:14:"_section_style";a:1:{s:7:"_margin";i:1;}s:8:"wd_extra";a:1:{s:8:"scroll_y";i:2;}s:17:"_section_position";a:1:{s:14:"_element_width";i:2;}}s:7:"content";a:1:{s:23:"general_content_section";a:1:{s:4:"text";i:1;}}}}s:7:"section";a:3:{s:5:"count";i:1;s:15:"control_percent";i:0;s:8:"controls";a:1:{s:6:"layout";a:1:{s:17:"section_structure";a:1:{s:9:"structure";i:1;}}}}}]]></wp:meta_value>
		</wp:postmeta>
						</item>
					<item>
		<title>
				wd-coffee-slide-2		</title>
		<link>http://dummy.xtemos.com/woodmart-elementor/demos/woodmart_slide/coffe-slide-1-2/wd-coffee-slide-2/</link>
		<pubDate>Mon, 29 Mar 2021 13:32:30 +0000</pubDate>
		<dc:creator><![CDATA[zakhar]]></dc:creator>
		<guid isPermaLink="false">http://dummy.xtemos.com/woodmart-elementor/demos/wp-content/uploads/sites/2/2021/03/wd-coffee-slide-2.jpg</guid>
		<description></description>
		<content:encoded><![CDATA[]]></content:encoded>
		<excerpt:encoded><![CDATA[]]></excerpt:encoded>
		<wp:post_id>10165</wp:post_id>
		<wp:post_date>2021-03-29 13:32:30</wp:post_date>
		<wp:post_date_gmt>2021-03-29 13:32:30</wp:post_date_gmt>
		<wp:comment_status>open</wp:comment_status>
		<wp:ping_status>closed</wp:ping_status>
		<wp:post_name>wd-coffee-slide-2</wp:post_name>
		<wp:status>inherit</wp:status>
		<wp:post_parent>10164</wp:post_parent>
		<wp:menu_order>0</wp:menu_order>
		<wp:post_type>attachment</wp:post_type>
		<wp:post_password></wp:post_password>
		<wp:is_sticky>0</wp:is_sticky>
						<wp:attachment_url>http://dummy.xtemos.com/woodmart-elementor/demos/wp-content/uploads/sites/2/2021/03/wd-coffee-slide-2.jpg</wp:attachment_url>
												<wp:postmeta>
			<wp:meta_key>_wp_attached_file</wp:meta_key>
			<wp:meta_value><![CDATA[2021/03/wd-coffee-slide-2.jpg]]></wp:meta_value>
		</wp:postmeta>
						</item>
					<item>
		<title>
				Coffe slide 3		</title>
		<link>http://dummy.xtemos.com/woodmart-elementor/demos/woodmart_slide/coffe-slide-1-3/</link>
		<pubDate>Mon, 29 Mar 2021 13:35:50 +0000</pubDate>
		<dc:creator><![CDATA[zakhar]]></dc:creator>
		<guid isPermaLink="false">http://dummy.xtemos.com/woodmart-elementor/demos/?post_type=woodmart_slide&#038;p=10169</guid>
		<description></description>
		<content:encoded><![CDATA[ 					
				
					Everything you need to know coffee				
		Settling you has separate supplied bed. Concluded resembled layout  suspected his ]]></content:encoded>
		<excerpt:encoded><![CDATA[]]></excerpt:encoded>
		<wp:post_id>10169</wp:post_id>
		<wp:post_date>2021-03-29 13:35:50</wp:post_date>
		<wp:post_date_gmt>2021-03-29 13:35:50</wp:post_date_gmt>
		<wp:comment_status>closed</wp:comment_status>
		<wp:ping_status>closed</wp:ping_status>
		<wp:post_name>coffe-slide-1-3</wp:post_name>
		<wp:status>publish</wp:status>
		<wp:post_parent>0</wp:post_parent>
		<wp:menu_order>0</wp:menu_order>
		<wp:post_type>woodmart_slide</wp:post_type>
		<wp:post_password></wp:post_password>
		<wp:is_sticky>0</wp:is_sticky>
										<category domain="woodmart_slider" nicename="coffee-slider"><![CDATA[Coffee slider]]></category>
						<wp:postmeta>
			<wp:meta_key>_thumbnail_id</wp:meta_key>
			<wp:meta_value><![CDATA[10170]]></wp:meta_value>
		</wp:postmeta>
							<wp:postmeta>
			<wp:meta_key>_wp_page_template</wp:meta_key>
			<wp:meta_value><![CDATA[default]]></wp:meta_value>
		</wp:postmeta>
							<wp:postmeta>
			<wp:meta_key>bg_color</wp:meta_key>
			<wp:meta_value><![CDATA[rgb(226,237,233)]]></wp:meta_value>
		</wp:postmeta>
							<wp:postmeta>
			<wp:meta_key>bg_image_tablet</wp:meta_key>
			<wp:meta_value><![CDATA[]]></wp:meta_value>
		</wp:postmeta>
							<wp:postmeta>
			<wp:meta_key>bg_image_mobile</wp:meta_key>
			<wp:meta_value><![CDATA[]]></wp:meta_value>
		</wp:postmeta>
							<wp:postmeta>
			<wp:meta_key>vertical_align</wp:meta_key>
			<wp:meta_value><![CDATA[middle]]></wp:meta_value>
		</wp:postmeta>
							<wp:postmeta>
			<wp:meta_key>horizontal_align</wp:meta_key>
			<wp:meta_value><![CDATA[center]]></wp:meta_value>
		</wp:postmeta>
							<wp:postmeta>
			<wp:meta_key>content_width</wp:meta_key>
			<wp:meta_value><![CDATA[1200]]></wp:meta_value>
		</wp:postmeta>
							<wp:postmeta>
			<wp:meta_key>content_width_tablet</wp:meta_key>
			<wp:meta_value><![CDATA[1200]]></wp:meta_value>
		</wp:postmeta>
							<wp:postmeta>
			<wp:meta_key>content_width_mobile</wp:meta_key>
			<wp:meta_value><![CDATA[410]]></wp:meta_value>
		</wp:postmeta>
							<wp:postmeta>
			<wp:meta_key>slide_animation</wp:meta_key>
			<wp:meta_value><![CDATA[slide-from-left]]></wp:meta_value>
		</wp:postmeta>
							<wp:postmeta>
			<wp:meta_key>_elementor_edit_mode</wp:meta_key>
			<wp:meta_value><![CDATA[builder]]></wp:meta_value>
		</wp:postmeta>
							<wp:postmeta>
			<wp:meta_key>_elementor_template_type</wp:meta_key>
			<wp:meta_value><![CDATA[wp-post]]></wp:meta_value>
		</wp:postmeta>
							<wp:postmeta>
			<wp:meta_key>_elementor_version</wp:meta_key>
			<wp:meta_value><![CDATA[2.9.11]]></wp:meta_value>
		</wp:postmeta>
							<wp:postmeta>
			<wp:meta_key>_elementor_data</wp:meta_key>
			<wp:meta_value><![CDATA[[{"id":"20c4914","elType":"section","settings":{"structure":"20"},"elements":[{"id":"0121e7c","elType":"column","settings":{"_column_size":"50","_inline_size":"58","column_sticky_offset":"50","scroll_y":"-80"},"elements":[{"id":"c65f5eb","elType":"widget","settings":{"subtitle":"","title":"Everything you need to know coffee","after_title":"","align":"left","width":{"unit":"%","size":"90","sizes":[]},"title_color":"#114639","title_typography_typography":"custom","title_typography_font_size":{"unit":"px","size":"54","sizes":[]},"title_typography_font_size_tablet":{"unit":"px","size":"38","sizes":[]},"title_typography_font_size_mobile":{"unit":"px","size":"22","sizes":[]},"title_typography_font_weight":"700","scroll_y":"-80","width_tablet":{"unit":"%","size":"100","sizes":[]},"width_mobile":{"unit":"%","size":"75","sizes":[]},"title_typography_line_height":{"unit":"em","size":"1.2","sizes":[]},"_margin_mobile":{"unit":"px","top":"0","right":"0","bottom":"20","left":"0","isLinked":""}},"elements":[],"widgetType":"wd_title"},{"id":"6a6a69f","elType":"widget","settings":{"editor":"<p>Settling you has separate supplied bed. Concluded resembled layout\u00a0 suspected his resources curiosity joy. Led all cottage met enabled attempt through talking delight. Dare he feet my tell busy.<\/p>","align":"left","typography_typography":"custom","typography_font_size":{"unit":"px","size":"16","sizes":[]},"wd_content_width":{"unit":"%","size":"80","sizes":[]},"_margin":{"unit":"px","top":"0","right":"0","bottom":"15","left":"0","isLinked":""},"scroll_y":"-80","wd_content_width_tablet":{"unit":"%","size":"100","sizes":[]},"hide_mobile":"hidden-phone"},"elements":[],"widgetType":"text-editor"},{"id":"1091378","elType":"widget","settings":{"text":"Read more","color":"primary","align":"left","_margin":{"unit":"px","top":"0","right":"20","bottom":"0","left":"0","isLinked":""},"scroll_y":"-80","_element_width":"auto"},"elements":[],"widgetType":"wd_button"},{"id":"d966ab5","elType":"widget","settings":{"text":"View more","style":"bordered","color":"custom","bg_color":"#C0C9C5","color_scheme":"dark","bg_color_hover":"#C0C9C5","color_scheme_hover":"dark","align":"left","_margin":{"unit":"px","top":"0","right":"20","bottom":"0","left":"0","isLinked":""},"scroll_y":"-80","_element_width":"auto"},"elements":[],"widgetType":"wd_button"}],"isInner":""},{"id":"9bd3e57","elType":"column","settings":{"_column_size":"50","_inline_size":"42","column_sticky_offset":"50","scroll_y":"-80","hide_mobile":"hidden-phone"},"elements":[],"isInner":""}],"isInner":""}]]]></wp:meta_value>
		</wp:postmeta>
							<wp:postmeta>
			<wp:meta_key>_wp_old_slug</wp:meta_key>
			<wp:meta_value><![CDATA[coffe-slide-1]]></wp:meta_value>
		</wp:postmeta>
							<wp:postmeta>
			<wp:meta_key>_elementor_controls_usage</wp:meta_key>
			<wp:meta_value><![CDATA[a:5:{s:8:"wd_title";a:3:{s:5:"count";i:1;s:15:"control_percent";i:5;s:8:"controls";a:3:{s:7:"content";a:1:{s:23:"general_content_section";a:3:{s:8:"subtitle";i:1;s:5:"title";i:1;s:11:"after_title";i:1;}}s:5:"style";a:2:{s:21:"general_style_section";a:4:{s:5:"align";i:1;s:5:"width";i:1;s:12:"width_tablet";i:1;s:12:"width_mobile";i:1;}s:19:"title_style_section";a:7:{s:11:"title_color";i:1;s:27:"title_typography_typography";i:1;s:26:"title_typography_font_size";i:1;s:33:"title_typography_font_size_tablet";i:1;s:33:"title_typography_font_size_mobile";i:1;s:28:"title_typography_font_weight";i:1;s:28:"title_typography_line_height";i:1;}}s:8:"advanced";a:2:{s:8:"wd_extra";a:1:{s:8:"scroll_y";i:1;}s:14:"_section_style";a:1:{s:14:"_margin_mobile";i:1;}}}}s:11:"text-editor";a:3:{s:5:"count";i:1;s:15:"control_percent";i:4;s:8:"controls";a:3:{s:7:"content";a:1:{s:14:"section_editor";a:1:{s:6:"editor";i:1;}}s:5:"style";a:1:{s:13:"section_style";a:5:{s:5:"align";i:1;s:21:"typography_typography";i:1;s:20:"typography_font_size";i:1;s:16:"wd_content_width";i:1;s:23:"wd_content_width_tablet";i:1;}}s:8:"advanced";a:3:{s:14:"_section_style";a:1:{s:7:"_margin";i:1;}s:8:"wd_extra";a:1:{s:8:"scroll_y";i:1;}s:19:"_section_responsive";a:1:{s:11:"hide_mobile";i:1;}}}}s:9:"wd_button";a:3:{s:5:"count";i:2;s:15:"control_percent";i:5;s:8:"controls";a:3:{s:5:"style";a:1:{s:21:"general_style_section";a:7:{s:5:"color";i:2;s:5:"align";i:2;s:5:"style";i:1;s:8:"bg_color";i:1;s:12:"color_scheme";i:1;s:14:"bg_color_hover";i:1;s:18:"color_scheme_hover";i:1;}}s:8:"advanced";a:3:{s:14:"_section_style";a:1:{s:7:"_margin";i:2;}s:8:"wd_extra";a:1:{s:8:"scroll_y";i:2;}s:17:"_section_position";a:1:{s:14:"_element_width";i:2;}}s:7:"content";a:1:{s:23:"general_content_section";a:1:{s:4:"text";i:1;}}}}s:6:"column";a:3:{s:5:"count";i:2;s:15:"control_percent";i:1;s:8:"controls";a:2:{s:6:"layout";a:1:{s:6:"layout";a:1:{s:12:"_inline_size";i:2;}}s:8:"advanced";a:2:{s:8:"wd_extra";a:2:{s:20:"column_sticky_offset";i:2;s:8:"scroll_y";i:2;}s:19:"_section_responsive";a:1:{s:11:"hide_mobile";i:1;}}}}s:7:"section";a:3:{s:5:"count";i:1;s:15:"control_percent";i:0;s:8:"controls";a:1:{s:6:"layout";a:1:{s:17:"section_structure";a:1:{s:9:"structure";i:1;}}}}}]]></wp:meta_value>
		</wp:postmeta>
						</item>
					<item>
		<title>
				wd-coffee-slide-3		</title>
		<link>http://dummy.xtemos.com/woodmart-elementor/demos/woodmart_slide/coffe-slide-1-3/wd-coffee-slide-3/</link>
		<pubDate>Mon, 29 Mar 2021 13:35:15 +0000</pubDate>
		<dc:creator><![CDATA[zakhar]]></dc:creator>
		<guid isPermaLink="false">http://dummy.xtemos.com/woodmart-elementor/demos/wp-content/uploads/sites/2/2021/03/wd-coffee-slide-3.jpg</guid>
		<description></description>
		<content:encoded><![CDATA[]]></content:encoded>
		<excerpt:encoded><![CDATA[]]></excerpt:encoded>
		<wp:post_id>10170</wp:post_id>
		<wp:post_date>2021-03-29 13:35:15</wp:post_date>
		<wp:post_date_gmt>2021-03-29 13:35:15</wp:post_date_gmt>
		<wp:comment_status>open</wp:comment_status>
		<wp:ping_status>closed</wp:ping_status>
		<wp:post_name>wd-coffee-slide-3</wp:post_name>
		<wp:status>inherit</wp:status>
		<wp:post_parent>10169</wp:post_parent>
		<wp:menu_order>0</wp:menu_order>
		<wp:post_type>attachment</wp:post_type>
		<wp:post_password></wp:post_password>
		<wp:is_sticky>0</wp:is_sticky>
						<wp:attachment_url>http://dummy.xtemos.com/woodmart-elementor/demos/wp-content/uploads/sites/2/2021/03/wd-coffee-slide-3.jpg</wp:attachment_url>
												<wp:postmeta>
			<wp:meta_key>_wp_attached_file</wp:meta_key>
			<wp:meta_value><![CDATA[2021/03/wd-coffee-slide-3.jpg]]></wp:meta_value>
		</wp:postmeta>
						</item>
				</channel>
</rss>
	