<?xml version="1.0" encoding="UTF-8" ?>
<!-- This is a WordPress eXtended RSS file generated by WordPress as an export of your site. -->
<!-- It contains information about your site's posts, pages, comments, categories, and other content. -->
<!-- You may use this file to transfer that content from one site to another. -->
<!-- This file is not intended to serve as a complete backup of your site. -->

<!-- To import this information into a WordPress site follow these steps: -->
<!-- 1. Log in to that site as an administrator. -->
<!-- 2. Go to Tools: Import in the WordPress admin panel. -->
<!-- 3. Install the "WordPress" importer from the list. -->
<!-- 4. Activate & Run Importer. -->
<!-- 5. Upload this file using the form provided on that page. -->
<!-- 6. You will first be asked to map the authors in this export file to users -->
<!--    on the site. For each author, you may choose to map to an -->
<!--    existing user on the site or to create a new user. -->
<!-- 7. WordPress will then import each of the posts, pages, comments, categories, etc. -->
<!--    contained in this file into your site. -->

	<!-- generator="WordPress/5.4.2" created="2020-07-20 13:39" -->
<rss version="2.0"
	xmlns:excerpt="http://wordpress.org/export/1.2/excerpt/"
	xmlns:content="http://purl.org/rss/1.0/modules/content/"
	xmlns:wfw="http://wellformedweb.org/CommentAPI/"
	xmlns:dc="http://purl.org/dc/elements/1.1/"
	xmlns:wp="http://wordpress.org/export/1.2/"
>

<channel>
	<title>Woodmart dummy demos</title>
	<link>http://dummy.xtemos.com/woodmart-elementor/demos</link>
	<description>Just another Woodmart Dummy Content Sites site</description>
	<pubDate>Mon, 20 Jul 2020 13:39:48 +0000</pubDate>
	<language>en-US</language>
	<wp:wxr_version>1.2</wp:wxr_version>
	<wp:base_site_url>http://dummy.xtemos.com/woodmart-elementor/</wp:base_site_url>
	<wp:base_blog_url>http://dummy.xtemos.com/woodmart-elementor/demos</wp:base_blog_url>

		<wp:author><wp:author_id>2</wp:author_id><wp:author_login>erwin</wp:author_login><wp:author_email>ss@asas.as</wp:author_email><wp:author_display_name><![CDATA[erwin]]></wp:author_display_name><wp:author_first_name><![CDATA[]]></wp:author_first_name><wp:author_last_name><![CDATA[]]></wp:author_last_name></wp:author>

				
	<generator>https://wordpress.org/?v=5.4.2</generator>

		<item>
		<title>
				wood-gallery-placeholder-5		</title>
		<link>http://dummy.xtemos.com/woodmart-elementor/demos/home-base/wood-gallery-placeholder-5/</link>
		<pubDate>Wed, 14 Jun 2017 11:33:22 +0000</pubDate>
		<dc:creator><![CDATA[admin]]></dc:creator>
		<guid isPermaLink="false">http://dummy.xtemos.com/woodmart-elementor/demos/wp-content/uploads/sites/2/2017/06/wood-gallery-placeholder-5.jpg</guid>
		<description></description>
		<content:encoded><![CDATA[]]></content:encoded>
		<excerpt:encoded><![CDATA[]]></excerpt:encoded>
		<wp:post_id>77</wp:post_id>
		<wp:post_date>2017-06-14 11:33:22</wp:post_date>
		<wp:post_date_gmt>2017-06-14 11:33:22</wp:post_date_gmt>
		<wp:comment_status>open</wp:comment_status>
		<wp:ping_status>closed</wp:ping_status>
		<wp:post_name>wood-gallery-placeholder-5</wp:post_name>
		<wp:status>inherit</wp:status>
		<wp:post_parent>57</wp:post_parent>
		<wp:menu_order>0</wp:menu_order>
		<wp:post_type>attachment</wp:post_type>
		<wp:post_password></wp:post_password>
		<wp:is_sticky>0</wp:is_sticky>
						<wp:attachment_url>http://dummy.xtemos.com/woodmart-elementor/demos/wp-content/uploads/sites/2/2017/06/wood-gallery-placeholder-5.jpg</wp:attachment_url>
												<wp:postmeta>
			<wp:meta_key>_wp_attached_file</wp:meta_key>
			<wp:meta_value><![CDATA[2017/06/wood-gallery-placeholder-5.jpg]]></wp:meta_value>
		</wp:postmeta>
						</item>
					<item>
		<title>
				wood-gallery-placeholder		</title>
		<link>http://dummy.xtemos.com/woodmart-elementor/demos/home-base/wood-gallery-placeholder/</link>
		<pubDate>Wed, 14 Jun 2017 11:33:24 +0000</pubDate>
		<dc:creator><![CDATA[admin]]></dc:creator>
		<guid isPermaLink="false">http://dummy.xtemos.com/woodmart-elementor/demos/wp-content/uploads/sites/2/2017/06/wood-gallery-placeholder.jpg</guid>
		<description></description>
		<content:encoded><![CDATA[]]></content:encoded>
		<excerpt:encoded><![CDATA[]]></excerpt:encoded>
		<wp:post_id>78</wp:post_id>
		<wp:post_date>2017-06-14 11:33:24</wp:post_date>
		<wp:post_date_gmt>2017-06-14 11:33:24</wp:post_date_gmt>
		<wp:comment_status>open</wp:comment_status>
		<wp:ping_status>closed</wp:ping_status>
		<wp:post_name>wood-gallery-placeholder</wp:post_name>
		<wp:status>inherit</wp:status>
		<wp:post_parent>57</wp:post_parent>
		<wp:menu_order>0</wp:menu_order>
		<wp:post_type>attachment</wp:post_type>
		<wp:post_password></wp:post_password>
		<wp:is_sticky>0</wp:is_sticky>
						<wp:attachment_url>http://dummy.xtemos.com/woodmart-elementor/demos/wp-content/uploads/sites/2/2017/06/wood-gallery-placeholder.jpg</wp:attachment_url>
												<wp:postmeta>
			<wp:meta_key>_wp_attached_file</wp:meta_key>
			<wp:meta_value><![CDATA[2017/06/wood-gallery-placeholder.jpg]]></wp:meta_value>
		</wp:postmeta>
						</item>
					<item>
		<title>
				wood-gallery-placeholder-2		</title>
		<link>http://dummy.xtemos.com/woodmart-elementor/demos/home-base/wood-gallery-placeholder-2/</link>
		<pubDate>Wed, 14 Jun 2017 11:33:26 +0000</pubDate>
		<dc:creator><![CDATA[admin]]></dc:creator>
		<guid isPermaLink="false">http://dummy.xtemos.com/woodmart-elementor/demos/wp-content/uploads/sites/2/2017/06/wood-gallery-placeholder-2.jpg</guid>
		<description></description>
		<content:encoded><![CDATA[]]></content:encoded>
		<excerpt:encoded><![CDATA[]]></excerpt:encoded>
		<wp:post_id>79</wp:post_id>
		<wp:post_date>2017-06-14 11:33:26</wp:post_date>
		<wp:post_date_gmt>2017-06-14 11:33:26</wp:post_date_gmt>
		<wp:comment_status>open</wp:comment_status>
		<wp:ping_status>closed</wp:ping_status>
		<wp:post_name>wood-gallery-placeholder-2</wp:post_name>
		<wp:status>inherit</wp:status>
		<wp:post_parent>57</wp:post_parent>
		<wp:menu_order>0</wp:menu_order>
		<wp:post_type>attachment</wp:post_type>
		<wp:post_password></wp:post_password>
		<wp:is_sticky>0</wp:is_sticky>
						<wp:attachment_url>http://dummy.xtemos.com/woodmart-elementor/demos/wp-content/uploads/sites/2/2017/06/wood-gallery-placeholder-2.jpg</wp:attachment_url>
												<wp:postmeta>
			<wp:meta_key>_wp_attached_file</wp:meta_key>
			<wp:meta_value><![CDATA[2017/06/wood-gallery-placeholder-2.jpg]]></wp:meta_value>
		</wp:postmeta>
						</item>
					<item>
		<title>
				wood-gallery-placeholder-3		</title>
		<link>http://dummy.xtemos.com/woodmart-elementor/demos/home-base/wood-gallery-placeholder-3/</link>
		<pubDate>Wed, 14 Jun 2017 11:33:28 +0000</pubDate>
		<dc:creator><![CDATA[admin]]></dc:creator>
		<guid isPermaLink="false">http://dummy.xtemos.com/woodmart-elementor/demos/wp-content/uploads/sites/2/2017/06/wood-gallery-placeholder-3.jpg</guid>
		<description></description>
		<content:encoded><![CDATA[]]></content:encoded>
		<excerpt:encoded><![CDATA[]]></excerpt:encoded>
		<wp:post_id>80</wp:post_id>
		<wp:post_date>2017-06-14 11:33:28</wp:post_date>
		<wp:post_date_gmt>2017-06-14 11:33:28</wp:post_date_gmt>
		<wp:comment_status>open</wp:comment_status>
		<wp:ping_status>closed</wp:ping_status>
		<wp:post_name>wood-gallery-placeholder-3</wp:post_name>
		<wp:status>inherit</wp:status>
		<wp:post_parent>57</wp:post_parent>
		<wp:menu_order>0</wp:menu_order>
		<wp:post_type>attachment</wp:post_type>
		<wp:post_password></wp:post_password>
		<wp:is_sticky>0</wp:is_sticky>
						<wp:attachment_url>http://dummy.xtemos.com/woodmart-elementor/demos/wp-content/uploads/sites/2/2017/06/wood-gallery-placeholder-3.jpg</wp:attachment_url>
												<wp:postmeta>
			<wp:meta_key>_wp_attached_file</wp:meta_key>
			<wp:meta_value><![CDATA[2017/06/wood-gallery-placeholder-3.jpg]]></wp:meta_value>
		</wp:postmeta>
						</item>
					<item>
		<title>
				paper-plane		</title>
		<link>http://dummy.xtemos.com/woodmart-elementor/demos/home-video/paper-plane/</link>
		<pubDate>Mon, 26 Jun 2017 09:01:23 +0000</pubDate>
		<dc:creator><![CDATA[erwin]]></dc:creator>
		<guid isPermaLink="false">http://dummy.xtemos.com/woodmart-elementor/demos/wp-content/uploads/sites/2/2017/06/paper-plane.svg</guid>
		<description></description>
		<content:encoded><![CDATA[]]></content:encoded>
		<excerpt:encoded><![CDATA[]]></excerpt:encoded>
		<wp:post_id>611</wp:post_id>
		<wp:post_date>2017-06-26 09:01:23</wp:post_date>
		<wp:post_date_gmt>2017-06-26 09:01:23</wp:post_date_gmt>
		<wp:comment_status>open</wp:comment_status>
		<wp:ping_status>closed</wp:ping_status>
		<wp:post_name>paper-plane</wp:post_name>
		<wp:status>inherit</wp:status>
		<wp:post_parent>601</wp:post_parent>
		<wp:menu_order>0</wp:menu_order>
		<wp:post_type>attachment</wp:post_type>
		<wp:post_password></wp:post_password>
		<wp:is_sticky>0</wp:is_sticky>
						<wp:attachment_url>http://dummy.xtemos.com/woodmart-elementor/demos/wp-content/uploads/sites/2/2017/06/paper-plane.svg</wp:attachment_url>
												<wp:postmeta>
			<wp:meta_key>_wp_attached_file</wp:meta_key>
			<wp:meta_value><![CDATA[2017/06/paper-plane.svg]]></wp:meta_value>
		</wp:postmeta>
							<wp:postmeta>
			<wp:meta_key>wd_page_css_files</wp:meta_key>
			<wp:meta_value><![CDATA[a:15:{i:0;s:12:"wp-gutenberg";i:1;s:5:"wpcf7";i:2;s:5:"mc4wp";i:3;s:17:"revolution-slider";i:4;s:14:"elementor-base";i:5;s:13:"wpbakery-base";i:6;s:13:"notices-fixed";i:7;s:16:"woocommerce-base";i:8;s:12:"social-icons";i:9;s:8:"info-box";i:10;s:6:"banner";i:11;s:18:"off-canvas-sidebar";i:12;s:9:"instagram";i:13;s:13:"section-title";i:14;s:10:"scroll-top";}]]></wp:meta_value>
		</wp:postmeta>
						</item>
					<item>
		<title>
				Button with popup		</title>
		<link>http://dummy.xtemos.com/woodmart-elementor/demos/button-with-popup/</link>
		<pubDate>Tue, 04 Jul 2017 13:57:05 +0000</pubDate>
		<dc:creator><![CDATA[erwin]]></dc:creator>
		<guid isPermaLink="false">http://dummy.xtemos.com/woodmart-elementor/demos/?page_id=795</guid>
		<description></description>
		<content:encoded><![CDATA[XTEMOS ELEMENT				
				
					POPUP WITH CONTACT FORM				
			
					WRITE A MESSAGE				
							
					.elementor-317 .elementor-element.element]]></content:encoded>
		<excerpt:encoded><![CDATA[]]></excerpt:encoded>
		<wp:post_id>795</wp:post_id>
		<wp:post_date>2017-07-04 13:57:05</wp:post_date>
		<wp:post_date_gmt>2017-07-04 13:57:05</wp:post_date_gmt>
		<wp:comment_status>closed</wp:comment_status>
		<wp:ping_status>closed</wp:ping_status>
		<wp:post_name>button-with-popup</wp:post_name>
		<wp:status>publish</wp:status>
		<wp:post_parent>0</wp:post_parent>
		<wp:menu_order>0</wp:menu_order>
		<wp:post_type>page</wp:post_type>
		<wp:post_password></wp:post_password>
		<wp:is_sticky>0</wp:is_sticky>
														<wp:postmeta>
			<wp:meta_key>_wp_page_template</wp:meta_key>
			<wp:meta_value><![CDATA[default]]></wp:meta_value>
		</wp:postmeta>
							<wp:postmeta>
			<wp:meta_key>_woodmart_main_layout</wp:meta_key>
			<wp:meta_value><![CDATA[full-width]]></wp:meta_value>
		</wp:postmeta>
							<wp:postmeta>
			<wp:meta_key>_woodmart_header_color_scheme</wp:meta_key>
			<wp:meta_value><![CDATA[inherit]]></wp:meta_value>
		</wp:postmeta>
							<wp:postmeta>
			<wp:meta_key>_oembed_71ae0db7f6e61ffd19b757ea6a0c207c</wp:meta_key>
			<wp:meta_value><![CDATA[<iframe src="https://player.vimeo.com/video/51589652" width="500" height="281" frameborder="0" title="Timelapse - Lighthouse (Oct 2012)" webkitallowfullscreen mozallowfullscreen allowfullscreen></iframe>]]></wp:meta_value>
		</wp:postmeta>
							<wp:postmeta>
			<wp:meta_key>_oembed_time_71ae0db7f6e61ffd19b757ea6a0c207c</wp:meta_key>
			<wp:meta_value><![CDATA[1499176633]]></wp:meta_value>
		</wp:postmeta>
							<wp:postmeta>
			<wp:meta_key>_woodmart_whb_header</wp:meta_key>
			<wp:meta_value><![CDATA[none]]></wp:meta_value>
		</wp:postmeta>
							<wp:postmeta>
			<wp:meta_key>_elementor_data</wp:meta_key>
			<wp:meta_value><![CDATA[[{"id":"6247159","elType":"section","settings":{"content_position":"top","structure":"20","gap":"extended","margin":{"unit":"px","top":"0","right":"0","bottom":"40","left":"0","isLinked":""},"margin_mobile":{"unit":"px","top":"0","right":"0","bottom":"0","left":"0","isLinked":""}},"elements":[{"id":"5717767","elType":"column","settings":{"_column_size":"50","column_sticky_offset":"50","scroll_y":"-80"},"elements":[{"id":"1312043","elType":"widget","settings":{"subtitle":"XTEMOS ELEMENT","after_title":"","image_size":"custom","color":"primary","style":"bordered","title":"POPUP WITH CONTACT FORM","scroll_y":"-80"},"elements":[],"widgetType":"wd_title"},{"id":"8327808","elType":"widget","settings":{"color":"primary","popup_id":"contact-form-popup","text":"WRITE A MESSAGE","scroll_y":"-80","content":"317","width":{"unit":"px","size":"900","sizes":[]}},"elements":[{"id":"174373","elType":"section","settings":{"equal_height":"yes","structure":"20"},"elements":[{"id":"1840653","elType":"column","settings":{"_column_size":"66","column_sticky_offset":"50","scroll_y":"-80"},"elements":[{"id":"4222017","elType":"widget","settings":{"subtitle":"","after_title":"","image_size":"custom","size":"small","align":"left","title":"SEND US A MESSAGE","scroll_y":"-80"},"elements":[],"widgetType":"wd_title"},{"id":"6319435","elType":"widget","settings":{"form_id":"608","scroll_y":"-80"},"elements":[],"widgetType":"wd_contact_form_7"}],"isInner":"1"},{"id":"5792120","elType":"column","settings":{"_column_size":"33","_background_background":"classic","_background_color":"#333333","column_sticky_offset":"50","scroll_y":"-80"},"elements":[{"id":"4128983","elType":"widget","settings":{"subtitle":"","after_title":"","image_size":"custom","size":"small","color":"white","align":"left","title":"CONTACT INFORMATION","scroll_y":"-80"},"elements":[],"widgetType":"wd_title"},{"id":"6320816","elType":"widget","settings":{"icon_type":"icon","alignment":"left","btn_text":"","image_size":"custom","subtitle":"","title":"","btn_position":"hover","image":{"id":"611","url":"#"},"woodmart_color_scheme":"light","image_alignment":"left","image_custom_dimension":{"width":"30","height":"30"},"content":"50 East 52nd Street<br \/>\r\nBrooklyn, NY 10022<br \/>\r\nUnited States","icon_text":"53","scroll_y":"-80"},"elements":[],"widgetType":"wd_infobox"},{"id":"8931385","elType":"widget","settings":{"icon_type":"icon","alignment":"left","btn_text":"","image_size":"custom","subtitle":"","title":"","btn_position":"hover","image":{"id":"611","url":"#"},"woodmart_color_scheme":"light","image_alignment":"left","image_custom_dimension":{"width":"30","height":"30"},"content":"+1322224332<br \/>\r\n+1323345455","icon_text":"53","scroll_y":"-80"},"elements":[],"widgetType":"wd_infobox"},{"id":"9284373","elType":"widget","settings":{"icon_type":"icon","alignment":"left","btn_text":"","image_size":"custom","subtitle":"","title":"","btn_position":"hover","image":{"id":"611","url":"#"},"woodmart_color_scheme":"light","image_alignment":"left","image_custom_dimension":{"width":"30","height":"30"},"content":"<a href=\"http:\/\/themedemo.commercegurus.com\/economist\/#\">info@economist.com<\/a><br \/>\r\n<a href=\"http:\/\/themedemo.commercegurus.com\/economist\/#\">support@economist.com<\/a>","icon_text":"53","scroll_y":"-80"},"elements":[],"widgetType":"wd_infobox"},{"id":"6179907","elType":"widget","settings":{"color":"rgba(255,255,255,0.15)","text":"Divider","scroll_y":"-80"},"elements":[],"widgetType":"divider"},{"id":"6180252","elType":"widget","settings":{"typography_typography":"custom","align":"left","woodmart_color_scheme":"light","editor":"<p>Do you have questions about how Economist can help your company? Send us an email and we\u2019ll get in touch shortly.<\/p>\n","scroll_y":"-80"},"elements":[],"widgetType":"text-editor"},{"id":"561683","elType":"widget","settings":{"size":"small","align":"left","style":"colored","scroll_y":"-80"},"elements":[],"widgetType":"wd_social_buttons"}],"isInner":""}],"isInner":"1"}],"widgetType":"wd_popup"}],"isInner":""},{"id":"1094645","elType":"column","settings":{"_column_size":"50","column_sticky_offset":"50","scroll_y":"-80"},"elements":[{"id":"7762164","elType":"widget","settings":{"subtitle":"XTEMOS ELEMENT","after_title":"","image_size":"custom","color":"primary","style":"bordered","title":"POPUP SUBSCRIBE FORM","scroll_y":"-80"},"elements":[],"widgetType":"wd_title"},{"id":"3290348","elType":"widget","settings":{"color":"primary","popup_id":"newsletter-popup","text":"SUBSCRIBE TO OUR NEWSLETTER","scroll_y":"-80","content":"9024"},"elements":[{"id":"2130958","elType":"section","settings":{"_border_width":{"top":"0","left":"0","right":"0","bottom":"0","unit":"px","isLinked":""},"_border_border":"solid","_border_color":"rgba(255,255,255,0.15)","_background_background":"classic","_background_image":{"url":"http:\/\/dummy.xtemos.com\/woodmart-elementor\/demos\/wp-content\/uploads\/sites\/2\/2017\/06\/wood-main-dark-bg.jpg?id=246","id":""},"_background_size":"cover","_background_repeat":"no-repeat"},"elements":[{"id":"6024668","elType":"column","settings":{"_column_size":"100","css_animation":"fadeIn","wd_color_scheme":"light","_border_width":{"top":"5","left":"5","right":"5","bottom":"5","unit":"px","isLinked":""},"_border_border":"solid","_border_color":"rgba(255,255,255,0.15)","column_sticky_offset":"50","scroll_y":"-80"},"elements":[{"id":"1705300","elType":"widget","settings":{"subtitle":"","after_title":"Be the first to learn about our latest trends and get exclusive offers","image_size":"custom","size":"large","color":"white","width":{"size":"90","unit":"%"},"title":"HEY YOU, SIGN UP ANDCONNECT TO WOODMART!","scroll_y":"-80"},"elements":[],"widgetType":"wd_title"},{"id":"9641445","elType":"widget","settings":{"typography_typography":"custom","align":"left","woodmart_color_scheme":"light","editor":"<\/p>\n<p>[mc4wp_form id=\"74\"]<\/p>\n<p>\n","scroll_y":"-80"},"elements":[],"widgetType":"text-editor"},{"id":"9428412","elType":"widget","settings":{"typography_typography":"custom","align":"left","woodmart_color_scheme":"light","editor":"<\/p>\n<p style=\"text-align: center\">Will be used in accordance with our\u00a0<strong><a href=\"#\">Privacy Policy<\/a><\/strong><\/p>\n<p>\n","scroll_y":"-80"},"elements":[],"widgetType":"text-editor"}],"isInner":"1"}],"isInner":"1"}],"widgetType":"wd_popup"}],"isInner":""}],"isInner":""},{"id":"5163098","elType":"section","settings":{"content_position":"top","structure":"20","gap":"extended","margin":{"unit":"px","top":"0","right":"0","bottom":"40","left":"0","isLinked":""},"margin_mobile":{"unit":"px","top":"0","right":"0","bottom":"0","left":"0","isLinked":""}},"elements":[{"id":"4787711","elType":"column","settings":{"_column_size":"50","column_sticky_offset":"50","scroll_y":"-80"},"elements":[{"id":"94294","elType":"widget","settings":{"subtitle":"XTEMOS ELEMENT","after_title":"","image_size":"custom","color":"primary","style":"bordered","title":"POPUP WITH PRODUCTS","scroll_y":"-80"},"elements":[],"widgetType":"wd_title"},{"id":"2650608","elType":"widget","settings":{"popup_id":"popup-5f13e1b0","content":"9047","text":"SHOW BEST PRODUCTS","width":{"unit":"px","size":"950","sizes":[]},"color":"primary","scroll_y":"-80"},"elements":[],"widgetType":"wd_popup"}],"isInner":""},{"id":"1079976","elType":"column","settings":{"_column_size":"50","column_sticky_offset":"50","scroll_y":"-80"},"elements":[{"id":"4497723","elType":"widget","settings":{"subtitle":"XTEMOS ELEMENT","after_title":"","image_size":"custom","color":"primary","style":"bordered","title":"VIDEO POPUP","scroll_y":"-80"},"elements":[],"widgetType":"wd_title"},{"id":"2beba94","elType":"widget","settings":{"popup_id":"popup-5f11b74fde1b0","content":"9056","text":"WATCH VIDEO","color":"primary","scroll_y":"-80"},"elements":[],"widgetType":"wd_popup"}],"isInner":""}],"isInner":""},{"id":"5a70b90","elType":"section","settings":{"content_position":"top","structure":"20","gap":"extended","margin":{"unit":"px","top":"0","right":"0","bottom":"30","left":"0","isLinked":""},"margin_mobile":{"unit":"px","top":"0","right":"0","bottom":"0","left":"0","isLinked":""}},"elements":[{"id":"5f42390","elType":"column","settings":{"_column_size":"50","column_sticky_offset":"50","scroll_y":"-80"},"elements":[{"id":"a857575","elType":"widget","settings":{"subtitle":"XTEMOS ELEMENT","after_title":"","image_size":"custom","color":"primary","style":"bordered","title":"POPUP WITH TEXT","scroll_y":"-80"},"elements":[],"widgetType":"wd_title"},{"id":"c2426e0","elType":"widget","settings":{"popup_id":"popup-5f1144fde1b0","text":"SIMPLE TEXT","width":{"unit":"px","size":"900","sizes":[]},"color":"primary","scroll_y":"-80","content":"9064"},"elements":[],"widgetType":"wd_popup"}],"isInner":""},{"id":"f0a8931","elType":"column","settings":{"_column_size":"50","column_sticky_offset":"50","scroll_y":"-80"},"elements":[{"id":"7c8ba4e","elType":"widget","settings":{"subtitle":"XTEMOS ELEMENT","after_title":"","image_size":"custom","color":"primary","style":"bordered","title":"IMAGES GALLERY IN POPUP","scroll_y":"-80"},"elements":[],"widgetType":"wd_title"},{"id":"b943824","elType":"widget","settings":{"popup_id":"popup-124","text":"SHOW GALLERY","color":"primary","scroll_y":"-80","content":"9037"},"elements":[],"widgetType":"wd_popup"}],"isInner":""}],"isInner":""}]]]></wp:meta_value>
		</wp:postmeta>
							<wp:postmeta>
			<wp:meta_key>_elementor_edit_mode</wp:meta_key>
			<wp:meta_value><![CDATA[builder]]></wp:meta_value>
		</wp:postmeta>
							<wp:postmeta>
			<wp:meta_key>_elementor_version</wp:meta_key>
			<wp:meta_value><![CDATA[2.9.11]]></wp:meta_value>
		</wp:postmeta>
							<wp:postmeta>
			<wp:meta_key>_elementor_template_type</wp:meta_key>
			<wp:meta_value><![CDATA[wp-page]]></wp:meta_value>
		</wp:postmeta>
							<wp:postmeta>
			<wp:meta_key>_elementor_controls_usage</wp:meta_key>
			<wp:meta_value><![CDATA[a:9:{s:8:"wd_title";a:3:{s:5:"count";i:9;s:15:"control_percent";i:2;s:8:"controls";a:3:{s:7:"content";a:1:{s:23:"general_content_section";a:3:{s:8:"subtitle";i:9;s:11:"after_title";i:9;s:5:"title";i:9;}}s:5:"style";a:2:{s:19:"title_style_section";a:1:{s:10:"image_size";i:9;}s:21:"general_style_section";a:5:{s:5:"color";i:8;s:5:"style";i:6;s:4:"size";i:3;s:5:"align";i:2;s:5:"width";i:1;}}s:8:"advanced";a:1:{s:8:"wd_extra";a:1:{s:8:"scroll_y";i:9;}}}}s:17:"wd_contact_form_7";a:3:{s:5:"count";i:1;s:15:"control_percent";i:1;s:8:"controls";a:2:{s:7:"content";a:1:{s:23:"general_content_section";a:1:{s:7:"form_id";i:1;}}s:8:"advanced";a:1:{s:8:"wd_extra";a:1:{s:8:"scroll_y";i:1;}}}}s:6:"column";a:3:{s:5:"count";i:9;s:15:"control_percent";i:1;s:8:"controls";a:2:{s:8:"advanced";a:1:{s:8:"wd_extra";a:2:{s:20:"column_sticky_offset";i:9;s:8:"scroll_y";i:9;}}s:5:"style";a:1:{s:14:"wd_extra_style";a:1:{s:15:"wd_color_scheme";i:1;}}}}s:10:"wd_infobox";a:3:{s:5:"count";i:3;s:15:"control_percent";i:3;s:8:"controls";a:3:{s:7:"content";a:2:{s:20:"icon_content_section";a:4:{s:9:"icon_type";i:3;s:10:"image_size";i:3;s:5:"image";i:3;s:22:"image_custom_dimension";i:3;}s:15:"content_section";a:4:{s:8:"btn_text";i:3;s:8:"subtitle";i:3;s:5:"title";i:3;s:7:"content";i:3;}}s:5:"style";a:2:{s:21:"general_style_section";a:3:{s:9:"alignment";i:3;s:21:"woodmart_color_scheme";i:3;s:15:"image_alignment";i:3;}s:22:"button_content_section";a:1:{s:12:"btn_position";i:3;}}s:8:"advanced";a:1:{s:8:"wd_extra";a:1:{s:8:"scroll_y";i:3;}}}}s:7:"divider";a:3:{s:5:"count";i:1;s:15:"control_percent";i:1;s:8:"controls";a:2:{s:5:"style";a:1:{s:21:"section_divider_style";a:1:{s:5:"color";i:1;}}s:8:"advanced";a:1:{s:8:"wd_extra";a:1:{s:8:"scroll_y";i:1;}}}}s:11:"text-editor";a:3:{s:5:"count";i:3;s:15:"control_percent";i:2;s:8:"controls";a:3:{s:5:"style";a:1:{s:13:"section_style";a:2:{s:21:"typography_typography";i:3;s:5:"align";i:3;}}s:7:"content";a:1:{s:14:"section_editor";a:1:{s:6:"editor";i:3;}}s:8:"advanced";a:1:{s:8:"wd_extra";a:1:{s:8:"scroll_y";i:3;}}}}s:17:"wd_social_buttons";a:3:{s:5:"count";i:1;s:15:"control_percent";i:2;s:8:"controls";a:2:{s:5:"style";a:1:{s:21:"general_style_section";a:3:{s:4:"size";i:1;s:5:"align";i:1;s:5:"style";i:1;}}s:8:"advanced";a:1:{s:8:"wd_extra";a:1:{s:8:"scroll_y";i:1;}}}}s:7:"section";a:3:{s:5:"count";i:5;s:15:"control_percent";i:1;s:8:"controls";a:2:{s:6:"layout";a:2:{s:17:"section_structure";a:1:{s:9:"structure";i:4;}s:14:"section_layout";a:2:{s:16:"content_position";i:3;s:3:"gap";i:3;}}s:8:"advanced";a:1:{s:16:"section_advanced";a:2:{s:6:"margin";i:3;s:13:"margin_mobile";i:3;}}}}s:8:"wd_popup";a:3:{s:5:"count";i:6;s:15:"control_percent";i:2;s:8:"controls";a:3:{s:5:"style";a:2:{s:20:"button_style_section";a:1:{s:5:"color";i:6;}s:21:"general_style_section";a:1:{s:5:"width";i:3;}}s:7:"content";a:2:{s:23:"general_content_section";a:2:{s:8:"popup_id";i:6;s:7:"content";i:6;}s:22:"button_content_section";a:1:{s:4:"text";i:6;}}s:8:"advanced";a:1:{s:8:"wd_extra";a:1:{s:8:"scroll_y";i:6;}}}}}]]></wp:meta_value>
		</wp:postmeta>
						</item>
					<item>
		<title>
				buttons newsletter popup		</title>
		<link>http://dummy.xtemos.com/woodmart-elementor/demos/?cms_block=buttons-newsletter-popup</link>
		<pubDate>Mon, 20 Jul 2020 12:55:16 +0000</pubDate>
		<dc:creator><![CDATA[erwin]]></dc:creator>
		<guid isPermaLink="false">http://dummy.xtemos.com/woodmart-elementor/demos/?post_type=cms_block&#038;p=9024</guid>
		<description></description>
		<content:encoded><![CDATA[
					HEY YOU, SIGN UP AND CONNECT TO WOODMART!				
					Be the first to learn about our latest trends and get exclusive offers				
			]]></content:encoded>
		<excerpt:encoded><![CDATA[]]></excerpt:encoded>
		<wp:post_id>9024</wp:post_id>
		<wp:post_date>2020-07-20 12:55:16</wp:post_date>
		<wp:post_date_gmt>2020-07-20 12:55:16</wp:post_date_gmt>
		<wp:comment_status>closed</wp:comment_status>
		<wp:ping_status>closed</wp:ping_status>
		<wp:post_name>buttons-newsletter-popup</wp:post_name>
		<wp:status>publish</wp:status>
		<wp:post_parent>0</wp:post_parent>
		<wp:menu_order>0</wp:menu_order>
		<wp:post_type>cms_block</wp:post_type>
		<wp:post_password></wp:post_password>
		<wp:is_sticky>0</wp:is_sticky>
														<wp:postmeta>
			<wp:meta_key>_elementor_edit_mode</wp:meta_key>
			<wp:meta_value><![CDATA[builder]]></wp:meta_value>
		</wp:postmeta>
							<wp:postmeta>
			<wp:meta_key>_elementor_template_type</wp:meta_key>
			<wp:meta_value><![CDATA[wp-post]]></wp:meta_value>
		</wp:postmeta>
							<wp:postmeta>
			<wp:meta_key>_elementor_version</wp:meta_key>
			<wp:meta_value><![CDATA[2.9.11]]></wp:meta_value>
		</wp:postmeta>
							<wp:postmeta>
			<wp:meta_key>_wp_page_template</wp:meta_key>
			<wp:meta_value><![CDATA[default]]></wp:meta_value>
		</wp:postmeta>
							<wp:postmeta>
			<wp:meta_key>_elementor_data</wp:meta_key>
			<wp:meta_value><![CDATA[[{"id":"5e33dcf","elType":"section","settings":{"border_border":"solid","border_color":"rgba(255, 255, 255, 0.15)","background_size":"cover","background_repeat":"no-repeat","background_background":"classic","background_color":"#111111","margin":{"unit":"px","top":"-30","right":"-30","bottom":"-30","left":"-30","isLinked":"1"},"padding":{"unit":"px","top":"20","right":"20","bottom":"20","left":"20","isLinked":"1"}},"elements":[{"id":"9150c2d","elType":"column","settings":{"_column_size":"100","css_animation":"fadeIn","wd_color_scheme":"light","column_sticky_offset":"50","scroll_y":"-80"},"elements":[{"id":"c960700","elType":"section","settings":{"border_border":"solid","border_width":{"unit":"px","top":"5","right":"5","bottom":"5","left":"5","isLinked":"1"},"border_color":"rgba(255, 255, 255, 0.15)","margin":{"unit":"px","top":"0","right":"0","bottom":"0","left":"0","isLinked":"1"},"padding":{"unit":"px","top":"50","right":"50","bottom":"50","left":"50","isLinked":"1"}},"elements":[{"id":"fc53237","elType":"column","settings":{"_column_size":"100","column_sticky_offset":"50","scroll_y":"-80"},"elements":[{"id":"5d72052","elType":"widget","settings":{"subtitle":"","after_title":"Be the first to learn about our latest trends and get exclusive offers","image_size":"custom","size":"large","color":"white","width":{"size":"80","unit":"%"},"title":"HEY YOU, SIGN UP AND CONNECT TO WOODMART!","woodmart_css_id":"5c98e6eeed2f9","woodmart_empty_space":"","scroll_y":"-80","width_mobile":{"unit":"%","size":"100","sizes":[]}},"elements":[],"widgetType":"wd_title"},{"id":"adf4370","elType":"widget","settings":{"form_id":"74","content_width":{"unit":"px","size":"400","sizes":[]},"scroll_y":"-80"},"elements":[],"widgetType":"wd_mailchimp"},{"id":"7584931","elType":"widget","settings":{"typography_typography":"custom","align":"left","editor":"<p style=\"text-align: center\">Will be used in accordance with our\u00a0<strong><a href=\"#\">Privacy Policy<\/a><\/strong><\/p>\n","scroll_y":"-80"},"elements":[],"widgetType":"text-editor"}],"isInner":"1"}],"isInner":"1"}],"isInner":""}],"isInner":""}]]]></wp:meta_value>
		</wp:postmeta>
							<wp:postmeta>
			<wp:meta_key>_elementor_controls_usage</wp:meta_key>
			<wp:meta_value><![CDATA[a:5:{s:8:"wd_title";a:3:{s:5:"count";i:1;s:15:"control_percent";i:3;s:8:"controls";a:3:{s:7:"content";a:1:{s:23:"general_content_section";a:3:{s:8:"subtitle";i:1;s:11:"after_title";i:1;s:5:"title";i:1;}}s:5:"style";a:2:{s:19:"title_style_section";a:1:{s:10:"image_size";i:1;}s:21:"general_style_section";a:4:{s:4:"size";i:1;s:5:"color";i:1;s:5:"width";i:1;s:12:"width_mobile";i:1;}}s:8:"advanced";a:1:{s:8:"wd_extra";a:1:{s:8:"scroll_y";i:1;}}}}s:12:"wd_mailchimp";a:3:{s:5:"count";i:1;s:15:"control_percent";i:2;s:8:"controls";a:3:{s:7:"content";a:1:{s:23:"general_content_section";a:1:{s:7:"form_id";i:1;}}s:5:"style";a:1:{s:21:"general_style_section";a:1:{s:13:"content_width";i:1;}}s:8:"advanced";a:1:{s:8:"wd_extra";a:1:{s:8:"scroll_y";i:1;}}}}s:11:"text-editor";a:3:{s:5:"count";i:1;s:15:"control_percent";i:2;s:8:"controls";a:3:{s:5:"style";a:1:{s:13:"section_style";a:2:{s:21:"typography_typography";i:1;s:5:"align";i:1;}}s:7:"content";a:1:{s:14:"section_editor";a:1:{s:6:"editor";i:1;}}s:8:"advanced";a:1:{s:8:"wd_extra";a:1:{s:8:"scroll_y";i:1;}}}}s:6:"column";a:3:{s:5:"count";i:2;s:15:"control_percent";i:1;s:8:"controls";a:2:{s:8:"advanced";a:1:{s:8:"wd_extra";a:2:{s:20:"column_sticky_offset";i:2;s:8:"scroll_y";i:2;}}s:5:"style";a:1:{s:14:"wd_extra_style";a:1:{s:15:"wd_color_scheme";i:1;}}}}s:7:"section";a:3:{s:5:"count";i:2;s:15:"control_percent";i:2;s:8:"controls";a:2:{s:5:"style";a:2:{s:14:"section_border";a:3:{s:13:"border_border";i:2;s:12:"border_width";i:1;s:12:"border_color";i:2;}s:18:"section_background";a:4:{s:15:"background_size";i:1;s:17:"background_repeat";i:1;s:21:"background_background";i:1;s:16:"background_color";i:1;}}s:8:"advanced";a:1:{s:16:"section_advanced";a:2:{s:6:"margin";i:2;s:7:"padding";i:2;}}}}}]]></wp:meta_value>
		</wp:postmeta>
						</item>
					<item>
		<title>
				buttons gallery popup		</title>
		<link>http://dummy.xtemos.com/woodmart-elementor/demos/?cms_block=buttons-gallery-popup</link>
		<pubDate>Mon, 20 Jul 2020 13:10:24 +0000</pubDate>
		<dc:creator><![CDATA[erwin]]></dc:creator>
		<guid isPermaLink="false">http://dummy.xtemos.com/woodmart-elementor/demos/?post_type=cms_block&#038;p=9037</guid>
		<description></description>
		<content:encoded><![CDATA[<a data-height="1200" data-index="0" data-elementor-open-lightbox="no">
							<img src="http://dummy.xtemos.com/woodmart-elementor/demos/wp-content/uploads/sites/2/elementor/thumbs/wood-gallery-placeholder-5-oqf427c6m7o0bjhoglpetedau4ezvfopubcaw8kupc.jpg">							
													</a>
													<a data-height="1200" data-index="1" data-elementor-open-lightbox="no">
							<img src="http://dummy.xtemos.com/woodmart-elementor/demos/wp-content/uploads/sites/2/elementor/thumbs/wood-gallery-placeholder-oqf427c6m7o0bjhoglpetedau4ezvfopubcaw8kupc.jpg">							
													</a>
													<a data-height="1200" data-index="2" data-elementor-open-lightbox="no">
							<img src="http://dummy.xtemos.com/woodmart-elementor/demos/wp-content/uploads/sites/2/elementor/thumbs/wood-gallery-placeholder-2-oqf427c6m7o0bjhoglpetedau4ezvfopubcaw8kupc.jpg">							
													</a>
													<a data-height="1200" data-index="3" data-elementor-open-lightbox="no">
							<img src="http://dummy.xtemos.com/woodmart-elementor/demos/wp-content/uploads/sites/2/elementor/thumbs/wood-gallery-placeholder-3-oqf427c6m7o0bjhoglpetedau4ezvfopubcaw8kupc.jpg">							
													</a>]]></content:encoded>
		<excerpt:encoded><![CDATA[]]></excerpt:encoded>
		<wp:post_id>9037</wp:post_id>
		<wp:post_date>2020-07-20 13:10:24</wp:post_date>
		<wp:post_date_gmt>2020-07-20 13:10:24</wp:post_date_gmt>
		<wp:comment_status>closed</wp:comment_status>
		<wp:ping_status>closed</wp:ping_status>
		<wp:post_name>buttons-gallery-popup</wp:post_name>
		<wp:status>publish</wp:status>
		<wp:post_parent>0</wp:post_parent>
		<wp:menu_order>0</wp:menu_order>
		<wp:post_type>cms_block</wp:post_type>
		<wp:post_password></wp:post_password>
		<wp:is_sticky>0</wp:is_sticky>
														<wp:postmeta>
			<wp:meta_key>_wp_page_template</wp:meta_key>
			<wp:meta_value><![CDATA[default]]></wp:meta_value>
		</wp:postmeta>
							<wp:postmeta>
			<wp:meta_key>_elementor_edit_mode</wp:meta_key>
			<wp:meta_value><![CDATA[builder]]></wp:meta_value>
		</wp:postmeta>
							<wp:postmeta>
			<wp:meta_key>_elementor_template_type</wp:meta_key>
			<wp:meta_value><![CDATA[wp-post]]></wp:meta_value>
		</wp:postmeta>
							<wp:postmeta>
			<wp:meta_key>_elementor_version</wp:meta_key>
			<wp:meta_value><![CDATA[2.9.11]]></wp:meta_value>
		</wp:postmeta>
							<wp:postmeta>
			<wp:meta_key>_elementor_data</wp:meta_key>
			<wp:meta_value><![CDATA[[{"id":"80092eb","elType":"section","settings":{"margin":{"unit":"px","top":"-30","right":"-30","bottom":"-30","left":"-30","isLinked":"1"},"padding":{"unit":"px","top":"5","right":"15","bottom":"5","left":"15","isLinked":""}},"elements":[{"id":"724efdf","elType":"column","settings":{"_column_size":"100","_inline_size":"","column_sticky_offset":"50","scroll_y":"-80"},"elements":[{"id":"8414c0e","elType":"widget","settings":{"ids":[{"id":"77","url":"http:\/\/dummy.xtemos.com\/woodmart-elementor\/demos\/wp-content\/uploads\/sites\/2\/2017\/06\/wood-gallery-placeholder-5.jpg"},{"id":"78","url":"http:\/\/dummy.xtemos.com\/woodmart-elementor\/demos\/wp-content\/uploads\/sites\/2\/2017\/06\/wood-gallery-placeholder.jpg"},{"id":"79","url":"http:\/\/dummy.xtemos.com\/woodmart-elementor\/demos\/wp-content\/uploads\/sites\/2\/2017\/06\/wood-gallery-placeholder-2.jpg"},{"id":"80","url":"http:\/\/dummy.xtemos.com\/woodmart-elementor\/demos\/wp-content\/uploads\/sites\/2\/2017\/06\/wood-gallery-placeholder-3.jpg"}],"ids_size":"custom","ids_custom_dimension":{"width":"900","height":"600"},"spacing":"10","columns":{"unit":"px","size":"2","sizes":[]},"scroll_y":"-80"},"elements":[],"widgetType":"wd_images_gallery"}],"isInner":""}],"isInner":""}]]]></wp:meta_value>
		</wp:postmeta>
							<wp:postmeta>
			<wp:meta_key>_elementor_controls_usage</wp:meta_key>
			<wp:meta_value><![CDATA[a:3:{s:17:"wd_images_gallery";a:3:{s:5:"count";i:1;s:15:"control_percent";i:3;s:8:"controls";a:3:{s:7:"content";a:1:{s:23:"general_content_section";a:3:{s:3:"ids";i:1;s:8:"ids_size";i:1;s:20:"ids_custom_dimension";i:1;}}s:5:"style";a:1:{s:20:"layout_style_section";a:2:{s:7:"spacing";i:1;s:7:"columns";i:1;}}s:8:"advanced";a:1:{s:8:"wd_extra";a:1:{s:8:"scroll_y";i:1;}}}}s:6:"column";a:3:{s:5:"count";i:1;s:15:"control_percent";i:1;s:8:"controls";a:1:{s:8:"advanced";a:1:{s:8:"wd_extra";a:2:{s:20:"column_sticky_offset";i:1;s:8:"scroll_y";i:1;}}}}s:7:"section";a:3:{s:5:"count";i:1;s:15:"control_percent";i:1;s:8:"controls";a:1:{s:8:"advanced";a:1:{s:16:"section_advanced";a:2:{s:6:"margin";i:1;s:7:"padding";i:1;}}}}}]]></wp:meta_value>
		</wp:postmeta>
						</item>
					<item>
		<title>
				buttons popup with products		</title>
		<link>http://dummy.xtemos.com/woodmart-elementor/demos/?cms_block=buttons-popup-with-products</link>
		<pubDate>Mon, 20 Jul 2020 13:19:40 +0000</pubDate>
		<dc:creator><![CDATA[erwin]]></dc:creator>
		<guid isPermaLink="false">http://dummy.xtemos.com/woodmart-elementor/demos/?post_type=cms_block&#038;p=9047</guid>
		<description></description>
		<content:encoded><![CDATA[<h4>
					BEST PRODUCTS				</h4>]]></content:encoded>
		<excerpt:encoded><![CDATA[]]></excerpt:encoded>
		<wp:post_id>9047</wp:post_id>
		<wp:post_date>2020-07-20 13:19:40</wp:post_date>
		<wp:post_date_gmt>2020-07-20 13:19:40</wp:post_date_gmt>
		<wp:comment_status>closed</wp:comment_status>
		<wp:ping_status>closed</wp:ping_status>
		<wp:post_name>buttons-popup-with-products</wp:post_name>
		<wp:status>publish</wp:status>
		<wp:post_parent>0</wp:post_parent>
		<wp:menu_order>0</wp:menu_order>
		<wp:post_type>cms_block</wp:post_type>
		<wp:post_password></wp:post_password>
		<wp:is_sticky>0</wp:is_sticky>
														<wp:postmeta>
			<wp:meta_key>_elementor_edit_mode</wp:meta_key>
			<wp:meta_value><![CDATA[builder]]></wp:meta_value>
		</wp:postmeta>
							<wp:postmeta>
			<wp:meta_key>_elementor_template_type</wp:meta_key>
			<wp:meta_value><![CDATA[wp-post]]></wp:meta_value>
		</wp:postmeta>
							<wp:postmeta>
			<wp:meta_key>_elementor_version</wp:meta_key>
			<wp:meta_value><![CDATA[2.9.11]]></wp:meta_value>
		</wp:postmeta>
							<wp:postmeta>
			<wp:meta_key>_wp_page_template</wp:meta_key>
			<wp:meta_value><![CDATA[default]]></wp:meta_value>
		</wp:postmeta>
							<wp:postmeta>
			<wp:meta_key>_elementor_data</wp:meta_key>
			<wp:meta_value><![CDATA[[{"id":"3b7d7e4","elType":"section","settings":{"margin":{"unit":"px","top":"-15","right":"0","bottom":"-15","left":"0","isLinked":""}},"elements":[{"id":"65e7fb2","elType":"column","settings":{"_column_size":"100","_inline_size":"","column_sticky_offset":"50","scroll_y":"-80"},"elements":[{"id":"deb0066","elType":"widget","settings":{"subtitle":"","title":"BEST PRODUCTS","after_title":"","scroll_y":"-80"},"elements":[],"widgetType":"wd_title"},{"id":"15451c9","elType":"widget","settings":{"spacing":"10","items_per_page":"4","product_hover":"quick","scroll_y":"-80"},"elements":[],"widgetType":"wd_products"}],"isInner":""}],"isInner":""}]]]></wp:meta_value>
		</wp:postmeta>
							<wp:postmeta>
			<wp:meta_key>_elementor_controls_usage</wp:meta_key>
			<wp:meta_value><![CDATA[a:4:{s:8:"wd_title";a:3:{s:5:"count";i:1;s:15:"control_percent";i:1;s:8:"controls";a:2:{s:7:"content";a:1:{s:23:"general_content_section";a:3:{s:8:"subtitle";i:1;s:5:"title";i:1;s:11:"after_title";i:1;}}s:8:"advanced";a:1:{s:8:"wd_extra";a:1:{s:8:"scroll_y";i:1;}}}}s:11:"wd_products";a:3:{s:5:"count";i:1;s:15:"control_percent";i:2;s:8:"controls";a:2:{s:5:"style";a:2:{s:20:"layout_style_section";a:2:{s:7:"spacing";i:1;s:14:"items_per_page";i:1;}s:29:"products_design_style_section";a:1:{s:13:"product_hover";i:1;}}s:8:"advanced";a:1:{s:8:"wd_extra";a:1:{s:8:"scroll_y";i:1;}}}}s:6:"column";a:3:{s:5:"count";i:1;s:15:"control_percent";i:1;s:8:"controls";a:1:{s:8:"advanced";a:1:{s:8:"wd_extra";a:2:{s:20:"column_sticky_offset";i:1;s:8:"scroll_y";i:1;}}}}s:7:"section";a:3:{s:5:"count";i:1;s:15:"control_percent";i:0;s:8:"controls";a:1:{s:8:"advanced";a:1:{s:16:"section_advanced";a:1:{s:6:"margin";i:1;}}}}}]]></wp:meta_value>
		</wp:postmeta>
						</item>
					<item>
		<title>
				buttons popup video		</title>
		<link>http://dummy.xtemos.com/woodmart-elementor/demos/?cms_block=buttons-popup</link>
		<pubDate>Mon, 20 Jul 2020 13:25:09 +0000</pubDate>
		<dc:creator><![CDATA[erwin]]></dc:creator>
		<guid isPermaLink="false">http://dummy.xtemos.com/woodmart-elementor/demos/?post_type=cms_block&#038;p=9056</guid>
		<description></description>
		<content:encoded><![CDATA[https://vimeo.com/235215203]]></content:encoded>
		<excerpt:encoded><![CDATA[]]></excerpt:encoded>
		<wp:post_id>9056</wp:post_id>
		<wp:post_date>2020-07-20 13:25:09</wp:post_date>
		<wp:post_date_gmt>2020-07-20 13:25:09</wp:post_date_gmt>
		<wp:comment_status>closed</wp:comment_status>
		<wp:ping_status>closed</wp:ping_status>
		<wp:post_name>buttons-popup</wp:post_name>
		<wp:status>publish</wp:status>
		<wp:post_parent>0</wp:post_parent>
		<wp:menu_order>0</wp:menu_order>
		<wp:post_type>cms_block</wp:post_type>
		<wp:post_password></wp:post_password>
		<wp:is_sticky>0</wp:is_sticky>
														<wp:postmeta>
			<wp:meta_key>_wp_page_template</wp:meta_key>
			<wp:meta_value><![CDATA[default]]></wp:meta_value>
		</wp:postmeta>
							<wp:postmeta>
			<wp:meta_key>_elementor_edit_mode</wp:meta_key>
			<wp:meta_value><![CDATA[builder]]></wp:meta_value>
		</wp:postmeta>
							<wp:postmeta>
			<wp:meta_key>_elementor_template_type</wp:meta_key>
			<wp:meta_value><![CDATA[wp-post]]></wp:meta_value>
		</wp:postmeta>
							<wp:postmeta>
			<wp:meta_key>_elementor_version</wp:meta_key>
			<wp:meta_value><![CDATA[2.9.11]]></wp:meta_value>
		</wp:postmeta>
							<wp:postmeta>
			<wp:meta_key>_elementor_data</wp:meta_key>
			<wp:meta_value><![CDATA[[{"id":"5cd5070","elType":"section","settings":{"gap":"no","margin":{"unit":"px","top":"-30","right":"-30","bottom":"-30","left":"-30","isLinked":"1"}},"elements":[{"id":"c865c80","elType":"column","settings":{"_column_size":"100","_inline_size":"","column_sticky_offset":"50","scroll_y":"-80"},"elements":[{"id":"98d8521","elType":"widget","settings":{"video_type":"vimeo","youtube_url":"https:\/\/www.youtube.com\/watch?v=XHOmBV4js_E","vimeo_url":"https:\/\/vimeo.com\/235215203","dailymotion_url":"https:\/\/www.dailymotion.com\/video\/x6tqhqb","scroll_y":"-80"},"elements":[],"widgetType":"video"}],"isInner":""}],"isInner":""}]]]></wp:meta_value>
		</wp:postmeta>
							<wp:postmeta>
			<wp:meta_key>_elementor_controls_usage</wp:meta_key>
			<wp:meta_value><![CDATA[a:3:{s:5:"video";a:3:{s:5:"count";i:1;s:15:"control_percent";i:1;s:8:"controls";a:2:{s:7:"content";a:1:{s:13:"section_video";a:1:{s:10:"video_type";i:1;}}s:8:"advanced";a:1:{s:8:"wd_extra";a:1:{s:8:"scroll_y";i:1;}}}}s:6:"column";a:3:{s:5:"count";i:1;s:15:"control_percent";i:1;s:8:"controls";a:1:{s:8:"advanced";a:1:{s:8:"wd_extra";a:2:{s:20:"column_sticky_offset";i:1;s:8:"scroll_y";i:1;}}}}s:7:"section";a:3:{s:5:"count";i:1;s:15:"control_percent";i:1;s:8:"controls";a:2:{s:6:"layout";a:1:{s:14:"section_layout";a:1:{s:3:"gap";i:1;}}s:8:"advanced";a:1:{s:16:"section_advanced";a:1:{s:6:"margin";i:1;}}}}}]]></wp:meta_value>
		</wp:postmeta>
						</item>
					<item>
		<title>
				buttons popup text		</title>
		<link>http://dummy.xtemos.com/woodmart-elementor/demos/?cms_block=buttons-popup-text</link>
		<pubDate>Mon, 20 Jul 2020 13:29:47 +0000</pubDate>
		<dc:creator><![CDATA[erwin]]></dc:creator>
		<guid isPermaLink="false">http://dummy.xtemos.com/woodmart-elementor/demos/?post_type=cms_block&#038;p=9064</guid>
		<description></description>
		<content:encoded><![CDATA[
					Scelerisque a per non a condimentum				
		Dis adipiscing a laoreet inceptos adipiscing est per ullamcorper malesuada mi vestibulum ele]]></content:encoded>
		<excerpt:encoded><![CDATA[]]></excerpt:encoded>
		<wp:post_id>9064</wp:post_id>
		<wp:post_date>2020-07-20 13:29:47</wp:post_date>
		<wp:post_date_gmt>2020-07-20 13:29:47</wp:post_date_gmt>
		<wp:comment_status>closed</wp:comment_status>
		<wp:ping_status>closed</wp:ping_status>
		<wp:post_name>buttons-popup-text</wp:post_name>
		<wp:status>publish</wp:status>
		<wp:post_parent>0</wp:post_parent>
		<wp:menu_order>0</wp:menu_order>
		<wp:post_type>cms_block</wp:post_type>
		<wp:post_password></wp:post_password>
		<wp:is_sticky>0</wp:is_sticky>
														<wp:postmeta>
			<wp:meta_key>_wp_page_template</wp:meta_key>
			<wp:meta_value><![CDATA[default]]></wp:meta_value>
		</wp:postmeta>
							<wp:postmeta>
			<wp:meta_key>_elementor_edit_mode</wp:meta_key>
			<wp:meta_value><![CDATA[builder]]></wp:meta_value>
		</wp:postmeta>
							<wp:postmeta>
			<wp:meta_key>_elementor_template_type</wp:meta_key>
			<wp:meta_value><![CDATA[wp-post]]></wp:meta_value>
		</wp:postmeta>
							<wp:postmeta>
			<wp:meta_key>_elementor_version</wp:meta_key>
			<wp:meta_value><![CDATA[2.9.11]]></wp:meta_value>
		</wp:postmeta>
							<wp:postmeta>
			<wp:meta_key>_elementor_data</wp:meta_key>
			<wp:meta_value><![CDATA[[{"id":"02a5222","elType":"section","settings":{"structure":"20","margin":{"unit":"px","top":"-10","right":"0","bottom":"-10","left":"0","isLinked":""}},"elements":[{"id":"a611ab3","elType":"column","settings":{"_column_size":"50","_inline_size":"","column_sticky_offset":"50","scroll_y":"-80"},"elements":[{"id":"3bb4ec2","elType":"widget","settings":{"subtitle":"","title":"Scelerisque a per non a condimentum","after_title":"","size":"small","align":"left","scroll_y":"-80"},"elements":[],"widgetType":"wd_title"},{"id":"5a0ca0b","elType":"widget","settings":{"editor":"<p>Dis adipiscing a laoreet inceptos adipiscing est per ullamcorper malesuada mi vestibulum elementum tempus leo parturient habitant ut a.Consectetur gravida et ultricies eu parturient convallis aliquam id nam hendrerit vestibulum nec.<\/p>","scroll_y":"-80"},"elements":[],"widgetType":"text-editor"},{"id":"6eec3f2","elType":"widget","settings":{"subtitle":"","title":"Scelerisque a per non a condimentum","after_title":"","size":"small","align":"left","scroll_y":"-80"},"elements":[],"widgetType":"wd_title"},{"id":"ad71b3d","elType":"widget","settings":{"editor":"<p>Dis adipiscing a laoreet inceptos adipiscing est per ullamcorper malesuada mi vestibulum elementum tempus leo parturient habitant ut a.Consectetur gravida et ultricies eu parturient convallis aliquam id nam hendrerit vestibulum nec.<\/p>","scroll_y":"-80"},"elements":[],"widgetType":"text-editor"},{"id":"9b1241b","elType":"widget","settings":{"text":"Read more","color":"primary","size":"small","align":"left","scroll_y":"-80"},"elements":[],"widgetType":"wd_button"}],"isInner":""},{"id":"a44eaa0","elType":"column","settings":{"_column_size":"50","_inline_size":"","column_sticky_offset":"50","scroll_y":"-80"},"elements":[{"id":"a083598","elType":"widget","settings":{"subtitle":"","title":"Scelerisque a per non a condimentum","after_title":"","size":"small","align":"left","scroll_y":"-80"},"elements":[],"widgetType":"wd_title"},{"id":"41cd17f","elType":"widget","settings":{"editor":"<p>Dis adipiscing a laoreet inceptos adipiscing est per ullamcorper malesuada mi vestibulum elementum tempus leo parturient habitant ut a.Consectetur gravida et ultricies eu parturient convallis aliquam id nam hendrerit vestibulum nec.<\/p>","scroll_y":"-80"},"elements":[],"widgetType":"text-editor"},{"id":"500ed68","elType":"widget","settings":{"subtitle":"","title":"Scelerisque a per non a condimentum","after_title":"","size":"small","align":"left","scroll_y":"-80"},"elements":[],"widgetType":"wd_title"},{"id":"024555a","elType":"widget","settings":{"editor":"<p>Dis adipiscing a laoreet inceptos adipiscing est per ullamcorper malesuada mi vestibulum elementum tempus leo parturient habitant ut a.Consectetur gravida et ultricies eu parturient convallis aliquam id nam hendrerit vestibulum nec.<\/p>","scroll_y":"-80"},"elements":[],"widgetType":"text-editor"},{"id":"cbc75d0","elType":"widget","settings":{"text":"Read more","color":"primary","size":"small","align":"left","scroll_y":"-80"},"elements":[],"widgetType":"wd_button"}],"isInner":""}],"isInner":""}]]]></wp:meta_value>
		</wp:postmeta>
							<wp:postmeta>
			<wp:meta_key>_elementor_controls_usage</wp:meta_key>
			<wp:meta_value><![CDATA[a:5:{s:8:"wd_title";a:3:{s:5:"count";i:4;s:15:"control_percent";i:2;s:8:"controls";a:3:{s:7:"content";a:1:{s:23:"general_content_section";a:3:{s:8:"subtitle";i:4;s:5:"title";i:4;s:11:"after_title";i:4;}}s:5:"style";a:1:{s:21:"general_style_section";a:2:{s:4:"size";i:4;s:5:"align";i:4;}}s:8:"advanced";a:1:{s:8:"wd_extra";a:1:{s:8:"scroll_y";i:4;}}}}s:11:"text-editor";a:3:{s:5:"count";i:4;s:15:"control_percent";i:1;s:8:"controls";a:2:{s:7:"content";a:1:{s:14:"section_editor";a:1:{s:6:"editor";i:4;}}s:8:"advanced";a:1:{s:8:"wd_extra";a:1:{s:8:"scroll_y";i:4;}}}}s:9:"wd_button";a:3:{s:5:"count";i:2;s:15:"control_percent";i:2;s:8:"controls";a:2:{s:5:"style";a:1:{s:21:"general_style_section";a:3:{s:5:"color";i:2;s:4:"size";i:2;s:5:"align";i:2;}}s:8:"advanced";a:1:{s:8:"wd_extra";a:1:{s:8:"scroll_y";i:2;}}}}s:6:"column";a:3:{s:5:"count";i:2;s:15:"control_percent";i:1;s:8:"controls";a:1:{s:8:"advanced";a:1:{s:8:"wd_extra";a:2:{s:20:"column_sticky_offset";i:2;s:8:"scroll_y";i:2;}}}}s:7:"section";a:3:{s:5:"count";i:1;s:15:"control_percent";i:1;s:8:"controls";a:2:{s:6:"layout";a:1:{s:17:"section_structure";a:1:{s:9:"structure";i:1;}}s:8:"advanced";a:1:{s:16:"section_advanced";a:1:{s:6:"margin";i:1;}}}}}]]></wp:meta_value>
		</wp:postmeta>
						</item>
				</channel>
</rss>
	