<?xml version="1.0" encoding="UTF-8" ?>
<!-- This is a WordPress eXtended RSS file generated by WordPress as an export of your site. -->
<!-- It contains information about your site's posts, pages, comments, categories, and other content. -->
<!-- You may use this file to transfer that content from one site to another. -->
<!-- This file is not intended to serve as a complete backup of your site. -->

<!-- To import this information into a WordPress site follow these steps: -->
<!-- 1. Log in to that site as an administrator. -->
<!-- 2. Go to Tools: Import in the WordPress admin panel. -->
<!-- 3. Install the "WordPress" importer from the list. -->
<!-- 4. Activate & Run Importer. -->
<!-- 5. Upload this file using the form provided on that page. -->
<!-- 6. You will first be asked to map the authors in this export file to users -->
<!--    on the site. For each author, you may choose to map to an -->
<!--    existing user on the site or to create a new user. -->
<!-- 7. WordPress will then import each of the posts, pages, comments, categories, etc. -->
<!--    contained in this file into your site. -->

	<!-- generator="WordPress/5.4.2" created="2020-07-13 07:44" -->
<rss version="2.0"
	xmlns:excerpt="http://wordpress.org/export/1.2/excerpt/"
	xmlns:content="http://purl.org/rss/1.0/modules/content/"
	xmlns:wfw="http://wellformedweb.org/CommentAPI/"
	xmlns:dc="http://purl.org/dc/elements/1.1/"
	xmlns:wp="http://wordpress.org/export/1.2/"
>

<channel>
	<title>Woodmart dummy demos</title>
	<link>http://dummy.xtemos.com/woodmart-elementor/demos</link>
	<description>Just another Woodmart Dummy Content Sites site</description>
	<pubDate>Mon, 13 Jul 2020 07:44:59 +0000</pubDate>
	<language>en-US</language>
	<wp:wxr_version>1.2</wp:wxr_version>
	<wp:base_site_url>http://dummy.xtemos.com/woodmart-elementor/</wp:base_site_url>
	<wp:base_blog_url>http://dummy.xtemos.com/woodmart-elementor/demos</wp:base_blog_url>

		<wp:author><wp:author_id>2</wp:author_id><wp:author_login>erwin</wp:author_login><wp:author_email>ss@asas.as</wp:author_email><wp:author_display_name><![CDATA[erwin]]></wp:author_display_name><wp:author_first_name><![CDATA[]]></wp:author_first_name><wp:author_last_name><![CDATA[]]></wp:author_last_name></wp:author>

				
	<generator>https://wordpress.org/?v=5.4.2</generator>

		<item>
		<title>
				Home Christmas		</title>
		<link>http://dummy.xtemos.com/woodmart-elementor/demos/home-christmas/</link>
		<pubDate>Mon, 23 Oct 2017 11:45:53 +0000</pubDate>
		<dc:creator><![CDATA[erwin]]></dc:creator>
		<guid isPermaLink="false">http://dummy.xtemos.com/woodmart-elementor/demos/?page_id=1068</guid>
		<description></description>
		<content:encoded><![CDATA[<article id="post-90">
		<header>
							<figure>
						<a href="http://dummy.xtemos.com/woodmart-elementor/demos/2017/06/14/non-vestibulum-lacus-sociosqu/">
							<img width="1024" height="625" src="http://dummy.xtemos.com/woodmart-elementor/demos/wp-content/uploads/sites/2/2017/06/wood-blog-placeholder.jpg" alt="" />						</a>
				</figure>
					14				
					Jun				
				</header><!-- .entry-header -->
							<a href="http://dummy.xtemos.com/woodmart-elementor/demos/category/furniture/" rel="category tag">Furniture</a>
							<h3>
					<a href="http://dummy.xtemos.com/woodmart-elementor/demos/2017/06/14/non-vestibulum-lacus-sociosqu/" rel="bookmark">Non vestibulum lacus sociosqu</a>
				</h3>
								<ul>
										<li>June 14, 2017</li>
																<li>
															Posted by																						<img alt='author-avatar' src='http://2.gravatar.com/avatar/e2861dedf067ea2500566d0269cf9e64?s=32&#038;d=mm&#038;r=g' class='avatar avatar-32 photo' height='32' width='32' />														<a href="http://dummy.xtemos.com/woodmart-elementor/demos/author/admin/" rel="author">
									admin
							</a>
						</li>
																																																			<li>
														<a href="http://dummy.xtemos.com/woodmart-elementor/demos/2017/06/14/non-vestibulum-lacus-sociosqu/#respond">0 comments</a>						</li>
																						</ul>
						<!-- .entry-meta -->
									<a rel="nofollow noopener noreferrer" href="https://www.facebook.com/sharer/sharer.php?u=http://dummy.xtemos.com/woodmart-elementor/demos/2017/06/14/non-vestibulum-lacus-sociosqu/" target="_blank">
						<i></i>
						Facebook
					</a>
									<a rel="nofollow noopener noreferrer" href="https://twitter.com/share?url=http://dummy.xtemos.com/woodmart-elementor/demos/2017/06/14/non-vestibulum-lacus-sociosqu/" target="_blank">
						<i></i>
						Twitter
					</a>
									<a rel="nofollow noopener noreferrer" href="https://pinterest.com/pin/create/button/?url=http://dummy.xtemos.com/woodmart-elementor/demos/2017/06/14/non-vestibulum-lacus-sociosqu/&amp;media=http://dummy.xtemos.com/woodmart-elementor/demos/wp-content/uploads/sites/2/2017/06/wood-blog-placeholder.jpg&amp;description=Non+vestibulum+lacus+sociosqu" target="_blank">
						<i></i>
						Pinterest
					</a>
									<a rel="nofollow noopener noreferrer" href="https://www.linkedin.com/shareArticle?mini=true&amp;url=http://dummy.xtemos.com/woodmart-elementor/demos/2017/06/14/non-vestibulum-lacus-sociosqu/" target="_blank">
						<i></i>
						linkedin
					</a>
									<a rel="nofollow noopener noreferrer" href="https://telegram.me/share/url?url=http://dummy.xtemos.com/woodmart-elementor/demos/2017/06/14/non-vestibulum-lacus-sociosqu/" target="_blank">
						<i></i>
						Telegram
					</a>
					Ac haca ullamcorper donec ante habi tasse donec imperdiet eturpis varius per a augue magna hac. Nec hac et vestibulum duis a tincidunt ...<p><a href="http://dummy.xtemos.com/woodmart-elementor/demos/2017/06/14/non-vestibulum-lacus-sociosqu/">Continue reading</a></p>				<!-- .entry-content -->
</article><!-- #post -->
<article id="post-105">
		<header>
							<figure>
						<a href="http://dummy.xtemos.com/woodmart-elementor/demos/2017/06/14/green-interior-design-inspiration/">
							<img width="1024" height="625" src="http://dummy.xtemos.com/woodmart-elementor/demos/wp-content/uploads/sites/2/2017/06/wood-blog-placeholder.jpg" alt="" />						</a>
				</figure>
					14				
					Jun				
				</header><!-- .entry-header -->
							<a href="http://dummy.xtemos.com/woodmart-elementor/demos/category/design-trends/" rel="category tag">Design trends</a>
							<h3>
					<a href="http://dummy.xtemos.com/woodmart-elementor/demos/2017/06/14/green-interior-design-inspiration/" rel="bookmark">Green interior design inspiration</a>
				</h3>
								<ul>
										<li>June 14, 2017</li>
																<li>
															Posted by																						<img alt='author-avatar' src='http://2.gravatar.com/avatar/e2861dedf067ea2500566d0269cf9e64?s=32&#038;d=mm&#038;r=g' class='avatar avatar-32 photo' height='32' width='32' />														<a href="http://dummy.xtemos.com/woodmart-elementor/demos/author/admin/" rel="author">
									admin
							</a>
						</li>
																																																			<li>
														<a href="http://dummy.xtemos.com/woodmart-elementor/demos/2017/06/14/green-interior-design-inspiration/#respond">0 comments</a>						</li>
																						</ul>
						<!-- .entry-meta -->
									<a rel="nofollow noopener noreferrer" href="https://www.facebook.com/sharer/sharer.php?u=http://dummy.xtemos.com/woodmart-elementor/demos/2017/06/14/green-interior-design-inspiration/" target="_blank">
						<i></i>
						Facebook
					</a>
									<a rel="nofollow noopener noreferrer" href="https://twitter.com/share?url=http://dummy.xtemos.com/woodmart-elementor/demos/2017/06/14/green-interior-design-inspiration/" target="_blank">
						<i></i>
						Twitter
					</a>
									<a rel="nofollow noopener noreferrer" href="https://pinterest.com/pin/create/button/?url=http://dummy.xtemos.com/woodmart-elementor/demos/2017/06/14/green-interior-design-inspiration/&amp;media=http://dummy.xtemos.com/woodmart-elementor/demos/wp-content/uploads/sites/2/2017/06/wood-blog-placeholder.jpg&amp;description=Green+interior+design+inspiration" target="_blank">
						<i></i>
						Pinterest
					</a>
									<a rel="nofollow noopener noreferrer" href="https://www.linkedin.com/shareArticle?mini=true&amp;url=http://dummy.xtemos.com/woodmart-elementor/demos/2017/06/14/green-interior-design-inspiration/" target="_blank">
						<i></i>
						linkedin
					</a>
									<a rel="nofollow noopener noreferrer" href="https://telegram.me/share/url?url=http://dummy.xtemos.com/woodmart-elementor/demos/2017/06/14/green-interior-design-inspiration/" target="_blank">
						<i></i>
						Telegram
					</a>
					Vivamus enim sagittis aptent hac mi dui a per aptent suspendisse cras odio bibendum augue rhoncus laoreet dui praesent sodales sodales....<p><a href="http://dummy.xtemos.com/woodmart-elementor/demos/2017/06/14/green-interior-design-inspiration/">Continue reading</a></p>				<!-- .entry-content -->
</article><!-- #post -->
<article id="post-116">
		<header>
							<figure>
						<a href="http://dummy.xtemos.com/woodmart-elementor/demos/2017/06/14/minimalist-design-furniture-2016/">
							<img width="1024" height="625" src="http://dummy.xtemos.com/woodmart-elementor/demos/wp-content/uploads/sites/2/2017/06/wood-blog-placeholder.jpg" alt="" />						</a>
				</figure>
					14				
					Jun				
				</header><!-- .entry-header -->
							<a href="http://dummy.xtemos.com/woodmart-elementor/demos/category/furniture/" rel="category tag">Furniture</a>
							<h3>
					<a href="http://dummy.xtemos.com/woodmart-elementor/demos/2017/06/14/minimalist-design-furniture-2016/" rel="bookmark">Minimalist design furniture 2016</a>
				</h3>
								<ul>
										<li>June 14, 2017</li>
																<li>
															Posted by																						<img alt='author-avatar' src='http://2.gravatar.com/avatar/e2861dedf067ea2500566d0269cf9e64?s=32&#038;d=mm&#038;r=g' class='avatar avatar-32 photo' height='32' width='32' />														<a href="http://dummy.xtemos.com/woodmart-elementor/demos/author/admin/" rel="author">
									admin
							</a>
						</li>
																																																			<li>
														<a href="http://dummy.xtemos.com/woodmart-elementor/demos/2017/06/14/minimalist-design-furniture-2016/#respond">0 comments</a>						</li>
																						</ul>
						<!-- .entry-meta -->
									<a rel="nofollow noopener noreferrer" href="https://www.facebook.com/sharer/sharer.php?u=http://dummy.xtemos.com/woodmart-elementor/demos/2017/06/14/minimalist-design-furniture-2016/" target="_blank">
						<i></i>
						Facebook
					</a>
									<a rel="nofollow noopener noreferrer" href="https://twitter.com/share?url=http://dummy.xtemos.com/woodmart-elementor/demos/2017/06/14/minimalist-design-furniture-2016/" target="_blank">
						<i></i>
						Twitter
					</a>
									<a rel="nofollow noopener noreferrer" href="https://pinterest.com/pin/create/button/?url=http://dummy.xtemos.com/woodmart-elementor/demos/2017/06/14/minimalist-design-furniture-2016/&amp;media=http://dummy.xtemos.com/woodmart-elementor/demos/wp-content/uploads/sites/2/2017/06/wood-blog-placeholder.jpg&amp;description=Minimalist+design+furniture+2016" target="_blank">
						<i></i>
						Pinterest
					</a>
									<a rel="nofollow noopener noreferrer" href="https://www.linkedin.com/shareArticle?mini=true&amp;url=http://dummy.xtemos.com/woodmart-elementor/demos/2017/06/14/minimalist-design-furniture-2016/" target="_blank">
						<i></i>
						linkedin
					</a>
									<a rel="nofollow noopener noreferrer" href="https://telegram.me/share/url?url=http://dummy.xtemos.com/woodmart-elementor/demos/2017/06/14/minimalist-design-furniture-2016/" target="_blank">
						<i></i>
						Telegram
					</a>
					A taciti cras scelerisque scelerisque gravida natoque nulla vestibulum turpis primis adipiscing faucibus scelerisque adipiscing aliquet...<p><a href="http://dummy.xtemos.com/woodmart-elementor/demos/2017/06/14/minimalist-design-furniture-2016/">Continue reading</a></p>				<!-- .entry-content -->
</article><!-- #post -->
<article id="post-122">
		<header>
							<figure>
						<a href="http://dummy.xtemos.com/woodmart-elementor/demos/2017/06/14/reinterprets-the-classic-bookshelf/">
							<img width="1024" height="625" src="http://dummy.xtemos.com/woodmart-elementor/demos/wp-content/uploads/sites/2/2017/06/wood-blog-placeholder.jpg" alt="" />						</a>
				</figure>
					14				
					Jun				
				</header><!-- .entry-header -->
							<a href="http://dummy.xtemos.com/woodmart-elementor/demos/category/decoration/" rel="category tag">Decoration</a>
							<h3>
					<a href="http://dummy.xtemos.com/woodmart-elementor/demos/2017/06/14/reinterprets-the-classic-bookshelf/" rel="bookmark">Reinterprets the classic bookshelf</a>
				</h3>
								<ul>
										<li>June 14, 2017</li>
																<li>
															Posted by																						<img alt='author-avatar' src='http://2.gravatar.com/avatar/e2861dedf067ea2500566d0269cf9e64?s=32&#038;d=mm&#038;r=g' class='avatar avatar-32 photo' height='32' width='32' />														<a href="http://dummy.xtemos.com/woodmart-elementor/demos/author/admin/" rel="author">
									admin
							</a>
						</li>
																																																			<li>
														<a href="http://dummy.xtemos.com/woodmart-elementor/demos/2017/06/14/reinterprets-the-classic-bookshelf/#respond">0 comments</a>						</li>
																						</ul>
						<!-- .entry-meta -->
									<a rel="nofollow noopener noreferrer" href="https://www.facebook.com/sharer/sharer.php?u=http://dummy.xtemos.com/woodmart-elementor/demos/2017/06/14/reinterprets-the-classic-bookshelf/" target="_blank">
						<i></i>
						Facebook
					</a>
									<a rel="nofollow noopener noreferrer" href="https://twitter.com/share?url=http://dummy.xtemos.com/woodmart-elementor/demos/2017/06/14/reinterprets-the-classic-bookshelf/" target="_blank">
						<i></i>
						Twitter
					</a>
									<a rel="nofollow noopener noreferrer" href="https://pinterest.com/pin/create/button/?url=http://dummy.xtemos.com/woodmart-elementor/demos/2017/06/14/reinterprets-the-classic-bookshelf/&amp;media=http://dummy.xtemos.com/woodmart-elementor/demos/wp-content/uploads/sites/2/2017/06/wood-blog-placeholder.jpg&amp;description=Reinterprets+the+classic+bookshelf" target="_blank">
						<i></i>
						Pinterest
					</a>
									<a rel="nofollow noopener noreferrer" href="https://www.linkedin.com/shareArticle?mini=true&amp;url=http://dummy.xtemos.com/woodmart-elementor/demos/2017/06/14/reinterprets-the-classic-bookshelf/" target="_blank">
						<i></i>
						linkedin
					</a>
									<a rel="nofollow noopener noreferrer" href="https://telegram.me/share/url?url=http://dummy.xtemos.com/woodmart-elementor/demos/2017/06/14/reinterprets-the-classic-bookshelf/" target="_blank">
						<i></i>
						Telegram
					</a>
					Aliquet parturient scele risque scele risque nibh pretium parturient suspendisse platea sapien torquent feugiat parturient hac amet. Vo...<p><a href="http://dummy.xtemos.com/woodmart-elementor/demos/2017/06/14/reinterprets-the-classic-bookshelf/">Continue reading</a></p>				<!-- .entry-content -->
</article><!-- #post -->
				 <!-- end product-items -->
			 <!-- end #carousel-750 -->]]></content:encoded>
		<excerpt:encoded><![CDATA[]]></excerpt:encoded>
		<wp:post_id>1068</wp:post_id>
		<wp:post_date>2017-10-23 11:45:53</wp:post_date>
		<wp:post_date_gmt>2017-10-23 11:45:53</wp:post_date_gmt>
		<wp:comment_status>closed</wp:comment_status>
		<wp:ping_status>closed</wp:ping_status>
		<wp:post_name>home-christmas</wp:post_name>
		<wp:status>publish</wp:status>
		<wp:post_parent>0</wp:post_parent>
		<wp:menu_order>0</wp:menu_order>
		<wp:post_type>page</wp:post_type>
		<wp:post_password></wp:post_password>
		<wp:is_sticky>0</wp:is_sticky>
														<wp:postmeta>
			<wp:meta_key>_wp_page_template</wp:meta_key>
			<wp:meta_value><![CDATA[default]]></wp:meta_value>
		</wp:postmeta>
							<wp:postmeta>
			<wp:meta_key>_woodmart_main_layout</wp:meta_key>
			<wp:meta_value><![CDATA[full-width]]></wp:meta_value>
		</wp:postmeta>
							<wp:postmeta>
			<wp:meta_key>_woodmart_header-overlap</wp:meta_key>
			<wp:meta_value><![CDATA[on]]></wp:meta_value>
		</wp:postmeta>
							<wp:postmeta>
			<wp:meta_key>_woodmart_header_color_scheme</wp:meta_key>
			<wp:meta_value><![CDATA[light]]></wp:meta_value>
		</wp:postmeta>
							<wp:postmeta>
			<wp:meta_key>_woodmart_title_off</wp:meta_key>
			<wp:meta_value><![CDATA[on]]></wp:meta_value>
		</wp:postmeta>
							<wp:postmeta>
			<wp:meta_key>_woodmart_footer_off</wp:meta_key>
			<wp:meta_value><![CDATA[on]]></wp:meta_value>
		</wp:postmeta>
							<wp:postmeta>
			<wp:meta_key>_woodmart_copyrights_off</wp:meta_key>
			<wp:meta_value><![CDATA[on]]></wp:meta_value>
		</wp:postmeta>
							<wp:postmeta>
			<wp:meta_key>_woodmart_whb_header</wp:meta_key>
			<wp:meta_value><![CDATA[header_863699]]></wp:meta_value>
		</wp:postmeta>
							<wp:postmeta>
			<wp:meta_key>_elementor_data</wp:meta_key>
			<wp:meta_value><![CDATA[[{"id":"6990423","elType":"section","settings":{"wd_section_stretch":"stretch-content","gap":"no","shape_divider_bottom":"wd_curved_line","shape_divider_bottom_color":"#ECF2F7","shape_divider_bottom_height":{"unit":"px","size":"80","sizes":[]},"shape_divider_bottom_above_content":"yes","margin":{"unit":"px","top":"0","right":"0","bottom":"35","left":"0","isLinked":""},"padding":{"unit":"px","top":"0","right":"0","bottom":"0","left":"0","isLinked":"1"}},"elements":[{"id":"8923539","elType":"column","settings":{"_column_size":"100","column_sticky_offset":"50","scroll_y":"-80"},"elements":[{"id":"4566555","elType":"widget","settings":{"shortcode":"[rev_slider alias=\"slider-christmas\"][\/rev_slider]","revslidertitle":"slider-christmas","scroll_y":"-80"},"elements":[],"widgetType":"slider_revolution"}],"isInner":""}],"isInner":""},{"id":"2256420","elType":"section","settings":{"content_position":"middle","row_reverse_mobile":"1","structure":"20","margin":{"unit":"px","top":"0","right":"0","bottom":"40","left":"0","isLinked":""},"margin_tablet":{"unit":"px","top":"0","right":"0","bottom":"50","left":"0","isLinked":""},"reverse_order_mobile":"reverse-mobile"},"elements":[{"id":"8957187","elType":"column","settings":{"_column_size":"50","woodmart_text_align":"center","align":"center","column_sticky_offset":"50","scroll_y":"-80"},"elements":[{"id":"4e20b55","elType":"widget","settings":{"subtitle":"Laculis malesuada sodales","title":"Happy Winter Holidays","after_title":"","size":"large","color":"primary","subtitle_typography_typography":"custom","subtitle_typography_font_family":"Dancing Script","subtitle_typography_font_size":{"unit":"px","size":"24","sizes":[]},"subtitle_typography_font_size_tablet":{"unit":"px","size":"22","sizes":[]},"subtitle_typography_line_height":{"unit":"em","size":"1","sizes":[]},"title_typography_typography":"custom","title_typography_font_size_tablet":{"unit":"px","size":"30","sizes":[]},"title_typography_font_size_mobile":{"unit":"px","size":"28","sizes":[]},"scroll_y":"-80"},"elements":[],"widgetType":"wd_title"},{"id":"5316104","elType":"widget","settings":{"align":"center","image_size":"custom","image":{"id":"1071","url":"#"},"image_custom_dimension":{"width":"150","height":"59"},"scroll_y":"-80"},"elements":[],"widgetType":"image"},{"id":"8549846","elType":"widget","settings":{"typography_typography":"custom","wd_content_align":"center","font":"text","size":"custom","wd_content_width":{"size":"80","unit":"%"},"typography_font_size":{"unit":"px","size":"16"},"typography_font_size_tablet":{"unit":"px","size":"14"},"typography_font_size_mobile":{"unit":"px","size":"14"},"editor":"<p>It is a long established fact that a reader will be distracted by the readable content of a page when looking at its layout. The point of using Lorem Ipsum is that it has a more-or-less normal.<\/p>\n","wd_content_width_mobile":{"unit":"%","size":"100","sizes":[]},"scroll_y":"-80"},"elements":[],"widgetType":"text-editor"},{"id":"9792032","elType":"widget","settings":{"color":"primary","_element_width":"auto","text":"View more","_margin":{"unit":"px","top":"0","right":"15","bottom":"0","left":"0","isLinked":""},"_margin_mobile":{"unit":"px","top":"0","right":"15","bottom":"15","left":"0","isLinked":""},"scroll_y":"-80"},"elements":[],"widgetType":"wd_button"},{"id":"243668","elType":"widget","settings":{"color":"alt","style":"bordered","_element_width":"auto","text":"SHOP NOW","_margin_mobile":{"unit":"px","top":"0","right":"0","bottom":"15","left":"0","isLinked":""},"scroll_y":"-80"},"elements":[],"widgetType":"wd_button"}],"isInner":""},{"id":"8231313","elType":"column","settings":{"_column_size":"50","margin_mobile":{"unit":"px","top":"0","right":"0","bottom":"30","left":"0","isLinked":""},"column_sticky_offset":"50","scroll_y":"-80"},"elements":[{"id":"6296064","elType":"widget","settings":{"align":"center","image_size":"full","image":{"id":"1075","url":"#"},"image_custom_dimension":[],"scroll_y":"-80"},"elements":[],"widgetType":"image"}],"isInner":""}],"isInner":""},{"id":"9167886","elType":"section","settings":{"margin":{"unit":"px","top":"0","right":"0","bottom":"65","left":"0","isLinked":""}},"elements":[{"id":"1073286","elType":"column","settings":{"_column_size":"100","column_sticky_offset":"50","scroll_y":"-80"},"elements":[{"id":"7daa4a6","elType":"widget","settings":{"subtitle":"Laculis malesuada sodales","title":"Products Categories","after_title":"","size":"large","color":"primary","subtitle_typography_typography":"custom","subtitle_typography_font_family":"Dancing Script","subtitle_typography_font_size":{"unit":"px","size":"24","sizes":[]},"subtitle_typography_font_size_tablet":{"unit":"px","size":"22","sizes":[]},"subtitle_typography_line_height":{"unit":"em","size":"1","sizes":[]},"title_typography_typography":"custom","title_typography_font_size_tablet":{"unit":"px","size":"30","sizes":[]},"title_typography_font_size_mobile":{"unit":"px","size":"28","sizes":[]},"scroll_y":"-80"},"elements":[],"widgetType":"wd_title"},{"id":"4430495","elType":"widget","settings":{"align":"center","image_size":"custom","image":{"id":"1071","url":"#"},"image_custom_dimension":{"width":"150","height":"59"},"scroll_y":"-80"},"elements":[],"widgetType":"image"},{"id":"1193667","elType":"widget","settings":{"slides_per_view":{"size":"3","unit":"px","sizes":[]},"slider_spacing":"30","hide_pagination_control":"yes","content_repeater":[{"_id":"5690833","image_size":"full","title":"Ares Rog.","subtitle":"Stockings","content":"Many desktop publishing packages and web.","btn_text":"","image_custom_dimension":[],"image":{"id":"1080","url":"#"},"width":{"size":"60","unit":"%"},"horizontal_alignment":"right","vertical_alignment":"middle","link":{"url":"#","is_external":"","nofollow":"","custom_attributes":""},"image_type":"image","image_height":{"unit":"px","size":"300","sizes":[]},"image_height_tablet":{"unit":"px","size":"","sizes":[]},"image_height_mobile":{"unit":"px","size":"","sizes":[]},"image_bg_position":"center center","text_alignment":"left","width_tablet":{"unit":"%","size":"","sizes":[]},"width_mobile":{"unit":"%","size":"","sizes":[]},"increase_spaces":"no"},{"_id":"9741824","image_size":"full","title":"Bins Last.","subtitle":"Decorations","content":"Page editors now use Lorem Ipsum as their default.","btn_text":"","image_custom_dimension":[],"image":{"id":"1080","url":"#"},"width":{"size":"60","unit":"%"},"horizontal_alignment":"right","vertical_alignment":"middle","link":{"url":"#","is_external":"","nofollow":"","custom_attributes":""},"image_type":"image","image_height":{"unit":"px","size":"300","sizes":[]},"image_height_tablet":{"unit":"px","size":"","sizes":[]},"image_height_mobile":{"unit":"px","size":"","sizes":[]},"image_bg_position":"center center","text_alignment":"left","width_tablet":{"unit":"%","size":"","sizes":[]},"width_mobile":{"unit":"%","size":"","sizes":[]},"increase_spaces":"no"},{"_id":"3705525","image_size":"full","title":"Repas Dui.","subtitle":"Accessories","content":"There are many variations of passages of Lorem Ipsum.","btn_text":"","image_custom_dimension":[],"image":{"id":"1080","url":"#"},"width":{"size":"60","unit":"%"},"horizontal_alignment":"right","vertical_alignment":"middle","link":{"url":"#","is_external":"","nofollow":"","custom_attributes":""},"image_type":"image","image_height":{"unit":"px","size":"300","sizes":[]},"image_height_tablet":{"unit":"px","size":"","sizes":[]},"image_height_mobile":{"unit":"px","size":"","sizes":[]},"image_bg_position":"center center","text_alignment":"left","width_tablet":{"unit":"%","size":"","sizes":[]},"width_mobile":{"unit":"%","size":"","sizes":[]},"increase_spaces":"no"},{"_id":"1092252","image_size":"full","title":"Tie Sanas.","subtitle":"Toys","content":"Ut a vestibulum vehicula a lobortis fringilla praesent.","btn_text":"","image_custom_dimension":[],"image":{"id":"1080","url":"#"},"width":{"size":"60","unit":"%"},"horizontal_alignment":"right","vertical_alignment":"middle","link":{"url":"#","is_external":"","nofollow":"","custom_attributes":""},"image_type":"image","image_height":{"unit":"px","size":"300","sizes":[]},"image_height_tablet":{"unit":"px","size":"","sizes":[]},"image_height_mobile":{"unit":"px","size":"","sizes":[]},"image_bg_position":"center center","text_alignment":"left","width_tablet":{"unit":"%","size":"","sizes":[]},"width_mobile":{"unit":"%","size":"","sizes":[]},"increase_spaces":"no"}],"scroll_y":"-80","title_size":"extra-large","subtitle_style":"background","subtitle_color":"primary"},"elements":[],"widgetType":"wd_banner_carousel"}],"isInner":""}],"isInner":""},{"id":"1857887","elType":"section","settings":{"margin":{"unit":"px","top":"0","right":"0","bottom":"85","left":"0","isLinked":""}},"elements":[{"id":"4982279","elType":"column","settings":{"_column_size":"100","column_sticky_offset":"50","scroll_y":"-80"},"elements":[{"id":"36cb080","elType":"widget","settings":{"subtitle":"Laculis malesuada sodales","title":"Featured Products","after_title":"","size":"large","color":"primary","subtitle_typography_typography":"custom","subtitle_typography_font_family":"Dancing Script","subtitle_typography_font_size":{"unit":"px","size":"24","sizes":[]},"subtitle_typography_font_size_tablet":{"unit":"px","size":"22","sizes":[]},"subtitle_typography_line_height":{"unit":"em","size":"1","sizes":[]},"title_typography_typography":"custom","title_typography_font_size_tablet":{"unit":"px","size":"30","sizes":[]},"title_typography_font_size_mobile":{"unit":"px","size":"28","sizes":[]},"scroll_y":"-80"},"elements":[],"widgetType":"wd_title"},{"id":"8196249","elType":"widget","settings":{"align":"center","image_size":"custom","image":{"id":"1071","url":"#"},"image_custom_dimension":{"width":"150","height":"59"},"scroll_y":"-80"},"elements":[],"widgetType":"image"},{"id":"7685342","elType":"widget","settings":{"title":"","items_per_page":"8","product_hover":"info","columns":{"size":"4","unit":"px","sizes":[]},"orderby":"post__in","scroll_y":"-80"},"elements":[],"widgetType":"wd_products"}],"isInner":""}],"isInner":""},{"id":"1812593","elType":"section","settings":{"content_position":"middle","row_reverse_mobile":"1","structure":"20","wd_section_stretch":"stretch","background_background":"classic","background_image":{"url":"http:\/\/dummy.xtemos.com\/woodmart-elementor\/demos\/wp-content\/uploads\/sites\/2\/2017\/10\/xmas-row-bg.jpg","id":"1086"},"background_position":"center center","background_attachment":"fixed","background_size":"cover","shape_divider_top":"wd_curved_line","shape_divider_top_color":"#ECF2F7","shape_divider_top_height":{"unit":"px","size":"80","sizes":[]},"shape_divider_bottom":"wd_curved_line","shape_divider_bottom_color":"#ECF2F7","shape_divider_bottom_height":{"unit":"px","size":"80","sizes":[]},"margin":{"unit":"px","top":"0","right":"0","bottom":"65","left":"0","isLinked":""},"padding":{"unit":"px","top":"160","right":"15","bottom":"160","left":"15","isLinked":""},"padding_mobile":{"unit":"px","top":"120","right":"15","bottom":"110","left":"15","isLinked":""},"reverse_order_mobile":"reverse-mobile"},"elements":[{"id":"8664386","elType":"column","settings":{"_column_size":"50","woodmart_text_align":"center","wd_color_scheme":"light","align":"center","column_sticky_offset":"50","scroll_y":"-80"},"elements":[{"id":"08a61fa","elType":"widget","settings":{"subtitle":"Special discount offers","title":"Christmas Giveaway Event reader will be distracted.","after_title":"","size":"large","color":"primary","subtitle_typography_typography":"custom","subtitle_typography_font_family":"Dancing Script","subtitle_typography_font_size":{"unit":"px","size":"34","sizes":[]},"subtitle_typography_font_size_tablet":{"unit":"px","size":"22","sizes":[]},"subtitle_typography_line_height":{"unit":"em","size":"1","sizes":[]},"title_typography_typography":"custom","title_typography_font_size_tablet":{"unit":"px","size":"30","sizes":[]},"title_typography_font_size_mobile":{"unit":"px","size":"28","sizes":[]},"scroll_y":"-80","width":{"unit":"%","size":"80","sizes":[]}},"elements":[],"widgetType":"wd_title"},{"id":"46369","elType":"widget","settings":{"woodmart_color_scheme":"light","size":"large","style":"transparent","date":"2021-06-01 00:00","scroll_y":"-80"},"elements":[],"widgetType":"wd_countdown_timer"},{"id":"22516","elType":"widget","settings":{"color":"primary","_element_width":"auto","text":"View more","_margin":{"unit":"px","top":"0","right":"15","bottom":"0","left":"0","isLinked":""},"_margin_mobile":{"unit":"px","top":"0","right":"15","bottom":"15","left":"0","isLinked":""},"scroll_y":"-80"},"elements":[],"widgetType":"wd_button"},{"id":"3880436","elType":"widget","settings":{"color":"white","style":"bordered","_element_width":"auto","text":"SHOP NOW","_margin_mobile":{"unit":"px","top":"0","right":"0","bottom":"15","left":"0","isLinked":""},"scroll_y":"-80"},"elements":[],"widgetType":"wd_button"}],"isInner":""},{"id":"5757116","elType":"column","settings":{"_column_size":"50","column_sticky_offset":"50","scroll_y":"-80"},"elements":[{"id":"9150330","elType":"widget","settings":{"align":"center","image_size":"full","image":{"id":"1075","url":"#"},"image_custom_dimension":[],"scroll_y":"-80"},"elements":[],"widgetType":"image"}],"isInner":""}],"isInner":""},{"id":"1441111","elType":"section","settings":{"margin":{"unit":"px","top":"0","right":"0","bottom":"65","left":"0","isLinked":""}},"elements":[{"id":"9119546","elType":"column","settings":{"_column_size":"100","column_sticky_offset":"50","scroll_y":"-80"},"elements":[{"id":"a66798c","elType":"widget","settings":{"subtitle":"Laculis malesuada sodales","title":"How Is Magic Works","after_title":"","size":"large","color":"primary","subtitle_typography_typography":"custom","subtitle_typography_font_family":"Dancing Script","subtitle_typography_font_size":{"unit":"px","size":"24","sizes":[]},"subtitle_typography_font_size_tablet":{"unit":"px","size":"22","sizes":[]},"subtitle_typography_line_height":{"unit":"em","size":"1","sizes":[]},"title_typography_typography":"custom","title_typography_font_size_tablet":{"unit":"px","size":"30","sizes":[]},"title_typography_font_size_mobile":{"unit":"px","size":"28","sizes":[]},"scroll_y":"-80"},"elements":[],"widgetType":"wd_title"},{"id":"5183590","elType":"widget","settings":{"align":"center","image_size":"custom","image":{"id":"1071","url":"#"},"image_custom_dimension":{"width":"150","height":"59"},"scroll_y":"-80"},"elements":[],"widgetType":"image"},{"id":"6550325","elType":"widget","settings":{"line_style":"dashed","line_color":"#df575a","dots_color":"#df575a","items":[{"_id":"9988200","item_type":"breakpoint","title":"1","color_bg":"#df575a","position":"left","color_bg_item":"","image_primary":{"url":"http:\/\/dummy.xtemos.com\/woodmart-elementor\/demos\/wp-content\/plugins\/elementor\/assets\/images\/placeholder.png","id":""},"image_primary_size":"thumbnail","image_primary_custom_dimension":{"width":"","height":""},"title_primary":"Title example. Click to edit.","content":"Inceptos diam proin justo in nibh enim quam.","image_secondary":{"url":"http:\/\/dummy.xtemos.com\/woodmart-elementor\/demos\/wp-content\/plugins\/elementor\/assets\/images\/placeholder.png","id":""},"image_secondary_size":"thumbnail","image_secondary_custom_dimension":{"width":"","height":""},"title_secondary":"Title example. Click to edit.","content_secondary":"Inceptos diam proin justo in nibh enim quam."},{"_id":"1760771","item_type":"item","title_primary":"","title_secondary":"","content_secondary":"","image_secondary":{"id":"1078","url":""},"image_secondary_size":"full","color_bg":"#ecf2f7","el_class":"text-larger","content":"<p class=\"font-alt color-primary\" style=\"font-size: 20px\">Condimentum fames egestas ad potenti<\/p>\n\n<h3 class=\"hidden-xs hidden-sm\" style=\"font-size: 28px\">Lementum musat dignissim\nMi vestibulum iaculis consectetur<\/h3>\n<p>Scelerisque ullamcorper facilisis nisl a suspendisse elementum musat rasd dignissim at condimentum artas quam ut in. Ars hac posuere luctus vehicula dapibus facilisis commodo curae parturient adipiscing natoque.<\/p>\n\n<p><a class=\"btn btn-color-primary btn-style-link btn-size-default\" href=\"#\/demo\/christmas\/\">Read more<\/a><\/p>","title":"Title example","position":"left","color_bg_item":"#ECF2F7","image_primary":{"url":"","id":""},"image_primary_size":"thumbnail","image_primary_custom_dimension":{"width":"","height":""},"image_secondary_custom_dimension":{"width":"","height":""}},{"_id":"2493353","item_type":"breakpoint","title":"2","color_bg":"#df575a","position":"left","color_bg_item":"","image_primary":{"url":"http:\/\/dummy.xtemos.com\/woodmart-elementor\/demos\/wp-content\/plugins\/elementor\/assets\/images\/placeholder.png","id":""},"image_primary_size":"thumbnail","image_primary_custom_dimension":{"width":"","height":""},"title_primary":"Title example. Click to edit.","content":"Inceptos diam proin justo in nibh enim quam.","image_secondary":{"url":"http:\/\/dummy.xtemos.com\/woodmart-elementor\/demos\/wp-content\/plugins\/elementor\/assets\/images\/placeholder.png","id":""},"image_secondary_size":"thumbnail","image_secondary_custom_dimension":{"width":"","height":""},"title_secondary":"Title example. Click to edit.","content_secondary":"Inceptos diam proin justo in nibh enim quam."},{"_id":"7775148","item_type":"item","title_primary":"","title_secondary":"","content_secondary":"","position":"right","image_secondary":{"id":"1078","url":""},"image_secondary_size":"full","color_bg":"#ecf2f7","el_class":"text-larger","content":"<p class=\"font-alt color-primary\" style=\"font-size: 20px\">Condimentum fames egestas ad potenti<\/p>\n\n<h3 class=\"hidden-xs hidden-sm\" style=\"font-size: 28px\">Sed mollis lectus condiment\nFacilisis dictumst laoreet adiping<\/h3>\n<p>Scelerisque ullamcorper facilisis nisl a suspendisse elementum musat rasd dignissim at condimentum artas quam ut in. Ars hac posuere luctus vehicula dapibus facilisis commodo curae parturient adipiscing natoque.<\/p>\n\n<p><a class=\"btn btn-color-primary btn-style-link btn-size-default\" href=\"#\/demo\/christmas\/\">Read more<\/a><\/p>","title":"Title example","color_bg_item":"#ECF2F7","image_primary":{"url":"","id":""},"image_primary_size":"thumbnail","image_primary_custom_dimension":{"width":"","height":""},"image_secondary_custom_dimension":{"width":"","height":""}},{"_id":"4587962","item_type":"breakpoint","title":"3","color_bg":"#df575a","position":"left","color_bg_item":"","image_primary":{"url":"http:\/\/dummy.xtemos.com\/woodmart-elementor\/demos\/wp-content\/plugins\/elementor\/assets\/images\/placeholder.png","id":""},"image_primary_size":"thumbnail","image_primary_custom_dimension":{"width":"","height":""},"title_primary":"Title example. Click to edit.","content":"Inceptos diam proin justo in nibh enim quam.","image_secondary":{"url":"http:\/\/dummy.xtemos.com\/woodmart-elementor\/demos\/wp-content\/plugins\/elementor\/assets\/images\/placeholder.png","id":""},"image_secondary_size":"thumbnail","image_secondary_custom_dimension":{"width":"","height":""},"title_secondary":"Title example. Click to edit.","content_secondary":"Inceptos diam proin justo in nibh enim quam."},{"_id":"6165912","item_type":"item","title_primary":"","title_secondary":"","content_secondary":"","image_secondary":{"id":"1078","url":""},"image_secondary_size":"full","color_bg":"#ecf2f7","el_class":"text-larger","content":"<p class=\"font-alt color-primary\" style=\"font-size: 20px\">Condimentum fames egestas ad potenti<\/p>\n\n<h3 class=\"hidden-sm hidden-xs\" style=\"font-size: 28px\">Nec gravida conubia morbi\nEleifend ullamcorper aenean quam<\/h3>\n<p>Scelerisque ullamcorper facilisis nisl a suspendisse elementum musat rasd dignissim at condimentum artas quam ut in. Ars hac posuere luctus vehicula dapibus facilisis commodo curae parturient adipiscing natoque.<\/p>\n\n<p><a class=\"btn btn-color-primary btn-style-link btn-size-default\" href=\"#\/demo\/christmas\/\">Read more<\/a><\/p>","title":"Title example","position":"left","color_bg_item":"#ECF2F7","image_primary":{"url":"","id":""},"image_primary_size":"thumbnail","image_primary_custom_dimension":{"width":"","height":""},"image_secondary_custom_dimension":{"width":"","height":""}}],"scroll_y":"-80"},"elements":[],"widgetType":"wd_timeline"}],"isInner":""}],"isInner":""},{"id":"2103784","elType":"section","settings":{"content_position":"middle","background_background":"classic","background_color":"#e0575a","background_image":{"url":"https:\/\/woodmart.xtemos.com\/wp-content\/uploads\/2017\/10\/xmas-bg.jpg?id=12511","id":""},"el_class":"mobile-bg-img-hidden","structure":"20","background_position":"center center","background_size":"cover","margin":{"unit":"px","top":"0","right":"0","bottom":"60","left":"0","isLinked":""},"margin_tablet":{"unit":"px","top":"0","right":"-15","bottom":"55","left":"-15","isLinked":""},"padding":{"unit":"px","top":"40","right":"15","bottom":"40","left":"15","isLinked":""}},"elements":[{"id":"112105","elType":"column","settings":{"_column_size":"50","margin_mobile":{"unit":"px","top":"0","right":"0","bottom":"20","left":"0","isLinked":""},"column_sticky_offset":"50","scroll_y":"-80"},"elements":[{"id":"f70ae1b","elType":"widget","settings":{"subtitle":"","title":"Sign Up To Newsletter","after_title":"","size":"large","title_color":"#FFFFFF","title_typography_typography":"custom","title_typography_font_family":"Dancing Script","title_typography_font_size_tablet":{"unit":"px","size":"36","sizes":[]},"scroll_y":"-80"},"elements":[],"widgetType":"wd_title"}],"isInner":""},{"id":"5978410","elType":"column","settings":{"_column_size":"50","wd_color_scheme":"light","column_sticky_offset":"50","scroll_y":"-80"},"elements":[{"id":"9e710c5","elType":"widget","settings":{"form_id":"74","content_width":{"unit":"px","size":"400","sizes":[]},"scroll_y":"-80"},"elements":[],"widgetType":"wd_mailchimp"}],"isInner":""}],"isInner":""},{"id":"167654","elType":"section","settings":{"margin":{"unit":"px","top":"0","right":"0","bottom":"40","left":"0","isLinked":""},"margin_mobile":{"unit":"px","top":"0","right":"0","bottom":"30","left":"0","isLinked":""}},"elements":[{"id":"7965012","elType":"column","settings":{"_column_size":"100","column_sticky_offset":"50","scroll_y":"-80"},"elements":[{"id":"8e8c77d","elType":"widget","settings":{"subtitle":"Laculis malesuada sodales","title":"Christmas Stories","after_title":"","size":"large","color":"primary","subtitle_typography_typography":"custom","subtitle_typography_font_family":"Dancing Script","subtitle_typography_font_size":{"unit":"px","size":"24","sizes":[]},"subtitle_typography_font_size_tablet":{"unit":"px","size":"22","sizes":[]},"subtitle_typography_line_height":{"unit":"em","size":"1","sizes":[]},"title_typography_typography":"custom","title_typography_font_size_tablet":{"unit":"px","size":"30","sizes":[]},"title_typography_font_size_mobile":{"unit":"px","size":"28","sizes":[]},"scroll_y":"-80"},"elements":[],"widgetType":"wd_title"},{"id":"6431637","elType":"widget","settings":{"align":"center","image_size":"custom","image":{"id":"1071","url":"#"},"image_custom_dimension":{"width":"150","height":"59"},"scroll_y":"-80"},"elements":[],"widgetType":"image"},{"id":"8495917","elType":"widget","settings":{"blog_spacing":"20","items_per_page":"4","blog_design":"carousel","order":"ASC","slides_per_view":{"size":"3","unit":"px","sizes":[]},"hide_pagination_control":"yes","scroll_y":"-80"},"elements":[],"widgetType":"wd_blog"}],"isInner":""}],"isInner":""}]]]></wp:meta_value>
		</wp:postmeta>
							<wp:postmeta>
			<wp:meta_key>_elementor_edit_mode</wp:meta_key>
			<wp:meta_value><![CDATA[builder]]></wp:meta_value>
		</wp:postmeta>
							<wp:postmeta>
			<wp:meta_key>_elementor_version</wp:meta_key>
			<wp:meta_value><![CDATA[2.9.11]]></wp:meta_value>
		</wp:postmeta>
							<wp:postmeta>
			<wp:meta_key>_elementor_template_type</wp:meta_key>
			<wp:meta_value><![CDATA[wp-page]]></wp:meta_value>
		</wp:postmeta>
							<wp:postmeta>
			<wp:meta_key>_elementor_controls_usage</wp:meta_key>
			<wp:meta_value><![CDATA[a:13:{s:17:"slider_revolution";a:3:{s:5:"count";i:1;s:15:"control_percent";i:2;s:8:"controls";a:2:{s:7:"content";a:1:{s:15:"content_section";a:2:{s:9:"shortcode";i:1;s:14:"revslidertitle";i:1;}}s:8:"advanced";a:1:{s:8:"wd_extra";a:1:{s:8:"scroll_y";i:1;}}}}s:6:"column";a:3:{s:5:"count";i:11;s:15:"control_percent";i:1;s:8:"controls";a:3:{s:8:"advanced";a:2:{s:8:"wd_extra";a:2:{s:20:"column_sticky_offset";i:11;s:8:"scroll_y";i:11;}s:16:"section_advanced";a:1:{s:13:"margin_mobile";i:2;}}s:6:"layout";a:1:{s:6:"layout";a:1:{s:5:"align";i:2;}}s:5:"style";a:1:{s:14:"wd_extra_style";a:1:{s:15:"wd_color_scheme";i:2;}}}}s:7:"section";a:3:{s:5:"count";i:8;s:15:"control_percent";i:1;s:8:"controls";a:3:{s:6:"layout";a:3:{s:15:"wd_extra_layout";a:1:{s:18:"wd_section_stretch";i:2;}s:14:"section_layout";a:2:{s:3:"gap";i:1;s:16:"content_position";i:3;}s:17:"section_structure";a:1:{s:9:"structure";i:3;}}s:5:"style";a:2:{s:21:"section_shape_divider";a:7:{s:20:"shape_divider_bottom";i:2;s:26:"shape_divider_bottom_color";i:2;s:27:"shape_divider_bottom_height";i:2;s:34:"shape_divider_bottom_above_content";i:1;s:17:"shape_divider_top";i:1;s:23:"shape_divider_top_color";i:1;s:24:"shape_divider_top_height";i:1;}s:18:"section_background";a:6:{s:21:"background_background";i:2;s:16:"background_image";i:2;s:19:"background_position";i:2;s:21:"background_attachment";i:1;s:15:"background_size";i:2;s:16:"background_color";i:1;}}s:8:"advanced";a:2:{s:16:"section_advanced";a:5:{s:6:"margin";i:8;s:7:"padding";i:3;s:13:"margin_tablet";i:2;s:14:"padding_mobile";i:1;s:13:"margin_mobile";i:1;}s:19:"_section_responsive";a:1:{s:20:"reverse_order_mobile";i:2;}}}}s:8:"wd_title";a:3:{s:5:"count";i:7;s:15:"control_percent";i:5;s:8:"controls";a:3:{s:7:"content";a:1:{s:23:"general_content_section";a:3:{s:8:"subtitle";i:7;s:5:"title";i:7;s:11:"after_title";i:7;}}s:5:"style";a:3:{s:21:"general_style_section";a:3:{s:4:"size";i:7;s:5:"color";i:6;s:5:"width";i:1;}s:22:"subtitle_style_section";a:5:{s:30:"subtitle_typography_typography";i:6;s:31:"subtitle_typography_font_family";i:6;s:29:"subtitle_typography_font_size";i:6;s:36:"subtitle_typography_font_size_tablet";i:6;s:31:"subtitle_typography_line_height";i:6;}s:19:"title_style_section";a:5:{s:27:"title_typography_typography";i:7;s:33:"title_typography_font_size_tablet";i:7;s:33:"title_typography_font_size_mobile";i:6;s:11:"title_color";i:1;s:28:"title_typography_font_family";i:1;}}s:8:"advanced";a:1:{s:8:"wd_extra";a:1:{s:8:"scroll_y";i:7;}}}}s:5:"image";a:3:{s:5:"count";i:7;s:15:"control_percent";i:2;s:8:"controls";a:2:{s:7:"content";a:1:{s:13:"section_image";a:4:{s:5:"align";i:7;s:10:"image_size";i:7;s:5:"image";i:7;s:22:"image_custom_dimension";i:7;}}s:8:"advanced";a:1:{s:8:"wd_extra";a:1:{s:8:"scroll_y";i:7;}}}}s:11:"text-editor";a:3:{s:5:"count";i:1;s:15:"control_percent";i:4;s:8:"controls";a:3:{s:5:"style";a:1:{s:13:"section_style";a:7:{s:21:"typography_typography";i:1;s:16:"wd_content_align";i:1;s:16:"wd_content_width";i:1;s:20:"typography_font_size";i:1;s:27:"typography_font_size_tablet";i:1;s:27:"typography_font_size_mobile";i:1;s:23:"wd_content_width_mobile";i:1;}}s:7:"content";a:1:{s:14:"section_editor";a:1:{s:6:"editor";i:1;}}s:8:"advanced";a:1:{s:8:"wd_extra";a:1:{s:8:"scroll_y";i:1;}}}}s:9:"wd_button";a:3:{s:5:"count";i:4;s:15:"control_percent";i:3;s:8:"controls";a:3:{s:5:"style";a:1:{s:21:"general_style_section";a:2:{s:5:"color";i:4;s:5:"style";i:2;}}s:8:"advanced";a:3:{s:17:"_section_position";a:1:{s:14:"_element_width";i:4;}s:14:"_section_style";a:2:{s:7:"_margin";i:2;s:14:"_margin_mobile";i:4;}s:8:"wd_extra";a:1:{s:8:"scroll_y";i:4;}}s:7:"content";a:1:{s:23:"general_content_section";a:1:{s:4:"text";i:4;}}}}s:18:"wd_banner_carousel";a:3:{s:5:"count";i:1;s:15:"control_percent";i:3;s:8:"controls";a:3:{s:5:"style";a:3:{s:22:"carousel_style_section";a:3:{s:15:"slides_per_view";i:1;s:14:"slider_spacing";i:1;s:23:"hide_pagination_control";i:1;}s:21:"general_style_section";a:1:{s:10:"title_size";i:1;}s:22:"subtitle_style_section";a:2:{s:14:"subtitle_style";i:1;s:14:"subtitle_color";i:1;}}s:7:"content";a:1:{s:23:"general_content_section";a:1:{s:16:"content_repeater";i:1;}}s:8:"advanced";a:1:{s:8:"wd_extra";a:1:{s:8:"scroll_y";i:1;}}}}s:11:"wd_products";a:3:{s:5:"count";i:1;s:15:"control_percent";i:2;s:8:"controls";a:3:{s:5:"style";a:2:{s:20:"layout_style_section";a:2:{s:14:"items_per_page";i:1;s:7:"columns";i:1;}s:29:"products_design_style_section";a:1:{s:13:"product_hover";i:1;}}s:7:"content";a:1:{s:23:"general_content_section";a:1:{s:7:"orderby";i:1;}}s:8:"advanced";a:1:{s:8:"wd_extra";a:1:{s:8:"scroll_y";i:1;}}}}s:18:"wd_countdown_timer";a:3:{s:5:"count";i:1;s:15:"control_percent";i:3;s:8:"controls";a:3:{s:5:"style";a:1:{s:21:"general_style_section";a:3:{s:21:"woodmart_color_scheme";i:1;s:4:"size";i:1;s:5:"style";i:1;}}s:7:"content";a:1:{s:23:"general_content_section";a:1:{s:4:"date";i:1;}}s:8:"advanced";a:1:{s:8:"wd_extra";a:1:{s:8:"scroll_y";i:1;}}}}s:11:"wd_timeline";a:3:{s:5:"count";i:1;s:15:"control_percent";i:3;s:8:"controls";a:3:{s:5:"style";a:1:{s:21:"general_style_section";a:3:{s:10:"line_style";i:1;s:10:"line_color";i:1;s:10:"dots_color";i:1;}}s:7:"content";a:1:{s:23:"general_content_section";a:1:{s:5:"items";i:1;}}s:8:"advanced";a:1:{s:8:"wd_extra";a:1:{s:8:"scroll_y";i:1;}}}}s:12:"wd_mailchimp";a:3:{s:5:"count";i:1;s:15:"control_percent";i:2;s:8:"controls";a:3:{s:7:"content";a:1:{s:23:"general_content_section";a:1:{s:7:"form_id";i:1;}}s:5:"style";a:1:{s:21:"general_style_section";a:1:{s:13:"content_width";i:1;}}s:8:"advanced";a:1:{s:8:"wd_extra";a:1:{s:8:"scroll_y";i:1;}}}}s:7:"wd_blog";a:3:{s:5:"count";i:1;s:15:"control_percent";i:3;s:8:"controls";a:3:{s:5:"style";a:2:{s:21:"general_style_section";a:3:{s:12:"blog_spacing";i:1;s:14:"items_per_page";i:1;s:11:"blog_design";i:1;}s:22:"carousel_style_section";a:2:{s:15:"slides_per_view";i:1;s:23:"hide_pagination_control";i:1;}}s:7:"content";a:1:{s:23:"general_content_section";a:1:{s:5:"order";i:1;}}s:8:"advanced";a:1:{s:8:"wd_extra";a:1:{s:8:"scroll_y";i:1;}}}}}]]></wp:meta_value>
		</wp:postmeta>
						</item>
					<item>
		<title>
				xmas-separator		</title>
		<link>http://dummy.xtemos.com/woodmart-elementor/demos/christmas-maintenance/xmas-separator/</link>
		<pubDate>Mon, 23 Oct 2017 12:08:57 +0000</pubDate>
		<dc:creator><![CDATA[erwin]]></dc:creator>
		<guid isPermaLink="false">http://dummy.xtemos.com/woodmart-elementor/demos/wp-content/uploads/sites/2/2017/10/xmas-separator.png</guid>
		<description></description>
		<content:encoded><![CDATA[]]></content:encoded>
		<excerpt:encoded><![CDATA[]]></excerpt:encoded>
		<wp:post_id>1071</wp:post_id>
		<wp:post_date>2017-10-23 12:08:57</wp:post_date>
		<wp:post_date_gmt>2017-10-23 12:08:57</wp:post_date_gmt>
		<wp:comment_status>open</wp:comment_status>
		<wp:ping_status>closed</wp:ping_status>
		<wp:post_name>xmas-separator</wp:post_name>
		<wp:status>inherit</wp:status>
		<wp:post_parent>1070</wp:post_parent>
		<wp:menu_order>0</wp:menu_order>
		<wp:post_type>attachment</wp:post_type>
		<wp:post_password></wp:post_password>
		<wp:is_sticky>0</wp:is_sticky>
						<wp:attachment_url>http://dummy.xtemos.com/woodmart-elementor/demos/wp-content/uploads/sites/2/2017/10/xmas-separator.png</wp:attachment_url>
												<wp:postmeta>
			<wp:meta_key>_wp_attached_file</wp:meta_key>
			<wp:meta_value><![CDATA[2017/10/xmas-separator.png]]></wp:meta_value>
		</wp:postmeta>
						</item>
					<item>
		<title>
				xmas-welcome-img		</title>
		<link>http://dummy.xtemos.com/woodmart-elementor/demos/home-christmas/xmas-welcome-img/</link>
		<pubDate>Mon, 23 Oct 2017 12:34:32 +0000</pubDate>
		<dc:creator><![CDATA[erwin]]></dc:creator>
		<guid isPermaLink="false">http://dummy.xtemos.com/woodmart-elementor/demos/wp-content/uploads/sites/2/2017/10/xmas-welcome-img.png</guid>
		<description></description>
		<content:encoded><![CDATA[]]></content:encoded>
		<excerpt:encoded><![CDATA[]]></excerpt:encoded>
		<wp:post_id>1075</wp:post_id>
		<wp:post_date>2017-10-23 12:34:32</wp:post_date>
		<wp:post_date_gmt>2017-10-23 12:34:32</wp:post_date_gmt>
		<wp:comment_status>open</wp:comment_status>
		<wp:ping_status>closed</wp:ping_status>
		<wp:post_name>xmas-welcome-img</wp:post_name>
		<wp:status>inherit</wp:status>
		<wp:post_parent>1068</wp:post_parent>
		<wp:menu_order>0</wp:menu_order>
		<wp:post_type>attachment</wp:post_type>
		<wp:post_password></wp:post_password>
		<wp:is_sticky>0</wp:is_sticky>
						<wp:attachment_url>http://dummy.xtemos.com/woodmart-elementor/demos/wp-content/uploads/sites/2/2017/10/xmas-welcome-img.png</wp:attachment_url>
												<wp:postmeta>
			<wp:meta_key>_wp_attached_file</wp:meta_key>
			<wp:meta_value><![CDATA[2017/10/xmas-welcome-img.png]]></wp:meta_value>
		</wp:postmeta>
						</item>
					<item>
		<title>
				timeline-santa-img-1		</title>
		<link>http://dummy.xtemos.com/woodmart-elementor/demos/home-christmas/timeline-santa-img-1-2/</link>
		<pubDate>Mon, 23 Oct 2017 12:37:36 +0000</pubDate>
		<dc:creator><![CDATA[erwin]]></dc:creator>
		<guid isPermaLink="false">http://dummy.xtemos.com/woodmart-elementor/demos/wp-content/uploads/sites/2/2017/10/timeline-santa-img-1.png</guid>
		<description></description>
		<content:encoded><![CDATA[]]></content:encoded>
		<excerpt:encoded><![CDATA[]]></excerpt:encoded>
		<wp:post_id>1078</wp:post_id>
		<wp:post_date>2017-10-23 12:37:36</wp:post_date>
		<wp:post_date_gmt>2017-10-23 12:37:36</wp:post_date_gmt>
		<wp:comment_status>open</wp:comment_status>
		<wp:ping_status>closed</wp:ping_status>
		<wp:post_name>timeline-santa-img-1-2</wp:post_name>
		<wp:status>inherit</wp:status>
		<wp:post_parent>1068</wp:post_parent>
		<wp:menu_order>0</wp:menu_order>
		<wp:post_type>attachment</wp:post_type>
		<wp:post_password></wp:post_password>
		<wp:is_sticky>0</wp:is_sticky>
						<wp:attachment_url>http://dummy.xtemos.com/woodmart-elementor/demos/wp-content/uploads/sites/2/2017/10/timeline-santa-img-1.png</wp:attachment_url>
												<wp:postmeta>
			<wp:meta_key>_wp_attached_file</wp:meta_key>
			<wp:meta_value><![CDATA[2017/10/timeline-santa-img-1.png]]></wp:meta_value>
		</wp:postmeta>
						</item>
					<item>
		<title>
				xmas-baner-img-1-		</title>
		<link>http://dummy.xtemos.com/woodmart-elementor/demos/home-christmas/xmas-baner-img-1/</link>
		<pubDate>Mon, 23 Oct 2017 12:43:04 +0000</pubDate>
		<dc:creator><![CDATA[erwin]]></dc:creator>
		<guid isPermaLink="false">http://dummy.xtemos.com/woodmart-elementor/demos/wp-content/uploads/sites/2/2017/10/xmas-baner-img-1-.jpg</guid>
		<description></description>
		<content:encoded><![CDATA[]]></content:encoded>
		<excerpt:encoded><![CDATA[]]></excerpt:encoded>
		<wp:post_id>1080</wp:post_id>
		<wp:post_date>2017-10-23 12:43:04</wp:post_date>
		<wp:post_date_gmt>2017-10-23 12:43:04</wp:post_date_gmt>
		<wp:comment_status>open</wp:comment_status>
		<wp:ping_status>closed</wp:ping_status>
		<wp:post_name>xmas-baner-img-1</wp:post_name>
		<wp:status>inherit</wp:status>
		<wp:post_parent>1068</wp:post_parent>
		<wp:menu_order>0</wp:menu_order>
		<wp:post_type>attachment</wp:post_type>
		<wp:post_password></wp:post_password>
		<wp:is_sticky>0</wp:is_sticky>
						<wp:attachment_url>http://dummy.xtemos.com/woodmart-elementor/demos/wp-content/uploads/sites/2/2017/10/xmas-baner-img-1-.jpg</wp:attachment_url>
												<wp:postmeta>
			<wp:meta_key>_wp_attached_file</wp:meta_key>
			<wp:meta_value><![CDATA[2017/10/xmas-baner-img-1-.jpg]]></wp:meta_value>
		</wp:postmeta>
						</item>
					<item>
		<title>
				xmas-row-bg		</title>
		<link>http://dummy.xtemos.com/woodmart-elementor/demos/home-christmas/xmas-row-bg/</link>
		<pubDate>Mon, 23 Oct 2017 12:52:22 +0000</pubDate>
		<dc:creator><![CDATA[erwin]]></dc:creator>
		<guid isPermaLink="false">http://dummy.xtemos.com/woodmart-elementor/demos/wp-content/uploads/sites/2/2017/10/xmas-row-bg.jpg</guid>
		<description></description>
		<content:encoded><![CDATA[]]></content:encoded>
		<excerpt:encoded><![CDATA[]]></excerpt:encoded>
		<wp:post_id>1086</wp:post_id>
		<wp:post_date>2017-10-23 12:52:22</wp:post_date>
		<wp:post_date_gmt>2017-10-23 12:52:22</wp:post_date_gmt>
		<wp:comment_status>open</wp:comment_status>
		<wp:ping_status>closed</wp:ping_status>
		<wp:post_name>xmas-row-bg</wp:post_name>
		<wp:status>inherit</wp:status>
		<wp:post_parent>1068</wp:post_parent>
		<wp:menu_order>0</wp:menu_order>
		<wp:post_type>attachment</wp:post_type>
		<wp:post_password></wp:post_password>
		<wp:is_sticky>0</wp:is_sticky>
						<wp:attachment_url>http://dummy.xtemos.com/woodmart-elementor/demos/wp-content/uploads/sites/2/2017/10/xmas-row-bg.jpg</wp:attachment_url>
												<wp:postmeta>
			<wp:meta_key>_wp_attached_file</wp:meta_key>
			<wp:meta_value><![CDATA[2017/10/xmas-row-bg.jpg]]></wp:meta_value>
		</wp:postmeta>
						</item>
					<item>
		<title>
				Pre footer – christmas		</title>
		<link>http://dummy.xtemos.com/woodmart-elementor/demos/?cms_block=pre-footer-christmas</link>
		<pubDate>Mon, 23 Oct 2017 13:04:30 +0000</pubDate>
		<dc:creator><![CDATA[erwin]]></dc:creator>
		<guid isPermaLink="false">http://dummy.xtemos.com/woodmart-elementor/demos/?post_type=cms_block&#038;p=1089</guid>
		<description></description>
		<content:encoded><![CDATA[<img width="240" height="42" src="http://dummy.xtemos.com/woodmart-elementor/demos/wp-content/uploads/sites/2/2017/06/xmas-wood-logo-2.png" alt="" />											
		<p>Nulla himenaeosad adipiscing a fames augue qearas suspendisse vesti bulum augue consectetur facil arshac.</p>
									<a rel="nofollow noopener noreferrer" href="https://www.facebook.com/sharer/sharer.php?u=http://dummy.xtemos.com/woodmart-elementor/demos/?cms_block=pre-footer-christmas" target="_blank">
						<i></i>
						Facebook
					</a>
									<a rel="nofollow noopener noreferrer" href="https://twitter.com/share?url=http://dummy.xtemos.com/woodmart-elementor/demos/?cms_block=pre-footer-christmas" target="_blank">
						<i></i>
						Twitter
					</a>
									<a rel="nofollow noopener noreferrer" href="https://pinterest.com/pin/create/button/?url=http://dummy.xtemos.com/woodmart-elementor/demos/?cms_block=pre-footer-christmas&amp;media=http://dummy.xtemos.com/woodmart-elementor/demos/wp-includes/images/media/default.png&amp;description=Pre+footer+%E2%80%93+christmas" target="_blank">
						<i></i>
						Pinterest
					</a>
									<a rel="nofollow noopener noreferrer" href="https://www.linkedin.com/shareArticle?mini=true&amp;url=http://dummy.xtemos.com/woodmart-elementor/demos/?cms_block=pre-footer-christmas" target="_blank">
						<i></i>
						linkedin
					</a>
									<a rel="nofollow noopener noreferrer" href="https://telegram.me/share/url?url=http://dummy.xtemos.com/woodmart-elementor/demos/?cms_block=pre-footer-christmas" target="_blank">
						<i></i>
						Telegram
					</a>
										<img src="http://dummy.xtemos.com/woodmart-elementor/demos/wp-content/uploads/sites/2/elementor/thumbs/xmas-separator-oqf427bxharxzzjfpr1vlgjb27scvz0ecg0leltz2m.png" title="xmas-separator" alt="xmas-separator" />											
		<p style="text-align: center"><small><a href="https://woodmart.xtemos.com/"><strong>WOODMART</strong></a>  2017 CREATED BY <a href="http://xtemos.com"><strong>X-TEMOS STUDIO</strong></a>.</small></p>]]></content:encoded>
		<excerpt:encoded><![CDATA[]]></excerpt:encoded>
		<wp:post_id>1089</wp:post_id>
		<wp:post_date>2017-10-23 13:04:30</wp:post_date>
		<wp:post_date_gmt>2017-10-23 13:04:30</wp:post_date_gmt>
		<wp:comment_status>closed</wp:comment_status>
		<wp:ping_status>closed</wp:ping_status>
		<wp:post_name>pre-footer-christmas</wp:post_name>
		<wp:status>publish</wp:status>
		<wp:post_parent>0</wp:post_parent>
		<wp:menu_order>0</wp:menu_order>
		<wp:post_type>cms_block</wp:post_type>
		<wp:post_password></wp:post_password>
		<wp:is_sticky>0</wp:is_sticky>
														<wp:postmeta>
			<wp:meta_key>_elementor_data</wp:meta_key>
			<wp:meta_value><![CDATA[[{"id":"68174","elType":"section","settings":{"gap":"no","wd_section_stretch":"stretch","background_background":"classic","background_image":{"url":"http:\/\/dummy.xtemos.com\/woodmart-elementor\/demos\/wp-content\/uploads\/sites\/2\/2017\/06\/xmas-footer-img-1.jpg","id":"1092"},"background_position":"center center","background_size":"cover","shape_divider_top":"wd_curved_line","shape_divider_top_color":"#ECF2F7","shape_divider_top_height":{"unit":"px","size":"80","sizes":[]},"margin":{"unit":"px","top":"0","right":"0","bottom":"-40","left":"0","isLinked":""},"padding":{"unit":"px","top":"110","right":"15","bottom":"85","left":"15","isLinked":""}},"elements":[{"id":"3550275","elType":"column","settings":{"_column_size":"100","wd_color_scheme":"light","_inline_size_tablet":"100","column_sticky_offset":"50","scroll_y":"-80"},"elements":[{"id":"4891646","elType":"widget","settings":{"align":"center","image_size":"full","image":{"id":"1102","url":"#"},"image_custom_dimension":[],"scroll_y":"-80"},"elements":[],"widgetType":"image"},{"id":"9041203","elType":"widget","settings":{"typography_typography":"custom","wd_content_align":"center","font":"text","size":"custom","wd_content_width":{"size":"435","unit":"px"},"typography_font_size":{"unit":"px","size":"16"},"editor":"<p>Nulla himenaeosad adipiscing a fames augue qearas suspendisse vesti bulum augue consectetur facil arshac.<\/p>\n","scroll_y":"-80"},"elements":[],"widgetType":"text-editor"},{"id":"7173712","elType":"widget","settings":{"size":"small","style":"colored","scroll_y":"-80"},"elements":[],"widgetType":"wd_social_buttons"},{"id":"2115571","elType":"widget","settings":{"align":"center","image_size":"custom","image":{"id":"1071","url":"#"},"image_custom_dimension":{"width":"150","height":"59"},"scroll_y":"-80"},"elements":[],"widgetType":"image"},{"id":"1755390","elType":"widget","settings":{"typography_typography":"custom","align":"left","editor":"<p style=\"text-align: center\"><small><a href=\"https:\/\/woodmart.xtemos.com\/\"><strong>WOODMART<\/strong><\/a> <i class=\"fa fa-copyright\"><\/i> 2017 CREATED BY <a href=\"http:\/\/xtemos.com\"><strong><span style=\"color: red;font-size: 12px\">X<\/span>-TEMOS STUDIO<\/strong><\/a>.<\/small><\/p>\n","scroll_y":"-80"},"elements":[],"widgetType":"text-editor"}],"isInner":""}],"isInner":""}]]]></wp:meta_value>
		</wp:postmeta>
							<wp:postmeta>
			<wp:meta_key>_elementor_edit_mode</wp:meta_key>
			<wp:meta_value><![CDATA[builder]]></wp:meta_value>
		</wp:postmeta>
							<wp:postmeta>
			<wp:meta_key>_elementor_version</wp:meta_key>
			<wp:meta_value><![CDATA[2.9.11]]></wp:meta_value>
		</wp:postmeta>
							<wp:postmeta>
			<wp:meta_key>_elementor_template_type</wp:meta_key>
			<wp:meta_value><![CDATA[wp-post]]></wp:meta_value>
		</wp:postmeta>
							<wp:postmeta>
			<wp:meta_key>_wp_page_template</wp:meta_key>
			<wp:meta_value><![CDATA[default]]></wp:meta_value>
		</wp:postmeta>
							<wp:postmeta>
			<wp:meta_key>_elementor_controls_usage</wp:meta_key>
			<wp:meta_value><![CDATA[a:5:{s:5:"image";a:3:{s:5:"count";i:2;s:15:"control_percent";i:2;s:8:"controls";a:2:{s:7:"content";a:1:{s:13:"section_image";a:4:{s:5:"align";i:2;s:10:"image_size";i:2;s:5:"image";i:2;s:22:"image_custom_dimension";i:2;}}s:8:"advanced";a:1:{s:8:"wd_extra";a:1:{s:8:"scroll_y";i:2;}}}}s:11:"text-editor";a:3:{s:5:"count";i:2;s:15:"control_percent";i:2;s:8:"controls";a:3:{s:5:"style";a:1:{s:13:"section_style";a:5:{s:21:"typography_typography";i:2;s:16:"wd_content_align";i:1;s:16:"wd_content_width";i:1;s:20:"typography_font_size";i:1;s:5:"align";i:1;}}s:7:"content";a:1:{s:14:"section_editor";a:1:{s:6:"editor";i:2;}}s:8:"advanced";a:1:{s:8:"wd_extra";a:1:{s:8:"scroll_y";i:2;}}}}s:17:"wd_social_buttons";a:3:{s:5:"count";i:1;s:15:"control_percent";i:2;s:8:"controls";a:2:{s:5:"style";a:1:{s:21:"general_style_section";a:2:{s:4:"size";i:1;s:5:"style";i:1;}}s:8:"advanced";a:1:{s:8:"wd_extra";a:1:{s:8:"scroll_y";i:1;}}}}s:6:"column";a:3:{s:5:"count";i:1;s:15:"control_percent";i:1;s:8:"controls";a:3:{s:5:"style";a:1:{s:14:"wd_extra_style";a:1:{s:15:"wd_color_scheme";i:1;}}s:6:"layout";a:1:{s:6:"layout";a:1:{s:19:"_inline_size_tablet";i:1;}}s:8:"advanced";a:1:{s:8:"wd_extra";a:2:{s:20:"column_sticky_offset";i:1;s:8:"scroll_y";i:1;}}}}s:7:"section";a:3:{s:5:"count";i:1;s:15:"control_percent";i:3;s:8:"controls";a:3:{s:6:"layout";a:2:{s:14:"section_layout";a:1:{s:3:"gap";i:1;}s:15:"wd_extra_layout";a:1:{s:18:"wd_section_stretch";i:1;}}s:5:"style";a:2:{s:18:"section_background";a:4:{s:21:"background_background";i:1;s:16:"background_image";i:1;s:19:"background_position";i:1;s:15:"background_size";i:1;}s:21:"section_shape_divider";a:3:{s:17:"shape_divider_top";i:1;s:23:"shape_divider_top_color";i:1;s:24:"shape_divider_top_height";i:1;}}s:8:"advanced";a:1:{s:16:"section_advanced";a:2:{s:6:"margin";i:1;s:7:"padding";i:1;}}}}}]]></wp:meta_value>
		</wp:postmeta>
						</item>
					<item>
		<title>
				xmas-footer-img-1		</title>
		<link>http://dummy.xtemos.com/woodmart-elementor/demos/xmas-footer-img-1/</link>
		<pubDate>Mon, 23 Oct 2017 13:05:30 +0000</pubDate>
		<dc:creator><![CDATA[erwin]]></dc:creator>
		<guid isPermaLink="false">http://dummy.xtemos.com/woodmart-elementor/demos/wp-content/uploads/sites/2/2017/06/xmas-footer-img-1.jpg</guid>
		<description></description>
		<content:encoded><![CDATA[]]></content:encoded>
		<excerpt:encoded><![CDATA[]]></excerpt:encoded>
		<wp:post_id>1092</wp:post_id>
		<wp:post_date>2017-10-23 13:05:30</wp:post_date>
		<wp:post_date_gmt>2017-10-23 13:05:30</wp:post_date_gmt>
		<wp:comment_status>open</wp:comment_status>
		<wp:ping_status>closed</wp:ping_status>
		<wp:post_name>xmas-footer-img-1</wp:post_name>
		<wp:status>inherit</wp:status>
		<wp:post_parent>0</wp:post_parent>
		<wp:menu_order>0</wp:menu_order>
		<wp:post_type>attachment</wp:post_type>
		<wp:post_password></wp:post_password>
		<wp:is_sticky>0</wp:is_sticky>
						<wp:attachment_url>http://dummy.xtemos.com/woodmart-elementor/demos/wp-content/uploads/sites/2/2017/06/xmas-footer-img-1.jpg</wp:attachment_url>
												<wp:postmeta>
			<wp:meta_key>_wp_attached_file</wp:meta_key>
			<wp:meta_value><![CDATA[2017/06/xmas-footer-img-1.jpg]]></wp:meta_value>
		</wp:postmeta>
						</item>
					<item>
		<title>
				xmas-wood-logo		</title>
		<link>http://dummy.xtemos.com/woodmart-elementor/demos/xmas-wood-logo-4/</link>
		<pubDate>Mon, 23 Oct 2017 14:20:16 +0000</pubDate>
		<dc:creator><![CDATA[erwin]]></dc:creator>
		<guid isPermaLink="false">http://dummy.xtemos.com/woodmart-elementor/demos/wp-content/uploads/sites/2/2017/06/xmas-wood-logo-2.png</guid>
		<description></description>
		<content:encoded><![CDATA[]]></content:encoded>
		<excerpt:encoded><![CDATA[]]></excerpt:encoded>
		<wp:post_id>1102</wp:post_id>
		<wp:post_date>2017-10-23 14:20:16</wp:post_date>
		<wp:post_date_gmt>2017-10-23 14:20:16</wp:post_date_gmt>
		<wp:comment_status>open</wp:comment_status>
		<wp:ping_status>closed</wp:ping_status>
		<wp:post_name>xmas-wood-logo-4</wp:post_name>
		<wp:status>inherit</wp:status>
		<wp:post_parent>0</wp:post_parent>
		<wp:menu_order>0</wp:menu_order>
		<wp:post_type>attachment</wp:post_type>
		<wp:post_password></wp:post_password>
		<wp:is_sticky>0</wp:is_sticky>
						<wp:attachment_url>http://dummy.xtemos.com/woodmart-elementor/demos/wp-content/uploads/sites/2/2017/06/xmas-wood-logo-2.png</wp:attachment_url>
												<wp:postmeta>
			<wp:meta_key>_wp_attached_file</wp:meta_key>
			<wp:meta_value><![CDATA[2017/06/xmas-wood-logo-2.png]]></wp:meta_value>
		</wp:postmeta>
						</item>
						<item>
		<title>
				xmas-bg.jpg		</title>
		<link>http://dummy.xtemos.com/woodmart-elementor/demos/xmas-bg-jpg/</link>
		<pubDate>Mon, 23 Oct 2017 11:38:54 +0000</pubDate>
		<dc:creator><![CDATA[admin]]></dc:creator>
		<guid isPermaLink="false">http://dummy.xtemos.com/woodmart-elementor/demos/wp-content/uploads/sites/2/revslider/slider-christmas/xmas-bg.jpg</guid>
		<description></description>
		<content:encoded><![CDATA[]]></content:encoded>
		<excerpt:encoded><![CDATA[]]></excerpt:encoded>
		<wp:post_id>1061</wp:post_id>
		<wp:post_date>2017-10-23 11:38:54</wp:post_date>
		<wp:post_date_gmt>2017-10-23 11:38:54</wp:post_date_gmt>
		<wp:comment_status>closed</wp:comment_status>
		<wp:ping_status>closed</wp:ping_status>
		<wp:post_name>xmas-bg-jpg</wp:post_name>
		<wp:status>inherit</wp:status>
		<wp:post_parent>0</wp:post_parent>
		<wp:menu_order>0</wp:menu_order>
		<wp:post_type>attachment</wp:post_type>
		<wp:post_password></wp:post_password>
		<wp:is_sticky>0</wp:is_sticky>
						<wp:attachment_url>http://dummy.xtemos.com/woodmart-elementor/demos/wp-content/uploads/sites/2/revslider/slider-christmas/xmas-bg.jpg</wp:attachment_url>
												<wp:postmeta>
			<wp:meta_key>_wp_attached_file</wp:meta_key>
			<wp:meta_value><![CDATA[revslider/slider-christmas/xmas-bg.jpg]]></wp:meta_value>
		</wp:postmeta>
						</item>
				</channel>
</rss>
	