<?xml version="1.0" encoding="UTF-8" ?>
<!-- This is a WordPress eXtended RSS file generated by WordPress as an export of your site. -->
<!-- It contains information about your site's posts, pages, comments, categories, and other content. -->
<!-- You may use this file to transfer that content from one site to another. -->
<!-- This file is not intended to serve as a complete backup of your site. -->

<!-- To import this information into a WordPress site follow these steps: -->
<!-- 1. Log in to that site as an administrator. -->
<!-- 2. Go to Tools: Import in the WordPress admin panel. -->
<!-- 3. Install the "WordPress" importer from the list. -->
<!-- 4. Activate & Run Importer. -->
<!-- 5. Upload this file using the form provided on that page. -->
<!-- 6. You will first be asked to map the authors in this export file to users -->
<!--    on the site. For each author, you may choose to map to an -->
<!--    existing user on the site or to create a new user. -->
<!-- 7. WordPress will then import each of the posts, pages, comments, categories, etc. -->
<!--    contained in this file into your site. -->

<!-- generator="WordPress/4.8" created="2017-10-23 14:24" -->
<rss version="2.0"
	xmlns:excerpt="http://wordpress.org/export/1.2/excerpt/"
	xmlns:content="http://purl.org/rss/1.0/modules/content/"
	xmlns:wfw="http://wellformedweb.org/CommentAPI/"
	xmlns:dc="http://purl.org/dc/elements/1.1/"
	xmlns:wp="http://wordpress.org/export/1.2/"
>

<channel>
	<title>Woodmart dummy demos</title>
	<link>http://dummy.xtemos.com/woodmart/demos</link>
	<description>Just another Woodmart Dummy Content Sites site</description>
	<pubDate>Mon, 23 Oct 2017 14:24:20 +0000</pubDate>
	<language>en-US</language>
	<wp:wxr_version>1.2</wp:wxr_version>
	<wp:base_site_url>http://dummy.xtemos.com/woodmart/</wp:base_site_url>
	<wp:base_blog_url>http://dummy.xtemos.com/woodmart/demos</wp:base_blog_url>

	<wp:author><wp:author_id>2</wp:author_id><wp:author_login>erwin</wp:author_login><wp:author_email>ss@asas.as</wp:author_email><wp:author_display_name><![CDATA[erwin]]></wp:author_display_name><wp:author_first_name><![CDATA[]]></wp:author_first_name><wp:author_last_name><![CDATA[]]></wp:author_last_name></wp:author>


	<generator>https://wordpress.org/?v=4.8</generator>

	<item>
		<title>Home Christmas</title>
		<link>http://dummy.xtemos.com/woodmart/demos/home-christmas/</link>
		<pubDate>Mon, 23 Oct 2017 11:45:53 +0000</pubDate>
		<dc:creator><![CDATA[erwin]]></dc:creator>
		<guid isPermaLink="false">http://dummy.xtemos.com/woodmart/demos/?page_id=1068</guid>
		<description></description>
		<content:encoded><![CDATA[[vc_row full_width="stretch_row_content_no_spaces" css=".vc_custom_1507901854327{margin-bottom: 6vh !important;}"][vc_column][rev_slider_vc alias="slider-christmas"][woodmart_row_divider position="bottom" content_overlap="enable" style="curved-line" custom_height="80px" color="#ecf2f7"][/vc_column][/vc_row][vc_row content_placement="middle" row_reverse_mobile="1"][vc_column width="1/2" woodmart_text_align="center" css=".vc_custom_1508163587150{margin-bottom: 8vh !important;}"][woodmart_responsive_text_block font="alt" size="custom" color_scheme="custom" color="#df575a" css=".vc_custom_1508153716308{margin-bottom: 0px !important;}" desktop_text_size="24" tablet_text_size="22" mobile_text_size="22"]Laculis malesuada sodales[/woodmart_responsive_text_block][woodmart_responsive_text_block size="custom" font_weight="600" color_scheme="dark" css=".vc_custom_1508743832933{margin-bottom: 15px !important;}" desktop_text_size="36" tablet_text_size="30" mobile_text_size="28"]Happy Winter Holidays[/woodmart_responsive_text_block][vc_single_image image="1071" img_size="150x59" alignment="center" css=".vc_custom_1508762764512{margin-bottom: 15px !important;}"][woodmart_responsive_text_block font="text" size="custom" content_width="80" desktop_text_size="16" tablet_text_size="14" mobile_text_size="14" css=".vc_custom_1508503091999{margin-bottom: 25px !important;}"]It is a long established fact that a reader will be distracted by the readable content of a page when looking at its layout. The point of using Lorem Ipsum is that it has a more-or-less normal.[/woodmart_responsive_text_block][woodmart_button color="primary" button_inline="yes" title="View more"][woodmart_button color="alt" style="bordered" button_inline="yes" title="SHOP NOW"][/vc_column][vc_column width="1/2" css=".vc_custom_1508163591647{margin-bottom: 8vh !important;}"][vc_single_image image="1075" img_size="full" alignment="center" css=".vc_custom_1508761990160{margin-bottom: 0px !important;}"][/vc_column][/vc_row][vc_row css=".vc_custom_1508163862476{margin-bottom: 10vh !important;}"][vc_column][woodmart_responsive_text_block font="alt" size="custom" color_scheme="custom" color="#df575a" css=".vc_custom_1508153716308{margin-bottom: 0px !important;}" desktop_text_size="24" tablet_text_size="22" mobile_text_size="22"]Laculis malesuada sodales[/woodmart_responsive_text_block][woodmart_responsive_text_block size="custom" font_weight="600" color_scheme="dark" css=".vc_custom_1508743820852{margin-bottom: 15px !important;}" desktop_text_size="36" tablet_text_size="30" mobile_text_size="28"]Products Categories[/woodmart_responsive_text_block][vc_single_image image="1071" img_size="150x59" alignment="center" css=".vc_custom_1508762971922{margin-bottom: 35px !important;}"][banners_carousel slides_per_view="3" slider_spacing="30" hide_pagination_control="yes"][promo_banner image="1080" content_width="60" woodmart_color_scheme="dark" subtitle_color="primary" subtitle_style="background" title_size="extra-large" horizontal_alignment="right" vertical_alignment="middle" img_size="full" title="Ares Rog." subtitle="Stockings" link="url:%23|||"]Many desktop publishing packages and web.[/promo_banner][promo_banner image="1080" content_width="60" woodmart_color_scheme="dark" subtitle_color="primary" subtitle_style="background" title_size="extra-large" horizontal_alignment="right" vertical_alignment="middle" img_size="full" title="Bins Last." subtitle="Decorations" link="url:%23|||"]Page editors now use Lorem Ipsum as their default.[/promo_banner][promo_banner image="1080" content_width="60" woodmart_color_scheme="dark" subtitle_color="primary" subtitle_style="background" title_size="extra-large" horizontal_alignment="right" vertical_alignment="middle" img_size="full" title="Repas Dui." subtitle="Accessories" link="url:%23|||"]There are many variations of passages of Lorem Ipsum.[/promo_banner][promo_banner image="1080" content_width="60" woodmart_color_scheme="dark" subtitle_color="primary" subtitle_style="background" title_size="extra-large" horizontal_alignment="right" vertical_alignment="middle" img_size="full" title="Tie Sanas." subtitle="Toys" link="url:%23|||"]Ut a vestibulum vehicula a lobortis fringilla praesent.[/promo_banner][/banners_carousel][/vc_column][/vc_row][vc_row css=".vc_custom_1508137033270{margin-bottom: 8vh !important;}"][vc_column css=".vc_custom_1508143065437{padding-top: 0px !important;}"][woodmart_responsive_text_block font="alt" size="custom" color_scheme="custom" color="#df575a" css=".vc_custom_1508153716308{margin-bottom: 0px !important;}" desktop_text_size="24" tablet_text_size="22" mobile_text_size="22"]Laculis malesuada sodales[/woodmart_responsive_text_block][woodmart_responsive_text_block size="custom" font_weight="600" color_scheme="dark" css=".vc_custom_1508743794445{margin-bottom: 15px !important;}" desktop_text_size="36" tablet_text_size="30" mobile_text_size="28"]Featured Products[/woodmart_responsive_text_block][vc_single_image image="1071" img_size="150x59" alignment="center" css=".vc_custom_1508762978665{margin-bottom: 35px !important;}"][woodmart_products items_per_page="8" product_hover="info" columns="4" orderby="post__in"][/vc_column][/vc_row][vc_section full_width="stretch_row" woodmart_parallax="1" css=".vc_custom_1508763046770{margin-bottom: 8vh !important;padding-top: 0px !important;background-image: url(http://dummy.xtemos.com/woodmart/demos/wp-content/uploads/sites/2/2017/10/xmas-row-bg.jpg?id=1086) !important;}"][vc_row full_width="stretch_row_content"][vc_column css=".vc_custom_1508144545546{padding-top: 0px !important;}"][woodmart_row_divider style="curved-line" color="#ecf2f7" custom_height="80px"][/vc_column][/vc_row][vc_row content_placement="middle" row_reverse_mobile="1" css=".vc_custom_1508145708073{padding-top: 4vh !important;padding-bottom: 4vh !important;}"][vc_column width="1/2" woodmart_text_align="center" woodmart_color_scheme="light" css=".vc_custom_1508231947217{padding-top: 5vh !important;padding-bottom: 5vh !important;}"][woodmart_responsive_text_block font="alt" size="custom" color_scheme="custom" color="#df575a" css=".vc_custom_1508593635283{margin-bottom: 10px !important;}" desktop_text_size="34" tablet_text_size="22" mobile_text_size="22"]Special discount offers[/woodmart_responsive_text_block][woodmart_responsive_text_block size="custom" font_weight="600" content_width="80" color_scheme="light" css=".vc_custom_1508743765477{margin-bottom: 20px !important;}" desktop_text_size="36" tablet_text_size="28" mobile_text_size="26"]Christmas Giveaway Event reader will be distracted.[/woodmart_responsive_text_block][woodmart_countdown_timer woodmart_color_scheme="light" size="large" align="center" style="transparent" date="2017/12/31"][vc_empty_space height="20px"][woodmart_button color="primary" button_inline="yes" title="View more"][woodmart_button color="white" style="bordered" button_inline="yes" title="SHOP NOW"][/vc_column][vc_column width="1/2" css=".vc_custom_1508163643289{padding-top: 5vh !important;padding-bottom: 5vh !important;}"][vc_single_image image="1075" img_size="full" alignment="center" css=".vc_custom_1508761976802{margin-bottom: 0px !important;}"][/vc_column][/vc_row][vc_row full_width="stretch_row_content"][vc_column css=".vc_custom_1508144549817{padding-top: 0px !important;}"][woodmart_row_divider position="bottom" style="curved-line" color="#ecf2f7" custom_height="80px"][/vc_column][/vc_row][/vc_section][vc_row css=".vc_custom_1508761207960{margin-bottom: 9vh !important;}"][vc_column css=".vc_custom_1508143071646{padding-top: 0px !important;}"][woodmart_responsive_text_block font="alt" size="custom" color_scheme="custom" color="#df575a" css=".vc_custom_1508153716308{margin-bottom: 0px !important;}" desktop_text_size="24" tablet_text_size="22" mobile_text_size="22"]Laculis malesuada sodales[/woodmart_responsive_text_block][woodmart_responsive_text_block size="custom" font_weight="600" color_scheme="dark" css=".vc_custom_1508743750364{margin-bottom: 15px !important;}" desktop_text_size="36" tablet_text_size="30" mobile_text_size="28"]How Is Magic Works[/woodmart_responsive_text_block][vc_single_image image="1071" img_size="150x59" alignment="center" css=".vc_custom_1508762984592{margin-bottom: 35px !important;}"][woodmart_timeline line_style="dashed" line_color="#df575a" dots_color="#df575a"][woodmart_timeline_breakpoint title="1" color_bg="#df575a"][woodmart_timeline_item image_secondary="1078" img_size_secondary="full" color_bg="#ecf2f7" el_class="text-larger"]
<p class="font-alt color-primary" style="font-size: 20px">Condimentum fames egestas ad potenti</p>

<h3 class="hidden-xs hidden-sm" style="font-size: 28px">Lementum musat dignissim
Mi vestibulum iaculis consectetur</h3>
<h3 class="hidden-md hidden-lg" style="font-size: 22px">Lementum musat dignissim mi vestibulum iaculis consectetur</h3>
Scelerisque ullamcorper facilisis nisl a suspendisse elementum musat rasd dignissim at condimentum artas quam ut in. Ars hac posuere luctus vehicula dapibus facilisis commodo curae parturient adipiscing natoque.

<a class="btn btn-color-primary btn-style-link btn-size-default" href="#/demo/christmas/">Read more</a>[/woodmart_timeline_item][woodmart_timeline_breakpoint title="2" color_bg="#df575a"][woodmart_timeline_item position="right" image_secondary="1078" img_size_secondary="full" color_bg="#ecf2f7" el_class="text-larger"]
<p class="font-alt color-primary" style="font-size: 20px">Condimentum fames egestas ad potenti</p>

<h3 class="hidden-xs hidden-sm" style="font-size: 28px">Sed mollis lectus condiment
Facilisis dictumst laoreet adiping</h3>
<h3 class="hidden-md hidden-lg" style="font-size: 22px">Sed mollis lectus condiment facilisis dictumst laoreet adiping</h3>
Scelerisque ullamcorper facilisis nisl a suspendisse elementum musat rasd dignissim at condimentum artas quam ut in. Ars hac posuere luctus vehicula dapibus facilisis commodo curae parturient adipiscing natoque.

<a class="btn btn-color-primary btn-style-link btn-size-default" title="" href="#/demo/christmas/">Read more</a>[/woodmart_timeline_item][woodmart_timeline_breakpoint title="3" color_bg="#df575a"][woodmart_timeline_item image_secondary="1078" img_size_secondary="full" color_bg="#ecf2f7" el_class="text-larger"]
<p class="font-alt color-primary" style="font-size: 20px">Condimentum fames egestas ad potenti</p>

<h3 class="hidden-sm hidden-xs" style="font-size: 28px">Nec gravida conubia morbi
Eleifend ullamcorper aenean quam</h3>
<h3 class="hidden-lg hidden-md" style="font-size: 22px">Nec gravida conubia morbi eleifend ullamcorper aenean quam</h3>
Scelerisque ullamcorper facilisis nisl a suspendisse elementum musat rasd dignissim at condimentum artas quam ut in. Ars hac posuere luctus vehicula dapibus facilisis commodo curae parturient adipiscing natoque.

<a class="btn btn-color-primary btn-style-link btn-size-default" title="" href="#/demo/christmas/">Read more</a>[/woodmart_timeline_item][/woodmart_timeline][/vc_column][/vc_row][vc_row content_placement="middle" css=".vc_custom_1508317029942{margin-bottom: 8vh !important;padding-top: 4vh !important;padding-bottom: 4vh !important;background: #e0575a url(https://woodmart.xtemos.com/wp-content/uploads/2017/10/xmas-bg.jpg?id=12511) !important;background-position: center !important;background-repeat: no-repeat !important;background-size: cover !important;}" el_class="mobile-bg-img-hidden"][vc_column width="1/2" css=".vc_custom_1508163628479{padding-top: 2vh !important;padding-bottom: 2vh !important;}"][woodmart_responsive_text_block font="alt" size="custom" color_scheme="light" css=".vc_custom_1508229230766{margin-bottom: 0px !important;}" desktop_text_size="36" tablet_text_size="36" mobile_text_size="36"]Sign Up To Newsletter[/woodmart_responsive_text_block][/vc_column][vc_column width="1/2" woodmart_color_scheme="light" css=".vc_custom_1508142639816{padding-top: 2vh !important;padding-bottom: 2vh !important;}"][vc_column_text css=".vc_custom_1508761894548{margin-bottom: -20px !important;}"][mc4wp_form id="74"][/vc_column_text][/vc_column][/vc_row][vc_row css=".vc_custom_1508163010130{margin-bottom: 4vh !important;}"][vc_column css=".vc_custom_1508143060554{margin-bottom: -35px !important;padding-top: 0px !important;}"][woodmart_responsive_text_block font="alt" size="custom" color_scheme="custom" color="#df575a" css=".vc_custom_1508153716308{margin-bottom: 0px !important;}" desktop_text_size="24" tablet_text_size="22" mobile_text_size="22"]Laculis malesuada sodales[/woodmart_responsive_text_block][woodmart_responsive_text_block size="custom" font_weight="600" color_scheme="dark" css=".vc_custom_1508743732260{margin-bottom: 15px !important;}" desktop_text_size="36" tablet_text_size="30" mobile_text_size="28"]Christmas Stories[/woodmart_responsive_text_block][vc_single_image image="1071" img_size="150x59" alignment="center" css=".vc_custom_1508763101290{margin-bottom: 25px !important;}"][woodmart_blog items_per_page="4" blog_design="carousel" parts_title="1" parts_meta="1" parts_text="1" parts_btn="1" order="ASC" slides_per_view="3" hide_pagination_control="yes"][/vc_column][/vc_row]]]></content:encoded>
		<excerpt:encoded><![CDATA[]]></excerpt:encoded>
		<wp:post_id>1068</wp:post_id>
		<wp:post_date>2017-10-23 11:45:53</wp:post_date>
		<wp:post_date_gmt>2017-10-23 11:45:53</wp:post_date_gmt>
		<wp:comment_status>closed</wp:comment_status>
		<wp:ping_status>closed</wp:ping_status>
		<wp:post_name>home-christmas</wp:post_name>
		<wp:status>publish</wp:status>
		<wp:post_parent>0</wp:post_parent>
		<wp:menu_order>0</wp:menu_order>
		<wp:post_type>page</wp:post_type>
		<wp:post_password></wp:post_password>
		<wp:is_sticky>0</wp:is_sticky>
		<wp:postmeta>
			<wp:meta_key>_wp_page_template</wp:meta_key>
			<wp:meta_value><![CDATA[default]]></wp:meta_value>
		</wp:postmeta>
		<wp:postmeta>
			<wp:meta_key>_wpb_shortcodes_custom_css</wp:meta_key>
			<wp:meta_value><![CDATA[.vc_custom_1507901854327{margin-bottom: 6vh !important;}.vc_custom_1508163862476{margin-bottom: 10vh !important;}.vc_custom_1508137033270{margin-bottom: 8vh !important;}.vc_custom_1508763046770{margin-bottom: 8vh !important;padding-top: 0px !important;background-image: url(http://dummy.xtemos.com/woodmart/demos/wp-content/uploads/sites/2/2017/10/xmas-row-bg.jpg?id=1086) !important;}.vc_custom_1508761207960{margin-bottom: 9vh !important;}.vc_custom_1508317029942{margin-bottom: 8vh !important;padding-top: 4vh !important;padding-bottom: 4vh !important;background: #e0575a url(https://woodmart.xtemos.com/wp-content/uploads/2017/10/xmas-bg.jpg?id=12511) !important;background-position: center !important;background-repeat: no-repeat !important;background-size: cover !important;}.vc_custom_1508163010130{margin-bottom: 4vh !important;}.vc_custom_1508163587150{margin-bottom: 8vh !important;}.vc_custom_1508163591647{margin-bottom: 8vh !important;}.vc_custom_1508153716308{margin-bottom: 0px !important;}.vc_custom_1508743832933{margin-bottom: 15px !important;}.vc_custom_1508762764512{margin-bottom: 15px !important;}.vc_custom_1508503091999{margin-bottom: 25px !important;}.vc_custom_1508761990160{margin-bottom: 0px !important;}.vc_custom_1508153716308{margin-bottom: 0px !important;}.vc_custom_1508743820852{margin-bottom: 15px !important;}.vc_custom_1508762971922{margin-bottom: 35px !important;}.vc_custom_1508143065437{padding-top: 0px !important;}.vc_custom_1508153716308{margin-bottom: 0px !important;}.vc_custom_1508743794445{margin-bottom: 15px !important;}.vc_custom_1508762978665{margin-bottom: 35px !important;}.vc_custom_1508145708073{padding-top: 4vh !important;padding-bottom: 4vh !important;}.vc_custom_1508144545546{padding-top: 0px !important;}.vc_custom_1508231947217{padding-top: 5vh !important;padding-bottom: 5vh !important;}.vc_custom_1508163643289{padding-top: 5vh !important;padding-bottom: 5vh !important;}.vc_custom_1508593635283{margin-bottom: 10px !important;}.vc_custom_1508743765477{margin-bottom: 20px !important;}.vc_custom_1508761976802{margin-bottom: 0px !important;}.vc_custom_1508144549817{padding-top: 0px !important;}.vc_custom_1508143071646{padding-top: 0px !important;}.vc_custom_1508153716308{margin-bottom: 0px !important;}.vc_custom_1508743750364{margin-bottom: 15px !important;}.vc_custom_1508762984592{margin-bottom: 35px !important;}.vc_custom_1508163628479{padding-top: 2vh !important;padding-bottom: 2vh !important;}.vc_custom_1508142639816{padding-top: 2vh !important;padding-bottom: 2vh !important;}.vc_custom_1508229230766{margin-bottom: 0px !important;}.vc_custom_1508761894548{margin-bottom: -20px !important;}.vc_custom_1508143060554{margin-bottom: -35px !important;padding-top: 0px !important;}.vc_custom_1508153716308{margin-bottom: 0px !important;}.vc_custom_1508743732260{margin-bottom: 15px !important;}.vc_custom_1508763101290{margin-bottom: 25px !important;}]]></wp:meta_value>
		</wp:postmeta>
		<wp:postmeta>
			<wp:meta_key>_woodmart_main_layout</wp:meta_key>
			<wp:meta_value><![CDATA[full-width]]></wp:meta_value>
		</wp:postmeta>
		<wp:postmeta>
			<wp:meta_key>_woodmart_header-overlap</wp:meta_key>
			<wp:meta_value><![CDATA[on]]></wp:meta_value>
		</wp:postmeta>
		<wp:postmeta>
			<wp:meta_key>_woodmart_header_color_scheme</wp:meta_key>
			<wp:meta_value><![CDATA[light]]></wp:meta_value>
		</wp:postmeta>
		<wp:postmeta>
			<wp:meta_key>_woodmart_title_off</wp:meta_key>
			<wp:meta_value><![CDATA[on]]></wp:meta_value>
		</wp:postmeta>
		<wp:postmeta>
			<wp:meta_key>_woodmart_footer_off</wp:meta_key>
			<wp:meta_value><![CDATA[on]]></wp:meta_value>
		</wp:postmeta>
		<wp:postmeta>
			<wp:meta_key>_woodmart_copyrights_off</wp:meta_key>
			<wp:meta_value><![CDATA[on]]></wp:meta_value>
		</wp:postmeta>
		<wp:postmeta>
			<wp:meta_key>_woodmart_whb_header</wp:meta_key>
			<wp:meta_value><![CDATA[header_863699]]></wp:meta_value>
		</wp:postmeta>
	</item>
	<item>
		<title>xmas-separator</title>
		<link>http://dummy.xtemos.com/woodmart/demos/christmas-maintenance/xmas-separator/</link>
		<pubDate>Mon, 23 Oct 2017 12:08:57 +0000</pubDate>
		<dc:creator><![CDATA[erwin]]></dc:creator>
		<guid isPermaLink="false">http://dummy.xtemos.com/woodmart/demos/wp-content/uploads/sites/2/2017/10/xmas-separator.png</guid>
		<description></description>
		<content:encoded><![CDATA[]]></content:encoded>
		<excerpt:encoded><![CDATA[]]></excerpt:encoded>
		<wp:post_id>1071</wp:post_id>
		<wp:post_date>2017-10-23 12:08:57</wp:post_date>
		<wp:post_date_gmt>2017-10-23 12:08:57</wp:post_date_gmt>
		<wp:comment_status>open</wp:comment_status>
		<wp:ping_status>closed</wp:ping_status>
		<wp:post_name>xmas-separator</wp:post_name>
		<wp:status>inherit</wp:status>
		<wp:post_parent>1070</wp:post_parent>
		<wp:menu_order>0</wp:menu_order>
		<wp:post_type>attachment</wp:post_type>
		<wp:post_password></wp:post_password>
		<wp:is_sticky>0</wp:is_sticky>
		<wp:attachment_url>http://dummy.xtemos.com/woodmart/demos/wp-content/uploads/sites/2/2017/10/xmas-separator.png</wp:attachment_url>
		<wp:postmeta>
			<wp:meta_key>_wp_attached_file</wp:meta_key>
			<wp:meta_value><![CDATA[2017/10/xmas-separator.png]]></wp:meta_value>
		</wp:postmeta>
	</item>
	<item>
		<title>xmas-welcome-img</title>
		<link>http://dummy.xtemos.com/woodmart/demos/home-christmas/xmas-welcome-img/</link>
		<pubDate>Mon, 23 Oct 2017 12:34:32 +0000</pubDate>
		<dc:creator><![CDATA[erwin]]></dc:creator>
		<guid isPermaLink="false">http://dummy.xtemos.com/woodmart/demos/wp-content/uploads/sites/2/2017/10/xmas-welcome-img.png</guid>
		<description></description>
		<content:encoded><![CDATA[]]></content:encoded>
		<excerpt:encoded><![CDATA[]]></excerpt:encoded>
		<wp:post_id>1075</wp:post_id>
		<wp:post_date>2017-10-23 12:34:32</wp:post_date>
		<wp:post_date_gmt>2017-10-23 12:34:32</wp:post_date_gmt>
		<wp:comment_status>open</wp:comment_status>
		<wp:ping_status>closed</wp:ping_status>
		<wp:post_name>xmas-welcome-img</wp:post_name>
		<wp:status>inherit</wp:status>
		<wp:post_parent>1068</wp:post_parent>
		<wp:menu_order>0</wp:menu_order>
		<wp:post_type>attachment</wp:post_type>
		<wp:post_password></wp:post_password>
		<wp:is_sticky>0</wp:is_sticky>
		<wp:attachment_url>http://dummy.xtemos.com/woodmart/demos/wp-content/uploads/sites/2/2017/10/xmas-welcome-img.png</wp:attachment_url>
		<wp:postmeta>
			<wp:meta_key>_wp_attached_file</wp:meta_key>
			<wp:meta_value><![CDATA[2017/10/xmas-welcome-img.png]]></wp:meta_value>
		</wp:postmeta>
	</item>
	<item>
		<title>timeline-santa-img-1</title>
		<link>http://dummy.xtemos.com/woodmart/demos/home-christmas/timeline-santa-img-1-2/</link>
		<pubDate>Mon, 23 Oct 2017 12:37:36 +0000</pubDate>
		<dc:creator><![CDATA[erwin]]></dc:creator>
		<guid isPermaLink="false">http://dummy.xtemos.com/woodmart/demos/wp-content/uploads/sites/2/2017/10/timeline-santa-img-1.png</guid>
		<description></description>
		<content:encoded><![CDATA[]]></content:encoded>
		<excerpt:encoded><![CDATA[]]></excerpt:encoded>
		<wp:post_id>1078</wp:post_id>
		<wp:post_date>2017-10-23 12:37:36</wp:post_date>
		<wp:post_date_gmt>2017-10-23 12:37:36</wp:post_date_gmt>
		<wp:comment_status>open</wp:comment_status>
		<wp:ping_status>closed</wp:ping_status>
		<wp:post_name>timeline-santa-img-1-2</wp:post_name>
		<wp:status>inherit</wp:status>
		<wp:post_parent>1068</wp:post_parent>
		<wp:menu_order>0</wp:menu_order>
		<wp:post_type>attachment</wp:post_type>
		<wp:post_password></wp:post_password>
		<wp:is_sticky>0</wp:is_sticky>
		<wp:attachment_url>http://dummy.xtemos.com/woodmart/demos/wp-content/uploads/sites/2/2017/10/timeline-santa-img-1.png</wp:attachment_url>
		<wp:postmeta>
			<wp:meta_key>_wp_attached_file</wp:meta_key>
			<wp:meta_value><![CDATA[2017/10/timeline-santa-img-1.png]]></wp:meta_value>
		</wp:postmeta>
	</item>
	<item>
		<title>xmas-baner-img-1-</title>
		<link>http://dummy.xtemos.com/woodmart/demos/home-christmas/xmas-baner-img-1/</link>
		<pubDate>Mon, 23 Oct 2017 12:43:04 +0000</pubDate>
		<dc:creator><![CDATA[erwin]]></dc:creator>
		<guid isPermaLink="false">http://dummy.xtemos.com/woodmart/demos/wp-content/uploads/sites/2/2017/10/xmas-baner-img-1-.jpg</guid>
		<description></description>
		<content:encoded><![CDATA[]]></content:encoded>
		<excerpt:encoded><![CDATA[]]></excerpt:encoded>
		<wp:post_id>1080</wp:post_id>
		<wp:post_date>2017-10-23 12:43:04</wp:post_date>
		<wp:post_date_gmt>2017-10-23 12:43:04</wp:post_date_gmt>
		<wp:comment_status>open</wp:comment_status>
		<wp:ping_status>closed</wp:ping_status>
		<wp:post_name>xmas-baner-img-1</wp:post_name>
		<wp:status>inherit</wp:status>
		<wp:post_parent>1068</wp:post_parent>
		<wp:menu_order>0</wp:menu_order>
		<wp:post_type>attachment</wp:post_type>
		<wp:post_password></wp:post_password>
		<wp:is_sticky>0</wp:is_sticky>
		<wp:attachment_url>http://dummy.xtemos.com/woodmart/demos/wp-content/uploads/sites/2/2017/10/xmas-baner-img-1-.jpg</wp:attachment_url>
		<wp:postmeta>
			<wp:meta_key>_wp_attached_file</wp:meta_key>
			<wp:meta_value><![CDATA[2017/10/xmas-baner-img-1-.jpg]]></wp:meta_value>
		</wp:postmeta>
	</item>
	<item>
		<title>Pre footer – christmas</title>
		<link>http://dummy.xtemos.com/woodmart/demos/?cms_block=pre-footer-christmas</link>
		<pubDate>Mon, 23 Oct 2017 13:04:30 +0000</pubDate>
		<dc:creator><![CDATA[erwin]]></dc:creator>
		<guid isPermaLink="false">http://dummy.xtemos.com/woodmart/demos/?post_type=cms_block&#038;p=1089</guid>
		<description></description>
		<content:encoded><![CDATA[[vc_section full_width="stretch_row" css=".vc_custom_1508763837792{margin-bottom: -40px !important;padding-top: 0px !important;padding-bottom: 6vh !important;background-image: url(http://dummy.xtemos.com/woodmart/demos/wp-content/uploads/sites/2/2017/06/xmas-footer-img-1.jpg?id=1092) !important;background-position: center !important;background-repeat: no-repeat !important;background-size: cover !important;}"][vc_row full_width="stretch_row_content" css=".vc_custom_1508225409418{margin-bottom: 5vh !important;}"][vc_column css=".vc_custom_1508223730784{padding-top: 0px !important;}"][woodmart_row_divider style="curved-line" color="#ecf2f7" custom_height="80px"][/vc_column][/vc_row][vc_row][vc_column width="1/2" woodmart_color_scheme="light" offset="vc_col-sm-offset-3"][vc_single_image image="1102" img_size="full" alignment="center" css=".vc_custom_1508768367531{margin-bottom: 15px !important;}"][woodmart_responsive_text_block font="text" size="custom" content_width="70" desktop_text_size="16" css=".vc_custom_1508740933872{margin-bottom: 15px !important;}"]Nulla himenaeosad adipiscing a fames augue qearas suspendisse vesti bulum augue consectetur facil arshac.[/woodmart_responsive_text_block][social_buttons size="small" style="colored"][vc_single_image image="1071" img_size="150x59" alignment="center" css=".vc_custom_1508763581696{margin-top: 15px !important;margin-bottom: 15px !important;}"][vc_column_text]
<p style="text-align: center"><small><a href="https://woodmart.xtemos.com/"><strong>WOODMART</strong></a> <i class="fa fa-copyright"></i> 2017 CREATED BY <a href="http://xtemos.com"><strong><span style="color: red;font-size: 12px">X</span>-TEMOS STUDIO</strong></a>.</small></p>
[/vc_column_text][/vc_column][/vc_row][/vc_section]]]></content:encoded>
		<excerpt:encoded><![CDATA[]]></excerpt:encoded>
		<wp:post_id>1089</wp:post_id>
		<wp:post_date>2017-10-23 13:04:30</wp:post_date>
		<wp:post_date_gmt>2017-10-23 13:04:30</wp:post_date_gmt>
		<wp:comment_status>closed</wp:comment_status>
		<wp:ping_status>closed</wp:ping_status>
		<wp:post_name>pre-footer-christmas</wp:post_name>
		<wp:status>publish</wp:status>
		<wp:post_parent>0</wp:post_parent>
		<wp:menu_order>0</wp:menu_order>
		<wp:post_type>cms_block</wp:post_type>
		<wp:post_password></wp:post_password>
		<wp:is_sticky>0</wp:is_sticky>
		<wp:postmeta>
			<wp:meta_key>_wpb_shortcodes_custom_css</wp:meta_key>
			<wp:meta_value><![CDATA[.vc_custom_1508763837792{margin-bottom: -40px !important;padding-top: 0px !important;padding-bottom: 6vh !important;background-image: url(http://dummy.xtemos.com/woodmart/demos/wp-content/uploads/sites/2/2017/06/xmas-footer-img-1.jpg?id=1092) !important;background-position: center !important;background-repeat: no-repeat !important;background-size: cover !important;}.vc_custom_1508225409418{margin-bottom: 5vh !important;}.vc_custom_1508223730784{padding-top: 0px !important;}.vc_custom_1508768367531{margin-bottom: 15px !important;}.vc_custom_1508740933872{margin-bottom: 15px !important;}.vc_custom_1508763581696{margin-top: 15px !important;margin-bottom: 15px !important;}]]></wp:meta_value>
		</wp:postmeta>
	</item>
	<item>
		<title>xmas-wood-logo</title>
		<link>http://dummy.xtemos.com/woodmart/demos/xmas-wood-logo-4/</link>
		<pubDate>Mon, 23 Oct 2017 14:20:16 +0000</pubDate>
		<dc:creator><![CDATA[erwin]]></dc:creator>
		<guid isPermaLink="false">http://dummy.xtemos.com/woodmart/demos/wp-content/uploads/sites/2/2017/06/xmas-wood-logo-2.png</guid>
		<description></description>
		<content:encoded><![CDATA[]]></content:encoded>
		<excerpt:encoded><![CDATA[]]></excerpt:encoded>
		<wp:post_id>1102</wp:post_id>
		<wp:post_date>2017-10-23 14:20:16</wp:post_date>
		<wp:post_date_gmt>2017-10-23 14:20:16</wp:post_date_gmt>
		<wp:comment_status>open</wp:comment_status>
		<wp:ping_status>closed</wp:ping_status>
		<wp:post_name>xmas-wood-logo-4</wp:post_name>
		<wp:status>inherit</wp:status>
		<wp:post_parent>0</wp:post_parent>
		<wp:menu_order>0</wp:menu_order>
		<wp:post_type>attachment</wp:post_type>
		<wp:post_password></wp:post_password>
		<wp:is_sticky>0</wp:is_sticky>
		<wp:attachment_url>http://dummy.xtemos.com/woodmart/demos/wp-content/uploads/sites/2/2017/06/xmas-wood-logo-2.png</wp:attachment_url>
		<wp:postmeta>
			<wp:meta_key>_wp_attached_file</wp:meta_key>
			<wp:meta_value><![CDATA[2017/06/xmas-wood-logo-2.png]]></wp:meta_value>
		</wp:postmeta>
	</item>
	<item>
		<title>xmas-bg.jpg</title>
		<link>http://dummy.xtemos.com/woodmart/demos/xmas-bg-jpg/</link>
		<pubDate>Mon, 23 Oct 2017 11:38:54 +0000</pubDate>
		<dc:creator><![CDATA[admin]]></dc:creator>
		<guid isPermaLink="false">http://dummy.xtemos.com/woodmart/demos/wp-content/uploads/sites/2/revslider/slider-christmas/xmas-bg.jpg</guid>
		<description></description>
		<content:encoded><![CDATA[]]></content:encoded>
		<excerpt:encoded><![CDATA[]]></excerpt:encoded>
		<wp:post_id>1061</wp:post_id>
		<wp:post_date>2017-10-23 11:38:54</wp:post_date>
		<wp:post_date_gmt>2017-10-23 11:38:54</wp:post_date_gmt>
		<wp:comment_status>closed</wp:comment_status>
		<wp:ping_status>closed</wp:ping_status>
		<wp:post_name>xmas-bg-jpg</wp:post_name>
		<wp:status>inherit</wp:status>
		<wp:post_parent>0</wp:post_parent>
		<wp:menu_order>0</wp:menu_order>
		<wp:post_type>attachment</wp:post_type>
		<wp:post_password></wp:post_password>
		<wp:is_sticky>0</wp:is_sticky>
		<wp:attachment_url>http://dummy.xtemos.com/woodmart/demos/wp-content/uploads/sites/2/revslider/slider-christmas/xmas-bg.jpg</wp:attachment_url>
		<wp:postmeta>
			<wp:meta_key>_wp_attached_file</wp:meta_key>
			<wp:meta_value><![CDATA[revslider/slider-christmas/xmas-bg.jpg]]></wp:meta_value>
		</wp:postmeta>
	</item>
	<item>
		<title>xmas-row-bg</title>
		<link>http://dummy.xtemos.com/woodmart/demos/home-christmas/xmas-row-bg/</link>
		<pubDate>Mon, 23 Oct 2017 12:52:22 +0000</pubDate>
		<dc:creator><![CDATA[erwin]]></dc:creator>
		<guid isPermaLink="false">http://dummy.xtemos.com/woodmart/demos/wp-content/uploads/sites/2/2017/10/xmas-row-bg.jpg</guid>
		<description></description>
		<content:encoded><![CDATA[]]></content:encoded>
		<excerpt:encoded><![CDATA[]]></excerpt:encoded>
		<wp:post_id>1086</wp:post_id>
		<wp:post_date>2017-10-23 12:52:22</wp:post_date>
		<wp:post_date_gmt>2017-10-23 12:52:22</wp:post_date_gmt>
		<wp:comment_status>open</wp:comment_status>
		<wp:ping_status>closed</wp:ping_status>
		<wp:post_name>xmas-row-bg</wp:post_name>
		<wp:status>inherit</wp:status>
		<wp:post_parent>1068</wp:post_parent>
		<wp:menu_order>0</wp:menu_order>
		<wp:post_type>attachment</wp:post_type>
		<wp:post_password></wp:post_password>
		<wp:is_sticky>0</wp:is_sticky>
		<wp:attachment_url>http://dummy.xtemos.com/woodmart/demos/wp-content/uploads/sites/2/2017/10/xmas-row-bg.jpg</wp:attachment_url>
		<wp:postmeta>
			<wp:meta_key>_wp_attached_file</wp:meta_key>
			<wp:meta_value><![CDATA[2017/10/xmas-row-bg.jpg]]></wp:meta_value>
		</wp:postmeta>
	</item>
	<item>
		<title>xmas-footer-img-1</title>
		<link>http://dummy.xtemos.com/woodmart/demos/xmas-footer-img-1/</link>
		<pubDate>Mon, 23 Oct 2017 13:05:30 +0000</pubDate>
		<dc:creator><![CDATA[erwin]]></dc:creator>
		<guid isPermaLink="false">http://dummy.xtemos.com/woodmart/demos/wp-content/uploads/sites/2/2017/06/xmas-footer-img-1.jpg</guid>
		<description></description>
		<content:encoded><![CDATA[]]></content:encoded>
		<excerpt:encoded><![CDATA[]]></excerpt:encoded>
		<wp:post_id>1092</wp:post_id>
		<wp:post_date>2017-10-23 13:05:30</wp:post_date>
		<wp:post_date_gmt>2017-10-23 13:05:30</wp:post_date_gmt>
		<wp:comment_status>open</wp:comment_status>
		<wp:ping_status>closed</wp:ping_status>
		<wp:post_name>xmas-footer-img-1</wp:post_name>
		<wp:status>inherit</wp:status>
		<wp:post_parent>0</wp:post_parent>
		<wp:menu_order>0</wp:menu_order>
		<wp:post_type>attachment</wp:post_type>
		<wp:post_password></wp:post_password>
		<wp:is_sticky>0</wp:is_sticky>
		<wp:attachment_url>http://dummy.xtemos.com/woodmart/demos/wp-content/uploads/sites/2/2017/06/xmas-footer-img-1.jpg</wp:attachment_url>
		<wp:postmeta>
			<wp:meta_key>_wp_attached_file</wp:meta_key>
			<wp:meta_value><![CDATA[2017/06/xmas-footer-img-1.jpg]]></wp:meta_value>
		</wp:postmeta>
	</item>
</channel>
</rss>
