<?xml version="1.0" encoding="UTF-8" ?>
<!-- This is a WordPress eXtended RSS file generated by WordPress as an export of your site. -->
<!-- It contains information about your site's posts, pages, comments, categories, and other content. -->
<!-- You may use this file to transfer that content from one site to another. -->
<!-- This file is not intended to serve as a complete backup of your site. -->

<!-- To import this information into a WordPress site follow these steps: -->
<!-- 1. Log in to that site as an administrator. -->
<!-- 2. Go to Tools: Import in the WordPress admin panel. -->
<!-- 3. Install the "WordPress" importer from the list. -->
<!-- 4. Activate & Run Importer. -->
<!-- 5. Upload this file using the form provided on that page. -->
<!-- 6. You will first be asked to map the authors in this export file to users -->
<!--    on the site. For each author, you may choose to map to an -->
<!--    existing user on the site or to create a new user. -->
<!-- 7. WordPress will then import each of the posts, pages, comments, categories, etc. -->
<!--    contained in this file into your site. -->

	<!-- generator="WordPress/5.4.2" created="2020-07-13 08:41" -->
<rss version="2.0"
	xmlns:excerpt="http://wordpress.org/export/1.2/excerpt/"
	xmlns:content="http://purl.org/rss/1.0/modules/content/"
	xmlns:wfw="http://wellformedweb.org/CommentAPI/"
	xmlns:dc="http://purl.org/dc/elements/1.1/"
	xmlns:wp="http://wordpress.org/export/1.2/"
>

<channel>
	<title>Woodmart dummy demos</title>
	<link>http://dummy.xtemos.com/woodmart-elementor/demos</link>
	<description>Just another Woodmart Dummy Content Sites site</description>
	<pubDate>Mon, 13 Jul 2020 08:41:27 +0000</pubDate>
	<language>en-US</language>
	<wp:wxr_version>1.2</wp:wxr_version>
	<wp:base_site_url>http://dummy.xtemos.com/woodmart-elementor/</wp:base_site_url>
	<wp:base_blog_url>http://dummy.xtemos.com/woodmart-elementor/demos</wp:base_blog_url>

		<wp:author><wp:author_id>2</wp:author_id><wp:author_login>erwin</wp:author_login><wp:author_email>ss@asas.as</wp:author_email><wp:author_display_name><![CDATA[erwin]]></wp:author_display_name><wp:author_first_name><![CDATA[]]></wp:author_first_name><wp:author_last_name><![CDATA[]]></wp:author_last_name></wp:author>

				
	<generator>https://wordpress.org/?v=5.4.2</generator>

		<item>
		<title>
				wood-gallery-placeholder-5		</title>
		<link>http://dummy.xtemos.com/woodmart-elementor/demos/home-base/wood-gallery-placeholder-5/</link>
		<pubDate>Wed, 14 Jun 2017 11:33:22 +0000</pubDate>
		<dc:creator><![CDATA[admin]]></dc:creator>
		<guid isPermaLink="false">http://dummy.xtemos.com/woodmart-elementor/demos/wp-content/uploads/sites/2/2017/06/wood-gallery-placeholder-5.jpg</guid>
		<description></description>
		<content:encoded><![CDATA[]]></content:encoded>
		<excerpt:encoded><![CDATA[]]></excerpt:encoded>
		<wp:post_id>77</wp:post_id>
		<wp:post_date>2017-06-14 11:33:22</wp:post_date>
		<wp:post_date_gmt>2017-06-14 11:33:22</wp:post_date_gmt>
		<wp:comment_status>open</wp:comment_status>
		<wp:ping_status>closed</wp:ping_status>
		<wp:post_name>wood-gallery-placeholder-5</wp:post_name>
		<wp:status>inherit</wp:status>
		<wp:post_parent>57</wp:post_parent>
		<wp:menu_order>0</wp:menu_order>
		<wp:post_type>attachment</wp:post_type>
		<wp:post_password></wp:post_password>
		<wp:is_sticky>0</wp:is_sticky>
						<wp:attachment_url>http://dummy.xtemos.com/woodmart-elementor/demos/wp-content/uploads/sites/2/2017/06/wood-gallery-placeholder-5.jpg</wp:attachment_url>
												<wp:postmeta>
			<wp:meta_key>_wp_attached_file</wp:meta_key>
			<wp:meta_value><![CDATA[2017/06/wood-gallery-placeholder-5.jpg]]></wp:meta_value>
		</wp:postmeta>
						</item>
					<item>
		<title>
				wood-gallery-placeholder-3		</title>
		<link>http://dummy.xtemos.com/woodmart-elementor/demos/home-base/wood-gallery-placeholder-3/</link>
		<pubDate>Wed, 14 Jun 2017 11:33:28 +0000</pubDate>
		<dc:creator><![CDATA[admin]]></dc:creator>
		<guid isPermaLink="false">http://dummy.xtemos.com/woodmart-elementor/demos/wp-content/uploads/sites/2/2017/06/wood-gallery-placeholder-3.jpg</guid>
		<description></description>
		<content:encoded><![CDATA[]]></content:encoded>
		<excerpt:encoded><![CDATA[]]></excerpt:encoded>
		<wp:post_id>80</wp:post_id>
		<wp:post_date>2017-06-14 11:33:28</wp:post_date>
		<wp:post_date_gmt>2017-06-14 11:33:28</wp:post_date_gmt>
		<wp:comment_status>open</wp:comment_status>
		<wp:ping_status>closed</wp:ping_status>
		<wp:post_name>wood-gallery-placeholder-3</wp:post_name>
		<wp:status>inherit</wp:status>
		<wp:post_parent>57</wp:post_parent>
		<wp:menu_order>0</wp:menu_order>
		<wp:post_type>attachment</wp:post_type>
		<wp:post_password></wp:post_password>
		<wp:is_sticky>0</wp:is_sticky>
						<wp:attachment_url>http://dummy.xtemos.com/woodmart-elementor/demos/wp-content/uploads/sites/2/2017/06/wood-gallery-placeholder-3.jpg</wp:attachment_url>
												<wp:postmeta>
			<wp:meta_key>_wp_attached_file</wp:meta_key>
			<wp:meta_value><![CDATA[2017/06/wood-gallery-placeholder-3.jpg]]></wp:meta_value>
		</wp:postmeta>
						</item>
					<item>
		<title>
				wood-gallery-placeholder-4		</title>
		<link>http://dummy.xtemos.com/woodmart-elementor/demos/home-base/wood-gallery-placeholder-4/</link>
		<pubDate>Wed, 14 Jun 2017 11:33:30 +0000</pubDate>
		<dc:creator><![CDATA[admin]]></dc:creator>
		<guid isPermaLink="false">http://dummy.xtemos.com/woodmart-elementor/demos/wp-content/uploads/sites/2/2017/06/wood-gallery-placeholder-4.jpg</guid>
		<description></description>
		<content:encoded><![CDATA[]]></content:encoded>
		<excerpt:encoded><![CDATA[]]></excerpt:encoded>
		<wp:post_id>81</wp:post_id>
		<wp:post_date>2017-06-14 11:33:30</wp:post_date>
		<wp:post_date_gmt>2017-06-14 11:33:30</wp:post_date_gmt>
		<wp:comment_status>open</wp:comment_status>
		<wp:ping_status>closed</wp:ping_status>
		<wp:post_name>wood-gallery-placeholder-4</wp:post_name>
		<wp:status>inherit</wp:status>
		<wp:post_parent>57</wp:post_parent>
		<wp:menu_order>0</wp:menu_order>
		<wp:post_type>attachment</wp:post_type>
		<wp:post_password></wp:post_password>
		<wp:is_sticky>0</wp:is_sticky>
						<wp:attachment_url>http://dummy.xtemos.com/woodmart-elementor/demos/wp-content/uploads/sites/2/2017/06/wood-gallery-placeholder-4.jpg</wp:attachment_url>
												<wp:postmeta>
			<wp:meta_key>_wp_attached_file</wp:meta_key>
			<wp:meta_value><![CDATA[2017/06/wood-gallery-placeholder-4.jpg]]></wp:meta_value>
		</wp:postmeta>
						</item>
					<item>
		<title>
				wood-portfolio-placeholder		</title>
		<link>http://dummy.xtemos.com/woodmart-elementor/demos/wood-portfolio-placeholder/</link>
		<pubDate>Wed, 14 Jun 2017 14:02:43 +0000</pubDate>
		<dc:creator><![CDATA[admin]]></dc:creator>
		<guid isPermaLink="false">http://dummy.xtemos.com/woodmart-elementor/demos/wp-content/uploads/sites/2/2017/06/wood-portfolio-placeholder.jpg</guid>
		<description></description>
		<content:encoded><![CDATA[]]></content:encoded>
		<excerpt:encoded><![CDATA[]]></excerpt:encoded>
		<wp:post_id>117</wp:post_id>
		<wp:post_date>2017-06-14 14:02:43</wp:post_date>
		<wp:post_date_gmt>2017-06-14 14:02:43</wp:post_date_gmt>
		<wp:comment_status>open</wp:comment_status>
		<wp:ping_status>closed</wp:ping_status>
		<wp:post_name>wood-portfolio-placeholder</wp:post_name>
		<wp:status>inherit</wp:status>
		<wp:post_parent>0</wp:post_parent>
		<wp:menu_order>0</wp:menu_order>
		<wp:post_type>attachment</wp:post_type>
		<wp:post_password></wp:post_password>
		<wp:is_sticky>0</wp:is_sticky>
						<wp:attachment_url>http://dummy.xtemos.com/woodmart-elementor/demos/wp-content/uploads/sites/2/2017/06/wood-portfolio-placeholder.jpg</wp:attachment_url>
												<wp:postmeta>
			<wp:meta_key>_wp_attached_file</wp:meta_key>
			<wp:meta_value><![CDATA[2017/06/wood-portfolio-placeholder.jpg]]></wp:meta_value>
		</wp:postmeta>
						</item>
					<item>
		<title>
				wood-testimonials-placeholder		</title>
		<link>http://dummy.xtemos.com/woodmart-elementor/demos/2017/06/16/the-big-design-wall-likes-pictures/wood-testimonials-placeholder/</link>
		<pubDate>Fri, 16 Jun 2017 07:53:52 +0000</pubDate>
		<dc:creator><![CDATA[admin]]></dc:creator>
		<guid isPermaLink="false">http://dummy.xtemos.com/woodmart-elementor/demos/wp-content/uploads/sites/2/2017/06/wood-testimonials-placeholder.jpg</guid>
		<description></description>
		<content:encoded><![CDATA[]]></content:encoded>
		<excerpt:encoded><![CDATA[]]></excerpt:encoded>
		<wp:post_id>229</wp:post_id>
		<wp:post_date>2017-06-16 07:53:52</wp:post_date>
		<wp:post_date_gmt>2017-06-16 07:53:52</wp:post_date_gmt>
		<wp:comment_status>open</wp:comment_status>
		<wp:ping_status>closed</wp:ping_status>
		<wp:post_name>wood-testimonials-placeholder</wp:post_name>
		<wp:status>inherit</wp:status>
		<wp:post_parent>226</wp:post_parent>
		<wp:menu_order>0</wp:menu_order>
		<wp:post_type>attachment</wp:post_type>
		<wp:post_password></wp:post_password>
		<wp:is_sticky>0</wp:is_sticky>
						<wp:attachment_url>http://dummy.xtemos.com/woodmart-elementor/demos/wp-content/uploads/sites/2/2017/06/wood-testimonials-placeholder.jpg</wp:attachment_url>
												<wp:postmeta>
			<wp:meta_key>_wp_attached_file</wp:meta_key>
			<wp:meta_value><![CDATA[2017/06/wood-testimonials-placeholder.jpg]]></wp:meta_value>
		</wp:postmeta>
						</item>
					<item>
		<title>
				Home electronics-2		</title>
		<link>http://dummy.xtemos.com/woodmart-elementor/demos/home-electronics-2/</link>
		<pubDate>Mon, 23 Apr 2018 07:58:55 +0000</pubDate>
		<dc:creator><![CDATA[erwin]]></dc:creator>
		<guid isPermaLink="false">http://dummy.xtemos.com/woodmart-elementor/demos/?page_id=1477</guid>
		<description></description>
		<content:encoded><![CDATA[<article id="post-90">
		<header>
							<figure>
						<a href="http://dummy.xtemos.com/woodmart-elementor/demos/2017/06/14/non-vestibulum-lacus-sociosqu/">
							<img width="1140" height="696" src="http://dummy.xtemos.com/woodmart-elementor/demos/wp-content/uploads/sites/2/2017/06/wood-blog-placeholder.jpg" alt="" />						</a>
				</figure>
					14				
					Jun				
				</header><!-- .entry-header -->
							<a href="http://dummy.xtemos.com/woodmart-elementor/demos/category/furniture/" rel="category tag">Furniture</a>
							<h3>
					<a href="http://dummy.xtemos.com/woodmart-elementor/demos/2017/06/14/non-vestibulum-lacus-sociosqu/" rel="bookmark">Non vestibulum lacus sociosqu</a>
				</h3>
								<ul>
										<li>June 14, 2017</li>
																<li>
															Posted by																						<img alt='author-avatar' src='http://2.gravatar.com/avatar/e2861dedf067ea2500566d0269cf9e64?s=32&#038;d=mm&#038;r=g' class='avatar avatar-32 photo' height='32' width='32' />														<a href="http://dummy.xtemos.com/woodmart-elementor/demos/author/admin/" rel="author">
									admin
							</a>
						</li>
																																																			<li>
														<a href="http://dummy.xtemos.com/woodmart-elementor/demos/2017/06/14/non-vestibulum-lacus-sociosqu/#respond">0 comments</a>						</li>
																						</ul>
						<!-- .entry-meta -->
									<a rel="nofollow noopener noreferrer" href="https://www.facebook.com/sharer/sharer.php?u=http://dummy.xtemos.com/woodmart-elementor/demos/2017/06/14/non-vestibulum-lacus-sociosqu/" target="_blank">
						<i></i>
						Facebook
					</a>
									<a rel="nofollow noopener noreferrer" href="https://twitter.com/share?url=http://dummy.xtemos.com/woodmart-elementor/demos/2017/06/14/non-vestibulum-lacus-sociosqu/" target="_blank">
						<i></i>
						Twitter
					</a>
									<a rel="nofollow noopener noreferrer" href="https://pinterest.com/pin/create/button/?url=http://dummy.xtemos.com/woodmart-elementor/demos/2017/06/14/non-vestibulum-lacus-sociosqu/&amp;media=http://dummy.xtemos.com/woodmart-elementor/demos/wp-content/uploads/sites/2/2017/06/wood-blog-placeholder.jpg&amp;description=Non+vestibulum+lacus+sociosqu" target="_blank">
						<i></i>
						Pinterest
					</a>
									<a rel="nofollow noopener noreferrer" href="https://www.linkedin.com/shareArticle?mini=true&amp;url=http://dummy.xtemos.com/woodmart-elementor/demos/2017/06/14/non-vestibulum-lacus-sociosqu/" target="_blank">
						<i></i>
						linkedin
					</a>
									<a rel="nofollow noopener noreferrer" href="https://telegram.me/share/url?url=http://dummy.xtemos.com/woodmart-elementor/demos/2017/06/14/non-vestibulum-lacus-sociosqu/" target="_blank">
						<i></i>
						Telegram
					</a>
					Ac haca ullamcorper donec ante habi tasse donec imperdiet eturpis varius per a augue magna hac. Nec hac et vestibulum duis a tincidunt ...<p><a href="http://dummy.xtemos.com/woodmart-elementor/demos/2017/06/14/non-vestibulum-lacus-sociosqu/">Continue reading</a></p>				<!-- .entry-content -->
</article><!-- #post -->
<article id="post-105">
		<header>
							<figure>
						<a href="http://dummy.xtemos.com/woodmart-elementor/demos/2017/06/14/green-interior-design-inspiration/">
							<img width="1140" height="696" src="http://dummy.xtemos.com/woodmart-elementor/demos/wp-content/uploads/sites/2/2017/06/wood-blog-placeholder.jpg" alt="" />						</a>
				</figure>
					14				
					Jun				
				</header><!-- .entry-header -->
							<a href="http://dummy.xtemos.com/woodmart-elementor/demos/category/design-trends/" rel="category tag">Design trends</a>
							<h3>
					<a href="http://dummy.xtemos.com/woodmart-elementor/demos/2017/06/14/green-interior-design-inspiration/" rel="bookmark">Green interior design inspiration</a>
				</h3>
								<ul>
										<li>June 14, 2017</li>
																<li>
															Posted by																						<img alt='author-avatar' src='http://2.gravatar.com/avatar/e2861dedf067ea2500566d0269cf9e64?s=32&#038;d=mm&#038;r=g' class='avatar avatar-32 photo' height='32' width='32' />														<a href="http://dummy.xtemos.com/woodmart-elementor/demos/author/admin/" rel="author">
									admin
							</a>
						</li>
																																																			<li>
														<a href="http://dummy.xtemos.com/woodmart-elementor/demos/2017/06/14/green-interior-design-inspiration/#respond">0 comments</a>						</li>
																						</ul>
						<!-- .entry-meta -->
									<a rel="nofollow noopener noreferrer" href="https://www.facebook.com/sharer/sharer.php?u=http://dummy.xtemos.com/woodmart-elementor/demos/2017/06/14/green-interior-design-inspiration/" target="_blank">
						<i></i>
						Facebook
					</a>
									<a rel="nofollow noopener noreferrer" href="https://twitter.com/share?url=http://dummy.xtemos.com/woodmart-elementor/demos/2017/06/14/green-interior-design-inspiration/" target="_blank">
						<i></i>
						Twitter
					</a>
									<a rel="nofollow noopener noreferrer" href="https://pinterest.com/pin/create/button/?url=http://dummy.xtemos.com/woodmart-elementor/demos/2017/06/14/green-interior-design-inspiration/&amp;media=http://dummy.xtemos.com/woodmart-elementor/demos/wp-content/uploads/sites/2/2017/06/wood-blog-placeholder.jpg&amp;description=Green+interior+design+inspiration" target="_blank">
						<i></i>
						Pinterest
					</a>
									<a rel="nofollow noopener noreferrer" href="https://www.linkedin.com/shareArticle?mini=true&amp;url=http://dummy.xtemos.com/woodmart-elementor/demos/2017/06/14/green-interior-design-inspiration/" target="_blank">
						<i></i>
						linkedin
					</a>
									<a rel="nofollow noopener noreferrer" href="https://telegram.me/share/url?url=http://dummy.xtemos.com/woodmart-elementor/demos/2017/06/14/green-interior-design-inspiration/" target="_blank">
						<i></i>
						Telegram
					</a>
					Vivamus enim sagittis aptent hac mi dui a per aptent suspendisse cras odio bibendum augue rhoncus laoreet dui praesent sodales sodales....<p><a href="http://dummy.xtemos.com/woodmart-elementor/demos/2017/06/14/green-interior-design-inspiration/">Continue reading</a></p>				<!-- .entry-content -->
</article><!-- #post -->
<article id="post-116">
		<header>
							<figure>
						<a href="http://dummy.xtemos.com/woodmart-elementor/demos/2017/06/14/minimalist-design-furniture-2016/">
							<img width="1140" height="696" src="http://dummy.xtemos.com/woodmart-elementor/demos/wp-content/uploads/sites/2/2017/06/wood-blog-placeholder.jpg" alt="" />						</a>
				</figure>
					14				
					Jun				
				</header><!-- .entry-header -->
							<a href="http://dummy.xtemos.com/woodmart-elementor/demos/category/furniture/" rel="category tag">Furniture</a>
							<h3>
					<a href="http://dummy.xtemos.com/woodmart-elementor/demos/2017/06/14/minimalist-design-furniture-2016/" rel="bookmark">Minimalist design furniture 2016</a>
				</h3>
								<ul>
										<li>June 14, 2017</li>
																<li>
															Posted by																						<img alt='author-avatar' src='http://2.gravatar.com/avatar/e2861dedf067ea2500566d0269cf9e64?s=32&#038;d=mm&#038;r=g' class='avatar avatar-32 photo' height='32' width='32' />														<a href="http://dummy.xtemos.com/woodmart-elementor/demos/author/admin/" rel="author">
									admin
							</a>
						</li>
																																																			<li>
														<a href="http://dummy.xtemos.com/woodmart-elementor/demos/2017/06/14/minimalist-design-furniture-2016/#respond">0 comments</a>						</li>
																						</ul>
						<!-- .entry-meta -->
									<a rel="nofollow noopener noreferrer" href="https://www.facebook.com/sharer/sharer.php?u=http://dummy.xtemos.com/woodmart-elementor/demos/2017/06/14/minimalist-design-furniture-2016/" target="_blank">
						<i></i>
						Facebook
					</a>
									<a rel="nofollow noopener noreferrer" href="https://twitter.com/share?url=http://dummy.xtemos.com/woodmart-elementor/demos/2017/06/14/minimalist-design-furniture-2016/" target="_blank">
						<i></i>
						Twitter
					</a>
									<a rel="nofollow noopener noreferrer" href="https://pinterest.com/pin/create/button/?url=http://dummy.xtemos.com/woodmart-elementor/demos/2017/06/14/minimalist-design-furniture-2016/&amp;media=http://dummy.xtemos.com/woodmart-elementor/demos/wp-content/uploads/sites/2/2017/06/wood-blog-placeholder.jpg&amp;description=Minimalist+design+furniture+2016" target="_blank">
						<i></i>
						Pinterest
					</a>
									<a rel="nofollow noopener noreferrer" href="https://www.linkedin.com/shareArticle?mini=true&amp;url=http://dummy.xtemos.com/woodmart-elementor/demos/2017/06/14/minimalist-design-furniture-2016/" target="_blank">
						<i></i>
						linkedin
					</a>
									<a rel="nofollow noopener noreferrer" href="https://telegram.me/share/url?url=http://dummy.xtemos.com/woodmart-elementor/demos/2017/06/14/minimalist-design-furniture-2016/" target="_blank">
						<i></i>
						Telegram
					</a>
					A taciti cras scelerisque scelerisque gravida natoque nulla vestibulum turpis primis adipiscing faucibus scelerisque adipiscing aliquet...<p><a href="http://dummy.xtemos.com/woodmart-elementor/demos/2017/06/14/minimalist-design-furniture-2016/">Continue reading</a></p>				<!-- .entry-content -->
</article><!-- #post -->
<article id="post-122">
		<header>
							<figure>
						<a href="http://dummy.xtemos.com/woodmart-elementor/demos/2017/06/14/reinterprets-the-classic-bookshelf/">
							<img width="1140" height="696" src="http://dummy.xtemos.com/woodmart-elementor/demos/wp-content/uploads/sites/2/2017/06/wood-blog-placeholder.jpg" alt="" />						</a>
				</figure>
					14				
					Jun				
				</header><!-- .entry-header -->
							<a href="http://dummy.xtemos.com/woodmart-elementor/demos/category/decoration/" rel="category tag">Decoration</a>
							<h3>
					<a href="http://dummy.xtemos.com/woodmart-elementor/demos/2017/06/14/reinterprets-the-classic-bookshelf/" rel="bookmark">Reinterprets the classic bookshelf</a>
				</h3>
								<ul>
										<li>June 14, 2017</li>
																<li>
															Posted by																						<img alt='author-avatar' src='http://2.gravatar.com/avatar/e2861dedf067ea2500566d0269cf9e64?s=32&#038;d=mm&#038;r=g' class='avatar avatar-32 photo' height='32' width='32' />														<a href="http://dummy.xtemos.com/woodmart-elementor/demos/author/admin/" rel="author">
									admin
							</a>
						</li>
																																																			<li>
														<a href="http://dummy.xtemos.com/woodmart-elementor/demos/2017/06/14/reinterprets-the-classic-bookshelf/#respond">0 comments</a>						</li>
																						</ul>
						<!-- .entry-meta -->
									<a rel="nofollow noopener noreferrer" href="https://www.facebook.com/sharer/sharer.php?u=http://dummy.xtemos.com/woodmart-elementor/demos/2017/06/14/reinterprets-the-classic-bookshelf/" target="_blank">
						<i></i>
						Facebook
					</a>
									<a rel="nofollow noopener noreferrer" href="https://twitter.com/share?url=http://dummy.xtemos.com/woodmart-elementor/demos/2017/06/14/reinterprets-the-classic-bookshelf/" target="_blank">
						<i></i>
						Twitter
					</a>
									<a rel="nofollow noopener noreferrer" href="https://pinterest.com/pin/create/button/?url=http://dummy.xtemos.com/woodmart-elementor/demos/2017/06/14/reinterprets-the-classic-bookshelf/&amp;media=http://dummy.xtemos.com/woodmart-elementor/demos/wp-content/uploads/sites/2/2017/06/wood-blog-placeholder.jpg&amp;description=Reinterprets+the+classic+bookshelf" target="_blank">
						<i></i>
						Pinterest
					</a>
									<a rel="nofollow noopener noreferrer" href="https://www.linkedin.com/shareArticle?mini=true&amp;url=http://dummy.xtemos.com/woodmart-elementor/demos/2017/06/14/reinterprets-the-classic-bookshelf/" target="_blank">
						<i></i>
						linkedin
					</a>
									<a rel="nofollow noopener noreferrer" href="https://telegram.me/share/url?url=http://dummy.xtemos.com/woodmart-elementor/demos/2017/06/14/reinterprets-the-classic-bookshelf/" target="_blank">
						<i></i>
						Telegram
					</a>
					Aliquet parturient scele risque scele risque nibh pretium parturient suspendisse platea sapien torquent feugiat parturient hac amet. Vo...<p><a href="http://dummy.xtemos.com/woodmart-elementor/demos/2017/06/14/reinterprets-the-classic-bookshelf/">Continue reading</a></p>				<!-- .entry-content -->
</article><!-- #post -->
				 <!-- end product-items -->
			 <!-- end #carousel-752 -->
							<a href="http://dummy.xtemos.com/woodmart-elementor/demos/shop/?filter_brand=magisso">
																	<img src="http://dummy.xtemos.com/woodmart-elementor/demos/wp-content/uploads/sites/2/2017/06/brand-Magisso.png" title="Magisso" alt="Magisso" />															</a>
							<a href="http://dummy.xtemos.com/woodmart-elementor/demos/shop/?filter_brand=louis-poulsen">
																	<img src="http://dummy.xtemos.com/woodmart-elementor/demos/wp-content/uploads/sites/2/2017/06/brand-Louis-Poulsen.png" title="Louis Poulsen" alt="Louis Poulsen" />															</a>
							<a href="http://dummy.xtemos.com/woodmart-elementor/demos/shop/?filter_brand=klober">
																	<img src="http://dummy.xtemos.com/woodmart-elementor/demos/wp-content/uploads/sites/2/2017/06/brand-klober.png" title="KLÖBER" alt="KLÖBER" />															</a>
							<a href="http://dummy.xtemos.com/woodmart-elementor/demos/shop/?filter_brand=joseph-joseph">
																	<img src="http://dummy.xtemos.com/woodmart-elementor/demos/wp-content/uploads/sites/2/2017/06/brand-Joseph-Joseph.png" title="Joseph Joseph" alt="Joseph Joseph" />															</a>
							<a href="http://dummy.xtemos.com/woodmart-elementor/demos/shop/?filter_brand=hay">
																	<img src="http://dummy.xtemos.com/woodmart-elementor/demos/wp-content/uploads/sites/2/2017/06/brand-hay.png" title="Hay" alt="Hay" />															</a>
							<a href="http://dummy.xtemos.com/woodmart-elementor/demos/shop/?filter_brand=flos">
																	<img src="http://dummy.xtemos.com/woodmart-elementor/demos/wp-content/uploads/sites/2/2017/06/brand-flos.png" title="Flos" alt="Flos" />															</a>
							<a href="http://dummy.xtemos.com/woodmart-elementor/demos/shop/?filter_brand=eva-solo">
																	<img src="http://dummy.xtemos.com/woodmart-elementor/demos/wp-content/uploads/sites/2/2017/06/brand-Eva-Solo.png" title="Eva Solo" alt="Eva Solo" />															</a>
							<a href="http://dummy.xtemos.com/woodmart-elementor/demos/shop/?filter_brand=alessi">
																	<img src="http://dummy.xtemos.com/woodmart-elementor/demos/wp-content/uploads/sites/2/2017/06/brand-alessi.png" title="Alessi" alt="Alessi" />															</a>
					JOIN OUR NEWSLETTER NOW				
				<h4>
					DO YOU LIKE THE THEME?<br />
SHARE WITH YOUR FRIENDS!				</h4>
			<!-- Mailchimp for WordPress v4.7.7 - https://wordpress.org/plugins/mailchimp-for-wp/ -->
<p>
	
</p>
<p>
	
</p>
<label>Leave this field empty if you're human: </label><!-- / Mailchimp for WordPress Plugin -->		
		<p style="text-align: center">Will be used in accordance with our <a href="#"><strong>Privacy Policy</strong></a></p>		
									<img src="http://dummy.xtemos.com/woodmart-elementor/demos/wp-content/uploads/sites/2/2017/06/wood-testimonials-placeholder.jpg">								
								Curabitur aliquet quam id dui posuere blandit. Nulla porttitor accumsan tincidunt. Curabitur aliquet quam id dui posuere blandit. Pellentesque in ipsum id orci porta dapibus. Cras ultricies ligula sed magna dictum porta.								
								<footer>
									Jim Wood
											Google Inc.										
																	</footer>
									<img src="http://dummy.xtemos.com/woodmart-elementor/demos/wp-content/uploads/sites/2/2017/06/wood-testimonials-placeholder.jpg">								
								Convallis arcu erat, accumsan id imperdiet et, porttitor at sem. Curabitur aliquet quam id dui posuere blandit. Vivamus suscipit tortor eget felis porttitor volutpat. Vivamus suscipit tortor eget felis porttitor volutpat.								
								<footer>
									Earlene Monna
											Google Inc.										
																	</footer>
									<img src="http://dummy.xtemos.com/woodmart-elementor/demos/wp-content/uploads/sites/2/2017/06/wood-testimonials-placeholder.jpg">								
								Mauris blandit aliquet elit, eget tincidunt nibh pulvinar a. Vestibulum ante ipsum primis in faucibus orci luctus et ultrices posuere cubilia Curae; Donec velit neque, auctor sit amet aliquam vel, ullamcorper sit.								
								<footer>
									Kathleen Crystal
											Google Inc.										
																	</footer>]]></content:encoded>
		<excerpt:encoded><![CDATA[]]></excerpt:encoded>
		<wp:post_id>1477</wp:post_id>
		<wp:post_date>2018-04-23 07:58:55</wp:post_date>
		<wp:post_date_gmt>2018-04-23 07:58:55</wp:post_date_gmt>
		<wp:comment_status>closed</wp:comment_status>
		<wp:ping_status>closed</wp:ping_status>
		<wp:post_name>home-electronics-2</wp:post_name>
		<wp:status>publish</wp:status>
		<wp:post_parent>0</wp:post_parent>
		<wp:menu_order>0</wp:menu_order>
		<wp:post_type>page</wp:post_type>
		<wp:post_password></wp:post_password>
		<wp:is_sticky>0</wp:is_sticky>
														<wp:postmeta>
			<wp:meta_key>_wp_page_template</wp:meta_key>
			<wp:meta_value><![CDATA[default]]></wp:meta_value>
		</wp:postmeta>
							<wp:postmeta>
			<wp:meta_key>_woodmart_whb_header</wp:meta_key>
			<wp:meta_value><![CDATA[header_675489]]></wp:meta_value>
		</wp:postmeta>
							<wp:postmeta>
			<wp:meta_key>_woodmart_main_layout</wp:meta_key>
			<wp:meta_value><![CDATA[full-width]]></wp:meta_value>
		</wp:postmeta>
							<wp:postmeta>
			<wp:meta_key>_woodmart_title_off</wp:meta_key>
			<wp:meta_value><![CDATA[on]]></wp:meta_value>
		</wp:postmeta>
							<wp:postmeta>
			<wp:meta_key>_woodmart_prefooter_off</wp:meta_key>
			<wp:meta_value><![CDATA[on]]></wp:meta_value>
		</wp:postmeta>
							<wp:postmeta>
			<wp:meta_key>_elementor_data</wp:meta_key>
			<wp:meta_value><![CDATA[[{"id":"5737616","elType":"section","settings":{"wd_section_stretch":"stretch-content","gap":"no","padding":{"unit":"px","top":"0","right":"0","bottom":"0","left":"0","isLinked":""}},"elements":[{"id":"6641840","elType":"column","settings":{"_column_size":"100","column_sticky_offset":"50","scroll_y":"-80"},"elements":[{"id":"1223651","elType":"widget","settings":{"shortcode":"[rev_slider alias=\"electronics-2\"][\/rev_slider]","revslidertitle":"electronics-2","scroll_y":"-80"},"elements":[],"widgetType":"slider_revolution"}],"isInner":""}],"isInner":""},{"id":"7523833","elType":"section","settings":{"wd_section_stretch":"stretch_row_content","margin":{"unit":"px","top":"0","right":"0","bottom":"70","left":"0","isLinked":""},"margin_tablet":{"unit":"px","top":"0","right":"0","bottom":"50","left":"0","isLinked":""},"margin_mobile":{"unit":"px","top":"0","right":"0","bottom":"40","left":"0","isLinked":""}},"elements":[{"id":"2745998","elType":"column","settings":{"_column_size":"100","column_sticky_offset":"50","scroll_y":"-80"},"elements":[{"id":"580149","elType":"widget","settings":{"spacing":"10","categories_design":"default","categories_with_shadow":"disable","columns":{"size":"6","unit":"px","sizes":[]},"number":"6","ids":[""],"scroll_y":"-80"},"elements":[],"widgetType":"wd_product_categories"}],"isInner":""}],"isInner":""},{"id":"8827618","elType":"section","settings":{"structure":"40","margin":{"unit":"px","top":"0","right":"0","bottom":"50","left":"0","isLinked":""},"margin_tablet":{"unit":"px","top":"0","right":"0","bottom":"60","left":"0","isLinked":""},"margin_mobile":{"unit":"px","top":"0","right":"0","bottom":"40","left":"0","isLinked":""}},"elements":[{"id":"5683953","elType":"column","settings":{"_column_size":"50","woodmart_text_align":"center","_inline_size_tablet":"50","_inline_size_mobile":"100","align":"center","column_sticky_offset":"50","scroll_y":"-80"},"elements":[{"id":"8757446","elType":"widget","settings":{"icon_type":"icon","alignment":"left","btn_text":"","image_size":"custom","subtitle":"","title":"FREE SHIPPING","btn_position":"hover","image":{"id":"1493","url":"#"},"image_alignment":"left","title_size":"small","info_box_inline":"yes","image_custom_dimension":{"width":"50","height":"50"},"content":"Fast and reliable delivery","icon_text":"53","_margin_tablet":{"unit":"px","top":"0","right":"0","bottom":"30","left":"0","isLinked":""},"_margin_mobile":{"unit":"px","top":"0","right":"0","bottom":"15","left":"0","isLinked":""},"scroll_y":"-80","_element_width":"auto"},"elements":[],"widgetType":"wd_infobox"}],"isInner":""},{"id":"2974841","elType":"column","settings":{"_column_size":"50","woodmart_text_align":"center","_inline_size_tablet":"50","_inline_size_mobile":"100","align":"center","column_sticky_offset":"50","scroll_y":"-80"},"elements":[{"id":"2628953","elType":"widget","settings":{"icon_type":"icon","alignment":"left","btn_text":"","image_size":"custom","subtitle":"","title":"50 DAYS RETURN","btn_position":"hover","image":{"id":"1493","url":"#"},"image_alignment":"left","title_size":"small","info_box_inline":"yes","image_custom_dimension":{"width":"50","height":"50"},"content":"Consumer protection program","icon_text":"53","_margin_tablet":{"unit":"px","top":"0","right":"0","bottom":"30","left":"0","isLinked":""},"_margin_mobile":{"unit":"px","top":"0","right":"0","bottom":"15","left":"0","isLinked":""},"scroll_y":"-80","_element_width":"auto"},"elements":[],"widgetType":"wd_infobox"}],"isInner":""},{"id":"3484226","elType":"column","settings":{"_column_size":"50","woodmart_text_align":"center","_inline_size_tablet":"50","_inline_size_mobile":"100","align":"center","column_sticky_offset":"50","scroll_y":"-80"},"elements":[{"id":"9931082","elType":"widget","settings":{"icon_type":"icon","alignment":"left","btn_text":"","image_size":"custom","subtitle":"","title":"24\/7 SUPPORT","btn_position":"hover","image":{"id":"1493","url":"#"},"image_alignment":"left","title_size":"small","info_box_inline":"yes","image_custom_dimension":{"width":"50","height":"50"},"content":"If you have any questions","icon_text":"53","_margin_mobile":{"unit":"px","top":"0","right":"0","bottom":"15","left":"0","isLinked":""},"scroll_y":"-80","_element_width":"auto"},"elements":[],"widgetType":"wd_infobox"}],"isInner":""},{"id":"3680488","elType":"column","settings":{"_column_size":"50","woodmart_text_align":"center","_inline_size_tablet":"50","_inline_size_mobile":"100","align":"center","column_sticky_offset":"50","scroll_y":"-80"},"elements":[{"id":"2398686","elType":"widget","settings":{"icon_type":"icon","alignment":"left","btn_text":"","image_size":"custom","subtitle":"","title":"BEST QUALITY","btn_position":"hover","image":{"id":"1493","url":"#"},"image_alignment":"left","title_size":"small","info_box_inline":"yes","image_custom_dimension":{"width":"50","height":"50"},"content":"Many years on the market","icon_text":"53","scroll_y":"-80","_element_width":"auto"},"elements":[],"widgetType":"wd_infobox"}],"isInner":""}],"isInner":""},{"id":"6397114","elType":"section","settings":{"margin":{"unit":"px","top":"0","right":"0","bottom":"80","left":"0","isLinked":""},"margin_tablet":{"unit":"px","top":"0","right":"0","bottom":"60","left":"0","isLinked":""},"margin_mobile":{"unit":"px","top":"0","right":"0","bottom":"80","left":"0","isLinked":""}},"elements":[{"id":"2492338","elType":"column","settings":{"_column_size":"100","column_sticky_offset":"50","scroll_y":"-80"},"elements":[{"id":"3812700","elType":"widget","settings":{"title":"OUR PRODUCTS","design":"alt","color":"#43b02a","tabs_items":[{"_id":"6701733","image_size":"custom","post_type":"ids","items_per_page":"8","pagination":"arrows","orderby":"post__in","title":"NEW","columns":{"size":"4","unit":"px","sizes":[]},"include":"","taxonomies":"","offset":"","query_type":"OR","order":"","meta_key":"","exclude":"","image":{"url":"","id":""},"image_custom_dimension":{"width":"","height":""}},{"_id":"9807004","image_size":"custom","items_per_page":"8","pagination":"arrows","orderby":"rand","title":"FEATURED","columns":{"size":"4","unit":"px","sizes":[]},"post_type":"product","include":"","taxonomies":"","offset":"","query_type":"OR","order":"","meta_key":"","exclude":"","image":{"url":"","id":""},"image_custom_dimension":{"width":"","height":""}},{"_id":"9664060","image_size":"custom","items_per_page":"8","pagination":"arrows","orderby":"title","title":"TOP RATED","columns":{"size":"4","unit":"px","sizes":[]},"post_type":"product","include":"","taxonomies":"","offset":"","query_type":"AND","order":"","meta_key":"","exclude":"","image":{"url":"","id":""},"image_custom_dimension":{"width":"","height":""}}],"scroll_y":"-80","items_per_page":"8","pagination":"arrows"},"elements":[],"widgetType":"wd_products_tabs"}],"isInner":""}],"isInner":""},{"id":"f8528ee","elType":"section","settings":{"structure":"32"},"elements":[{"id":"4619c2e","elType":"column","settings":{"_column_size":"50","_inline_size_tablet":"66.6","column_sticky_offset":"50","scroll_y":"-80"},"elements":[{"id":"7785855","elType":"widget","settings":{"align":"left","image_size":"custom","title":"NEW GAMING EXPERIENCE","subtitle":"Nintendo Switch","content":"","btn_text":"View More","btn_position":"static","hover":"zoom","woodmart_color_scheme":"dark","image_custom_dimension":{"width":"586","height":"280"},"image":{"id":"117","url":"#"},"title_size":"custom","title_typography_typography":"custom","btn_color":"primary","btn_style":"link","vertical_alignment":"bottom","width":{"size":"40","unit":"%"},"title_typography_font_size":{"size":"22","unit":"px"},"title_typography_font_size_tablet":{"size":"20","unit":"px"},"title_typography_font_size_mobile":{"size":"16","unit":"px"},"title_tablet_text_size":"20","title_mobile_text_size":"16","scroll_y":"-80"},"elements":[],"widgetType":"wd_banner"}],"isInner":""},{"id":"7683eb9","elType":"column","settings":{"_column_size":"25","_inline_size_tablet":"33.4","column_sticky_offset":"50","scroll_y":"-80"},"elements":[{"id":"7394132","elType":"widget","settings":{"align":"left","image_size":"custom","title":"COVER POWERBANK","subtitle":"iPhone Cover","content":"","btn_text":"","btn_position":"static","hover":"zoom","woodmart_color_scheme":"dark","image_custom_dimension":{"width":"283","height":"280"},"image":{"id":"117","url":"#"},"title_size":"custom","title_typography_typography":"custom","btn_color":"primary","btn_style":"link","vertical_alignment":"bottom","width":{"size":"40","unit":"%"},"title_typography_font_size":{"size":"22","unit":"px"},"title_typography_font_size_tablet":{"size":"20","unit":"px"},"title_typography_font_size_mobile":{"size":"16","unit":"px"},"title_tablet_text_size":"20","title_mobile_text_size":"16","scroll_y":"-80"},"elements":[],"widgetType":"wd_banner"}],"isInner":""},{"id":"1bd0805","elType":"column","settings":{"_column_size":"25","column_sticky_offset":"50","scroll_y":"-80","hide_tablet":"hidden-tablet"},"elements":[{"id":"4629048","elType":"widget","settings":{"align":"left","image_size":"custom","title":"FEEL THE \nTRUE SOUND","subtitle":"BeoPlay H4","content":"","btn_text":"","btn_position":"static","hover":"zoom","woodmart_color_scheme":"dark","image_custom_dimension":{"width":"283","height":"280"},"image":{"id":"117","url":"#"},"title_size":"custom","title_typography_typography":"custom","btn_color":"primary","btn_style":"link","vertical_alignment":"bottom","width":{"size":"100","unit":"%"},"title_typography_font_size":{"size":"22","unit":"px"},"title_typography_font_size_tablet":{"size":"20","unit":"px"},"title_typography_font_size_mobile":{"size":"16","unit":"px"},"title_tablet_text_size":"20","title_mobile_text_size":"16","width_mobile":{"unit":"%","size":"40","sizes":[]},"scroll_y":"-80"},"elements":[],"widgetType":"wd_banner"}],"isInner":""}],"isInner":""},{"id":"9718948","elType":"section","settings":{"content_position":"top","structure":"33","margin":{"unit":"px","top":"0","right":"0","bottom":"80","left":"0","isLinked":""},"margin_tablet":{"unit":"px","top":"0","right":"0","bottom":"60","left":"0","isLinked":""},"margin_mobile":{"unit":"px","top":"0","right":"0","bottom":"40","left":"0","isLinked":""}},"elements":[{"id":"1541889","elType":"column","settings":{"_column_size":"25","_inline_size_tablet":"33.4","_inline_size_mobile":"100","column_sticky_offset":"50","scroll_y":"-80"},"elements":[{"id":"6785984","elType":"widget","settings":{"align":"left","image_size":"custom","title":"HOME 3D \nSOUND","subtitle":"Smart House","content":"","btn_text":"","btn_position":"static","hover":"zoom","woodmart_color_scheme":"dark","image_custom_dimension":{"width":"283","height":"280"},"image":{"id":"117","url":"#"},"title_size":"custom","title_typography_typography":"custom","btn_color":"primary","btn_style":"link","vertical_alignment":"bottom","width":{"size":"50","unit":"%"},"title_typography_font_size":{"size":"22","unit":"px"},"title_typography_font_size_tablet":{"size":"20","unit":"px"},"title_typography_font_size_mobile":{"size":"16","unit":"px"},"title_tablet_text_size":"20","title_mobile_text_size":"16","width_tablet":{"unit":"%","size":"65","sizes":[]},"width_mobile":{"unit":"%","size":"50","sizes":[]},"scroll_y":"-80"},"elements":[],"widgetType":"wd_banner"}],"isInner":""},{"id":"9838866","elType":"column","settings":{"_column_size":"50","_inline_size_tablet":"66.6","_inline_size_mobile":"100","column_sticky_offset":"50","scroll_y":"-80"},"elements":[{"id":"9517719","elType":"widget","settings":{"align":"left","image_size":"custom","title":"FREEZ THE \nBEST MOMENTS","subtitle":"Your New Camera","content":"","btn_text":"View More","btn_position":"static","hover":"zoom","woodmart_color_scheme":"dark","image_custom_dimension":{"width":"586","height":"280"},"image":{"id":"117","url":"#"},"title_size":"custom","title_typography_typography":"custom","btn_color":"primary","btn_style":"link","vertical_alignment":"bottom","width":{"size":"40","unit":"%"},"title_typography_font_size":{"size":"22","unit":"px"},"title_typography_font_size_tablet":{"size":"20","unit":"px"},"title_typography_font_size_mobile":{"size":"16","unit":"px"},"title_tablet_text_size":"20","title_mobile_text_size":"16","width_mobile":{"unit":"%","size":"100","sizes":[]},"scroll_y":"-80"},"elements":[],"widgetType":"wd_banner"}],"isInner":""},{"id":"2709961","elType":"column","settings":{"_column_size":"25","_inline_size_tablet":"100","_inline_size_mobile":"100","hide_tablet":"hidden-tablet","column_sticky_offset":"50","scroll_y":"-80"},"elements":[{"id":"7051491","elType":"widget","settings":{"align":"left","image_size":"custom","title":"BLUETOOTH \nSPEAKER","subtitle":"SoundLink","content":"","btn_text":"","btn_position":"static","hover":"zoom","woodmart_color_scheme":"dark","image_custom_dimension":{"width":"283","height":"280"},"image":{"id":"117","url":"#"},"title_size":"custom","title_typography_typography":"custom","btn_color":"primary","btn_style":"link","vertical_alignment":"bottom","width":{"size":"60","unit":"%"},"title_typography_font_size":{"size":"22","unit":"px"},"title_typography_font_size_tablet":{"size":"20","unit":"px"},"title_typography_font_size_mobile":{"size":"16","unit":"px"},"title_tablet_text_size":"20","title_mobile_text_size":"16","scroll_y":"-80"},"elements":[],"widgetType":"wd_banner"}],"isInner":""}],"isInner":""},{"id":"6439953","elType":"section","settings":{"structure":"21","gap":"extended","margin":{"unit":"px","top":"0","right":"0","bottom":"65","left":"0","isLinked":""},"margin_tablet":{"unit":"px","top":"0","right":"0","bottom":"80","left":"0","isLinked":""},"margin_mobile":{"unit":"px","top":"0","right":"0","bottom":"80","left":"0","isLinked":""}},"elements":[{"id":"2076969","elType":"column","settings":{"_column_size":"33","_inline_size":"41.6","_inline_size_tablet":"100","_inline_size_mobile":"100","margin_tablet":{"unit":"px","top":"0","right":"0","bottom":"10","left":"0","isLinked":""},"column_sticky_offset":"50","scroll_y":"-80"},"elements":[{"id":"3125941","elType":"widget","settings":{"title":"","post_type":"ids","layout":"carousel","items_per_page":"2","product_hover":"quick","sale_countdown":"true","highlighted_products":"1","slides_per_view":{"size":"1","unit":"px","sizes":[]},"element_title":"Sale products","scroll_y":"-80"},"elements":[],"widgetType":"wd_products"}],"isInner":""},{"id":"7254131","elType":"column","settings":{"_column_size":"66","_inline_size":"58.065","_inline_size_tablet":"100","_inline_size_mobile":"100","margin":{"unit":"px","top":"20","right":"0","bottom":"0","left":"0","isLinked":""},"column_sticky_offset":"50","scroll_y":"-80"},"elements":[{"id":"3747463","elType":"widget","settings":{"title":"SPECIAL OFFERS","design":"alt","color":"#43b02a","tabs_items":[{"_id":"705614","image_size":"custom","post_type":"ids","items_per_page":"6","orderby":"post__in","title":"NEW","columns":{"size":"3","unit":"px","sizes":[]},"include":"","taxonomies":"","offset":"","query_type":"OR","order":"","meta_key":"","exclude":"","image":{"url":"","id":""},"image_custom_dimension":{"width":"","height":""}},{"_id":"5630829","image_size":"custom","items_per_page":"6","orderby":"rand","title":"FEATURED","columns":{"size":"3","unit":"px","sizes":[]},"post_type":"product","include":"","taxonomies":"","offset":"","query_type":"OR","order":"","meta_key":"","exclude":"","image":{"url":"","id":""},"image_custom_dimension":{"width":"","height":""}},{"_id":"1271135","image_size":"custom","items_per_page":"6","orderby":"title","title":"TOP SELLERS","columns":{"size":"3","unit":"px","sizes":[]},"post_type":"product","include":"","taxonomies":"","offset":"","query_type":"OR","order":"","meta_key":"","exclude":"","image":{"url":"","id":""},"image_custom_dimension":{"width":"","height":""}}],"scroll_y":"-80","columns":{"unit":"px","size":"3","sizes":[]},"items_per_page":"6"},"elements":[],"widgetType":"wd_products_tabs"}],"isInner":""}],"isInner":""},{"id":"0d83dff","elType":"section","settings":{"gap":"no","wd_section_stretch":"stretch-content","background_background":"classic","background_color":"#F8F8F8","padding":{"unit":"px","top":"0","right":"0","bottom":"0","left":"0","isLinked":""}},"elements":[{"id":"7c4be9e","elType":"column","settings":{"_column_size":"100","column_sticky_offset":"50","scroll_y":"-80"},"elements":[{"id":"4968212","elType":"widget","settings":{"ids_size":"custom","ids":[{"id":"117","url":""},{"id":"81","url":""},{"id":"80","url":""},{"id":"77","url":""}],"view":"carousel","spacing":"20","slides_per_view":{"size":"3","unit":"px","sizes":[]},"hide_pagination_control":"yes","hide_prev_next_buttons":"yes","wrap":"yes","center_mode":"yes","ids_custom_dimension":{"width":"620","height":"350"},"_margin_tablet":{"unit":"px","top":"0","right":"0","bottom":"30","left":"0","isLinked":""},"scroll_y":"-80"},"elements":[],"widgetType":"wd_images_gallery"},{"id":"71d23cf","elType":"section","settings":{"content_width":{"unit":"px","size":"1200","sizes":[]},"margin":{"unit":"px","top":"-350","right":"0","bottom":"80","left":"0","isLinked":""},"margin_tablet":{"unit":"px","top":"0","right":"0","bottom":"0","left":"0","isLinked":""},"z_index":"1","hide_tablet":"hidden-tablet","hide_mobile":"hidden-phone"},"elements":[{"id":"a90c042","elType":"column","settings":{"_column_size":"100","column_sticky_offset":"50","scroll_y":"-80"},"elements":[{"id":"6589645","elType":"widget","settings":{"align":"center","image_size":"full","image":{"id":"1487","url":"#"},"image_custom_dimension":[],"scroll_x":"0","scroll_y":"80","scroll_z":"0","scroll_smooth":"50","parallax_scroll":"yes","_z_index":"0","element_parallax":"parallax-on-scroll"},"elements":[],"widgetType":"image"}],"isInner":"1"}],"isInner":"1"}],"isInner":""}],"isInner":""},{"id":"1473931","elType":"section","settings":{"equal_height":"yes","row_reverse_mobile":"1","row_reverse_tablet":"1","woodmart_parallax":"0","woodmart_gradient_switch":"no","woodmart_disable_overflow":"0","structure":"20","gap":"extended","wd_section_stretch":"stretch","background_background":"classic","background_color":"#F8F8F8","margin":{"unit":"px","top":"0","right":"0","bottom":"80","left":"0","isLinked":""},"margin_mobile":{"unit":"px","top":"0","right":"0","bottom":"45","left":"0","isLinked":""},"padding":{"unit":"px","top":"0","right":"15","bottom":"65","left":"15","isLinked":""},"reverse_order_tablet":"reverse-tablet","reverse_order_mobile":"reverse-mobile"},"elements":[{"id":"6802405","elType":"column","settings":{"_column_size":"75","_inline_size_tablet":"100","_inline_size_mobile":"100","woodmart_parallax":"0","parallax_scroll":"no","column_sticky_offset":"50","scroll_y":"-80"},"elements":[{"id":"9577279","elType":"widget","settings":{"subtitle":"","after_title":"","image_size":"custom","size":"custom","align":"left","title":"TECHNICAL SPECIFICATIONS","desktop_text_size":"30","tablet_text_size":"24","mobile_text_size":"22","title_typography_typography":"custom","title_typography_font_size":{"unit":"px","size":"30","sizes":[]},"title_typography_font_size_tablet":{"unit":"px","size":"24","sizes":[]},"title_typography_font_size_mobile":{"unit":"px","size":"22","sizes":[]},"_margin":{"unit":"px","top":"0","right":"0","bottom":"25","left":"0","isLinked":""},"scroll_y":"-80"},"elements":[],"widgetType":"wd_title"},{"id":"3911244","elType":"section","settings":{"content_position":"top","structure":"30","gap":"extended"},"elements":[{"id":"4488576","elType":"column","settings":{"_column_size":"33","column_sticky_offset":"50","scroll_y":"-80"},"elements":[{"id":"2359413","elType":"widget","settings":{"icon_type":"icon","alignment":"left","btn_text":"","image_size":"custom","subtitle":"","title":"DISPLAY SIZE","btn_position":"hover","image":{"id":"1493","url":"#"},"image_alignment":"left","title_size":"small","image_custom_dimension":{"width":"50","height":"50"},"content":"Capacitive touch screen \/ 6.2 inch LCD \/ 1280x720 resolution","icon_text":"53","_margin":{"unit":"px","top":"0","right":"0","bottom":"40","left":"0","isLinked":""},"_margin_mobile":{"unit":"px","top":"0","right":"0","bottom":"40","left":"0","isLinked":""},"scroll_y":"-80"},"elements":[],"widgetType":"wd_infobox"},{"id":"2790461","elType":"widget","settings":{"icon_type":"icon","alignment":"left","btn_text":"","image_size":"custom","subtitle":"","title":"INTERNAL BATTERY","btn_position":"hover","image":{"id":"1493","url":"#"},"image_alignment":"left","title_size":"small","image_custom_dimension":{"width":"50","height":"50"},"content":"Lithium-ion battery \/ battery capacity 4310mA","icon_text":"53","_margin_mobile":{"unit":"px","top":"0","right":"0","bottom":"40","left":"0","isLinked":""},"scroll_y":"-80"},"elements":[],"widgetType":"wd_infobox"}],"isInner":"1"},{"id":"6557969","elType":"column","settings":{"_column_size":"33","column_sticky_offset":"50","scroll_y":"-80"},"elements":[{"id":"4339562","elType":"widget","settings":{"icon_type":"icon","alignment":"left","btn_text":"","image_size":"custom","subtitle":"","title":"CPU\/GPU","btn_position":"hover","image":{"id":"1493","url":"#"},"image_alignment":"left","title_size":"small","image_custom_dimension":{"width":"50","height":"50"},"content":"NVIDIA customised Tegra processor","icon_text":"53","_margin":{"unit":"px","top":"0","right":"0","bottom":"40","left":"0","isLinked":""},"_margin_mobile":{"unit":"px","top":"0","right":"0","bottom":"40","left":"0","isLinked":""},"scroll_y":"-80"},"elements":[],"widgetType":"wd_infobox"},{"id":"9249401","elType":"widget","settings":{"icon_type":"icon","alignment":"left","btn_text":"","image_size":"custom","subtitle":"","title":"NINTENDO DOCK","btn_position":"hover","image":{"id":"1493","url":"#"},"image_alignment":"left","title_size":"small","image_custom_dimension":{"width":"50","height":"50"},"content":"Dock used for charging and connecting to TV","icon_text":"53","_margin_mobile":{"unit":"px","top":"0","right":"0","bottom":"40","left":"0","isLinked":""},"scroll_y":"-80"},"elements":[],"widgetType":"wd_infobox"}],"isInner":""},{"id":"9906384","elType":"column","settings":{"_column_size":"33","column_sticky_offset":"50","scroll_y":"-80"},"elements":[{"id":"5156969","elType":"widget","settings":{"icon_type":"icon","alignment":"left","btn_text":"","image_size":"custom","subtitle":"","title":"USB TERMINAL","btn_position":"hover","image":{"id":"1493","url":"#"},"image_alignment":"left","title_size":"small","image_custom_dimension":{"width":"50","height":"50"},"content":"USB Type-C terminal for charging or connecting to dock","icon_text":"53","_margin":{"unit":"px","top":"0","right":"0","bottom":"40","left":"0","isLinked":""},"_margin_mobile":{"unit":"px","top":"0","right":"0","bottom":"40","left":"0","isLinked":""},"scroll_y":"-80"},"elements":[],"widgetType":"wd_infobox"},{"id":"4926269","elType":"widget","settings":{"icon_type":"icon","alignment":"left","btn_text":"","image_size":"custom","subtitle":"","title":"TV CONNECTION","btn_position":"hover","image":{"id":"1493","url":"#"},"image_alignment":"left","title_size":"small","image_custom_dimension":{"width":"50","height":"50"},"content":"HDMI Out Maximum resolution: 1920x1080, 60 fps","icon_text":"53","scroll_y":"-80"},"elements":[],"widgetType":"wd_infobox"}],"isInner":""}],"isInner":"1"}],"isInner":""},{"id":"9637772","elType":"column","settings":{"_column_size":"25","border_width":{"top":"0","left":"1","right":"0","bottom":"0","unit":"px","isLinked":""},"border_border":"solid","border_color":"#e5e5e5","_inline_size_tablet":"100","_inline_size_mobile":"100","woodmart_parallax":"0","parallax_scroll":"no","margin_tablet":{"unit":"px","top":"0","right":"0","bottom":"45","left":"0","isLinked":""},"margin_mobile":{"unit":"px","top":"0","right":"0","bottom":"30","left":"0","isLinked":""},"column_sticky_offset":"50","scroll_y":"-80"},"elements":[{"id":"5279190","elType":"widget","settings":{"icon_type":"icon","btn_text":"Purchase Now","image_size":"custom","subtitle":"","title":"","image":{"id":"117","url":"#"},"btn_color":"primary","btn_style":"round","image_custom_dimension":{"width":"205","height":"217"},"el_class":"text-larger","content":"Available\u00a0now <strong><span class=\"color-primary\" style=\"margin-left: 5px\">$299.99<\/span><\/strong>","icon_text":"53","scroll_y":"-80"},"elements":[],"widgetType":"wd_infobox"}],"isInner":""}],"isInner":""},{"id":"2469145","elType":"section","settings":{"structure":"21","gap":"extended","margin":{"unit":"px","top":"0","right":"0","bottom":"65","left":"0","isLinked":""},"margin_tablet":{"unit":"px","top":"0","right":"0","bottom":"80","left":"0","isLinked":""},"margin_mobile":{"unit":"px","top":"0","right":"0","bottom":"80","left":"0","isLinked":""}},"elements":[{"id":"9938316","elType":"column","settings":{"_column_size":"33","_inline_size_tablet":"100","_inline_size_mobile":"100","margin_tablet":{"unit":"px","top":"0","right":"0","bottom":"50","left":"0","isLinked":""},"column_sticky_offset":"50","scroll_y":"-80"},"elements":[{"id":"6958204","elType":"widget","settings":{"align":"left","image_size":"custom","title":"GRAY\nHEADSET","subtitle":"Waterproof","content":"","btn_text":"VIEW MORE","btn_position":"static","hover":"zoom","woodmart_color_scheme":"dark","image_custom_dimension":{"width":"384","height":"240"},"image":{"id":"117","url":"#"},"title_size":"custom","title_typography_typography":"custom","btn_color":"primary","btn_style":"link","vertical_alignment":"middle","width":{"size":"50","unit":"%"},"title_typography_font_size":{"size":"22","unit":"px"},"title_typography_font_size_tablet":{"size":"20","unit":"px"},"title_typography_font_size_mobile":{"size":"16","unit":"px"},"title_tablet_text_size":"20","title_mobile_text_size":"16","scroll_y":"-80"},"elements":[],"widgetType":"wd_banner"},{"id":"3088257","elType":"widget","settings":{"align":"left","image_size":"custom","title":"APPLE SMART\nWATCH","subtitle":"Series 3","content":"","btn_text":"VIEW MORE","btn_position":"static","hover":"zoom","woodmart_color_scheme":"dark","image_custom_dimension":{"width":"384","height":"240"},"image":{"id":"117","url":"#"},"title_size":"custom","title_typography_typography":"custom","btn_color":"primary","btn_style":"link","vertical_alignment":"middle","width":{"size":"60","unit":"%"},"title_typography_font_size":{"size":"22","unit":"px"},"title_typography_font_size_tablet":{"size":"20","unit":"px"},"title_typography_font_size_mobile":{"size":"16","unit":"px"},"title_tablet_text_size":"20","title_mobile_text_size":"16","scroll_y":"-80"},"elements":[],"widgetType":"wd_banner"},{"id":"7168798","elType":"widget","settings":{"align":"left","image_size":"custom","title":"LAPTOP BLUE\nMOUSE","subtitle":"Arc Mouse","content":"","btn_text":"VIEW MORE","btn_position":"static","hover":"zoom","woodmart_color_scheme":"dark","image_custom_dimension":{"width":"384","height":"240"},"image":{"id":"117","url":"#"},"title_size":"custom","title_typography_typography":"custom","btn_color":"primary","btn_style":"link","vertical_alignment":"middle","width":{"size":"60","unit":"%"},"title_typography_font_size":{"size":"22","unit":"px"},"title_typography_font_size_tablet":{"size":"20","unit":"px"},"title_typography_font_size_mobile":{"size":"16","unit":"px"},"title_tablet_text_size":"20","title_mobile_text_size":"16","scroll_y":"-80"},"elements":[],"widgetType":"wd_banner"}],"isInner":""},{"id":"4709809","elType":"column","settings":{"_column_size":"66","_inline_size_tablet":"100","_inline_size_mobile":"100","column_sticky_offset":"50","scroll_y":"-80"},"elements":[{"id":"4495146","elType":"widget","settings":{"title":"ACCESSORIES","design":"alt","color":"#43b02a","tabs_items":[{"_id":"7632582","image_size":"custom","post_type":"ids","items_per_page":"6","orderby":"post__in","title":"NEW","columns":{"size":"3","unit":"px","sizes":[]},"include":"","taxonomies":"","offset":"","query_type":"OR","order":"","meta_key":"","exclude":"","image":{"url":"","id":""},"image_custom_dimension":{"width":"","height":""}},{"_id":"5715578","image_size":"custom","items_per_page":"6","orderby":"rand","title":"FEATURED","columns":{"size":"3","unit":"px","sizes":[]},"post_type":"product","include":"","taxonomies":"","offset":"","query_type":"OR","order":"","meta_key":"","exclude":"","image":{"url":"","id":""},"image_custom_dimension":{"width":"","height":""}},{"_id":"9334430","image_size":"custom","items_per_page":"6","orderby":"rand","title":"TOP SELLERS","columns":{"size":"3","unit":"px","sizes":[]},"post_type":"product","include":"","taxonomies":"","offset":"","query_type":"OR","order":"","meta_key":"","exclude":"","image":{"url":"","id":""},"image_custom_dimension":{"width":"","height":""}}],"scroll_y":"-80","columns":{"unit":"px","size":"3","sizes":[]},"items_per_page":"6"},"elements":[],"widgetType":"wd_products_tabs"}],"isInner":""}],"isInner":""},{"id":"1469629","elType":"section","settings":{"structure":"40","gap":"extended","margin":{"unit":"px","top":"0","right":"0","bottom":"65","left":"0","isLinked":""},"margin_tablet":{"unit":"px","top":"0","right":"0","bottom":"60","left":"0","isLinked":""},"margin_mobile":{"unit":"px","top":"0","right":"0","bottom":"40","left":"0","isLinked":""}},"elements":[{"id":"8947181","elType":"column","settings":{"_column_size":"25","_inline_size_tablet":"50","_inline_size_mobile":"100","column_sticky_offset":"50","scroll_y":"-80"},"elements":[{"id":"1524061","elType":"widget","settings":{"title":"NEW PRODUCTS","scroll_y":"-80"},"elements":[],"widgetType":"wd_products_widget"}],"isInner":""},{"id":"5351428","elType":"column","settings":{"_column_size":"25","_inline_size_tablet":"50","_inline_size_mobile":"100","column_sticky_offset":"50","scroll_y":"-80"},"elements":[{"id":"8776907","elType":"widget","settings":{"title":"NEW PRODUCTS","scroll_y":"-80"},"elements":[],"widgetType":"wd_products_widget"}],"isInner":""},{"id":"4905345","elType":"column","settings":{"_column_size":"25","_inline_size_tablet":"50","_inline_size_mobile":"100","column_sticky_offset":"50","scroll_y":"-80"},"elements":[{"id":"1360259","elType":"widget","settings":{"title":"NEW PRODUCTS","scroll_y":"-80"},"elements":[],"widgetType":"wd_products_widget"}],"isInner":""},{"id":"5287201","elType":"column","settings":{"_column_size":"25","_inline_size_tablet":"50","_inline_size_mobile":"100","column_sticky_offset":"50","scroll_y":"-80"},"elements":[{"id":"6253278","elType":"widget","settings":{"title":"NEW PRODUCTS","scroll_y":"-80"},"elements":[],"widgetType":"wd_products_widget"}],"isInner":""}],"isInner":""},{"id":"74fb452","elType":"section","settings":{"margin":{"unit":"px","top":"0","right":"0","bottom":"40","left":"0","isLinked":""},"margin_tablet":{"unit":"px","top":"0","right":"0","bottom":"45","left":"0","isLinked":""},"margin_mobile":{"unit":"px","top":"0","right":"0","bottom":"40","left":"0","isLinked":""}},"elements":[{"id":"dd93f19","elType":"column","settings":{"_column_size":"100","align":"space-between","column_sticky_offset":"50","scroll_y":"-80"},"elements":[{"id":"9169190","elType":"widget","settings":{"subtitle":"","after_title":"","image_size":"custom","size":"custom","align":"left","title":"OUR LATEST ARTICLES","desktop_text_size":"30","tablet_text_size":"24","mobile_text_size":"22","title_typography_typography":"custom","title_typography_font_size":{"unit":"px","size":"30","sizes":[]},"title_typography_font_size_tablet":{"unit":"px","size":"24","sizes":[]},"_margin":{"unit":"px","top":"0","right":"0","bottom":"10","left":"0","isLinked":""},"scroll_y":"-80","_element_width":"auto"},"elements":[],"widgetType":"wd_title"},{"id":"8266098","elType":"widget","settings":{"color":"primary","size":"extra-large","style":"link","align":"right","text":"MORE ARTICLES","scroll_y":"-80","_element_width":"auto","hide_mobile":"hidden-phone"},"elements":[],"widgetType":"wd_button"},{"id":"9539530","elType":"widget","settings":{"blog_spacing":"20","items_per_page":"4","blog_design":"carousel","order":"ASC","slides_per_view":{"size":"3","unit":"px","sizes":[]},"hide_pagination_control":"yes","img_size":"full","scroll_y":"-80"},"elements":[],"widgetType":"wd_blog"}],"isInner":""}],"isInner":""},{"id":"1615478","elType":"section","settings":{"margin":{"unit":"px","top":"0","right":"0","bottom":"40","left":"0","isLinked":""},"margin_tablet":{"unit":"px","top":"0","right":"0","bottom":"60","left":"0","isLinked":""},"margin_mobile":{"unit":"px","top":"0","right":"0","bottom":"30","left":"0","isLinked":""}},"elements":[{"id":"4625202","elType":"column","settings":{"_column_size":"100","column_sticky_offset":"50","scroll_y":"-80"},"elements":[{"id":"8891638","elType":"widget","settings":{"hover":"alt","slides_per_view":{"size":"6","unit":"px","sizes":[]},"hide_pagination_control":"yes","scroll_y":"-80"},"elements":[],"widgetType":"wd_products_brands"}],"isInner":""}],"isInner":""},{"id":"9894339","elType":"section","settings":{"content_position":"middle","background_background":"classic","background_color":"#ffffff","wd_section_stretch":"stretch","background_image":{"url":"http:\/\/dummy.xtemos.com\/woodmart-elementor\/demos\/wp-content\/uploads\/sites\/2\/2018\/04\/white-electronics-newslatter-bg-dummy.jpg","id":"1496"},"margin":{"unit":"px","top":"0","right":"0","bottom":"-40","left":"0","isLinked":""},"padding":{"unit":"px","top":"70","right":"15","bottom":"70","left":"15","isLinked":""},"padding_tablet":{"unit":"px","top":"70","right":"0","bottom":"70","left":"0","isLinked":""},"padding_mobile":{"unit":"px","top":"50","right":"0","bottom":"50","left":"0","isLinked":""}},"elements":[{"id":"5443715","elType":"column","settings":{"_column_size":"100","_inline_size_tablet":"100","_inline_size_mobile":"100","column_sticky_offset":"50","scroll_y":"-80"},"elements":[{"id":"4f761f4","elType":"section","settings":{"structure":"20","background_background":"classic","background_color":"#FFFFFF","margin":{"unit":"px","top":"0","right":"0","bottom":"0","left":"0","isLinked":""},"padding":{"unit":"px","top":"50","right":"0","bottom":"50","left":"0","isLinked":""},"padding_tablet":{"unit":"px","top":"60","right":"0","bottom":"60","left":"0","isLinked":""},"padding_mobile":{"unit":"px","top":"30","right":"10","bottom":"30","left":"10","isLinked":""}},"elements":[{"id":"43904e3","elType":"column","settings":{"_column_size":"50","_inline_size_tablet":"100","border_border":"solid","border_width":{"unit":"px","top":"0","right":"1","bottom":"0","left":"0","isLinked":""},"border_width_tablet":{"unit":"px","top":"0","right":"0","bottom":"0","left":"0","isLinked":""},"border_color":"#EAEAEA","margin_tablet":{"unit":"px","top":"0","right":"0","bottom":"20","left":"0","isLinked":""},"column_sticky_offset":"50","scroll_y":"-80"},"elements":[{"id":"421448","elType":"widget","settings":{"subtitle":"JOIN OUR NEWSLETTER NOW","after_title":"","image_size":"custom","size":"custom","title":"DO YOU LIKE THE THEME?\nSHARE WITH YOUR FRIENDS!","desktop_text_size":"30","tablet_text_size":"24","mobile_text_size":"22","subtitle_color":"#989898","title_typography_typography":"custom","title_typography_font_size":{"unit":"px","size":"30","sizes":[]},"title_typography_font_size_tablet":{"unit":"px","size":"24","sizes":[]},"title_typography_font_size_mobile":{"unit":"px","size":"22","sizes":[]},"title_typography_line_height":{"unit":"px","size":"40","sizes":[]},"title_typography_line_height_tablet":{"unit":"px","size":"34","sizes":[]},"title_typography_line_height_mobile":{"unit":"px","size":"32","sizes":[]},"_margin":{"unit":"px","top":"0","right":"0","bottom":"10","left":"0","isLinked":""},"scroll_y":"-80"},"elements":[],"widgetType":"wd_title"},{"id":"861dd49","elType":"widget","settings":{"form_id":"74","content_width":{"unit":"px","size":"380","sizes":[]},"content_width_mobile":{"unit":"%","size":"90","sizes":[]},"_margin":{"unit":"px","top":"0","right":"0","bottom":"10","left":"0","isLinked":""},"scroll_y":"-80"},"elements":[],"widgetType":"wd_mailchimp"},{"id":"5770992","elType":"widget","settings":{"typography_typography":"custom","align":"left","editor":"<p style=\"text-align: center\">Will be used in accordance with our <a href=\"#\"><strong>Privacy Policy<\/strong><\/a><\/p>","scroll_y":"-80"},"elements":[],"widgetType":"text-editor"}],"isInner":"1"},{"id":"1631120","elType":"column","settings":{"_column_size":"50","_inline_size_tablet":"100","padding":{"unit":"%","top":"0","right":"8","bottom":"0","left":"8","isLinked":""},"padding_tablet":{"unit":"%","top":"0","right":"6","bottom":"0","left":"6","isLinked":""},"column_sticky_offset":"50","scroll_y":"-80"},"elements":[{"id":"7980900","elType":"widget","settings":{"stars_rating":"no","slides_per_view":{"size":"1","unit":"px","sizes":[]},"hide_pagination_control":"yes","items_repeater":[{"_id":"6434693","image":{"id":"229","url":""},"name":"Jim Wood","title":"Google Inc.","img_size":"100x100","content":"Curabitur aliquet quam id dui posuere blandit. Nulla porttitor accumsan tincidunt. Curabitur aliquet quam id dui posuere blandit. Pellentesque in ipsum id orci porta dapibus. Cras ultricies ligula sed magna dictum porta.","image_size":"thumbnail","image_custom_dimension":{"width":"","height":""}},{"_id":"4847602","image":{"id":"229","url":""},"name":"Earlene Monna","title":"Google Inc.","img_size":"100x100","content":"Convallis arcu erat, accumsan id imperdiet et, porttitor at sem. Curabitur aliquet quam id dui posuere blandit. Vivamus suscipit tortor eget felis porttitor volutpat. Vivamus suscipit tortor eget felis porttitor volutpat.","image_size":"thumbnail","image_custom_dimension":{"width":"","height":""}},{"_id":"1125983","image":{"id":"229","url":""},"name":"Kathleen Crystal","title":"Google Inc.","img_size":"100x100","content":"Mauris blandit aliquet elit, eget tincidunt nibh pulvinar a. Vestibulum ante ipsum primis in faucibus orci luctus et ultrices posuere cubilia Curae; Donec velit neque, auctor sit amet aliquam vel, ullamcorper sit.","image_size":"thumbnail","image_custom_dimension":{"width":"","height":""}}],"_padding":{"unit":"%","top":"","right":"","bottom":"","left":"","isLinked":"1"},"scroll_y":"-80"},"elements":[],"widgetType":"wd_testimonials"}],"isInner":"1"}],"isInner":"1"}],"isInner":""}],"isInner":""}]]]></wp:meta_value>
		</wp:postmeta>
							<wp:postmeta>
			<wp:meta_key>_elementor_edit_mode</wp:meta_key>
			<wp:meta_value><![CDATA[builder]]></wp:meta_value>
		</wp:postmeta>
							<wp:postmeta>
			<wp:meta_key>_elementor_version</wp:meta_key>
			<wp:meta_value><![CDATA[2.9.11]]></wp:meta_value>
		</wp:postmeta>
							<wp:postmeta>
			<wp:meta_key>_elementor_template_type</wp:meta_key>
			<wp:meta_value><![CDATA[wp-page]]></wp:meta_value>
		</wp:postmeta>
							<wp:postmeta>
			<wp:meta_key>_elementor_controls_usage</wp:meta_key>
			<wp:meta_value><![CDATA[a:18:{s:17:"slider_revolution";a:3:{s:5:"count";i:1;s:15:"control_percent";i:2;s:8:"controls";a:2:{s:7:"content";a:1:{s:15:"content_section";a:2:{s:9:"shortcode";i:1;s:14:"revslidertitle";i:1;}}s:8:"advanced";a:1:{s:8:"wd_extra";a:1:{s:8:"scroll_y";i:1;}}}}s:6:"column";a:3:{s:5:"count";i:33;s:15:"control_percent";i:1;s:8:"controls";a:3:{s:8:"advanced";a:3:{s:8:"wd_extra";a:2:{s:20:"column_sticky_offset";i:33;s:8:"scroll_y";i:33;}s:19:"_section_responsive";a:1:{s:11:"hide_tablet";i:2;}s:16:"section_advanced";a:5:{s:13:"margin_tablet";i:4;s:6:"margin";i:1;s:13:"margin_mobile";i:1;s:7:"padding";i:1;s:14:"padding_tablet";i:1;}}s:6:"layout";a:1:{s:6:"layout";a:4:{s:19:"_inline_size_tablet";i:22;s:19:"_inline_size_mobile";i:18;s:5:"align";i:5;s:12:"_inline_size";i:2;}}s:5:"style";a:1:{s:14:"section_border";a:4:{s:12:"border_width";i:2;s:13:"border_border";i:2;s:12:"border_color";i:2;s:19:"border_width_tablet";i:1;}}}}s:7:"section";a:3:{s:5:"count";i:17;s:15:"control_percent";i:3;s:8:"controls";a:3:{s:6:"layout";a:3:{s:15:"wd_extra_layout";a:1:{s:18:"wd_section_stretch";i:5;}s:14:"section_layout";a:3:{s:3:"gap";i:7;s:16:"content_position";i:3;s:13:"content_width";i:1;}s:17:"section_structure";a:1:{s:9:"structure";i:9;}}s:8:"advanced";a:2:{s:16:"section_advanced";a:7:{s:7:"padding";i:5;s:6:"margin";i:13;s:13:"margin_tablet";i:10;s:13:"margin_mobile";i:10;s:7:"z_index";i:1;s:14:"padding_tablet";i:2;s:14:"padding_mobile";i:2;}s:19:"_section_responsive";a:4:{s:11:"hide_tablet";i:1;s:11:"hide_mobile";i:1;s:20:"reverse_order_tablet";i:1;s:20:"reverse_order_mobile";i:1;}}s:5:"style";a:1:{s:18:"section_background";a:3:{s:21:"background_background";i:4;s:16:"background_color";i:4;s:16:"background_image";i:1;}}}}s:21:"wd_product_categories";a:3:{s:5:"count";i:1;s:15:"control_percent";i:3;s:8:"controls";a:3:{s:5:"style";a:2:{s:20:"layout_style_section";a:2:{s:7:"spacing";i:1;s:7:"columns";i:1;}s:20:"design_style_section";a:2:{s:17:"categories_design";i:1;s:22:"categories_with_shadow";i:1;}}s:7:"content";a:1:{s:23:"general_content_section";a:2:{s:6:"number";i:1;s:3:"ids";i:1;}}s:8:"advanced";a:1:{s:8:"wd_extra";a:1:{s:8:"scroll_y";i:1;}}}}s:10:"wd_infobox";a:3:{s:5:"count";i:11;s:15:"control_percent";i:3;s:8:"controls";a:3:{s:7:"content";a:2:{s:20:"icon_content_section";a:4:{s:9:"icon_type";i:11;s:10:"image_size";i:11;s:5:"image";i:11;s:22:"image_custom_dimension";i:11;}s:15:"content_section";a:4:{s:8:"btn_text";i:11;s:8:"subtitle";i:11;s:5:"title";i:11;s:7:"content";i:11;}}s:5:"style";a:2:{s:21:"general_style_section";a:3:{s:9:"alignment";i:10;s:15:"image_alignment";i:10;s:10:"title_size";i:10;}s:22:"button_content_section";a:3:{s:12:"btn_position";i:10;s:9:"btn_color";i:1;s:9:"btn_style";i:1;}}s:8:"advanced";a:3:{s:14:"_section_style";a:3:{s:14:"_margin_tablet";i:2;s:14:"_margin_mobile";i:8;s:7:"_margin";i:3;}s:8:"wd_extra";a:1:{s:8:"scroll_y";i:11;}s:17:"_section_position";a:1:{s:14:"_element_width";i:4;}}}}s:16:"wd_products_tabs";a:3:{s:5:"count";i:3;s:15:"control_percent";i:3;s:8:"controls";a:3:{s:7:"content";a:2:{s:23:"general_content_section";a:1:{s:5:"title";i:3;}s:20:"tabs_content_section";a:1:{s:10:"tabs_items";i:3;}}s:5:"style";a:2:{s:21:"heading_style_section";a:2:{s:6:"design";i:3;s:5:"color";i:3;}s:29:"products_layout_style_section";a:3:{s:14:"items_per_page";i:3;s:10:"pagination";i:1;s:7:"columns";i:2;}}s:8:"advanced";a:1:{s:8:"wd_extra";a:1:{s:8:"scroll_y";i:3;}}}}s:9:"wd_banner";a:3:{s:5:"count";i:9;s:15:"control_percent";i:7;s:8:"controls";a:3:{s:7:"content";a:2:{s:21:"image_content_section";a:3:{s:10:"image_size";i:9;s:22:"image_custom_dimension";i:9;s:5:"image";i:9;}s:15:"content_section";a:4:{s:5:"title";i:9;s:8:"subtitle";i:9;s:7:"content";i:9;s:8:"btn_text";i:9;}}s:5:"style";a:4:{s:20:"button_style_section";a:3:{s:12:"btn_position";i:9;s:9:"btn_color";i:9;s:9:"btn_style";i:9;}s:21:"general_style_section";a:3:{s:5:"hover";i:9;s:21:"woodmart_color_scheme";i:9;s:10:"title_size";i:9;}s:19:"title_style_section";a:4:{s:27:"title_typography_typography";i:9;s:26:"title_typography_font_size";i:9;s:33:"title_typography_font_size_tablet";i:9;s:33:"title_typography_font_size_mobile";i:9;}s:20:"layout_style_section";a:4:{s:18:"vertical_alignment";i:9;s:5:"width";i:9;s:12:"width_mobile";i:3;s:12:"width_tablet";i:1;}}s:8:"advanced";a:1:{s:8:"wd_extra";a:1:{s:8:"scroll_y";i:9;}}}}s:11:"wd_products";a:3:{s:5:"count";i:1;s:15:"control_percent";i:4;s:8:"controls";a:3:{s:7:"content";a:1:{s:23:"general_content_section";a:1:{s:9:"post_type";i:1;}}s:5:"style";a:3:{s:20:"layout_style_section";a:2:{s:6:"layout";i:1;s:14:"items_per_page";i:1;}s:29:"products_design_style_section";a:4:{s:13:"product_hover";i:1;s:14:"sale_countdown";i:1;s:20:"highlighted_products";i:1;s:13:"element_title";i:1;}s:22:"carousel_style_section";a:1:{s:15:"slides_per_view";i:1;}}s:8:"advanced";a:1:{s:8:"wd_extra";a:1:{s:8:"scroll_y";i:1;}}}}s:17:"wd_images_gallery";a:3:{s:5:"count";i:1;s:15:"control_percent";i:6;s:8:"controls";a:3:{s:7:"content";a:1:{s:23:"general_content_section";a:3:{s:8:"ids_size";i:1;s:3:"ids";i:1;s:20:"ids_custom_dimension";i:1;}}s:5:"style";a:2:{s:20:"layout_style_section";a:2:{s:4:"view";i:1;s:7:"spacing";i:1;}s:22:"carousel_style_section";a:5:{s:15:"slides_per_view";i:1;s:23:"hide_pagination_control";i:1;s:22:"hide_prev_next_buttons";i:1;s:4:"wrap";i:1;s:11:"center_mode";i:1;}}s:8:"advanced";a:2:{s:14:"_section_style";a:1:{s:14:"_margin_tablet";i:1;}s:8:"wd_extra";a:1:{s:8:"scroll_y";i:1;}}}}s:5:"image";a:3:{s:5:"count";i:1;s:15:"control_percent";i:3;s:8:"controls";a:2:{s:7:"content";a:1:{s:13:"section_image";a:4:{s:5:"align";i:1;s:10:"image_size";i:1;s:5:"image";i:1;s:22:"image_custom_dimension";i:1;}}s:8:"advanced";a:2:{s:8:"wd_extra";a:4:{s:8:"scroll_x";i:1;s:8:"scroll_y";i:1;s:8:"scroll_z";i:1;s:16:"element_parallax";i:1;}s:14:"_section_style";a:1:{s:8:"_z_index";i:1;}}}}s:8:"wd_title";a:3:{s:5:"count";i:3;s:15:"control_percent";i:5;s:8:"controls";a:3:{s:7:"content";a:1:{s:23:"general_content_section";a:3:{s:8:"subtitle";i:3;s:11:"after_title";i:3;s:5:"title";i:3;}}s:5:"style";a:3:{s:19:"title_style_section";a:8:{s:10:"image_size";i:3;s:27:"title_typography_typography";i:3;s:26:"title_typography_font_size";i:3;s:33:"title_typography_font_size_tablet";i:3;s:33:"title_typography_font_size_mobile";i:2;s:28:"title_typography_line_height";i:1;s:35:"title_typography_line_height_tablet";i:1;s:35:"title_typography_line_height_mobile";i:1;}s:21:"general_style_section";a:2:{s:4:"size";i:3;s:5:"align";i:2;}s:22:"subtitle_style_section";a:1:{s:14:"subtitle_color";i:1;}}s:8:"advanced";a:3:{s:14:"_section_style";a:1:{s:7:"_margin";i:3;}s:8:"wd_extra";a:1:{s:8:"scroll_y";i:3;}s:17:"_section_position";a:1:{s:14:"_element_width";i:1;}}}}s:18:"wd_products_widget";a:3:{s:5:"count";i:4;s:15:"control_percent";i:1;s:8:"controls";a:2:{s:7:"content";a:1:{s:23:"general_content_section";a:1:{s:5:"title";i:4;}}s:8:"advanced";a:1:{s:8:"wd_extra";a:1:{s:8:"scroll_y";i:4;}}}}s:9:"wd_button";a:3:{s:5:"count";i:1;s:15:"control_percent";i:4;s:8:"controls";a:3:{s:5:"style";a:1:{s:21:"general_style_section";a:4:{s:5:"color";i:1;s:4:"size";i:1;s:5:"style";i:1;s:5:"align";i:1;}}s:7:"content";a:1:{s:23:"general_content_section";a:1:{s:4:"text";i:1;}}s:8:"advanced";a:3:{s:8:"wd_extra";a:1:{s:8:"scroll_y";i:1;}s:17:"_section_position";a:1:{s:14:"_element_width";i:1;}s:19:"_section_responsive";a:1:{s:11:"hide_mobile";i:1;}}}}s:7:"wd_blog";a:3:{s:5:"count";i:1;s:15:"control_percent";i:4;s:8:"controls";a:3:{s:5:"style";a:2:{s:21:"general_style_section";a:4:{s:12:"blog_spacing";i:1;s:14:"items_per_page";i:1;s:11:"blog_design";i:1;s:8:"img_size";i:1;}s:22:"carousel_style_section";a:2:{s:15:"slides_per_view";i:1;s:23:"hide_pagination_control";i:1;}}s:7:"content";a:1:{s:23:"general_content_section";a:1:{s:5:"order";i:1;}}s:8:"advanced";a:1:{s:8:"wd_extra";a:1:{s:8:"scroll_y";i:1;}}}}s:18:"wd_products_brands";a:3:{s:5:"count";i:1;s:15:"control_percent";i:2;s:8:"controls";a:2:{s:5:"style";a:2:{s:21:"general_style_section";a:1:{s:5:"hover";i:1;}s:22:"carousel_style_section";a:2:{s:15:"slides_per_view";i:1;s:23:"hide_pagination_control";i:1;}}s:8:"advanced";a:1:{s:8:"wd_extra";a:1:{s:8:"scroll_y";i:1;}}}}s:12:"wd_mailchimp";a:3:{s:5:"count";i:1;s:15:"control_percent";i:3;s:8:"controls";a:3:{s:7:"content";a:1:{s:23:"general_content_section";a:1:{s:7:"form_id";i:1;}}s:5:"style";a:1:{s:21:"general_style_section";a:2:{s:13:"content_width";i:1;s:20:"content_width_mobile";i:1;}}s:8:"advanced";a:2:{s:14:"_section_style";a:1:{s:7:"_margin";i:1;}s:8:"wd_extra";a:1:{s:8:"scroll_y";i:1;}}}}s:11:"text-editor";a:3:{s:5:"count";i:1;s:15:"control_percent";i:2;s:8:"controls";a:3:{s:5:"style";a:1:{s:13:"section_style";a:2:{s:21:"typography_typography";i:1;s:5:"align";i:1;}}s:7:"content";a:1:{s:14:"section_editor";a:1:{s:6:"editor";i:1;}}s:8:"advanced";a:1:{s:8:"wd_extra";a:1:{s:8:"scroll_y";i:1;}}}}s:15:"wd_testimonials";a:3:{s:5:"count";i:1;s:15:"control_percent";i:3;s:8:"controls";a:3:{s:5:"style";a:2:{s:21:"general_style_section";a:1:{s:12:"stars_rating";i:1;}s:22:"carousel_style_section";a:2:{s:15:"slides_per_view";i:1;s:23:"hide_pagination_control";i:1;}}s:7:"content";a:1:{s:23:"general_content_section";a:1:{s:14:"items_repeater";i:1;}}s:8:"advanced";a:2:{s:14:"_section_style";a:1:{s:8:"_padding";i:1;}s:8:"wd_extra";a:1:{s:8:"scroll_y";i:1;}}}}}]]></wp:meta_value>
		</wp:postmeta>
						</item>
					<item>
		<title>
				white-electronics-ns-img-dummy		</title>
		<link>http://dummy.xtemos.com/woodmart-elementor/demos/home-electronics-2/white-electronics-ns-img-dummy/</link>
		<pubDate>Mon, 23 Apr 2018 08:22:00 +0000</pubDate>
		<dc:creator><![CDATA[erwin]]></dc:creator>
		<guid isPermaLink="false">http://dummy.xtemos.com/woodmart-elementor/demos/wp-content/uploads/sites/2/2018/04/white-electronics-ns-img-dummy.png</guid>
		<description></description>
		<content:encoded><![CDATA[]]></content:encoded>
		<excerpt:encoded><![CDATA[]]></excerpt:encoded>
		<wp:post_id>1487</wp:post_id>
		<wp:post_date>2018-04-23 08:22:00</wp:post_date>
		<wp:post_date_gmt>2018-04-23 08:22:00</wp:post_date_gmt>
		<wp:comment_status>open</wp:comment_status>
		<wp:ping_status>closed</wp:ping_status>
		<wp:post_name>white-electronics-ns-img-dummy</wp:post_name>
		<wp:status>inherit</wp:status>
		<wp:post_parent>1477</wp:post_parent>
		<wp:menu_order>0</wp:menu_order>
		<wp:post_type>attachment</wp:post_type>
		<wp:post_password></wp:post_password>
		<wp:is_sticky>0</wp:is_sticky>
						<wp:attachment_url>http://dummy.xtemos.com/woodmart-elementor/demos/wp-content/uploads/sites/2/2018/04/white-electronics-ns-img-dummy.png</wp:attachment_url>
												<wp:postmeta>
			<wp:meta_key>_wp_attached_file</wp:meta_key>
			<wp:meta_value><![CDATA[2018/04/white-electronics-ns-img-dummy.png]]></wp:meta_value>
		</wp:postmeta>
						</item>
					<item>
		<title>
				white-electronics-best		</title>
		<link>http://dummy.xtemos.com/woodmart-elementor/demos/home-electronics-2/white-electronics-best/</link>
		<pubDate>Mon, 23 Apr 2018 08:41:01 +0000</pubDate>
		<dc:creator><![CDATA[erwin]]></dc:creator>
		<guid isPermaLink="false">http://dummy.xtemos.com/woodmart-elementor/demos/wp-content/uploads/sites/2/2018/04/white-electronics-best.svg</guid>
		<description></description>
		<content:encoded><![CDATA[]]></content:encoded>
		<excerpt:encoded><![CDATA[]]></excerpt:encoded>
		<wp:post_id>1493</wp:post_id>
		<wp:post_date>2018-04-23 08:41:01</wp:post_date>
		<wp:post_date_gmt>2018-04-23 08:41:01</wp:post_date_gmt>
		<wp:comment_status>open</wp:comment_status>
		<wp:ping_status>closed</wp:ping_status>
		<wp:post_name>white-electronics-best</wp:post_name>
		<wp:status>inherit</wp:status>
		<wp:post_parent>1477</wp:post_parent>
		<wp:menu_order>0</wp:menu_order>
		<wp:post_type>attachment</wp:post_type>
		<wp:post_password></wp:post_password>
		<wp:is_sticky>0</wp:is_sticky>
						<wp:attachment_url>http://dummy.xtemos.com/woodmart-elementor/demos/wp-content/uploads/sites/2/2018/04/white-electronics-best.svg</wp:attachment_url>
												<wp:postmeta>
			<wp:meta_key>_wp_attached_file</wp:meta_key>
			<wp:meta_value><![CDATA[2018/04/white-electronics-best.svg]]></wp:meta_value>
		</wp:postmeta>
						</item>
					<item>
		<title>
				white-electronics-newslatter-bg-dummy		</title>
		<link>http://dummy.xtemos.com/woodmart-elementor/demos/home-electronics-2/white-electronics-newslatter-bg-dummy/</link>
		<pubDate>Mon, 23 Apr 2018 08:45:27 +0000</pubDate>
		<dc:creator><![CDATA[erwin]]></dc:creator>
		<guid isPermaLink="false">http://dummy.xtemos.com/woodmart-elementor/demos/wp-content/uploads/sites/2/2018/04/white-electronics-newslatter-bg-dummy.jpg</guid>
		<description></description>
		<content:encoded><![CDATA[]]></content:encoded>
		<excerpt:encoded><![CDATA[]]></excerpt:encoded>
		<wp:post_id>1496</wp:post_id>
		<wp:post_date>2018-04-23 08:45:27</wp:post_date>
		<wp:post_date_gmt>2018-04-23 08:45:27</wp:post_date_gmt>
		<wp:comment_status>open</wp:comment_status>
		<wp:ping_status>closed</wp:ping_status>
		<wp:post_name>white-electronics-newslatter-bg-dummy</wp:post_name>
		<wp:status>inherit</wp:status>
		<wp:post_parent>1477</wp:post_parent>
		<wp:menu_order>0</wp:menu_order>
		<wp:post_type>attachment</wp:post_type>
		<wp:post_password></wp:post_password>
		<wp:is_sticky>0</wp:is_sticky>
						<wp:attachment_url>http://dummy.xtemos.com/woodmart-elementor/demos/wp-content/uploads/sites/2/2018/04/white-electronics-newslatter-bg-dummy.jpg</wp:attachment_url>
												<wp:postmeta>
			<wp:meta_key>_wp_attached_file</wp:meta_key>
			<wp:meta_value><![CDATA[2018/04/white-electronics-newslatter-bg-dummy.jpg]]></wp:meta_value>
		</wp:postmeta>
						</item>
				</channel>
</rss>
	