<?xml version="1.0" encoding="UTF-8" ?>
<!-- This is a WordPress eXtended RSS file generated by WordPress as an export of your site. -->
<!-- It contains information about your site's posts, pages, comments, categories, and other content. -->
<!-- You may use this file to transfer that content from one site to another. -->
<!-- This file is not intended to serve as a complete backup of your site. -->

<!-- To import this information into a WordPress site follow these steps: -->
<!-- 1. Log in to that site as an administrator. -->
<!-- 2. Go to Tools: Import in the WordPress admin panel. -->
<!-- 3. Install the "WordPress" importer from the list. -->
<!-- 4. Activate & Run Importer. -->
<!-- 5. Upload this file using the form provided on that page. -->
<!-- 6. You will first be asked to map the authors in this export file to users -->
<!--    on the site. For each author, you may choose to map to an -->
<!--    existing user on the site or to create a new user. -->
<!-- 7. WordPress will then import each of the posts, pages, comments, categories, etc. -->
<!--    contained in this file into your site. -->

<!-- generator="WordPress/4.8" created="2018-04-23 09:00" -->
<rss version="2.0"
	xmlns:excerpt="http://wordpress.org/export/1.2/excerpt/"
	xmlns:content="http://purl.org/rss/1.0/modules/content/"
	xmlns:wfw="http://wellformedweb.org/CommentAPI/"
	xmlns:dc="http://purl.org/dc/elements/1.1/"
	xmlns:wp="http://wordpress.org/export/1.2/"
>

<channel>
	<title>Woodmart dummy demos</title>
	<link>http://dummy.xtemos.com/woodmart/demos</link>
	<description>Just another Woodmart Dummy Content Sites site</description>
	<pubDate>Mon, 23 Apr 2018 09:00:07 +0000</pubDate>
	<language>en-US</language>
	<wp:wxr_version>1.2</wp:wxr_version>
	<wp:base_site_url>http://dummy.xtemos.com/woodmart/</wp:base_site_url>
	<wp:base_blog_url>http://dummy.xtemos.com/woodmart/demos</wp:base_blog_url>

	<wp:author><wp:author_id>1</wp:author_id><wp:author_login>admin</wp:author_login><wp:author_email>se@as.as</wp:author_email><wp:author_display_name><![CDATA[admin]]></wp:author_display_name><wp:author_first_name><![CDATA[]]></wp:author_first_name><wp:author_last_name><![CDATA[]]></wp:author_last_name></wp:author>
	<wp:author><wp:author_id>2</wp:author_id><wp:author_login>erwin</wp:author_login><wp:author_email>ss@asas.as</wp:author_email><wp:author_display_name><![CDATA[erwin]]></wp:author_display_name><wp:author_first_name><![CDATA[]]></wp:author_first_name><wp:author_last_name><![CDATA[]]></wp:author_last_name></wp:author>


	<generator>https://wordpress.org/?v=4.8</generator>

	<item>
		<title>wood-gallery-placeholder-5</title>
		<link>http://dummy.xtemos.com/woodmart/demos/home-base/wood-gallery-placeholder-5/</link>
		<pubDate>Wed, 14 Jun 2017 11:33:22 +0000</pubDate>
		<dc:creator><![CDATA[admin]]></dc:creator>
		<guid isPermaLink="false">http://dummy.xtemos.com/woodmart/demos/wp-content/uploads/sites/2/2017/06/wood-gallery-placeholder-5.jpg</guid>
		<description></description>
		<content:encoded><![CDATA[]]></content:encoded>
		<excerpt:encoded><![CDATA[]]></excerpt:encoded>
		<wp:post_id>77</wp:post_id>
		<wp:post_date>2017-06-14 11:33:22</wp:post_date>
		<wp:post_date_gmt>2017-06-14 11:33:22</wp:post_date_gmt>
		<wp:comment_status>open</wp:comment_status>
		<wp:ping_status>closed</wp:ping_status>
		<wp:post_name>wood-gallery-placeholder-5</wp:post_name>
		<wp:status>inherit</wp:status>
		<wp:post_parent>57</wp:post_parent>
		<wp:menu_order>0</wp:menu_order>
		<wp:post_type>attachment</wp:post_type>
		<wp:post_password></wp:post_password>
		<wp:is_sticky>0</wp:is_sticky>
		<wp:attachment_url>http://dummy.xtemos.com/woodmart/demos/wp-content/uploads/sites/2/2017/06/wood-gallery-placeholder-5.jpg</wp:attachment_url>
		<wp:postmeta>
			<wp:meta_key>_wp_attached_file</wp:meta_key>
			<wp:meta_value><![CDATA[2017/06/wood-gallery-placeholder-5.jpg]]></wp:meta_value>
		</wp:postmeta>
	</item>
	<item>
		<title>wood-gallery-placeholder-3</title>
		<link>http://dummy.xtemos.com/woodmart/demos/home-base/wood-gallery-placeholder-3/</link>
		<pubDate>Wed, 14 Jun 2017 11:33:28 +0000</pubDate>
		<dc:creator><![CDATA[admin]]></dc:creator>
		<guid isPermaLink="false">http://dummy.xtemos.com/woodmart/demos/wp-content/uploads/sites/2/2017/06/wood-gallery-placeholder-3.jpg</guid>
		<description></description>
		<content:encoded><![CDATA[]]></content:encoded>
		<excerpt:encoded><![CDATA[]]></excerpt:encoded>
		<wp:post_id>80</wp:post_id>
		<wp:post_date>2017-06-14 11:33:28</wp:post_date>
		<wp:post_date_gmt>2017-06-14 11:33:28</wp:post_date_gmt>
		<wp:comment_status>open</wp:comment_status>
		<wp:ping_status>closed</wp:ping_status>
		<wp:post_name>wood-gallery-placeholder-3</wp:post_name>
		<wp:status>inherit</wp:status>
		<wp:post_parent>57</wp:post_parent>
		<wp:menu_order>0</wp:menu_order>
		<wp:post_type>attachment</wp:post_type>
		<wp:post_password></wp:post_password>
		<wp:is_sticky>0</wp:is_sticky>
		<wp:attachment_url>http://dummy.xtemos.com/woodmart/demos/wp-content/uploads/sites/2/2017/06/wood-gallery-placeholder-3.jpg</wp:attachment_url>
		<wp:postmeta>
			<wp:meta_key>_wp_attached_file</wp:meta_key>
			<wp:meta_value><![CDATA[2017/06/wood-gallery-placeholder-3.jpg]]></wp:meta_value>
		</wp:postmeta>
	</item>
	<item>
		<title>wood-gallery-placeholder-4</title>
		<link>http://dummy.xtemos.com/woodmart/demos/home-base/wood-gallery-placeholder-4/</link>
		<pubDate>Wed, 14 Jun 2017 11:33:30 +0000</pubDate>
		<dc:creator><![CDATA[admin]]></dc:creator>
		<guid isPermaLink="false">http://dummy.xtemos.com/woodmart/demos/wp-content/uploads/sites/2/2017/06/wood-gallery-placeholder-4.jpg</guid>
		<description></description>
		<content:encoded><![CDATA[]]></content:encoded>
		<excerpt:encoded><![CDATA[]]></excerpt:encoded>
		<wp:post_id>81</wp:post_id>
		<wp:post_date>2017-06-14 11:33:30</wp:post_date>
		<wp:post_date_gmt>2017-06-14 11:33:30</wp:post_date_gmt>
		<wp:comment_status>open</wp:comment_status>
		<wp:ping_status>closed</wp:ping_status>
		<wp:post_name>wood-gallery-placeholder-4</wp:post_name>
		<wp:status>inherit</wp:status>
		<wp:post_parent>57</wp:post_parent>
		<wp:menu_order>0</wp:menu_order>
		<wp:post_type>attachment</wp:post_type>
		<wp:post_password></wp:post_password>
		<wp:is_sticky>0</wp:is_sticky>
		<wp:attachment_url>http://dummy.xtemos.com/woodmart/demos/wp-content/uploads/sites/2/2017/06/wood-gallery-placeholder-4.jpg</wp:attachment_url>
		<wp:postmeta>
			<wp:meta_key>_wp_attached_file</wp:meta_key>
			<wp:meta_value><![CDATA[2017/06/wood-gallery-placeholder-4.jpg]]></wp:meta_value>
		</wp:postmeta>
	</item>
	<item>
		<title>wood-portfolio-placeholder</title>
		<link>http://dummy.xtemos.com/woodmart/demos/wood-portfolio-placeholder/</link>
		<pubDate>Wed, 14 Jun 2017 14:02:43 +0000</pubDate>
		<dc:creator><![CDATA[admin]]></dc:creator>
		<guid isPermaLink="false">http://dummy.xtemos.com/woodmart/demos/wp-content/uploads/sites/2/2017/06/wood-portfolio-placeholder.jpg</guid>
		<description></description>
		<content:encoded><![CDATA[]]></content:encoded>
		<excerpt:encoded><![CDATA[]]></excerpt:encoded>
		<wp:post_id>117</wp:post_id>
		<wp:post_date>2017-06-14 14:02:43</wp:post_date>
		<wp:post_date_gmt>2017-06-14 14:02:43</wp:post_date_gmt>
		<wp:comment_status>open</wp:comment_status>
		<wp:ping_status>closed</wp:ping_status>
		<wp:post_name>wood-portfolio-placeholder</wp:post_name>
		<wp:status>inherit</wp:status>
		<wp:post_parent>0</wp:post_parent>
		<wp:menu_order>0</wp:menu_order>
		<wp:post_type>attachment</wp:post_type>
		<wp:post_password></wp:post_password>
		<wp:is_sticky>0</wp:is_sticky>
		<wp:attachment_url>http://dummy.xtemos.com/woodmart/demos/wp-content/uploads/sites/2/2017/06/wood-portfolio-placeholder.jpg</wp:attachment_url>
		<wp:postmeta>
			<wp:meta_key>_wp_attached_file</wp:meta_key>
			<wp:meta_value><![CDATA[2017/06/wood-portfolio-placeholder.jpg]]></wp:meta_value>
		</wp:postmeta>
	</item>
	<item>
		<title>wood-testimonials-placeholder</title>
		<link>http://dummy.xtemos.com/woodmart/demos/2017/06/16/the-big-design-wall-likes-pictures/wood-testimonials-placeholder/</link>
		<pubDate>Fri, 16 Jun 2017 07:53:52 +0000</pubDate>
		<dc:creator><![CDATA[admin]]></dc:creator>
		<guid isPermaLink="false">http://dummy.xtemos.com/woodmart/demos/wp-content/uploads/sites/2/2017/06/wood-testimonials-placeholder.jpg</guid>
		<description></description>
		<content:encoded><![CDATA[]]></content:encoded>
		<excerpt:encoded><![CDATA[]]></excerpt:encoded>
		<wp:post_id>229</wp:post_id>
		<wp:post_date>2017-06-16 07:53:52</wp:post_date>
		<wp:post_date_gmt>2017-06-16 07:53:52</wp:post_date_gmt>
		<wp:comment_status>open</wp:comment_status>
		<wp:ping_status>closed</wp:ping_status>
		<wp:post_name>wood-testimonials-placeholder</wp:post_name>
		<wp:status>inherit</wp:status>
		<wp:post_parent>226</wp:post_parent>
		<wp:menu_order>0</wp:menu_order>
		<wp:post_type>attachment</wp:post_type>
		<wp:post_password></wp:post_password>
		<wp:is_sticky>0</wp:is_sticky>
		<wp:attachment_url>http://dummy.xtemos.com/woodmart/demos/wp-content/uploads/sites/2/2017/06/wood-testimonials-placeholder.jpg</wp:attachment_url>
		<wp:postmeta>
			<wp:meta_key>_wp_attached_file</wp:meta_key>
			<wp:meta_value><![CDATA[2017/06/wood-testimonials-placeholder.jpg]]></wp:meta_value>
		</wp:postmeta>
	</item>
	<item>
		<title>Home electronics-2</title>
		<link>http://dummy.xtemos.com/woodmart/demos/home-electronics-2/</link>
		<pubDate>Mon, 23 Apr 2018 07:58:55 +0000</pubDate>
		<dc:creator><![CDATA[erwin]]></dc:creator>
		<guid isPermaLink="false">http://dummy.xtemos.com/woodmart/demos/?page_id=1477</guid>
		<description></description>
		<content:encoded><![CDATA[[vc_row full_width="stretch_row_content_no_spaces" css=".vc_custom_1524058022656{margin-bottom: 10px !important;}"][vc_column][rev_slider_vc alias="electronics-2"][/vc_column][/vc_row][vc_row full_width="stretch_row_content" css=".vc_custom_1523955708815{margin-bottom: 8vh !important;}"][vc_column][woodmart_categories orderby="" order="" style="default" spacing="10" categories_design="default" categories_with_shadow="disable" columns="6" number="6" ids=""][/vc_column][/vc_row][vc_row css=".vc_custom_1523955819866{margin-bottom: 4vh !important;}"][vc_column width="1/2" woodmart_text_align="center" offset="vc_col-lg-3 vc_col-md-6 vc_col-xs-12" css=".vc_custom_1524062559571{margin-bottom: 4vh !important;}"][woodmart_info_box image="1493" image_alignment="left" title_size="small" info_box_inline="yes" img_size="50x50" link="url:%23|||" title="FREE SHIPPING" css=".vc_custom_1524472346085{margin-bottom: 0px !important;}"]Fast and reliable delivery[/woodmart_info_box][/vc_column][vc_column width="1/2" woodmart_text_align="center" offset="vc_col-lg-3 vc_col-md-6 vc_col-xs-12" css=".vc_custom_1524062563801{margin-bottom: 4vh !important;}"][woodmart_info_box image="1493" image_alignment="left" title_size="small" info_box_inline="yes" img_size="50x50" link="url:%23|||" title="50 DAYS RETURN" css=".vc_custom_1524472359242{margin-bottom: 0px !important;}"]Consumer protection program[/woodmart_info_box][/vc_column][vc_column width="1/2" woodmart_text_align="center" offset="vc_col-lg-3 vc_col-md-6 vc_col-xs-12" css=".vc_custom_1524062567113{margin-bottom: 4vh !important;}"][woodmart_info_box image="1493" image_alignment="left" title_size="small" info_box_inline="yes" img_size="50x50" link="url:%23|||" title="24/7 SUPPORT" css=".vc_custom_1524472369477{margin-bottom: 0px !important;}"]If you have any questions[/woodmart_info_box][/vc_column][vc_column width="1/2" woodmart_text_align="center" offset="vc_col-lg-3 vc_col-md-6 vc_col-xs-12" css=".vc_custom_1524062571051{margin-bottom: 4vh !important;}"][woodmart_info_box image="1493" image_alignment="left" title_size="small" info_box_inline="yes" img_size="50x50" link="url:%23|||" title="BEST QUALITY" css=".vc_custom_1524472380434{margin-bottom: 0px !important;}"]Many years on the market[/woodmart_info_box][/vc_column][/vc_row][vc_row css=".vc_custom_1523871410043{margin-bottom: 8vh !important;}"][vc_column][products_tabs design="alt" title="OUR PRODUCTS" color="#43b02a"][products_tab post_type="ids" items_per_page="8" pagination="arrows" orderby="post__in" title="NEW" columns="4"][products_tab items_per_page="8" pagination="arrows" orderby="rand" title="FEATURED" columns="4"][products_tab items_per_page="8" pagination="arrows" orderby="rand" title="TOP RATED" columns="4"][/products_tabs][/vc_column][/vc_row][vc_row content_placement="top" css=".vc_custom_1524223637956{margin-right: -10px !important;margin-bottom: 6vh !important;margin-left: -10px !important;}"][vc_column width="2/3" css=".vc_custom_1524060142061{margin-bottom: 20px !important;padding-right: 10px !important;padding-left: 10px !important;}" offset="vc_col-lg-6 vc_col-md-6 vc_col-xs-12"][promo_banner image="117" woodmart_color_scheme="dark" title_size="custom" font_weight="600" btn_position="static" btn_color="primary" btn_style="link" vertical_alignment="bottom" content_width="40" img_size="586x280" btn_text="View More" title="NEW GAMING<br />
EXPERIENCE" subtitle="Nintendo Switch" link="url:%23|||" title_desktop_text_size="22" title_tablet_text_size="20" title_mobile_text_size="16"][/promo_banner][/vc_column][vc_column width="1/3" css=".vc_custom_1524060151963{margin-bottom: 20px !important;padding-right: 10px !important;padding-left: 10px !important;}" offset="vc_col-lg-3 vc_col-md-3 vc_col-xs-12"][promo_banner image="117" woodmart_color_scheme="dark" title_size="custom" font_weight="600" btn_position="static" btn_color="primary" btn_style="link" vertical_alignment="bottom" content_width="60" img_size="283x280" title="COVER<br />
POWERBANK" subtitle="iPhone Cover" link="url:%23|||" title_desktop_text_size="22" title_tablet_text_size="20" title_mobile_text_size="16"][/promo_banner][/vc_column][vc_column width="1/4" css=".vc_custom_1538145079350{margin-bottom: 20px !important;padding-right: 10px !important;padding-left: 10px !important;}" offset="vc_col-lg-3 vc_col-md-3 vc_hidden-sm vc_col-xs-12" woodmart_parallax="0" parallax_scroll="no" woodmart_sticky_column="false"][promo_banner image="117" woodmart_color_scheme="dark" title_size="custom" font_weight="600" btn_position="static" btn_color="primary" btn_style="link" vertical_alignment="bottom" content_width="70" img_size="283x280" title="FEEL THE<br />
TRUE SOUND" subtitle="BeoPlay H4" link="url:%23|||" title_desktop_text_size="22" title_tablet_text_size="20" title_mobile_text_size="16"][/promo_banner][/vc_column][vc_column width="1/3" css=".vc_custom_1524060181575{margin-bottom: 20px !important;padding-right: 10px !important;padding-left: 10px !important;}" offset="vc_col-lg-3 vc_col-md-3 vc_col-xs-12"][promo_banner image="117" woodmart_color_scheme="dark" title_size="custom" font_weight="600" btn_position="static" btn_color="primary" btn_style="link" vertical_alignment="bottom" content_width="50" img_size="283x280" title="HOME 3D<br />
SOUND" subtitle="Smart House" link="url:%23|||" title_desktop_text_size="22" title_tablet_text_size="20" title_mobile_text_size="16"][/promo_banner][/vc_column][vc_column width="2/3" css=".vc_custom_1524060197181{margin-bottom: 20px !important;padding-right: 10px !important;padding-left: 10px !important;}" offset="vc_col-lg-6 vc_col-md-6 vc_col-xs-12"][promo_banner image="117" woodmart_color_scheme="dark" title_size="custom" font_weight="600" btn_position="static" btn_color="primary" btn_style="link" vertical_alignment="bottom" content_width="40" img_size="586x280" btn_text="View More" title="FREEZ THE<br />
BEST MOMENTS" subtitle="Your New Camera" link="url:%23|||" title_desktop_text_size="22" title_tablet_text_size="20" title_mobile_text_size="16"][/promo_banner][/vc_column][vc_column width="1/4" css=".vc_custom_1524060212733{margin-bottom: 20px !important;padding-right: 10px !important;padding-left: 10px !important;}" offset="vc_col-lg-3 vc_col-md-3 vc_hidden-sm vc_col-xs-12"][promo_banner image="117" woodmart_color_scheme="dark" title_size="custom" font_weight="600" btn_position="static" btn_color="primary" btn_style="link" vertical_alignment="bottom" content_width="60" img_size="283x280" title="BLUETOOTH<br />
SPEAKER" subtitle="SoundLink" link="url:%23|||" title_desktop_text_size="22" title_tablet_text_size="20" title_mobile_text_size="16"][/promo_banner][/vc_column][/vc_row][vc_row css=".vc_custom_1524218352666{margin-bottom: 4vh !important;}"][vc_column offset="vc_col-lg-5 vc_col-md-5 vc_col-xs-12" css=".vc_custom_1524218343490{margin-bottom: 2vh !important;}"][woodmart_products post_type="ids" layout="carousel" items_per_page="2" product_hover="quick" sale_countdown="true" highlighted_products="true" slides_per_view="1" element_title="Sale products"][/vc_column][vc_column offset="vc_col-lg-7 vc_col-md-7 vc_col-xs-12" css=".vc_custom_1524218347412{margin-top: 20px !important;margin-bottom: 4vh !important;}"][products_tabs design="alt" title="SPECIAL OFFERS" color="#43b02a"][products_tab post_type="ids" items_per_page="6" orderby="post__in" title="NEW" columns="3"][products_tab items_per_page="6" orderby="rand" title="FEATURED" columns="3"][products_tab items_per_page="6" orderby="rand" title="TOP SELLERS" columns="3"][/products_tabs][/vc_column][/vc_row][vc_section full_width="stretch_row" css=".vc_custom_1523881442230{margin-bottom: 8vh !important;padding-top: 0px !important;background-color: #f8f8f8 !important;}"][vc_row full_width="stretch_row_content_no_spaces" woodmart_disable_overflow="1"][vc_column][woodmart_gallery images="117,81,80,77" view="carousel" spacing="20" slides_per_view="3" hide_pagination_control="yes" hide_prev_next_buttons="yes" wrap="yes" center_mode="yes" img_size="620x350"][/vc_column][/vc_row][vc_row full_width="stretch_row" woodmart_disable_overflow="1" el_class="z-index-10" css=".vc_custom_1524059703035{margin-bottom: 40px !important;}"][vc_column width="2/3" offset="vc_hidden-md vc_col-sm-offset-2 vc_hidden-sm vc_hidden-xs" css=".vc_custom_1524059698789{margin-bottom: 40px !important;}"][vc_single_image image="1487" img_size="full" alignment="center" scroll_x="0" scroll_y="80" scroll_z="0" scroll_smooth="50" parallax_scroll="yes" css=".vc_custom_1524471206470{margin-top: -350px !important;margin-bottom: 0px !important;}"][/vc_column][/vc_row][vc_row equal_height="yes" row_reverse_mobile="1" row_reverse_tablet="1" woodmart_parallax="0" woodmart_gradient_switch="no" woodmart_disable_overflow="0"][vc_column css=".vc_custom_1538145056834{margin-bottom: 4vh !important;padding-top: 0px !important;}" offset="vc_col-lg-9 vc_col-md-9 vc_col-xs-12" woodmart_parallax="0" parallax_scroll="no" woodmart_sticky_column="false"][woodmart_title size="custom" align="left" title="TECHNICAL SPECIFICATIONS" desktop_text_size="30" css=".vc_custom_1524121874272{margin-bottom: 60px !important;}" tablet_text_size="24" mobile_text_size="22"][vc_row_inner content_placement="top"][vc_column_inner width="1/3"][woodmart_info_box image="1493" image_alignment="left" title_size="small" img_size="50x50" link="url:%23|||" title="DISPLAY SIZE" css=".vc_custom_1524472428905{margin-bottom: 60px !important;}"]Capacitive touch screen / 6.2 inch LCD / 1280x720 resolution[/woodmart_info_box][/vc_column_inner][vc_column_inner width="1/3"][woodmart_info_box image="1493" image_alignment="left" title_size="small" img_size="50x50" link="url:%23|||" title="CPU/GPU" css=".vc_custom_1524472440016{margin-bottom: 60px !important;}"]NVIDIA customised Tegra processor[/woodmart_info_box][/vc_column_inner][vc_column_inner width="1/3"][woodmart_info_box image="1493" image_alignment="left" title_size="small" img_size="50x50" link="url:%23|||" title="USB TERMINAL" css=".vc_custom_1524472450453{margin-bottom: 60px !important;}"]USB Type-C terminal for charging or connecting to dock[/woodmart_info_box][/vc_column_inner][vc_column_inner width="1/3"][woodmart_info_box image="1493" image_alignment="left" title_size="small" img_size="50x50" link="url:%23|||" title="INTERNAL BATTERY" css=".vc_custom_1524472462406{margin-bottom: 60px !important;}"]Lithium-ion battery / battery capacity 4310mA[/woodmart_info_box][/vc_column_inner][vc_column_inner width="1/3"][woodmart_info_box image="1493" image_alignment="left" title_size="small" img_size="50x50" link="url:%23|||" title="NINTENDO DOCK" css=".vc_custom_1524472482770{margin-bottom: 60px !important;}"]Dock used for charging and connecting to TV[/woodmart_info_box][/vc_column_inner][vc_column_inner width="1/3"][woodmart_info_box image="1493" image_alignment="left" title_size="small" img_size="50x50" link="url:%23|||" title="TV CONNECTION" css=".vc_custom_1524472473387{margin-bottom: 60px !important;}"]HDMI Out Maximum resolution: 1920x1080, 60 fps[/woodmart_info_box][/vc_column_inner][/vc_row_inner][/vc_column][vc_column css=".vc_custom_1538145061938{margin-bottom: 8vh !important;border-left-width: 1px !important;padding-top: 0px !important;border-left-color: #e5e5e5 !important;border-left-style: solid !important;}" offset="vc_col-lg-3 vc_col-md-3 vc_col-xs-12" woodmart_parallax="0" parallax_scroll="no" woodmart_sticky_column="false"][woodmart_info_box image="117" alignment="center" btn_position="static" btn_color="primary" btn_style="round" img_size="205x217" btn_text="Purchase Now" css=".vc_custom_1524470656387{margin-bottom: 0px !important;padding-top: 0px !important;}" el_class="text-larger"]Available now <strong><span class="color-primary" style="margin-left: 5px">$299.99</span></strong>[/woodmart_info_box][/vc_column][/vc_row][/vc_section][vc_row][vc_column offset="vc_col-lg-4 vc_col-md-4 vc_col-xs-12" css=".vc_custom_1524122160160{margin-bottom: 8vh !important;}"][promo_banner image="117" woodmart_color_scheme="dark" title_size="custom" font_weight="600" btn_position="static" btn_color="primary" btn_style="link" vertical_alignment="middle" content_width="50" title="GRAY<br />
HEADSET" btn_text="VIEW MORE" subtitle="Waterproof" link="url:%23|||" title_desktop_text_size="22" title_tablet_text_size="20" title_mobile_text_size="16" img_size="384x240"][/promo_banner][vc_empty_space height="20px"][promo_banner image="117" woodmart_color_scheme="dark" title_size="custom" font_weight="600" btn_position="static" btn_color="primary" btn_style="link" vertical_alignment="middle" content_width="60" title="APPLE SMART<br />
WATCH" btn_text="VIEW MORE" subtitle="Series 3" link="url:%23|||" title_desktop_text_size="22" title_tablet_text_size="20" title_mobile_text_size="16" img_size="384x240"][/promo_banner][vc_empty_space height="20px"][promo_banner image="117" woodmart_color_scheme="dark" title_size="custom" font_weight="600" btn_position="static" btn_color="primary" btn_style="link" vertical_alignment="middle" content_width="60" title="LAPTOP BLUE<br />
MOUSE" btn_text="VIEW MORE" subtitle="Arc Mouse" link="url:%23|||" title_desktop_text_size="22" title_tablet_text_size="20" title_mobile_text_size="16" img_size="384x240"][/promo_banner][/vc_column][vc_column offset="vc_col-lg-8 vc_col-md-8 vc_col-xs-12" css=".vc_custom_1524122167646{margin-bottom: 8vh !important;}"][products_tabs design="alt" title="ACCESSORIES" color="#43b02a"][products_tab post_type="ids" items_per_page="6" orderby="post__in" title="NEW" columns="3"][products_tab items_per_page="6" orderby="rand" title="FEATURED" columns="3"][products_tab items_per_page="6" orderby="rand" title="TOP SELLERS" columns="3"][/products_tabs][/vc_column][/vc_row][vc_row css=".vc_custom_1524036371025{margin-bottom: 4vh !important;}"][vc_column width="1/2" css=".vc_custom_1524060408531{margin-bottom: 4vh !important;}" offset="vc_col-lg-3 vc_col-md-3 vc_col-xs-12"][woodmart_shortcode_products_widget number="3" title="NEW PRODUCTS" ids=""][/vc_column][vc_column width="1/2" css=".vc_custom_1524060418523{margin-bottom: 4vh !important;}" offset="vc_col-lg-3 vc_col-md-3 vc_col-xs-12"][woodmart_shortcode_products_widget number="3" title="NEW PRODUCTS" ids=""][/vc_column][vc_column width="1/2" css=".vc_custom_1524060428412{margin-bottom: 4vh !important;}" offset="vc_col-lg-3 vc_col-md-3 vc_col-xs-12"][woodmart_shortcode_products_widget number="3" title="NEW PRODUCTS" ids=""][/vc_column][vc_column width="1/2" css=".vc_custom_1524060439870{margin-bottom: 4vh !important;}" offset="vc_col-lg-3 vc_col-md-3 vc_col-xs-12"][woodmart_shortcode_products_widget number="3" title="NEW PRODUCTS" ids=""][/vc_column][/vc_row][vc_row content_placement="bottom" css=".vc_custom_1524038393291{margin-bottom: 3vh !important;}"][vc_column width="3/4" css=".vc_custom_1524122059790{margin-bottom: 10px !important;}" offset="vc_col-xs-12"][woodmart_title size="custom" align="left" title="OUR LATEST ARTICLES" desktop_text_size="30" css=".vc_custom_1524121904624{margin-bottom: 0px !important;}" tablet_text_size="24" mobile_text_size="22"][/vc_column][vc_column width="1/4" css=".vc_custom_1524122064141{margin-bottom: 30px !important;}" offset="vc_hidden-xs"][woodmart_button color="primary" size="extra-large" style="link" align="right" title="MORE ARTICLES" link="url:%23|||"][/vc_column][vc_column][woodmart_blog items_per_page="4" blog_design="carousel" order="ASC" parts_title="1" parts_meta="1" parts_text="1" parts_btn="1" slides_per_view="3" hide_pagination_control="yes" img_size="full"][/vc_column][/vc_row][vc_row css=".vc_custom_1523883975865{margin-bottom: 6vh !important;}"][vc_column][woodmart_brands orderby="" order="" hover="alt" brand_style="default" style="carousel" per_row="6" hide_pagination_control="yes" ids=""][/vc_column][/vc_row][vc_section full_width="stretch_row" css=".vc_custom_1524472611923{margin-bottom: -40px !important;padding-top: 8vh !important;padding-bottom: 8vh !important;background-image: url(http://dummy.xtemos.com/woodmart/demos/wp-content/uploads/sites/2/2018/04/white-electronics-newslatter-bg-dummy.jpg?id=1496) !important;background-position: center !important;background-repeat: no-repeat !important;background-size: cover !important;}"][vc_row content_placement="middle" css=".vc_custom_1524062237416{padding-top: 6vh !important;padding-bottom: 3vh !important;background-color: #ffffff !important;}"][vc_column css=".vc_custom_1524062244457{margin-bottom: 3vh !important;padding-top: 0px !important;}" offset="vc_col-lg-6 vc_col-md-6 vc_col-xs-12"][woodmart_title size="custom" title="DO YOU LIKE THE THEME?<br />
SHARE WITH YOUR FRIENDS!" desktop_text_size="30" subtitle="JOIN OUR NEWSLETTER NOW" tablet_text_size="24" mobile_text_size="22"][vc_column_text css=".vc_custom_1524470500097{margin-bottom: 15px !important;}"][mc4wp_form id="74"][/vc_column_text][vc_column_text css=".vc_custom_1524470482123{margin-bottom: 0px !important;}"]</p>
<p style="text-align: center">Will be used in accordance with our <a href="#"><strong>Privacy Policy</strong></a></p>
<p>[/vc_column_text][/vc_column][vc_column css=".vc_custom_1524062349044{margin-bottom: 3vh !important;border-left-width: 1px !important;padding-top: 0px !important;padding-right: 6% !important;padding-left: 6% !important;border-left-color: #eaeaea !important;border-left-style: solid !important;}" offset="vc_col-lg-6 vc_col-md-6 vc_col-xs-12"][testimonials slides_per_view="1" hide_pagination_control="yes"][testimonial image="229" name="Jim Wood" title="Google Inc." img_size="100x100"]Curabitur aliquet quam id dui posuere blandit. Nulla porttitor accumsan tincidunt. Curabitur aliquet quam id dui posuere blandit. Pellentesque in ipsum id orci porta dapibus. Cras ultricies ligula sed magna dictum porta.[/testimonial][testimonial image="229" name="Earlene Monna" title="Google Inc." img_size="100x100"]Convallis arcu erat, accumsan id imperdiet et, porttitor at sem. Curabitur aliquet quam id dui posuere blandit. Vivamus suscipit tortor eget felis porttitor volutpat. Vivamus suscipit tortor eget felis porttitor volutpat.[/testimonial][testimonial image="229" name="Kathleen Crystal" title="Google Inc." img_size="100x100"]Mauris blandit aliquet elit, eget tincidunt nibh pulvinar a. Vestibulum ante ipsum primis in faucibus orci luctus et ultrices posuere cubilia Curae; Donec velit neque, auctor sit amet aliquam vel, ullamcorper sit.[/testimonial][/testimonials][/vc_column][/vc_row][/vc_section]]]></content:encoded>
		<excerpt:encoded><![CDATA[]]></excerpt:encoded>
		<wp:post_id>1477</wp:post_id>
		<wp:post_date>2018-04-23 07:58:55</wp:post_date>
		<wp:post_date_gmt>2018-04-23 07:58:55</wp:post_date_gmt>
		<wp:comment_status>closed</wp:comment_status>
		<wp:ping_status>closed</wp:ping_status>
		<wp:post_name>home-electronics-2</wp:post_name>
		<wp:status>publish</wp:status>
		<wp:post_parent>0</wp:post_parent>
		<wp:menu_order>0</wp:menu_order>
		<wp:post_type>page</wp:post_type>
		<wp:post_password></wp:post_password>
		<wp:is_sticky>0</wp:is_sticky>
		<wp:postmeta>
			<wp:meta_key>_wp_page_template</wp:meta_key>
			<wp:meta_value><![CDATA[default]]></wp:meta_value>
		</wp:postmeta>
		<wp:postmeta>
			<wp:meta_key>_wpb_shortcodes_custom_css</wp:meta_key>
			<wp:meta_value><![CDATA[.vc_custom_1524058022656{margin-bottom: 10px !important;}.vc_custom_1523955708815{margin-bottom: 8vh !important;}.vc_custom_1523955819866{margin-bottom: 4vh !important;}.vc_custom_1523871410043{margin-bottom: 8vh !important;}.vc_custom_1524223637956{margin-right: -10px !important;margin-bottom: 6vh !important;margin-left: -10px !important;}.vc_custom_1524218352666{margin-bottom: 4vh !important;}.vc_custom_1523881442230{margin-bottom: 8vh !important;padding-top: 0px !important;background-color: #f8f8f8 !important;}.vc_custom_1524036371025{margin-bottom: 4vh !important;}.vc_custom_1524038393291{margin-bottom: 3vh !important;}.vc_custom_1523883975865{margin-bottom: 6vh !important;}.vc_custom_1524472611923{margin-bottom: -40px !important;padding-top: 8vh !important;padding-bottom: 8vh !important;background-image: url(http://dummy.xtemos.com/woodmart/demos/wp-content/uploads/sites/2/2018/04/white-electronics-newslatter-bg-dummy.jpg?id=1496) !important;background-position: center !important;background-repeat: no-repeat !important;background-size: cover !important;}.vc_custom_1524062559571{margin-bottom: 4vh !important;}.vc_custom_1524062563801{margin-bottom: 4vh !important;}.vc_custom_1524062567113{margin-bottom: 4vh !important;}.vc_custom_1524062571051{margin-bottom: 4vh !important;}.vc_custom_1524472346085{margin-bottom: 0px !important;}.vc_custom_1524472359242{margin-bottom: 0px !important;}.vc_custom_1524472369477{margin-bottom: 0px !important;}.vc_custom_1524472380434{margin-bottom: 0px !important;}.vc_custom_1524060142061{margin-bottom: 20px !important;padding-right: 10px !important;padding-left: 10px !important;}.vc_custom_1524060151963{margin-bottom: 20px !important;padding-right: 10px !important;padding-left: 10px !important;}.vc_custom_1524060168724{margin-bottom: 20px !important;padding-right: 10px !important;padding-left: 10px !important;}.vc_custom_1524060181575{margin-bottom: 20px !important;padding-right: 10px !important;padding-left: 10px !important;}.vc_custom_1524060197181{margin-bottom: 20px !important;padding-right: 10px !important;padding-left: 10px !important;}.vc_custom_1524060212733{margin-bottom: 20px !important;padding-right: 10px !important;padding-left: 10px !important;}.vc_custom_1524218343490{margin-bottom: 2vh !important;}.vc_custom_1524218347412{margin-top: 20px !important;margin-bottom: 4vh !important;}.vc_custom_1524059703035{margin-bottom: 40px !important;}.vc_custom_1524059698789{margin-bottom: 40px !important;}.vc_custom_1524471206470{margin-top: -350px !important;margin-bottom: 0px !important;}.vc_custom_1524058454646{margin-bottom: 4vh !important;padding-top: 0px !important;}.vc_custom_1524059778070{margin-bottom: 8vh !important;border-left-width: 1px !important;padding-top: 0px !important;border-left-color: #e5e5e5 !important;border-left-style: solid !important;}.vc_custom_1524121874272{margin-bottom: 60px !important;}.vc_custom_1524472428905{margin-bottom: 60px !important;}.vc_custom_1524472440016{margin-bottom: 60px !important;}.vc_custom_1524472450453{margin-bottom: 60px !important;}.vc_custom_1524472462406{margin-bottom: 60px !important;}.vc_custom_1524472482770{margin-bottom: 60px !important;}.vc_custom_1524472473387{margin-bottom: 60px !important;}.vc_custom_1524470656387{margin-bottom: 0px !important;padding-top: 0px !important;}.vc_custom_1524122160160{margin-bottom: 8vh !important;}.vc_custom_1524122167646{margin-bottom: 8vh !important;}.vc_custom_1524060408531{margin-bottom: 4vh !important;}.vc_custom_1524060418523{margin-bottom: 4vh !important;}.vc_custom_1524060428412{margin-bottom: 4vh !important;}.vc_custom_1524060439870{margin-bottom: 4vh !important;}.vc_custom_1524122059790{margin-bottom: 10px !important;}.vc_custom_1524122064141{margin-bottom: 30px !important;}.vc_custom_1524121904624{margin-bottom: 0px !important;}.vc_custom_1524062237416{padding-top: 6vh !important;padding-bottom: 3vh !important;background-color: #ffffff !important;}.vc_custom_1524062244457{margin-bottom: 3vh !important;padding-top: 0px !important;}.vc_custom_1524062349044{margin-bottom: 3vh !important;border-left-width: 1px !important;padding-top: 0px !important;padding-right: 6% !important;padding-left: 6% !important;border-left-color: #eaeaea !important;border-left-style: solid !important;}.vc_custom_1524470500097{margin-bottom: 15px !important;}.vc_custom_1524470482123{margin-bottom: 0px !important;}]]></wp:meta_value>
		</wp:postmeta>
		<wp:postmeta>
			<wp:meta_key>_woodmart_whb_header</wp:meta_key>
			<wp:meta_value><![CDATA[header_675489]]></wp:meta_value>
		</wp:postmeta>
		<wp:postmeta>
			<wp:meta_key>_woodmart_main_layout</wp:meta_key>
			<wp:meta_value><![CDATA[full-width]]></wp:meta_value>
		</wp:postmeta>
		<wp:postmeta>
			<wp:meta_key>_woodmart_title_off</wp:meta_key>
			<wp:meta_value><![CDATA[on]]></wp:meta_value>
		</wp:postmeta>
		<wp:postmeta>
			<wp:meta_key>_woodmart_prefooter_off</wp:meta_key>
			<wp:meta_value><![CDATA[on]]></wp:meta_value>
		</wp:postmeta>
	</item>
	<item>
		<title>white-electronics-ns-img-dummy</title>
		<link>http://dummy.xtemos.com/woodmart/demos/home-electronics-2/white-electronics-ns-img-dummy/</link>
		<pubDate>Mon, 23 Apr 2018 08:22:00 +0000</pubDate>
		<dc:creator><![CDATA[erwin]]></dc:creator>
		<guid isPermaLink="false">http://dummy.xtemos.com/woodmart/demos/wp-content/uploads/sites/2/2018/04/white-electronics-ns-img-dummy.png</guid>
		<description></description>
		<content:encoded><![CDATA[]]></content:encoded>
		<excerpt:encoded><![CDATA[]]></excerpt:encoded>
		<wp:post_id>1487</wp:post_id>
		<wp:post_date>2018-04-23 08:22:00</wp:post_date>
		<wp:post_date_gmt>2018-04-23 08:22:00</wp:post_date_gmt>
		<wp:comment_status>open</wp:comment_status>
		<wp:ping_status>closed</wp:ping_status>
		<wp:post_name>white-electronics-ns-img-dummy</wp:post_name>
		<wp:status>inherit</wp:status>
		<wp:post_parent>1477</wp:post_parent>
		<wp:menu_order>0</wp:menu_order>
		<wp:post_type>attachment</wp:post_type>
		<wp:post_password></wp:post_password>
		<wp:is_sticky>0</wp:is_sticky>
		<wp:attachment_url>http://dummy.xtemos.com/woodmart/demos/wp-content/uploads/sites/2/2018/04/white-electronics-ns-img-dummy.png</wp:attachment_url>
		<wp:postmeta>
			<wp:meta_key>_wp_attached_file</wp:meta_key>
			<wp:meta_value><![CDATA[2018/04/white-electronics-ns-img-dummy.png]]></wp:meta_value>
		</wp:postmeta>
	</item>
	<item>
		<title>white-electronics-best</title>
		<link>http://dummy.xtemos.com/woodmart/demos/home-electronics-2/white-electronics-best/</link>
		<pubDate>Mon, 23 Apr 2018 08:41:01 +0000</pubDate>
		<dc:creator><![CDATA[erwin]]></dc:creator>
		<guid isPermaLink="false">http://dummy.xtemos.com/woodmart/demos/wp-content/uploads/sites/2/2018/04/white-electronics-best.svg</guid>
		<description></description>
		<content:encoded><![CDATA[]]></content:encoded>
		<excerpt:encoded><![CDATA[]]></excerpt:encoded>
		<wp:post_id>1493</wp:post_id>
		<wp:post_date>2018-04-23 08:41:01</wp:post_date>
		<wp:post_date_gmt>2018-04-23 08:41:01</wp:post_date_gmt>
		<wp:comment_status>open</wp:comment_status>
		<wp:ping_status>closed</wp:ping_status>
		<wp:post_name>white-electronics-best</wp:post_name>
		<wp:status>inherit</wp:status>
		<wp:post_parent>1477</wp:post_parent>
		<wp:menu_order>0</wp:menu_order>
		<wp:post_type>attachment</wp:post_type>
		<wp:post_password></wp:post_password>
		<wp:is_sticky>0</wp:is_sticky>
		<wp:attachment_url>http://dummy.xtemos.com/woodmart/demos/wp-content/uploads/sites/2/2018/04/white-electronics-best.svg</wp:attachment_url>
		<wp:postmeta>
			<wp:meta_key>_wp_attached_file</wp:meta_key>
			<wp:meta_value><![CDATA[2018/04/white-electronics-best.svg]]></wp:meta_value>
		</wp:postmeta>
	</item>
	<item>
		<title>white-electronics-newslatter-bg-dummy</title>
		<link>http://dummy.xtemos.com/woodmart/demos/home-electronics-2/white-electronics-newslatter-bg-dummy/</link>
		<pubDate>Mon, 23 Apr 2018 08:45:27 +0000</pubDate>
		<dc:creator><![CDATA[erwin]]></dc:creator>
		<guid isPermaLink="false">http://dummy.xtemos.com/woodmart/demos/wp-content/uploads/sites/2/2018/04/white-electronics-newslatter-bg-dummy.jpg</guid>
		<description></description>
		<content:encoded><![CDATA[]]></content:encoded>
		<excerpt:encoded><![CDATA[]]></excerpt:encoded>
		<wp:post_id>1496</wp:post_id>
		<wp:post_date>2018-04-23 08:45:27</wp:post_date>
		<wp:post_date_gmt>2018-04-23 08:45:27</wp:post_date_gmt>
		<wp:comment_status>open</wp:comment_status>
		<wp:ping_status>closed</wp:ping_status>
		<wp:post_name>white-electronics-newslatter-bg-dummy</wp:post_name>
		<wp:status>inherit</wp:status>
		<wp:post_parent>1477</wp:post_parent>
		<wp:menu_order>0</wp:menu_order>
		<wp:post_type>attachment</wp:post_type>
		<wp:post_password></wp:post_password>
		<wp:is_sticky>0</wp:is_sticky>
		<wp:attachment_url>http://dummy.xtemos.com/woodmart/demos/wp-content/uploads/sites/2/2018/04/white-electronics-newslatter-bg-dummy.jpg</wp:attachment_url>
		<wp:postmeta>
			<wp:meta_key>_wp_attached_file</wp:meta_key>
			<wp:meta_value><![CDATA[2018/04/white-electronics-newslatter-bg-dummy.jpg]]></wp:meta_value>
		</wp:postmeta>
	</item>
</channel>
</rss>
