<?xml version="1.0" encoding="UTF-8" ?>
<!-- This is a WordPress eXtended RSS file generated by WordPress as an export of your site. -->
<!-- It contains information about your site's posts, pages, comments, categories, and other content. -->
<!-- You may use this file to transfer that content from one site to another. -->
<!-- This file is not intended to serve as a complete backup of your site. -->

<!-- To import this information into a WordPress site follow these steps: -->
<!-- 1. Log in to that site as an administrator. -->
<!-- 2. Go to Tools: Import in the WordPress admin panel. -->
<!-- 3. Install the "WordPress" importer from the list. -->
<!-- 4. Activate & Run Importer. -->
<!-- 5. Upload this file using the form provided on that page. -->
<!-- 6. You will first be asked to map the authors in this export file to users -->
<!--    on the site. For each author, you may choose to map to an -->
<!--    existing user on the site or to create a new user. -->
<!-- 7. WordPress will then import each of the posts, pages, comments, categories, etc. -->
<!--    contained in this file into your site. -->

<!-- generator="WordPress/4.8" created="2017-07-13 07:37" -->
<rss version="2.0"
	xmlns:excerpt="http://wordpress.org/export/1.2/excerpt/"
	xmlns:content="http://purl.org/rss/1.0/modules/content/"
	xmlns:wfw="http://wellformedweb.org/CommentAPI/"
	xmlns:dc="http://purl.org/dc/elements/1.1/"
	xmlns:wp="http://wordpress.org/export/1.2/"
>

<channel>
	<title>Woodmart dummy demos</title>
	<link>http://dummy.xtemos.com/woodmart/demos</link>
	<description>Just another Woodmart Dummy Content Sites site</description>
	<pubDate>Thu, 13 Jul 2017 07:37:28 +0000</pubDate>
	<language>en-US</language>
	<wp:wxr_version>1.2</wp:wxr_version>
	<wp:base_site_url>http://dummy.xtemos.com/woodmart/</wp:base_site_url>
	<wp:base_blog_url>http://dummy.xtemos.com/woodmart/demos</wp:base_blog_url>

	<wp:author><wp:author_id>1</wp:author_id><wp:author_login>admin</wp:author_login><wp:author_email>se@as.as</wp:author_email><wp:author_display_name><![CDATA[admin]]></wp:author_display_name><wp:author_first_name><![CDATA[]]></wp:author_first_name><wp:author_last_name><![CDATA[]]></wp:author_last_name></wp:author>
	<wp:author><wp:author_id>2</wp:author_id><wp:author_login>erwin</wp:author_login><wp:author_email>ss@asas.as</wp:author_email><wp:author_display_name><![CDATA[erwin]]></wp:author_display_name><wp:author_first_name><![CDATA[]]></wp:author_first_name><wp:author_last_name><![CDATA[]]></wp:author_last_name></wp:author>


	<generator>https://wordpress.org/?v=4.8</generator>

	<item>
		<title>wood-gallery-placeholder-2</title>
		<link>http://dummy.xtemos.com/woodmart/demos/home-base/wood-gallery-placeholder-2/</link>
		<pubDate>Wed, 14 Jun 2017 11:33:26 +0000</pubDate>
		<dc:creator><![CDATA[admin]]></dc:creator>
		<guid isPermaLink="false">http://dummy.xtemos.com/woodmart/demos/wp-content/uploads/sites/2/2017/06/wood-gallery-placeholder-2.jpg</guid>
		<description></description>
		<content:encoded><![CDATA[]]></content:encoded>
		<excerpt:encoded><![CDATA[]]></excerpt:encoded>
		<wp:post_id>79</wp:post_id>
		<wp:post_date>2017-06-14 11:33:26</wp:post_date>
		<wp:post_date_gmt>2017-06-14 11:33:26</wp:post_date_gmt>
		<wp:comment_status>open</wp:comment_status>
		<wp:ping_status>closed</wp:ping_status>
		<wp:post_name>wood-gallery-placeholder-2</wp:post_name>
		<wp:status>inherit</wp:status>
		<wp:post_parent>57</wp:post_parent>
		<wp:menu_order>0</wp:menu_order>
		<wp:post_type>attachment</wp:post_type>
		<wp:post_password></wp:post_password>
		<wp:is_sticky>0</wp:is_sticky>
		<wp:attachment_url>http://dummy.xtemos.com/woodmart/demos/wp-content/uploads/sites/2/2017/06/wood-gallery-placeholder-2.jpg</wp:attachment_url>
		<wp:postmeta>
			<wp:meta_key>_wp_attached_file</wp:meta_key>
			<wp:meta_value><![CDATA[2017/06/wood-gallery-placeholder-2.jpg]]></wp:meta_value>
		</wp:postmeta>
	</item>
	<item>
		<title>wood-gallery-placeholder-3</title>
		<link>http://dummy.xtemos.com/woodmart/demos/home-base/wood-gallery-placeholder-3/</link>
		<pubDate>Wed, 14 Jun 2017 11:33:28 +0000</pubDate>
		<dc:creator><![CDATA[admin]]></dc:creator>
		<guid isPermaLink="false">http://dummy.xtemos.com/woodmart/demos/wp-content/uploads/sites/2/2017/06/wood-gallery-placeholder-3.jpg</guid>
		<description></description>
		<content:encoded><![CDATA[]]></content:encoded>
		<excerpt:encoded><![CDATA[]]></excerpt:encoded>
		<wp:post_id>80</wp:post_id>
		<wp:post_date>2017-06-14 11:33:28</wp:post_date>
		<wp:post_date_gmt>2017-06-14 11:33:28</wp:post_date_gmt>
		<wp:comment_status>open</wp:comment_status>
		<wp:ping_status>closed</wp:ping_status>
		<wp:post_name>wood-gallery-placeholder-3</wp:post_name>
		<wp:status>inherit</wp:status>
		<wp:post_parent>57</wp:post_parent>
		<wp:menu_order>0</wp:menu_order>
		<wp:post_type>attachment</wp:post_type>
		<wp:post_password></wp:post_password>
		<wp:is_sticky>0</wp:is_sticky>
		<wp:attachment_url>http://dummy.xtemos.com/woodmart/demos/wp-content/uploads/sites/2/2017/06/wood-gallery-placeholder-3.jpg</wp:attachment_url>
		<wp:postmeta>
			<wp:meta_key>_wp_attached_file</wp:meta_key>
			<wp:meta_value><![CDATA[2017/06/wood-gallery-placeholder-3.jpg]]></wp:meta_value>
		</wp:postmeta>
	</item>
	<item>
		<title>wood-gallery-placeholder-4</title>
		<link>http://dummy.xtemos.com/woodmart/demos/home-base/wood-gallery-placeholder-4/</link>
		<pubDate>Wed, 14 Jun 2017 11:33:30 +0000</pubDate>
		<dc:creator><![CDATA[admin]]></dc:creator>
		<guid isPermaLink="false">http://dummy.xtemos.com/woodmart/demos/wp-content/uploads/sites/2/2017/06/wood-gallery-placeholder-4.jpg</guid>
		<description></description>
		<content:encoded><![CDATA[]]></content:encoded>
		<excerpt:encoded><![CDATA[]]></excerpt:encoded>
		<wp:post_id>81</wp:post_id>
		<wp:post_date>2017-06-14 11:33:30</wp:post_date>
		<wp:post_date_gmt>2017-06-14 11:33:30</wp:post_date_gmt>
		<wp:comment_status>open</wp:comment_status>
		<wp:ping_status>closed</wp:ping_status>
		<wp:post_name>wood-gallery-placeholder-4</wp:post_name>
		<wp:status>inherit</wp:status>
		<wp:post_parent>57</wp:post_parent>
		<wp:menu_order>0</wp:menu_order>
		<wp:post_type>attachment</wp:post_type>
		<wp:post_password></wp:post_password>
		<wp:is_sticky>0</wp:is_sticky>
		<wp:attachment_url>http://dummy.xtemos.com/woodmart/demos/wp-content/uploads/sites/2/2017/06/wood-gallery-placeholder-4.jpg</wp:attachment_url>
		<wp:postmeta>
			<wp:meta_key>_wp_attached_file</wp:meta_key>
			<wp:meta_value><![CDATA[2017/06/wood-gallery-placeholder-4.jpg]]></wp:meta_value>
		</wp:postmeta>
	</item>
	<item>
		<title>team</title>
		<link>http://dummy.xtemos.com/woodmart/demos/team-member/team/</link>
		<pubDate>Tue, 04 Jul 2017 09:48:21 +0000</pubDate>
		<dc:creator><![CDATA[erwin]]></dc:creator>
		<guid isPermaLink="false">http://dummy.xtemos.com/woodmart/demos/wp-content/uploads/sites/2/2017/07/team.jpg</guid>
		<description></description>
		<content:encoded><![CDATA[]]></content:encoded>
		<excerpt:encoded><![CDATA[]]></excerpt:encoded>
		<wp:post_id>743</wp:post_id>
		<wp:post_date>2017-07-04 09:48:21</wp:post_date>
		<wp:post_date_gmt>2017-07-04 09:48:21</wp:post_date_gmt>
		<wp:comment_status>open</wp:comment_status>
		<wp:ping_status>closed</wp:ping_status>
		<wp:post_name>team</wp:post_name>
		<wp:status>inherit</wp:status>
		<wp:post_parent>741</wp:post_parent>
		<wp:menu_order>0</wp:menu_order>
		<wp:post_type>attachment</wp:post_type>
		<wp:post_password></wp:post_password>
		<wp:is_sticky>0</wp:is_sticky>
		<wp:attachment_url>http://dummy.xtemos.com/woodmart/demos/wp-content/uploads/sites/2/2017/07/team.jpg</wp:attachment_url>
		<wp:postmeta>
			<wp:meta_key>_wp_attached_file</wp:meta_key>
			<wp:meta_value><![CDATA[2017/07/team.jpg]]></wp:meta_value>
		</wp:postmeta>
	</item>
	<item>
		<title>Old About Us 2</title>
		<link>http://dummy.xtemos.com/woodmart/demos/about-us-2/</link>
		<pubDate>Thu, 13 Jul 2017 07:19:33 +0000</pubDate>
		<dc:creator><![CDATA[erwin]]></dc:creator>
		<guid isPermaLink="false">http://dummy.xtemos.com/woodmart/demos/?page_id=850</guid>
		<description></description>
		<content:encoded><![CDATA[[vc_row full_width="stretch_row_content_no_spaces" equal_height="yes" css=".vc_custom_1499679693574{margin-top: -40px !important;margin-bottom: 10vh !important;border-top-width: 1px !important;border-top-color: #efefef !important;border-top-style: solid !important;}"][vc_column css=".vc_custom_1497520246521{padding-top: 0px !important;}" offset="vc_col-lg-6 vc_col-md-12 vc_col-xs-12"][woodmart_gallery images="81,80,79" view="grid" spacing="2" columns="1" caption="" lightbox="" img_size="1200x1000"][/vc_column][vc_column woodmart_sticky_column="true" css=".vc_custom_1499677904738{padding-top: 8vh !important;padding-right: 5% !important;padding-left: 7% !important;}" offset="vc_col-lg-5 vc_col-md-8 vc_col-xs-12"][vc_custom_heading text="Welcome to our WoodMart website" font_container="tag:p|font_size:18|text_align:left|color:%23a3a3a3" use_theme_fonts="yes" css=".vc_custom_1490177669236{margin-bottom: 10px !important;}"][woodmart_title size="extra-large" align="left" title="01. About our studio" css=".vc_custom_1499676865249{margin-bottom: 20px !important;}"][vc_custom_heading text="Euismod phasellus ac lectus fusce parturient cubilia a nisi blandit sem cras nec tempor adipiscing rcu ullamcorper ligula." font_container="tag:p|font_size:24|text_align:left|color:%23212121" use_theme_fonts="yes"][vc_column_text 0="" css=".vc_custom_1499685215880{margin-bottom: 25px !important;padding-right: 5% !important;}" el_class="text-larger"]Justo elit non curae fermentum est dictumst rhoncus mauris placerat nunc luctus mattis torquent cum magnis ut a vestibulum mus sodales ultricies. A a duis venenatis sagittis dictumst ligula viverra auctor molestie facilisi vestibulum semper.

Ultricies eu consectetur vitae donec scelerisque ante a ut morbi aptent tincidunt est non sagittis ut. Ac viverra in consectetur nibh a commodo phasellus a parturient non fringilla cum.[/vc_column_text][vc_column_text css=".vc_custom_1499930859043{margin-bottom: 20px !important;padding-top: 0px !important;padding-bottom: 0px !important;}" el_class="bg-left"]<em><img class="alignnone size-full wp-image-852" style="margin-right: 8px" src="http://dummy.xtemos.com/woodmart/demos/wp-content/uploads/sites/2/2017/06/team-member-alt3-1-small.png" alt="Author" width="22" height="22" />by <strong class="color-primary">John Mcgonagall</strong> - CEO</em>[/vc_column_text][/vc_column][/vc_row][vc_row full_width="stretch_row_content_no_spaces" equal_height="yes" css=".vc_custom_1499681239398{margin-bottom: 10vh !important;padding-right: 5% !important;}"][vc_column woodmart_sticky_column="true" css=".vc_custom_1499679948409{padding-top: 6vh !important;padding-right: 5% !important;padding-left: 7% !important;}" offset="vc_col-lg-offset-1 vc_col-lg-5 vc_col-md-offset-1 vc_col-md-8 vc_col-xs-12"][vc_custom_heading text="Welcome to our WoodMart website" font_container="tag:p|font_size:18|text_align:left|color:%23a3a3a3" use_theme_fonts="yes" css=".vc_custom_1490177669236{margin-bottom: 10px !important;}"][woodmart_title size="extra-large" align="left" title="02. Developers team" css=".vc_custom_1499678711568{margin-bottom: 20px !important;}"][vc_custom_heading text="Euismod phasellus ac lectus fusce parturient cubilia a nisi blandit sem cras nec tempor adipiscing rcu ullamcorper ligula." font_container="tag:p|font_size:24|text_align:left|color:%23212121" use_theme_fonts="yes"][vc_column_text 0="" css=".vc_custom_1499679819048{margin-bottom: 25px !important;padding-right: 5% !important;}" el_class="text-larger"]Diam lacinia a inceptos parturient mattis ut ut condimentum rhoncus a consequat a ullamcorper leo lacinia convallis mattis elementum parturient curae et in montes a. Commodo metus id feugiat ad dis ultrices turpis varius id.[/vc_column_text][vc_column_text css=".vc_custom_1499930889192{margin-bottom: 20px !important;padding-top: 0px !important;padding-bottom: 0px !important;}" el_class="bg-left"]<em><img class="alignnone size-full wp-image-852" style="margin-right: 8px" src="http://dummy.xtemos.com/woodmart/demos/wp-content/uploads/sites/2/2017/06/team-member-alt3-1-small.png" alt="Author" width="22" height="22" />by <strong class="color-primary">John Mcgonagall</strong> - CEO</em>[/vc_column_text][/vc_column][vc_column offset="vc_col-lg-6 vc_col-md-12 vc_col-xs-12" css=".vc_custom_1499679370599{padding-top: 0px !important;}"][vc_row_inner][vc_column_inner width="1/2"][team_member name="John Doe" position="Junior Developer" image="743" align="center" woodmart_color_scheme="dark" size="small" style="colored" img_size="full" facebook="#" twitter="#" google_plus="#" linkedin="#"][/team_member][/vc_column_inner][vc_column_inner width="1/2" css=".vc_custom_1497519046604{padding-right: 3vh !important;padding-left: 3vh !important;}"][vc_empty_space height="70px" el_class="hidden-xs"][team_member name="Joahna Doe" position="Creative Director" image="743" align="center" woodmart_color_scheme="dark" size="small" style="colored" img_size="full" facebook="#" twitter="#" google_plus="#" linkedin="#"][/team_member][/vc_column_inner][/vc_row_inner][vc_row_inner][vc_column_inner width="1/2" css=".vc_custom_1497519063934{padding-right: 3vh !important;padding-left: 3vh !important;}"][vc_empty_space height="70px" el_class="hidden-xs"][team_member name="Joahna Doe" position="Creative Director" image="743" align="center" woodmart_color_scheme="dark" size="small" style="colored" img_size="full" facebook="#" twitter="#" google_plus="#" linkedin="#"][/team_member][/vc_column_inner][vc_column_inner width="1/2"][team_member name="John Doe" position="Junior Developer" image="743" align="center" woodmart_color_scheme="dark" size="small" style="colored" img_size="full" facebook="#" twitter="#" google_plus="#" linkedin="#"][/team_member][/vc_column_inner][/vc_row_inner][/vc_column][/vc_row][vc_row full_width="stretch_row_content_no_spaces" equal_height="yes"][vc_column offset="vc_col-lg-6 vc_col-xs-12"][woodmart_portfolio style="hover-inverse" columns="2" spacing="2" orderby="" order="" pagination="disable" posts_per_page="6"][/vc_column][vc_column woodmart_sticky_column="true" css=".vc_custom_1499680167008{padding-top: 8vh !important;padding-right: 5% !important;padding-left: 7% !important;}" offset="vc_col-lg-5 vc_col-md-8 vc_col-xs-12"][vc_custom_heading text="Welcome to our WoodMart website" font_container="tag:p|font_size:18|text_align:left|color:%23a3a3a3" use_theme_fonts="yes" css=".vc_custom_1490177669236{margin-bottom: 10px !important;}"][woodmart_title size="extra-large" align="left" title="03. Studio latest projects" css=".vc_custom_1499680220223{margin-bottom: 20px !important;}"][vc_custom_heading text="Euismod phasellus ac lectus fusce parturient cubilia a nisi blandit sem cras nec tempor adipiscing rcu ullamcorper ligula." font_container="tag:p|font_size:24|text_align:left|color:%23212121" use_theme_fonts="yes"][vc_column_text 0="" css=".vc_custom_1499685232222{margin-bottom: 20px !important;padding-right: 5% !important;}" el_class="text-larger"]Justo elit non curae fermentum est dictumst rhoncus mauris placerat nunc luctus mattis torquent cum magnis ut a vestibulum mus sodales ultricies. A a duis venenatis sagittis dictumst ligula viverra auctor molestie facilisi vestibulum semper. Ac viverra in consectetur nibh a commodo phasellus a parturient non fringilla cum.[/vc_column_text][vc_column_text css=".vc_custom_1499930893858{margin-bottom: 20px !important;padding-top: 0px !important;padding-bottom: 0px !important;}" el_class="bg-left"]<em><img class="alignnone size-full wp-image-852" style="margin-right: 8px" src="http://dummy.xtemos.com/woodmart/demos/wp-content/uploads/sites/2/2017/06/team-member-alt3-1-small.png" alt="Author" width="22" height="22" />by <strong class="color-primary">John Mcgonagall</strong> - CEO</em>[/vc_column_text][/vc_column][/vc_row]]]></content:encoded>
		<excerpt:encoded><![CDATA[]]></excerpt:encoded>
		<wp:post_id>850</wp:post_id>
		<wp:post_date>2017-07-13 07:19:33</wp:post_date>
		<wp:post_date_gmt>2017-07-13 07:19:33</wp:post_date_gmt>
		<wp:comment_status>closed</wp:comment_status>
		<wp:ping_status>closed</wp:ping_status>
		<wp:post_name>about-us-2</wp:post_name>
		<wp:status>publish</wp:status>
		<wp:post_parent>0</wp:post_parent>
		<wp:menu_order>0</wp:menu_order>
		<wp:post_type>page</wp:post_type>
		<wp:post_password></wp:post_password>
		<wp:is_sticky>0</wp:is_sticky>
		<wp:postmeta>
			<wp:meta_key>_wp_page_template</wp:meta_key>
			<wp:meta_value><![CDATA[default]]></wp:meta_value>
		</wp:postmeta>
		<wp:postmeta>
			<wp:meta_key>_wpb_shortcodes_custom_css</wp:meta_key>
			<wp:meta_value><![CDATA[.vc_custom_1499679693574{margin-top: -40px !important;margin-bottom: 10vh !important;border-top-width: 1px !important;border-top-color: #efefef !important;border-top-style: solid !important;}.vc_custom_1499681239398{margin-bottom: 10vh !important;padding-right: 5% !important;}.vc_custom_1497520246521{padding-top: 0px !important;}.vc_custom_1499677904738{padding-top: 8vh !important;padding-right: 5% !important;padding-left: 7% !important;}.vc_custom_1490177669236{margin-bottom: 10px !important;}.vc_custom_1499676865249{margin-bottom: 20px !important;}.vc_custom_1499685215880{margin-bottom: 25px !important;padding-right: 5% !important;}.vc_custom_1499930859043{margin-bottom: 20px !important;padding-top: 0px !important;padding-bottom: 0px !important;}.vc_custom_1499679948409{padding-top: 6vh !important;padding-right: 5% !important;padding-left: 7% !important;}.vc_custom_1499679370599{padding-top: 0px !important;}.vc_custom_1490177669236{margin-bottom: 10px !important;}.vc_custom_1499678711568{margin-bottom: 20px !important;}.vc_custom_1499679819048{margin-bottom: 25px !important;padding-right: 5% !important;}.vc_custom_1499930889192{margin-bottom: 20px !important;padding-top: 0px !important;padding-bottom: 0px !important;}.vc_custom_1497519046604{padding-right: 3vh !important;padding-left: 3vh !important;}.vc_custom_1497519063934{padding-right: 3vh !important;padding-left: 3vh !important;}.vc_custom_1499680167008{padding-top: 8vh !important;padding-right: 5% !important;padding-left: 7% !important;}.vc_custom_1490177669236{margin-bottom: 10px !important;}.vc_custom_1499680220223{margin-bottom: 20px !important;}.vc_custom_1499685232222{margin-bottom: 20px !important;padding-right: 5% !important;}.vc_custom_1499930893858{margin-bottom: 20px !important;padding-top: 0px !important;padding-bottom: 0px !important;}]]></wp:meta_value>
		</wp:postmeta>
		<wp:postmeta>
			<wp:meta_key>_woodmart_main_layout</wp:meta_key>
			<wp:meta_value><![CDATA[full-width]]></wp:meta_value>
		</wp:postmeta>
		<wp:postmeta>
			<wp:meta_key>_woodmart_header</wp:meta_key>
			<wp:meta_value><![CDATA[shop]]></wp:meta_value>
		</wp:postmeta>
		<wp:postmeta>
			<wp:meta_key>_woodmart_header_color_scheme</wp:meta_key>
			<wp:meta_value><![CDATA[inherit]]></wp:meta_value>
		</wp:postmeta>
		<wp:postmeta>
			<wp:meta_key>_woodmart_title_off</wp:meta_key>
			<wp:meta_value><![CDATA[on]]></wp:meta_value>
		</wp:postmeta>
	</item>
</channel>
</rss>
