<?xml version="1.0" encoding="UTF-8" ?>
<!-- This is a WordPress eXtended RSS file generated by WordPress as an export of your site. -->
<!-- It contains information about your site's posts, pages, comments, categories, and other content. -->
<!-- You may use this file to transfer that content from one site to another. -->
<!-- This file is not intended to serve as a complete backup of your site. -->

<!-- To import this information into a WordPress site follow these steps: -->
<!-- 1. Log in to that site as an administrator. -->
<!-- 2. Go to Tools: Import in the WordPress admin panel. -->
<!-- 3. Install the "WordPress" importer from the list. -->
<!-- 4. Activate & Run Importer. -->
<!-- 5. Upload this file using the form provided on that page. -->
<!-- 6. You will first be asked to map the authors in this export file to users -->
<!--    on the site. For each author, you may choose to map to an -->
<!--    existing user on the site or to create a new user. -->
<!-- 7. WordPress will then import each of the posts, pages, comments, categories, etc. -->
<!--    contained in this file into your site. -->

	<!-- generator="WordPress/5.4.4" created="2021-03-30 14:15" -->
<rss version="2.0"
	xmlns:excerpt="http://wordpress.org/export/1.2/excerpt/"
	xmlns:content="http://purl.org/rss/1.0/modules/content/"
	xmlns:wfw="http://wellformedweb.org/CommentAPI/"
	xmlns:dc="http://purl.org/dc/elements/1.1/"
	xmlns:wp="http://wordpress.org/export/1.2/"
>

<channel>
	<title>Woodmart dummy demos</title>
	<link>http://dummy.xtemos.com/woodmart-elementor/demos</link>
	<description>Just another Woodmart Dummy Content Sites site</description>
	<pubDate>Tue, 30 Mar 2021 14:15:30 +0000</pubDate>
	<language>en-US</language>
	<wp:wxr_version>1.2</wp:wxr_version>
	<wp:base_site_url>http://dummy.xtemos.com/woodmart-elementor/</wp:base_site_url>
	<wp:base_blog_url>http://dummy.xtemos.com/woodmart-elementor/demos</wp:base_blog_url>

		<wp:author><wp:author_id>2</wp:author_id><wp:author_login>erwin</wp:author_login><wp:author_email>ss@asas.as</wp:author_email><wp:author_display_name><![CDATA[erwin]]></wp:author_display_name><wp:author_first_name><![CDATA[]]></wp:author_first_name><wp:author_last_name><![CDATA[]]></wp:author_last_name></wp:author>

				
	<generator>https://wordpress.org/?v=5.4.4</generator>

		<item>
		<title>
				wood-gallery-placeholder-2		</title>
		<link>http://dummy.xtemos.com/woodmart-elementor/demos/home-base/wood-gallery-placeholder-2/</link>
		<pubDate>Wed, 14 Jun 2017 11:33:26 +0000</pubDate>
		<dc:creator><![CDATA[admin]]></dc:creator>
		<guid isPermaLink="false">http://dummy.xtemos.com/woodmart-elementor/demos/wp-content/uploads/sites/2/2017/06/wood-gallery-placeholder-2.jpg</guid>
		<description></description>
		<content:encoded><![CDATA[]]></content:encoded>
		<excerpt:encoded><![CDATA[]]></excerpt:encoded>
		<wp:post_id>79</wp:post_id>
		<wp:post_date>2017-06-14 11:33:26</wp:post_date>
		<wp:post_date_gmt>2017-06-14 11:33:26</wp:post_date_gmt>
		<wp:comment_status>open</wp:comment_status>
		<wp:ping_status>closed</wp:ping_status>
		<wp:post_name>wood-gallery-placeholder-2</wp:post_name>
		<wp:status>inherit</wp:status>
		<wp:post_parent>57</wp:post_parent>
		<wp:menu_order>0</wp:menu_order>
		<wp:post_type>attachment</wp:post_type>
		<wp:post_password></wp:post_password>
		<wp:is_sticky>0</wp:is_sticky>
						<wp:attachment_url>http://dummy.xtemos.com/woodmart-elementor/demos/wp-content/uploads/sites/2/2017/06/wood-gallery-placeholder-2.jpg</wp:attachment_url>
												<wp:postmeta>
			<wp:meta_key>_wp_attached_file</wp:meta_key>
			<wp:meta_value><![CDATA[2017/06/wood-gallery-placeholder-2.jpg]]></wp:meta_value>
		</wp:postmeta>
						</item>
					<item>
		<title>
				wood-gallery-placeholder-3		</title>
		<link>http://dummy.xtemos.com/woodmart-elementor/demos/home-base/wood-gallery-placeholder-3/</link>
		<pubDate>Wed, 14 Jun 2017 11:33:28 +0000</pubDate>
		<dc:creator><![CDATA[admin]]></dc:creator>
		<guid isPermaLink="false">http://dummy.xtemos.com/woodmart-elementor/demos/wp-content/uploads/sites/2/2017/06/wood-gallery-placeholder-3.jpg</guid>
		<description></description>
		<content:encoded><![CDATA[]]></content:encoded>
		<excerpt:encoded><![CDATA[]]></excerpt:encoded>
		<wp:post_id>80</wp:post_id>
		<wp:post_date>2017-06-14 11:33:28</wp:post_date>
		<wp:post_date_gmt>2017-06-14 11:33:28</wp:post_date_gmt>
		<wp:comment_status>open</wp:comment_status>
		<wp:ping_status>closed</wp:ping_status>
		<wp:post_name>wood-gallery-placeholder-3</wp:post_name>
		<wp:status>inherit</wp:status>
		<wp:post_parent>57</wp:post_parent>
		<wp:menu_order>0</wp:menu_order>
		<wp:post_type>attachment</wp:post_type>
		<wp:post_password></wp:post_password>
		<wp:is_sticky>0</wp:is_sticky>
						<wp:attachment_url>http://dummy.xtemos.com/woodmart-elementor/demos/wp-content/uploads/sites/2/2017/06/wood-gallery-placeholder-3.jpg</wp:attachment_url>
												<wp:postmeta>
			<wp:meta_key>_wp_attached_file</wp:meta_key>
			<wp:meta_value><![CDATA[2017/06/wood-gallery-placeholder-3.jpg]]></wp:meta_value>
		</wp:postmeta>
						</item>
					<item>
		<title>
				wood-gallery-placeholder-4		</title>
		<link>http://dummy.xtemos.com/woodmart-elementor/demos/home-base/wood-gallery-placeholder-4/</link>
		<pubDate>Wed, 14 Jun 2017 11:33:30 +0000</pubDate>
		<dc:creator><![CDATA[admin]]></dc:creator>
		<guid isPermaLink="false">http://dummy.xtemos.com/woodmart-elementor/demos/wp-content/uploads/sites/2/2017/06/wood-gallery-placeholder-4.jpg</guid>
		<description></description>
		<content:encoded><![CDATA[]]></content:encoded>
		<excerpt:encoded><![CDATA[]]></excerpt:encoded>
		<wp:post_id>81</wp:post_id>
		<wp:post_date>2017-06-14 11:33:30</wp:post_date>
		<wp:post_date_gmt>2017-06-14 11:33:30</wp:post_date_gmt>
		<wp:comment_status>open</wp:comment_status>
		<wp:ping_status>closed</wp:ping_status>
		<wp:post_name>wood-gallery-placeholder-4</wp:post_name>
		<wp:status>inherit</wp:status>
		<wp:post_parent>57</wp:post_parent>
		<wp:menu_order>0</wp:menu_order>
		<wp:post_type>attachment</wp:post_type>
		<wp:post_password></wp:post_password>
		<wp:is_sticky>0</wp:is_sticky>
						<wp:attachment_url>http://dummy.xtemos.com/woodmart-elementor/demos/wp-content/uploads/sites/2/2017/06/wood-gallery-placeholder-4.jpg</wp:attachment_url>
												<wp:postmeta>
			<wp:meta_key>_wp_attached_file</wp:meta_key>
			<wp:meta_value><![CDATA[2017/06/wood-gallery-placeholder-4.jpg]]></wp:meta_value>
		</wp:postmeta>
						</item>
					<item>
		<title>
				team		</title>
		<link>http://dummy.xtemos.com/woodmart-elementor/demos/team-member/team/</link>
		<pubDate>Tue, 04 Jul 2017 09:48:21 +0000</pubDate>
		<dc:creator><![CDATA[erwin]]></dc:creator>
		<guid isPermaLink="false">http://dummy.xtemos.com/woodmart-elementor/demos/wp-content/uploads/sites/2/2017/07/team.jpg</guid>
		<description></description>
		<content:encoded><![CDATA[]]></content:encoded>
		<excerpt:encoded><![CDATA[]]></excerpt:encoded>
		<wp:post_id>743</wp:post_id>
		<wp:post_date>2017-07-04 09:48:21</wp:post_date>
		<wp:post_date_gmt>2017-07-04 09:48:21</wp:post_date_gmt>
		<wp:comment_status>open</wp:comment_status>
		<wp:ping_status>closed</wp:ping_status>
		<wp:post_name>team</wp:post_name>
		<wp:status>inherit</wp:status>
		<wp:post_parent>741</wp:post_parent>
		<wp:menu_order>0</wp:menu_order>
		<wp:post_type>attachment</wp:post_type>
		<wp:post_password></wp:post_password>
		<wp:is_sticky>0</wp:is_sticky>
						<wp:attachment_url>http://dummy.xtemos.com/woodmart-elementor/demos/wp-content/uploads/sites/2/2017/07/team.jpg</wp:attachment_url>
												<wp:postmeta>
			<wp:meta_key>_wp_attached_file</wp:meta_key>
			<wp:meta_value><![CDATA[2017/07/team.jpg]]></wp:meta_value>
		</wp:postmeta>
						</item>
					<item>
		<title>Old About Us 2</title>
		<link>http://dummy.xtemos.com/woodmart-elementor/demos/about-us-2/</link>
		<pubDate>Thu, 13 Jul 2017 07:19:33 +0000</pubDate>
		<dc:creator><![CDATA[erwin]]></dc:creator>
		<guid isPermaLink="false">http://dummy.xtemos.com/woodmart-elementor/demos/?page_id=850</guid>
		<description></description>
		<content:encoded><![CDATA[ 						 					
													
														
													
													
														
													
													
														
											]]></content:encoded>
		<excerpt:encoded><![CDATA[]]></excerpt:encoded>
		<wp:post_id>850</wp:post_id>
		<wp:post_date>2017-07-13 07:19:33</wp:post_date>
		<wp:post_date_gmt>2017-07-13 07:19:33</wp:post_date_gmt>
		<wp:comment_status>closed</wp:comment_status>
		<wp:ping_status>closed</wp:ping_status>
		<wp:post_name>about-us-2</wp:post_name>
		<wp:status>publish</wp:status>
		<wp:post_parent>0</wp:post_parent>
		<wp:menu_order>0</wp:menu_order>
		<wp:post_type>page</wp:post_type>
		<wp:post_password></wp:post_password>
		<wp:is_sticky>0</wp:is_sticky>
														<wp:postmeta>
			<wp:meta_key>_wp_page_template</wp:meta_key>
			<wp:meta_value><![CDATA[default]]></wp:meta_value>
		</wp:postmeta>
							<wp:postmeta>
			<wp:meta_key>_woodmart_main_layout</wp:meta_key>
			<wp:meta_value><![CDATA[full-width]]></wp:meta_value>
		</wp:postmeta>
							<wp:postmeta>
			<wp:meta_key>_woodmart_header</wp:meta_key>
			<wp:meta_value><![CDATA[shop]]></wp:meta_value>
		</wp:postmeta>
							<wp:postmeta>
			<wp:meta_key>_woodmart_header_color_scheme</wp:meta_key>
			<wp:meta_value><![CDATA[inherit]]></wp:meta_value>
		</wp:postmeta>
							<wp:postmeta>
			<wp:meta_key>_woodmart_title_off</wp:meta_key>
			<wp:meta_value><![CDATA[on]]></wp:meta_value>
		</wp:postmeta>
							<wp:postmeta>
			<wp:meta_key>_elementor_data</wp:meta_key>
			<wp:meta_value><![CDATA[[{"id":"5915214","elType":"section","settings":{"wd_section_stretch":"stretch-content","equal_height":"yes","border_width":{"top":"1","left":"0","right":"0","bottom":"0","unit":"px","isLinked":""},"border_border":"solid","border_color":"#efefef","structure":"20","gap":"no","margin":{"unit":"px","top":"-40","right":"0","bottom":"90","left":"0","isLinked":""},"padding":{"unit":"px","top":"0","right":"0","bottom":"0","left":"0","isLinked":""}},"elements":[{"id":"1806576","elType":"column","settings":{"_column_size":"50","_inline_size_tablet":"100","_inline_size_mobile":"100","column_sticky_offset":"50","scroll_y":"-80"},"elements":[{"id":"2175120","elType":"widget","settings":{"ids_size":"custom","ids":[{"id":"81","url":""},{"id":"80","url":""},{"id":"79","url":""}],"spacing":"2","columns":{"size":"1","unit":"px","sizes":[]},"caption":"","lightbox":"","ids_custom_dimension":{"width":"1200","height":"1000"},"scroll_y":"-80"},"elements":[],"widgetType":"wd_images_gallery"}],"isInner":""},{"id":"5876985","elType":"column","settings":{"_column_size":"50","column_sticky":"sticky-column","_inline_size_tablet":"100","_inline_size_mobile":"100","padding":{"unit":"%","top":"","right":"","bottom":"","left":"","isLinked":"1"},"column_sticky_offset":"150","scroll_y":"-80","padding_tablet":{"unit":"%","top":"","right":"","bottom":"","left":"","isLinked":"1"}},"elements":[{"id":"9546039","elType":"section","settings":{"padding":{"unit":"%","top":"14","right":"5","bottom":"0","left":"6","isLinked":""},"padding_tablet":{"unit":"%","top":"15","right":"5","bottom":"0","left":"5","isLinked":""}},"elements":[{"id":"71e44f3","elType":"column","settings":{"_column_size":"100","_inline_size":"","column_sticky_offset":"50","scroll_y":"-80"},"elements":[{"id":"6535372","elType":"widget","settings":{"subtitle":"Welcome to our WoodMart website","after_title":"","image_size":"custom","size":"extra-large","align":"left","title":"01. About our studio","scroll_y":"-80"},"elements":[],"widgetType":"wd_title"},{"id":"413bb81","elType":"widget","settings":{"editor":"<p>Euismod phasellus ac lectus fusce parturient cubilia a nisi blandit sem cras nec tempor adipiscing rcu ullamcorper ligula.<\/p>","wd_color_scheme":"dark","text_color":"#212121","typography_typography":"custom","typography_font_size":{"unit":"px","size":"24","sizes":[]},"wd_content_width":{"unit":"px","size":"670","sizes":[]},"scroll_y":"-80"},"elements":[],"widgetType":"text-editor"},{"id":"933910","elType":"widget","settings":{"typography_typography":"custom","align":"left","el_class":"text-larger","editor":"<p>Justo elit non curae fermentum est dictumst rhoncus mauris placerat nunc luctus mattis torquent cum magnis ut a vestibulum mus sodales ultricies. A a duis venenatis sagittis dictumst ligula viverra auctor molestie facilisi vestibulum semper.<\/p>\n<p>Ultricies eu consectetur vitae donec scelerisque ante a ut morbi aptent tincidunt est non sagittis ut. Ac viverra in consectetur nibh a commodo phasellus a parturient non fringilla cum.<\/p>\n","typography_font_size":{"unit":"px","size":"15","sizes":[]},"wd_content_width":{"unit":"px","size":"642","sizes":[]},"scroll_y":"-80"},"elements":[],"widgetType":"text-editor"},{"id":"3a43202","elType":"widget","settings":{"image":{"url":"http:\/\/dummy.xtemos.com\/woodmart-elementor\/demos\/wp-content\/uploads\/sites\/2\/2017\/06\/team-member-alt3-1-small.png","id":"852"},"image_size":"custom","image_custom_dimension":{"width":"22","height":"22"},"align":"left","_margin":{"unit":"px","top":"0","right":"8","bottom":"0","left":"0","isLinked":""},"scroll_y":"-80","_element_width":"auto"},"elements":[],"widgetType":"image"},{"id":"7199084","elType":"widget","settings":{"typography_typography":"custom","align":"left","el_class":"bg-left","editor":"<p>by <em><span style=\"color: #83b735\"><b>John Mcgonagall<\/b><\/span>- CEO<\/em><\/p>","scroll_y":"-80","_element_width":"auto"},"elements":[],"widgetType":"text-editor"}],"isInner":"1"}],"isInner":"1"}],"isInner":""}],"isInner":""},{"id":"6925506","elType":"section","settings":{"wd_section_stretch":"stretch-content","equal_height":"yes","structure":"20","margin":{"unit":"px","top":"0","right":"0","bottom":"90","left":"0","isLinked":""},"padding":{"unit":"%","top":"0","right":"5","bottom":"0","left":"0","isLinked":""},"margin_tablet":{"unit":"px","top":"0","right":"0","bottom":"110","left":"0","isLinked":""}},"elements":[{"id":"5899758","elType":"column","settings":{"_column_size":"50","column_sticky":"sticky-column","_inline_size_tablet":"100","_inline_size_mobile":"100","margin":{"unit":"%","top":"","right":"","bottom":"","left":"","isLinked":"1"},"padding":{"unit":"%","top":"","right":"","bottom":"","left":"","isLinked":"1"},"column_sticky_offset":"150","scroll_y":"-80","padding_tablet":{"unit":"%","top":"","right":"","bottom":"","left":"","isLinked":"1"}},"elements":[{"id":"1d1ad49","elType":"section","settings":{"margin":{"unit":"%","top":"0","right":"0","bottom":"0","left":"15","isLinked":""},"margin_tablet":{"unit":"px","top":"0","right":"0","bottom":"20","left":"0","isLinked":""},"padding":{"unit":"%","top":"8","right":"5","bottom":"0","left":"6","isLinked":""},"padding_tablet":{"unit":"%","top":"0","right":"6","bottom":"0","left":"6","isLinked":""}},"elements":[{"id":"be7c0fd","elType":"column","settings":{"_column_size":"100","_inline_size":"","column_sticky_offset":"50","scroll_y":"-80"},"elements":[{"id":"4986618","elType":"widget","settings":{"subtitle":"Welcome to our WoodMart website","after_title":"","image_size":"custom","size":"extra-large","align":"left","title":"02. Developers team","scroll_y":"-80"},"elements":[],"widgetType":"wd_title"},{"id":"b2ec82a","elType":"widget","settings":{"editor":"<p>Euismod phasellus ac lectus fusce parturient cubilia a nisi blandit sem cras nec tempor adipiscing rcu ullamcorper ligula.<\/p>","wd_color_scheme":"dark","text_color":"#212121","typography_typography":"custom","typography_font_size":{"unit":"px","size":"24","sizes":[]},"wd_content_width":{"unit":"px","size":"","sizes":[]},"scroll_y":"-80"},"elements":[],"widgetType":"text-editor"},{"id":"5717540","elType":"widget","settings":{"typography_typography":"custom","align":"left","el_class":"text-larger","editor":"<p>Diam lacinia a inceptos parturient mattis ut ut condimentum rhoncus a consequat a ullamcorper leo lacinia convallis mattis elementum parturient curae et in montes a.\u00a0Commodo metus id feugiat ad dis ultrices turpis varius id.<\/p>\n","typography_font_size":{"unit":"px","size":"15","sizes":[]},"wd_content_width":{"unit":"px","size":"","sizes":[]},"scroll_y":"-80"},"elements":[],"widgetType":"text-editor"},{"id":"e49133d","elType":"widget","settings":{"image":{"url":"http:\/\/dummy.xtemos.com\/woodmart-elementor\/demos\/wp-content\/uploads\/sites\/2\/2017\/06\/team-member-alt3-1-small.png","id":"852"},"image_size":"custom","image_custom_dimension":{"width":"22","height":"22"},"align":"left","_margin":{"unit":"px","top":"0","right":"8","bottom":"0","left":"0","isLinked":""},"scroll_y":"-80","_element_width":"auto"},"elements":[],"widgetType":"image"},{"id":"dbb21f4","elType":"widget","settings":{"typography_typography":"custom","align":"left","el_class":"bg-left","editor":"<p><i>by <span style=\"color: #83b735\"><b>John Mcgonagall<\/b><\/span><\/i><em>- CEO<\/em><\/p>","scroll_y":"-80","_element_width":"auto"},"elements":[],"widgetType":"text-editor"}],"isInner":"1"}],"isInner":"1"}],"isInner":""},{"id":"6259314","elType":"column","settings":{"_column_size":"50","_inline_size_tablet":"100","_inline_size_mobile":"100","padding":{"unit":"px","top":"0","right":"0","bottom":"0","left":"0","isLinked":""},"column_sticky_offset":"50","scroll_y":"-80"},"elements":[{"id":"2157038","elType":"section","settings":{"structure":"20","gap":"no","margin":{"unit":"px","top":"0","right":"0","bottom":"35","left":"0","isLinked":""}},"elements":[{"id":"7974258","elType":"column","settings":{"_column_size":"50","column_sticky_offset":"50","scroll_y":"-80"},"elements":[{"id":"9790163","elType":"widget","settings":{"content":"","name":"John Doe","position":"Junior Developer","image":{"id":"743","url":""},"align":"center","woodmart_color_scheme":"dark","size":"small","style":"colored","image_size":"full","facebook":"#","twitter":"#","google_plus":"#","linkedin":"#","skype":"","instagram":"","scroll_y":"-80"},"elements":[],"widgetType":"wd_team_member"}],"isInner":"1"},{"id":"4266560","elType":"column","settings":{"_column_size":"50","margin":{"unit":"px","top":"60","right":"0","bottom":"0","left":"0","isLinked":""},"padding":{"unit":"%","top":"0","right":"7","bottom":"0","left":"7","isLinked":""},"column_sticky_offset":"50","scroll_y":"-80","margin_mobile":{"unit":"px","top":"40","right":"0","bottom":"0","left":"0","isLinked":""}},"elements":[{"id":"7608959","elType":"widget","settings":{"content":"","name":"Joahna Doe","position":"Creative Director","image":{"id":"743","url":""},"align":"center","woodmart_color_scheme":"dark","size":"small","style":"colored","image_size":"full","facebook":"#","twitter":"#","google_plus":"#","linkedin":"#","skype":"","instagram":"","scroll_y":"-80"},"elements":[],"widgetType":"wd_team_member"}],"isInner":""}],"isInner":"1"},{"id":"4576002","elType":"section","settings":{"structure":"20","gap":"no"},"elements":[{"id":"5163241","elType":"column","settings":{"_column_size":"50","margin":{"unit":"px","top":"60","right":"0","bottom":"0","left":"0","isLinked":""},"padding":{"unit":"%","top":"0","right":"7","bottom":"0","left":"7","isLinked":""},"column_sticky_offset":"50","scroll_y":"-80","margin_mobile":{"unit":"px","top":"40","right":"0","bottom":"40","left":"0","isLinked":""}},"elements":[{"id":"7935592","elType":"widget","settings":{"content":"","name":"Joahna Doe","position":"Creative Director","image":{"id":"743","url":""},"align":"center","woodmart_color_scheme":"dark","size":"small","style":"colored","image_size":"full","facebook":"#","twitter":"#","google_plus":"#","linkedin":"#","skype":"","instagram":"","scroll_y":"-80"},"elements":[],"widgetType":"wd_team_member"}],"isInner":"1"},{"id":"9896008","elType":"column","settings":{"_column_size":"50","column_sticky_offset":"50","scroll_y":"-80"},"elements":[{"id":"1997208","elType":"widget","settings":{"content":"","name":"John Doe","position":"Junior Developer","image":{"id":"743","url":""},"align":"center","woodmart_color_scheme":"dark","size":"small","style":"colored","image_size":"full","facebook":"#","twitter":"#","google_plus":"#","linkedin":"#","skype":"","instagram":"","scroll_y":"-80"},"elements":[],"widgetType":"wd_team_member"}],"isInner":""}],"isInner":"1"}],"isInner":""}],"isInner":""},{"id":"4968093","elType":"section","settings":{"wd_section_stretch":"stretch-content","equal_height":"yes","structure":"20","padding":{"unit":"px","top":"0","right":"0","bottom":"0","left":"0","isLinked":""}},"elements":[{"id":"1393894","elType":"column","settings":{"_column_size":"50","_inline_size_tablet":"100","_inline_size_mobile":"100","column_sticky_offset":"50","scroll_y":"-80"},"elements":[{"id":"8914513","elType":"widget","settings":{"style":"hover-inverse","columns":{"size":"2","unit":"px","sizes":[]},"spacing":"2","pagination":"disable","posts_per_page":"6","scroll_y":"-80"},"elements":[],"widgetType":"wd_portfolio"}],"isInner":""},{"id":"5938161","elType":"column","settings":{"_column_size":"50","column_sticky":"sticky-column","_inline_size_tablet":"100","_inline_size_mobile":"100","padding":{"unit":"%","top":"","right":"","bottom":"","left":"","isLinked":"1"},"column_sticky_offset":"150","scroll_y":"-80"},"elements":[{"id":"75c257e","elType":"section","settings":{"padding":{"unit":"%","top":"8","right":"5","bottom":"0","left":"6","isLinked":""}},"elements":[{"id":"3e15d1a","elType":"column","settings":{"_column_size":"100","_inline_size":"","column_sticky_offset":"50","scroll_y":"-80"},"elements":[{"id":"7819873","elType":"widget","settings":{"subtitle":"Welcome to our WoodMart website","after_title":"","image_size":"custom","size":"extra-large","align":"left","title":"03. Studio latest projects","scroll_y":"-80"},"elements":[],"widgetType":"wd_title"},{"id":"40e861a","elType":"widget","settings":{"editor":"<p>Euismod phasellus ac lectus fusce parturient cubilia a nisi blandit sem cras nec tempor adipiscing rcu ullamcorper ligula.<\/p>","wd_color_scheme":"dark","text_color":"#212121","typography_typography":"custom","typography_font_size":{"unit":"px","size":"24","sizes":[]},"wd_content_width":{"unit":"px","size":"670","sizes":[]},"scroll_y":"-80"},"elements":[],"widgetType":"text-editor"},{"id":"2921775","elType":"widget","settings":{"typography_typography":"custom","align":"left","el_class":"text-larger","editor":"<p>Justo elit non curae fermentum est dictumst rhoncus mauris placerat nunc luctus mattis torquent cum magnis ut a vestibulum mus sodales ultricies. A a duis venenatis sagittis dictumst ligula viverra auctor molestie facilisi vestibulum semper. Ac viverra in consectetur nibh a commodo phasellus a parturient non fringilla cum.<\/p>\n","typography_font_size":{"unit":"px","size":"15","sizes":[]},"wd_content_width":{"unit":"px","size":"642","sizes":[]},"scroll_y":"-80"},"elements":[],"widgetType":"text-editor"},{"id":"205bbf0","elType":"widget","settings":{"image":{"url":"http:\/\/dummy.xtemos.com\/woodmart-elementor\/demos\/wp-content\/uploads\/sites\/2\/2017\/06\/team-member-alt3-1-small.png","id":"852"},"image_size":"custom","image_custom_dimension":{"width":"22","height":"22"},"align":"left","_margin":{"unit":"px","top":"0","right":"8","bottom":"0","left":"0","isLinked":""},"scroll_y":"-80","_element_width":"auto"},"elements":[],"widgetType":"image"},{"id":"c463ed2","elType":"widget","settings":{"typography_typography":"custom","align":"left","el_class":"bg-left","editor":"<p><i>by <\/i><span style=\"color: #83b735\"><em><b>John Mcgonagall<\/b><\/em><\/span><em>- CEO<\/em><\/p>","scroll_y":"-80","_element_width":"auto"},"elements":[],"widgetType":"text-editor"}],"isInner":"1"}],"isInner":"1"}],"isInner":""}],"isInner":""}]]]></wp:meta_value>
		</wp:postmeta>
							<wp:postmeta>
			<wp:meta_key>_elementor_edit_mode</wp:meta_key>
			<wp:meta_value><![CDATA[builder]]></wp:meta_value>
		</wp:postmeta>
							<wp:postmeta>
			<wp:meta_key>_elementor_version</wp:meta_key>
			<wp:meta_value><![CDATA[2.9.11]]></wp:meta_value>
		</wp:postmeta>
							<wp:postmeta>
			<wp:meta_key>_elementor_template_type</wp:meta_key>
			<wp:meta_value><![CDATA[wp-page]]></wp:meta_value>
		</wp:postmeta>
							<wp:postmeta>
			<wp:meta_key>_elementor_controls_usage</wp:meta_key>
			<wp:meta_value><![CDATA[a:8:{s:17:"wd_images_gallery";a:3:{s:5:"count";i:1;s:15:"control_percent";i:3;s:8:"controls";a:3:{s:7:"content";a:2:{s:23:"general_content_section";a:3:{s:8:"ids_size";i:1;s:3:"ids";i:1;s:20:"ids_custom_dimension";i:1;}s:20:"click_action_section";a:1:{s:7:"caption";i:1;}}s:5:"style";a:1:{s:20:"layout_style_section";a:2:{s:7:"spacing";i:1;s:7:"columns";i:1;}}s:8:"advanced";a:1:{s:8:"wd_extra";a:1:{s:8:"scroll_y";i:1;}}}}s:6:"column";a:3:{s:5:"count";i:13;s:15:"control_percent";i:2;s:8:"controls";a:2:{s:6:"layout";a:1:{s:6:"layout";a:2:{s:19:"_inline_size_tablet";i:6;s:19:"_inline_size_mobile";i:6;}}s:8:"advanced";a:2:{s:8:"wd_extra";a:3:{s:20:"column_sticky_offset";i:13;s:8:"scroll_y";i:13;s:13:"column_sticky";i:3;}s:16:"section_advanced";a:4:{s:7:"padding";i:6;s:14:"padding_tablet";i:2;s:6:"margin";i:3;s:13:"margin_mobile";i:2;}}}}s:8:"wd_title";a:3:{s:5:"count";i:3;s:15:"control_percent";i:2;s:8:"controls";a:3:{s:7:"content";a:1:{s:23:"general_content_section";a:3:{s:8:"subtitle";i:3;s:11:"after_title";i:3;s:5:"title";i:3;}}s:5:"style";a:2:{s:19:"title_style_section";a:1:{s:10:"image_size";i:3;}s:21:"general_style_section";a:2:{s:4:"size";i:3;s:5:"align";i:3;}}s:8:"advanced";a:1:{s:8:"wd_extra";a:1:{s:8:"scroll_y";i:3;}}}}s:11:"text-editor";a:3:{s:5:"count";i:9;s:15:"control_percent";i:2;s:8:"controls";a:3:{s:7:"content";a:1:{s:14:"section_editor";a:1:{s:6:"editor";i:9;}}s:5:"style";a:1:{s:13:"section_style";a:6:{s:15:"wd_color_scheme";i:3;s:10:"text_color";i:3;s:21:"typography_typography";i:9;s:20:"typography_font_size";i:6;s:16:"wd_content_width";i:6;s:5:"align";i:6;}}s:8:"advanced";a:2:{s:8:"wd_extra";a:1:{s:8:"scroll_y";i:9;}s:17:"_section_position";a:1:{s:14:"_element_width";i:3;}}}}s:5:"image";a:3:{s:5:"count";i:3;s:15:"control_percent";i:3;s:8:"controls";a:2:{s:7:"content";a:1:{s:13:"section_image";a:4:{s:5:"image";i:3;s:10:"image_size";i:3;s:22:"image_custom_dimension";i:3;s:5:"align";i:3;}}s:8:"advanced";a:3:{s:14:"_section_style";a:1:{s:7:"_margin";i:3;}s:8:"wd_extra";a:1:{s:8:"scroll_y";i:3;}s:17:"_section_position";a:1:{s:14:"_element_width";i:3;}}}}s:7:"section";a:3:{s:5:"count";i:8;s:15:"control_percent";i:1;s:8:"controls";a:3:{s:8:"advanced";a:1:{s:16:"section_advanced";a:4:{s:7:"padding";i:6;s:14:"padding_tablet";i:2;s:6:"margin";i:4;s:13:"margin_tablet";i:2;}}s:6:"layout";a:3:{s:15:"wd_extra_layout";a:1:{s:18:"wd_section_stretch";i:3;}s:17:"section_structure";a:1:{s:9:"structure";i:5;}s:14:"section_layout";a:1:{s:3:"gap";i:3;}}s:5:"style";a:1:{s:14:"section_border";a:3:{s:12:"border_width";i:1;s:13:"border_border";i:1;s:12:"border_color";i:1;}}}}s:14:"wd_team_member";a:3:{s:5:"count";i:4;s:15:"control_percent";i:6;s:8:"controls";a:3:{s:7:"content";a:2:{s:23:"general_content_section";a:5:{s:7:"content";i:4;s:4:"name";i:4;s:8:"position";i:4;s:5:"image";i:4;s:10:"image_size";i:4;}s:21:"links_content_section";a:2:{s:5:"skype";i:4;s:9:"instagram";i:4;}}s:5:"style";a:2:{s:21:"general_style_section";a:2:{s:5:"align";i:4;s:21:"woodmart_color_scheme";i:4;}s:21:"buttons_style_section";a:2:{s:4:"size";i:4;s:5:"style";i:4;}}s:8:"advanced";a:1:{s:8:"wd_extra";a:1:{s:8:"scroll_y";i:4;}}}}s:12:"wd_portfolio";a:3:{s:5:"count";i:1;s:15:"control_percent";i:3;s:8:"controls";a:2:{s:5:"style";a:1:{s:21:"general_style_section";a:5:{s:5:"style";i:1;s:7:"columns";i:1;s:7:"spacing";i:1;s:10:"pagination";i:1;s:14:"posts_per_page";i:1;}}s:8:"advanced";a:1:{s:8:"wd_extra";a:1:{s:8:"scroll_y";i:1;}}}}}]]></wp:meta_value>
		</wp:postmeta>
						</item>
					<item>
		<title>
				team-member-alt3-1-small		</title>
		<link>http://dummy.xtemos.com/woodmart-elementor/demos/about-us-2/team-member-alt3-1-small/</link>
		<pubDate>Thu, 13 Jul 2017 07:25:46 +0000</pubDate>
		<dc:creator><![CDATA[erwin]]></dc:creator>
		<guid isPermaLink="false">http://dummy.xtemos.com/woodmart-elementor/demos/wp-content/uploads/sites/2/2017/06/team-member-alt3-1-small.png</guid>
		<description></description>
		<content:encoded><![CDATA[]]></content:encoded>
		<excerpt:encoded><![CDATA[]]></excerpt:encoded>
		<wp:post_id>852</wp:post_id>
		<wp:post_date>2017-07-13 07:25:46</wp:post_date>
		<wp:post_date_gmt>2017-07-13 07:25:46</wp:post_date_gmt>
		<wp:comment_status>open</wp:comment_status>
		<wp:ping_status>closed</wp:ping_status>
		<wp:post_name>team-member-alt3-1-small</wp:post_name>
		<wp:status>inherit</wp:status>
		<wp:post_parent>850</wp:post_parent>
		<wp:menu_order>0</wp:menu_order>
		<wp:post_type>attachment</wp:post_type>
		<wp:post_password></wp:post_password>
		<wp:is_sticky>0</wp:is_sticky>
						<wp:attachment_url>http://dummy.xtemos.com/woodmart-elementor/demos/wp-content/uploads/sites/2/2017/06/team-member-alt3-1-small.png</wp:attachment_url>
												<wp:postmeta>
			<wp:meta_key>_wp_attached_file</wp:meta_key>
			<wp:meta_value><![CDATA[2017/06/team-member-alt3-1-small.png]]></wp:meta_value>
		</wp:postmeta>
						</item>
				</channel>
</rss>
