<?xml version="1.0" encoding="UTF-8" ?>
<!-- This is a WordPress eXtended RSS file generated by WordPress as an export of your site. -->
<!-- It contains information about your site's posts, pages, comments, categories, and other content. -->
<!-- You may use this file to transfer that content from one site to another. -->
<!-- This file is not intended to serve as a complete backup of your site. -->

<!-- To import this information into a WordPress site follow these steps: -->
<!-- 1. Log in to that site as an administrator. -->
<!-- 2. Go to Tools: Import in the WordPress admin panel. -->
<!-- 3. Install the "WordPress" importer from the list. -->
<!-- 4. Activate & Run Importer. -->
<!-- 5. Upload this file using the form provided on that page. -->
<!-- 6. You will first be asked to map the authors in this export file to users -->
<!--    on the site. For each author, you may choose to map to an -->
<!--    existing user on the site or to create a new user. -->
<!-- 7. WordPress will then import each of the posts, pages, comments, categories, etc. -->
<!--    contained in this file into your site. -->

	<!-- generator="WordPress/5.4.2" created="2020-07-07 14:53" -->
<rss version="2.0"
	xmlns:excerpt="http://wordpress.org/export/1.2/excerpt/"
	xmlns:content="http://purl.org/rss/1.0/modules/content/"
	xmlns:wfw="http://wellformedweb.org/CommentAPI/"
	xmlns:dc="http://purl.org/dc/elements/1.1/"
	xmlns:wp="http://wordpress.org/export/1.2/"
>

<channel>
	<title>Woodmart dummy demos</title>
	<link>http://dummy.xtemos.com/woodmart-elementor/demos</link>
	<description>Just another Woodmart Dummy Content Sites site</description>
	<pubDate>Tue, 07 Jul 2020 14:53:13 +0000</pubDate>
	<language>en-US</language>
	<wp:wxr_version>1.2</wp:wxr_version>
	<wp:base_site_url>http://dummy.xtemos.com/woodmart-elementor/</wp:base_site_url>
	<wp:base_blog_url>http://dummy.xtemos.com/woodmart-elementor/demos</wp:base_blog_url>

		<wp:author><wp:author_id>2</wp:author_id><wp:author_login>erwin</wp:author_login><wp:author_email>ss@asas.as</wp:author_email><wp:author_display_name><![CDATA[erwin]]></wp:author_display_name><wp:author_first_name><![CDATA[]]></wp:author_first_name><wp:author_last_name><![CDATA[]]></wp:author_last_name></wp:author>

				
	<generator>https://wordpress.org/?v=5.4.2</generator>

		<item>
		<title>
				Christmas Maintenance		</title>
		<link>http://dummy.xtemos.com/woodmart-elementor/demos/christmas-maintenance/</link>
		<pubDate>Mon, 23 Oct 2017 12:09:43 +0000</pubDate>
		<dc:creator><![CDATA[erwin]]></dc:creator>
		<guid isPermaLink="false">http://dummy.xtemos.com/woodmart-elementor/demos/?page_id=1070</guid>
		<description></description>
		<content:encoded><![CDATA[<img src="http://dummy.xtemos.com/woodmart-elementor/demos/wp-content/uploads/sites/2/elementor/thumbs/xmas-separator-oqf427byp5k14o4cs9bnb04d2b582jbhueuopwj2ac.png" title="xmas-separator" alt="xmas-separator" />											
				<h4>
					COMING SOON				</h4>
		<p>There are many variations of passages of Lorem Ipsum available, but the majority have suffered alteration in some form.</p>
									<a rel="nofollow noopener noreferrer" href="https://www.facebook.com/sharer/sharer.php?u=http://dummy.xtemos.com/woodmart-elementor/demos/christmas-maintenance/" target="_blank">
						<i></i>
						Facebook
					</a>
									<a rel="nofollow noopener noreferrer" href="https://twitter.com/share?url=http://dummy.xtemos.com/woodmart-elementor/demos/christmas-maintenance/" target="_blank">
						<i></i>
						Twitter
					</a>
									<a rel="nofollow noopener noreferrer" href="https://pinterest.com/pin/create/button/?url=http://dummy.xtemos.com/woodmart-elementor/demos/christmas-maintenance/&amp;media=http://dummy.xtemos.com/woodmart-elementor/demos/wp-includes/images/media/default.png&amp;description=Christmas+Maintenance" target="_blank">
						<i></i>
						Pinterest
					</a>
									<a rel="nofollow noopener noreferrer" href="https://www.linkedin.com/shareArticle?mini=true&amp;url=http://dummy.xtemos.com/woodmart-elementor/demos/christmas-maintenance/" target="_blank">
						<i></i>
						linkedin
					</a>
									<a rel="nofollow noopener noreferrer" href="https://telegram.me/share/url?url=http://dummy.xtemos.com/woodmart-elementor/demos/christmas-maintenance/" target="_blank">
						<i></i>
						Telegram
					</a>]]></content:encoded>
		<excerpt:encoded><![CDATA[]]></excerpt:encoded>
		<wp:post_id>1070</wp:post_id>
		<wp:post_date>2017-10-23 12:09:43</wp:post_date>
		<wp:post_date_gmt>2017-10-23 12:09:43</wp:post_date_gmt>
		<wp:comment_status>closed</wp:comment_status>
		<wp:ping_status>closed</wp:ping_status>
		<wp:post_name>christmas-maintenance</wp:post_name>
		<wp:status>publish</wp:status>
		<wp:post_parent>0</wp:post_parent>
		<wp:menu_order>0</wp:menu_order>
		<wp:post_type>page</wp:post_type>
		<wp:post_password></wp:post_password>
		<wp:is_sticky>0</wp:is_sticky>
														<wp:postmeta>
			<wp:meta_key>_wp_page_template</wp:meta_key>
			<wp:meta_value><![CDATA[maintenance.php]]></wp:meta_value>
		</wp:postmeta>
							<wp:postmeta>
			<wp:meta_key>_woodmart_header_color_scheme</wp:meta_key>
			<wp:meta_value><![CDATA[inherit]]></wp:meta_value>
		</wp:postmeta>
							<wp:postmeta>
			<wp:meta_key>_elementor_data</wp:meta_key>
			<wp:meta_value><![CDATA[[{"id":"6693204","elType":"section","settings":{"full_height":"yes","background_background":"classic","background_image":{"url":"http:\/\/dummy.xtemos.com\/woodmart-elementor\/demos\/wp-content\/uploads\/sites\/2\/2017\/10\/xmas-coming-soon.jpg?id=1095","id":""},"background_size":"cover","background_repeat":"no-repeat","el_class":"hidden-xs hidden-sm","height":"min-height","custom_height":{"unit":"vh","size":"100","sizes":[]},"background_position":"center center","background_overlay_background":"classic","background_overlay_color_stop":{"unit":"%","size":"30","sizes":[]},"background_overlay_color_b":"rgba(0, 0, 0, 0.2)","background_overlay_color_b_stop":{"unit":"%","size":"81","sizes":[]},"background_overlay_opacity":{"unit":"px","size":"","sizes":[]},"padding":{"unit":"px","top":"0","right":"0","bottom":"0","left":"0","isLinked":""},"stretch_section":"section-stretched","content_width":{"unit":"px","size":"1200","sizes":[]},"structure":"20","css_filters_blur":{"unit":"px","size":"1.1","sizes":[]},"css_filters_saturate":{"unit":"px","size":"139","sizes":[]}},"elements":[{"id":"4670170","elType":"column","settings":{"_column_size":"50","wd_color_scheme":"light","_inline_size_tablet":"100","space_between_widgets":"15","column_sticky_offset":"50","scroll_y":"-80","_inline_size":""},"elements":[{"id":"4593322","elType":"widget","settings":{"align":"center","image_size":"custom","image":{"id":"1071","url":"#"},"image_custom_dimension":{"width":"250","height":"98"},"scroll_y":"-80"},"elements":[],"widgetType":"image"},{"id":"a57f0fd","elType":"widget","settings":{"subtitle":"","title":"COMING SOON","after_title":"","title_typography_typography":"custom","title_typography_font_size":{"unit":"px","size":"68","sizes":[]},"title_typography_font_size_mobile":{"unit":"px","size":"36","sizes":[]},"title_typography_font_weight":"400","title_typography_line_height":{"unit":"px","size":"78","sizes":[]},"title_typography_line_height_mobile":{"unit":"px","size":"46","sizes":[]},"scroll_y":"-80"},"elements":[],"widgetType":"wd_title"},{"id":"3970539","elType":"widget","settings":{"color":"#e05858","style":"dotted","border_width":"10","el_width":"80","width":{"unit":"%","size":"80","sizes":[]},"width_tablet":{"unit":"%","size":"77","sizes":[]},"align":"center","text":"Divider","weight":{"unit":"px","size":"10","sizes":[]},"gap":{"unit":"px","size":"2","sizes":[]},"_margin_tablet":{"unit":"px","top":"0","right":"0","bottom":"10","left":"0","isLinked":""},"scroll_y":"-80"},"elements":[],"widgetType":"divider"},{"id":"8841780","elType":"widget","settings":{"typography_typography":"custom","wd_content_align":"center","font":"text","size":"custom","wd_content_width":{"size":"80","unit":"%"},"color_scheme":"custom","typography_font_size":{"unit":"px","size":"16"},"text_color":"rgba(255,255,255,0.9)","editor":"<p>There are many variations of passages of Lorem Ipsum available, but the majority have suffered alteration in some form.<\/p>\n","scroll_y":"-80","hide_tablet":"hidden-tablet","hide_mobile":"hidden-phone","_margin":{"unit":"px","top":"0","right":"0","bottom":"5","left":"0","isLinked":""}},"elements":[],"widgetType":"text-editor"},{"id":"3492168","elType":"widget","settings":{"woodmart_color_scheme":"light","size":"large","style":"active","date":"2022-01-01 00:00","scroll_y":"-80"},"elements":[],"widgetType":"wd_countdown_timer"},{"id":"390567","elType":"widget","settings":{"style":"colored","scroll_y":"-80"},"elements":[],"widgetType":"wd_social_buttons"}],"isInner":""},{"id":"c9e7c2e","elType":"column","settings":{"_column_size":"50","wd_color_scheme":"light","_inline_size_tablet":"100","column_sticky_offset":"50","scroll_y":"-80","_inline_size":""},"elements":[],"isInner":""}],"isInner":""}]]]></wp:meta_value>
		</wp:postmeta>
							<wp:postmeta>
			<wp:meta_key>_elementor_edit_mode</wp:meta_key>
			<wp:meta_value><![CDATA[builder]]></wp:meta_value>
		</wp:postmeta>
							<wp:postmeta>
			<wp:meta_key>_elementor_version</wp:meta_key>
			<wp:meta_value><![CDATA[2.9.11]]></wp:meta_value>
		</wp:postmeta>
							<wp:postmeta>
			<wp:meta_key>_elementor_template_type</wp:meta_key>
			<wp:meta_value><![CDATA[wp-page]]></wp:meta_value>
		</wp:postmeta>
							<wp:postmeta>
			<wp:meta_key>_elementor_controls_usage</wp:meta_key>
			<wp:meta_value><![CDATA[a:8:{s:5:"image";a:3:{s:5:"count";i:1;s:15:"control_percent";i:2;s:8:"controls";a:2:{s:7:"content";a:1:{s:13:"section_image";a:4:{s:5:"align";i:1;s:10:"image_size";i:1;s:5:"image";i:1;s:22:"image_custom_dimension";i:1;}}s:8:"advanced";a:1:{s:8:"wd_extra";a:1:{s:8:"scroll_y";i:1;}}}}s:8:"wd_title";a:3:{s:5:"count";i:1;s:15:"control_percent";i:3;s:8:"controls";a:3:{s:7:"content";a:1:{s:23:"general_content_section";a:3:{s:8:"subtitle";i:1;s:5:"title";i:1;s:11:"after_title";i:1;}}s:5:"style";a:1:{s:19:"title_style_section";a:6:{s:27:"title_typography_typography";i:1;s:26:"title_typography_font_size";i:1;s:33:"title_typography_font_size_mobile";i:1;s:28:"title_typography_font_weight";i:1;s:28:"title_typography_line_height";i:1;s:35:"title_typography_line_height_mobile";i:1;}}s:8:"advanced";a:1:{s:8:"wd_extra";a:1:{s:8:"scroll_y";i:1;}}}}s:7:"divider";a:3:{s:5:"count";i:1;s:15:"control_percent";i:4;s:8:"controls";a:3:{s:5:"style";a:1:{s:21:"section_divider_style";a:3:{s:5:"color";i:1;s:6:"weight";i:1;s:3:"gap";i:1;}}s:7:"content";a:1:{s:15:"section_divider";a:4:{s:5:"style";i:1;s:5:"width";i:1;s:12:"width_tablet";i:1;s:5:"align";i:1;}}s:8:"advanced";a:2:{s:14:"_section_style";a:1:{s:14:"_margin_tablet";i:1;}s:8:"wd_extra";a:1:{s:8:"scroll_y";i:1;}}}}s:11:"text-editor";a:3:{s:5:"count";i:1;s:15:"control_percent";i:4;s:8:"controls";a:3:{s:5:"style";a:1:{s:13:"section_style";a:5:{s:21:"typography_typography";i:1;s:16:"wd_content_align";i:1;s:16:"wd_content_width";i:1;s:20:"typography_font_size";i:1;s:10:"text_color";i:1;}}s:7:"content";a:1:{s:14:"section_editor";a:1:{s:6:"editor";i:1;}}s:8:"advanced";a:3:{s:8:"wd_extra";a:1:{s:8:"scroll_y";i:1;}s:19:"_section_responsive";a:2:{s:11:"hide_tablet";i:1;s:11:"hide_mobile";i:1;}s:14:"_section_style";a:1:{s:7:"_margin";i:1;}}}}s:18:"wd_countdown_timer";a:3:{s:5:"count";i:1;s:15:"control_percent";i:3;s:8:"controls";a:3:{s:5:"style";a:1:{s:21:"general_style_section";a:3:{s:21:"woodmart_color_scheme";i:1;s:4:"size";i:1;s:5:"style";i:1;}}s:7:"content";a:1:{s:23:"general_content_section";a:1:{s:4:"date";i:1;}}s:8:"advanced";a:1:{s:8:"wd_extra";a:1:{s:8:"scroll_y";i:1;}}}}s:17:"wd_social_buttons";a:3:{s:5:"count";i:1;s:15:"control_percent";i:1;s:8:"controls";a:2:{s:5:"style";a:1:{s:21:"general_style_section";a:1:{s:5:"style";i:1;}}s:8:"advanced";a:1:{s:8:"wd_extra";a:1:{s:8:"scroll_y";i:1;}}}}s:6:"column";a:3:{s:5:"count";i:2;s:15:"control_percent";i:1;s:8:"controls";a:3:{s:5:"style";a:1:{s:14:"wd_extra_style";a:1:{s:15:"wd_color_scheme";i:2;}}s:6:"layout";a:1:{s:6:"layout";a:2:{s:19:"_inline_size_tablet";i:2;s:21:"space_between_widgets";i:1;}}s:8:"advanced";a:1:{s:8:"wd_extra";a:2:{s:20:"column_sticky_offset";i:2;s:8:"scroll_y";i:2;}}}}s:7:"section";a:3:{s:5:"count";i:1;s:15:"control_percent";i:5;s:8:"controls";a:3:{s:5:"style";a:2:{s:18:"section_background";a:5:{s:21:"background_background";i:1;s:16:"background_image";i:1;s:15:"background_size";i:1;s:17:"background_repeat";i:1;s:19:"background_position";i:1;}s:26:"section_background_overlay";a:7:{s:29:"background_overlay_background";i:1;s:29:"background_overlay_color_stop";i:1;s:26:"background_overlay_color_b";i:1;s:31:"background_overlay_color_b_stop";i:1;s:26:"background_overlay_opacity";i:1;s:16:"css_filters_blur";i:1;s:20:"css_filters_saturate";i:1;}}s:6:"layout";a:2:{s:14:"section_layout";a:4:{s:6:"height";i:1;s:13:"custom_height";i:1;s:15:"stretch_section";i:1;s:13:"content_width";i:1;}s:17:"section_structure";a:1:{s:9:"structure";i:1;}}s:8:"advanced";a:1:{s:16:"section_advanced";a:1:{s:7:"padding";i:1;}}}}}]]></wp:meta_value>
		</wp:postmeta>
						</item>
					<item>
		<title>
				xmas-separator		</title>
		<link>http://dummy.xtemos.com/woodmart-elementor/demos/christmas-maintenance/xmas-separator/</link>
		<pubDate>Mon, 23 Oct 2017 12:08:57 +0000</pubDate>
		<dc:creator><![CDATA[erwin]]></dc:creator>
		<guid isPermaLink="false">http://dummy.xtemos.com/woodmart-elementor/demos/wp-content/uploads/sites/2/2017/10/xmas-separator.png</guid>
		<description></description>
		<content:encoded><![CDATA[]]></content:encoded>
		<excerpt:encoded><![CDATA[]]></excerpt:encoded>
		<wp:post_id>1071</wp:post_id>
		<wp:post_date>2017-10-23 12:08:57</wp:post_date>
		<wp:post_date_gmt>2017-10-23 12:08:57</wp:post_date_gmt>
		<wp:comment_status>open</wp:comment_status>
		<wp:ping_status>closed</wp:ping_status>
		<wp:post_name>xmas-separator</wp:post_name>
		<wp:status>inherit</wp:status>
		<wp:post_parent>1070</wp:post_parent>
		<wp:menu_order>0</wp:menu_order>
		<wp:post_type>attachment</wp:post_type>
		<wp:post_password></wp:post_password>
		<wp:is_sticky>0</wp:is_sticky>
						<wp:attachment_url>http://dummy.xtemos.com/woodmart-elementor/demos/wp-content/uploads/sites/2/2017/10/xmas-separator.png</wp:attachment_url>
												<wp:postmeta>
			<wp:meta_key>_wp_attached_file</wp:meta_key>
			<wp:meta_value><![CDATA[2017/10/xmas-separator.png]]></wp:meta_value>
		</wp:postmeta>
						</item>
						<item>
		<title>
				xmas-coming-soon		</title>
		<link>http://dummy.xtemos.com/woodmart-elementor/demos/christmas-maintenance/xmas-coming-soon/</link>
		<pubDate>Mon, 23 Oct 2017 13:11:23 +0000</pubDate>
		<dc:creator><![CDATA[erwin]]></dc:creator>
		<guid isPermaLink="false">http://dummy.xtemos.com/woodmart-elementor/demos/wp-content/uploads/sites/2/2017/10/xmas-coming-soon.jpg</guid>
		<description></description>
		<content:encoded><![CDATA[]]></content:encoded>
		<excerpt:encoded><![CDATA[]]></excerpt:encoded>
		<wp:post_id>1095</wp:post_id>
		<wp:post_date>2017-10-23 13:11:23</wp:post_date>
		<wp:post_date_gmt>2017-10-23 13:11:23</wp:post_date_gmt>
		<wp:comment_status>open</wp:comment_status>
		<wp:ping_status>closed</wp:ping_status>
		<wp:post_name>xmas-coming-soon</wp:post_name>
		<wp:status>inherit</wp:status>
		<wp:post_parent>1070</wp:post_parent>
		<wp:menu_order>0</wp:menu_order>
		<wp:post_type>attachment</wp:post_type>
		<wp:post_password></wp:post_password>
		<wp:is_sticky>0</wp:is_sticky>
						<wp:attachment_url>http://dummy.xtemos.com/woodmart-elementor/demos/wp-content/uploads/sites/2/2017/10/xmas-coming-soon.jpg</wp:attachment_url>
												<wp:postmeta>
			<wp:meta_key>_wp_attached_file</wp:meta_key>
			<wp:meta_value><![CDATA[2017/10/xmas-coming-soon.jpg]]></wp:meta_value>
		</wp:postmeta>
						</item>
				</channel>
</rss>
	