<?xml version="1.0" encoding="UTF-8" ?>
<!-- This is a WordPress eXtended RSS file generated by WordPress as an export of your site. -->
<!-- It contains information about your site's posts, pages, comments, categories, and other content. -->
<!-- You may use this file to transfer that content from one site to another. -->
<!-- This file is not intended to serve as a complete backup of your site. -->

<!-- To import this information into a WordPress site follow these steps: -->
<!-- 1. Log in to that site as an administrator. -->
<!-- 2. Go to Tools: Import in the WordPress admin panel. -->
<!-- 3. Install the "WordPress" importer from the list. -->
<!-- 4. Activate & Run Importer. -->
<!-- 5. Upload this file using the form provided on that page. -->
<!-- 6. You will first be asked to map the authors in this export file to users -->
<!--    on the site. For each author, you may choose to map to an -->
<!--    existing user on the site or to create a new user. -->
<!-- 7. WordPress will then import each of the posts, pages, comments, categories, etc. -->
<!--    contained in this file into your site. -->

<!-- generator="WordPress/4.8" created="2017-10-23 13:22" -->
<rss version="2.0"
	xmlns:excerpt="http://wordpress.org/export/1.2/excerpt/"
	xmlns:content="http://purl.org/rss/1.0/modules/content/"
	xmlns:wfw="http://wellformedweb.org/CommentAPI/"
	xmlns:dc="http://purl.org/dc/elements/1.1/"
	xmlns:wp="http://wordpress.org/export/1.2/"
>

<channel>
	<title>Woodmart dummy demos</title>
	<link>http://dummy.xtemos.com/woodmart/demos</link>
	<description>Just another Woodmart Dummy Content Sites site</description>
	<pubDate>Mon, 23 Oct 2017 13:22:27 +0000</pubDate>
	<language>en-US</language>
	<wp:wxr_version>1.2</wp:wxr_version>
	<wp:base_site_url>http://dummy.xtemos.com/woodmart/</wp:base_site_url>
	<wp:base_blog_url>http://dummy.xtemos.com/woodmart/demos</wp:base_blog_url>

	<wp:author><wp:author_id>2</wp:author_id><wp:author_login>erwin</wp:author_login><wp:author_email>ss@asas.as</wp:author_email><wp:author_display_name><![CDATA[erwin]]></wp:author_display_name><wp:author_first_name><![CDATA[]]></wp:author_first_name><wp:author_last_name><![CDATA[]]></wp:author_last_name></wp:author>


	<generator>https://wordpress.org/?v=4.8</generator>

	<item>
		<title>Christmas Maintenance</title>
		<link>http://dummy.xtemos.com/woodmart/demos/christmas-maintenance/</link>
		<pubDate>Mon, 23 Oct 2017 12:09:43 +0000</pubDate>
		<dc:creator><![CDATA[erwin]]></dc:creator>
		<guid isPermaLink="false">http://dummy.xtemos.com/woodmart/demos/?page_id=1070</guid>
		<description></description>
		<content:encoded><![CDATA[[vc_row full_width="stretch_row" full_height="yes" css=".vc_custom_1508764192690{background-image: url(http://dummy.xtemos.com/woodmart/demos/wp-content/uploads/sites/2/2017/10/xmas-coming-soon.jpg?id=1095) !important;background-position: center !important;background-repeat: no-repeat !important;background-size: cover !important;}" el_class="hidden-xs hidden-sm"][vc_column width="1/2" woodmart_color_scheme="light" css=".vc_custom_1508397193922{padding-top: 0px !important;}" offset="vc_hidden-sm vc_hidden-xs"][vc_single_image image="1071" img_size="250x98" alignment="center" css=".vc_custom_1508760444104{margin-bottom: 15px !important;}"][woodmart_responsive_text_block size="custom" font_weight="400" color_scheme="custom" css=".vc_custom_1508396110938{margin-bottom: 15px !important;}" desktop_text_size="68" color="#ffffff"]COMING SOON[/woodmart_responsive_text_block][vc_separator color="custom" style="dotted" border_width="10" el_width="80" accent_color="#e05858" css=".vc_custom_1508397798858{margin-bottom: 25px !important;}"][woodmart_responsive_text_block font="text" size="custom" content_width="80" color_scheme="custom" css=".vc_custom_1508761361437{margin-bottom: 20px !important;}" desktop_text_size="16" color="rgba(255,255,255,0.9)"]There are many variations of passages of Lorem Ipsum available, but the majority have suffered alteration in some form.[/woodmart_responsive_text_block][woodmart_countdown_timer woodmart_color_scheme="light" size="large" align="center" style="active" date="2018/08/30"][vc_empty_space height="20px"][social_buttons style="colored"][/vc_column][/vc_row][vc_row full_width="stretch_row" full_height="yes" woodmart_gradient_switch="yes" css=".vc_custom_1508764203886{background-image: url(http://dummy.xtemos.com/woodmart/demos/wp-content/uploads/sites/2/2017/10/xmas-coming-soon.jpg?id=1095) !important;background-position: center !important;background-repeat: no-repeat !important;background-size: cover !important;}" woodmart_color_gradient="rgba(0, 0, 0, 0.2)-0/rgba(0, 0, 0, 0.2)-100/|linear-gradient(left , rgba(0, 0, 0, 0.2) , rgba(0, 0, 0, 0.2) 100%)|linear|left" el_class="hidden-md hidden-lg"][vc_column woodmart_color_scheme="light" css=".vc_custom_1508397885012{padding-top: 25px !important;padding-bottom: 25px !important;}" offset="vc_hidden-lg vc_hidden-md vc_col-xs-12"][vc_single_image image="1071" img_size="250x98" alignment="center" css=".vc_custom_1508760454785{margin-bottom: 15px !important;}"][woodmart_responsive_text_block size="custom" font_weight="400" color_scheme="custom" css=".vc_custom_1508397725461{margin-bottom: 15px !important;}" desktop_text_size="68" color="#ffffff" tablet_text_size="68" mobile_text_size="36"]COMING SOON[/woodmart_responsive_text_block][vc_separator color="custom" style="dotted" border_width="10" el_width="80" accent_color="#e05858" css=".vc_custom_1508397815988{margin-bottom: 35px !important;}"][woodmart_countdown_timer woodmart_color_scheme="light" size="large" align="center" style="active" date="2018/08/30"][vc_empty_space height="20px"][social_buttons style="colored"][/vc_column][/vc_row]]]></content:encoded>
		<excerpt:encoded><![CDATA[]]></excerpt:encoded>
		<wp:post_id>1070</wp:post_id>
		<wp:post_date>2017-10-23 12:09:43</wp:post_date>
		<wp:post_date_gmt>2017-10-23 12:09:43</wp:post_date_gmt>
		<wp:comment_status>closed</wp:comment_status>
		<wp:ping_status>closed</wp:ping_status>
		<wp:post_name>christmas-maintenance</wp:post_name>
		<wp:status>publish</wp:status>
		<wp:post_parent>0</wp:post_parent>
		<wp:menu_order>0</wp:menu_order>
		<wp:post_type>page</wp:post_type>
		<wp:post_password></wp:post_password>
		<wp:is_sticky>0</wp:is_sticky>
		<wp:postmeta>
			<wp:meta_key>_wp_page_template</wp:meta_key>
			<wp:meta_value><![CDATA[maintenance.php]]></wp:meta_value>
		</wp:postmeta>
		<wp:postmeta>
			<wp:meta_key>_wpb_shortcodes_custom_css</wp:meta_key>
			<wp:meta_value><![CDATA[.vc_custom_1508764192690{background-image: url(http://dummy.xtemos.com/woodmart/demos/wp-content/uploads/sites/2/2017/10/xmas-coming-soon.jpg?id=1095) !important;background-position: center !important;background-repeat: no-repeat !important;background-size: cover !important;}.vc_custom_1508764203886{background-image: url(http://dummy.xtemos.com/woodmart/demos/wp-content/uploads/sites/2/2017/10/xmas-coming-soon.jpg?id=1095) !important;background-position: center !important;background-repeat: no-repeat !important;background-size: cover !important;}.vc_custom_1508397193922{padding-top: 0px !important;}.vc_custom_1508760444104{margin-bottom: 15px !important;}.vc_custom_1508396110938{margin-bottom: 15px !important;}.vc_custom_1508397798858{margin-bottom: 25px !important;}.vc_custom_1508761361437{margin-bottom: 20px !important;}.vc_custom_1508397885012{padding-top: 25px !important;padding-bottom: 25px !important;}.vc_custom_1508760454785{margin-bottom: 15px !important;}.vc_custom_1508397725461{margin-bottom: 15px !important;}.vc_custom_1508397815988{margin-bottom: 35px !important;}]]></wp:meta_value>
		</wp:postmeta>
		<wp:postmeta>
			<wp:meta_key>_woodmart_header_color_scheme</wp:meta_key>
			<wp:meta_value><![CDATA[inherit]]></wp:meta_value>
		</wp:postmeta>
	</item>
	<item>
		<title>xmas-separator</title>
		<link>http://dummy.xtemos.com/woodmart/demos/christmas-maintenance/xmas-separator/</link>
		<pubDate>Mon, 23 Oct 2017 12:08:57 +0000</pubDate>
		<dc:creator><![CDATA[erwin]]></dc:creator>
		<guid isPermaLink="false">http://dummy.xtemos.com/woodmart/demos/wp-content/uploads/sites/2/2017/10/xmas-separator.png</guid>
		<description></description>
		<content:encoded><![CDATA[]]></content:encoded>
		<excerpt:encoded><![CDATA[]]></excerpt:encoded>
		<wp:post_id>1071</wp:post_id>
		<wp:post_date>2017-10-23 12:08:57</wp:post_date>
		<wp:post_date_gmt>2017-10-23 12:08:57</wp:post_date_gmt>
		<wp:comment_status>open</wp:comment_status>
		<wp:ping_status>closed</wp:ping_status>
		<wp:post_name>xmas-separator</wp:post_name>
		<wp:status>inherit</wp:status>
		<wp:post_parent>1070</wp:post_parent>
		<wp:menu_order>0</wp:menu_order>
		<wp:post_type>attachment</wp:post_type>
		<wp:post_password></wp:post_password>
		<wp:is_sticky>0</wp:is_sticky>
		<wp:attachment_url>http://dummy.xtemos.com/woodmart/demos/wp-content/uploads/sites/2/2017/10/xmas-separator.png</wp:attachment_url>
		<wp:postmeta>
			<wp:meta_key>_wp_attached_file</wp:meta_key>
			<wp:meta_value><![CDATA[2017/10/xmas-separator.png]]></wp:meta_value>
		</wp:postmeta>
	</item>
	<item>
		<title>xmas-coming-soon</title>
		<link>http://dummy.xtemos.com/woodmart/demos/christmas-maintenance/xmas-coming-soon/</link>
		<pubDate>Mon, 23 Oct 2017 13:11:23 +0000</pubDate>
		<dc:creator><![CDATA[erwin]]></dc:creator>
		<guid isPermaLink="false">http://dummy.xtemos.com/woodmart/demos/wp-content/uploads/sites/2/2017/10/xmas-coming-soon.jpg</guid>
		<description></description>
		<content:encoded><![CDATA[]]></content:encoded>
		<excerpt:encoded><![CDATA[]]></excerpt:encoded>
		<wp:post_id>1095</wp:post_id>
		<wp:post_date>2017-10-23 13:11:23</wp:post_date>
		<wp:post_date_gmt>2017-10-23 13:11:23</wp:post_date_gmt>
		<wp:comment_status>open</wp:comment_status>
		<wp:ping_status>closed</wp:ping_status>
		<wp:post_name>xmas-coming-soon</wp:post_name>
		<wp:status>inherit</wp:status>
		<wp:post_parent>1070</wp:post_parent>
		<wp:menu_order>0</wp:menu_order>
		<wp:post_type>attachment</wp:post_type>
		<wp:post_password></wp:post_password>
		<wp:is_sticky>0</wp:is_sticky>
		<wp:attachment_url>http://dummy.xtemos.com/woodmart/demos/wp-content/uploads/sites/2/2017/10/xmas-coming-soon.jpg</wp:attachment_url>
		<wp:postmeta>
			<wp:meta_key>_wp_attached_file</wp:meta_key>
			<wp:meta_value><![CDATA[2017/10/xmas-coming-soon.jpg]]></wp:meta_value>
		</wp:postmeta>
	</item>
</channel>
</rss>
