<?xml version="1.0" encoding="UTF-8" ?>
<!-- This is a WordPress eXtended RSS file generated by WordPress as an export of your site. -->
<!-- It contains information about your site's posts, pages, comments, categories, and other content. -->
<!-- You may use this file to transfer that content from one site to another. -->
<!-- This file is not intended to serve as a complete backup of your site. -->

<!-- To import this information into a WordPress site follow these steps: -->
<!-- 1. Log in to that site as an administrator. -->
<!-- 2. Go to Tools: Import in the WordPress admin panel. -->
<!-- 3. Install the "WordPress" importer from the list. -->
<!-- 4. Activate & Run Importer. -->
<!-- 5. Upload this file using the form provided on that page. -->
<!-- 6. You will first be asked to map the authors in this export file to users -->
<!--    on the site. For each author, you may choose to map to an -->
<!--    existing user on the site or to create a new user. -->
<!-- 7. WordPress will then import each of the posts, pages, comments, categories, etc. -->
<!--    contained in this file into your site. -->

	<!-- generator="WordPress/5.4.4" created="2021-03-24 15:43" -->
<rss version="2.0"
	xmlns:excerpt="http://wordpress.org/export/1.2/excerpt/"
	xmlns:content="http://purl.org/rss/1.0/modules/content/"
	xmlns:wfw="http://wellformedweb.org/CommentAPI/"
	xmlns:dc="http://purl.org/dc/elements/1.1/"
	xmlns:wp="http://wordpress.org/export/1.2/"
>

<channel>
	<title>Woodmart dummy demos</title>
	<link>http://dummy.xtemos.com/woodmart-elementor/demos</link>
	<description>Just another Woodmart Dummy Content Sites site</description>
	<pubDate>Wed, 24 Mar 2021 15:43:20 +0000</pubDate>
	<language>en-US</language>
	<wp:wxr_version>1.2</wp:wxr_version>
	<wp:base_site_url>http://dummy.xtemos.com/woodmart-elementor/</wp:base_site_url>
	<wp:base_blog_url>http://dummy.xtemos.com/woodmart-elementor/demos</wp:base_blog_url>

		<wp:author><wp:author_id>2</wp:author_id><wp:author_login>erwin</wp:author_login><wp:author_email>ss@asas.as</wp:author_email><wp:author_display_name><![CDATA[erwin]]></wp:author_display_name><wp:author_first_name><![CDATA[]]></wp:author_first_name><wp:author_last_name><![CDATA[]]></wp:author_last_name></wp:author>

				
	<generator>https://wordpress.org/?v=5.4.4</generator>

		<item>
		<title>
				wood-gallery-placeholder-5		</title>
		<link>http://dummy.xtemos.com/woodmart-elementor/demos/home-base/wood-gallery-placeholder-5/</link>
		<pubDate>Wed, 14 Jun 2017 11:33:22 +0000</pubDate>
		<dc:creator><![CDATA[admin]]></dc:creator>
		<guid isPermaLink="false">http://dummy.xtemos.com/woodmart-elementor/demos/wp-content/uploads/sites/2/2017/06/wood-gallery-placeholder-5.jpg</guid>
		<description></description>
		<content:encoded><![CDATA[]]></content:encoded>
		<excerpt:encoded><![CDATA[]]></excerpt:encoded>
		<wp:post_id>77</wp:post_id>
		<wp:post_date>2017-06-14 11:33:22</wp:post_date>
		<wp:post_date_gmt>2017-06-14 11:33:22</wp:post_date_gmt>
		<wp:comment_status>open</wp:comment_status>
		<wp:ping_status>closed</wp:ping_status>
		<wp:post_name>wood-gallery-placeholder-5</wp:post_name>
		<wp:status>inherit</wp:status>
		<wp:post_parent>57</wp:post_parent>
		<wp:menu_order>0</wp:menu_order>
		<wp:post_type>attachment</wp:post_type>
		<wp:post_password></wp:post_password>
		<wp:is_sticky>0</wp:is_sticky>
						<wp:attachment_url>http://dummy.xtemos.com/woodmart-elementor/demos/wp-content/uploads/sites/2/2017/06/wood-gallery-placeholder-5.jpg</wp:attachment_url>
												<wp:postmeta>
			<wp:meta_key>_wp_attached_file</wp:meta_key>
			<wp:meta_value><![CDATA[2017/06/wood-gallery-placeholder-5.jpg]]></wp:meta_value>
		</wp:postmeta>
						</item>
					<item>
		<title>
				wood-gallery-placeholder-4		</title>
		<link>http://dummy.xtemos.com/woodmart-elementor/demos/home-base/wood-gallery-placeholder-4/</link>
		<pubDate>Wed, 14 Jun 2017 11:33:30 +0000</pubDate>
		<dc:creator><![CDATA[admin]]></dc:creator>
		<guid isPermaLink="false">http://dummy.xtemos.com/woodmart-elementor/demos/wp-content/uploads/sites/2/2017/06/wood-gallery-placeholder-4.jpg</guid>
		<description></description>
		<content:encoded><![CDATA[]]></content:encoded>
		<excerpt:encoded><![CDATA[]]></excerpt:encoded>
		<wp:post_id>81</wp:post_id>
		<wp:post_date>2017-06-14 11:33:30</wp:post_date>
		<wp:post_date_gmt>2017-06-14 11:33:30</wp:post_date_gmt>
		<wp:comment_status>open</wp:comment_status>
		<wp:ping_status>closed</wp:ping_status>
		<wp:post_name>wood-gallery-placeholder-4</wp:post_name>
		<wp:status>inherit</wp:status>
		<wp:post_parent>57</wp:post_parent>
		<wp:menu_order>0</wp:menu_order>
		<wp:post_type>attachment</wp:post_type>
		<wp:post_password></wp:post_password>
		<wp:is_sticky>0</wp:is_sticky>
						<wp:attachment_url>http://dummy.xtemos.com/woodmart-elementor/demos/wp-content/uploads/sites/2/2017/06/wood-gallery-placeholder-4.jpg</wp:attachment_url>
												<wp:postmeta>
			<wp:meta_key>_wp_attached_file</wp:meta_key>
			<wp:meta_value><![CDATA[2017/06/wood-gallery-placeholder-4.jpg]]></wp:meta_value>
		</wp:postmeta>
						</item>
					<item>
		<title>
				wood-portfolio-placeholder		</title>
		<link>http://dummy.xtemos.com/woodmart-elementor/demos/wood-portfolio-placeholder/</link>
		<pubDate>Wed, 14 Jun 2017 14:02:43 +0000</pubDate>
		<dc:creator><![CDATA[admin]]></dc:creator>
		<guid isPermaLink="false">http://dummy.xtemos.com/woodmart-elementor/demos/wp-content/uploads/sites/2/2017/06/wood-portfolio-placeholder.jpg</guid>
		<description></description>
		<content:encoded><![CDATA[]]></content:encoded>
		<excerpt:encoded><![CDATA[]]></excerpt:encoded>
		<wp:post_id>117</wp:post_id>
		<wp:post_date>2017-06-14 14:02:43</wp:post_date>
		<wp:post_date_gmt>2017-06-14 14:02:43</wp:post_date_gmt>
		<wp:comment_status>open</wp:comment_status>
		<wp:ping_status>closed</wp:ping_status>
		<wp:post_name>wood-portfolio-placeholder</wp:post_name>
		<wp:status>inherit</wp:status>
		<wp:post_parent>0</wp:post_parent>
		<wp:menu_order>0</wp:menu_order>
		<wp:post_type>attachment</wp:post_type>
		<wp:post_password></wp:post_password>
		<wp:is_sticky>0</wp:is_sticky>
						<wp:attachment_url>http://dummy.xtemos.com/woodmart-elementor/demos/wp-content/uploads/sites/2/2017/06/wood-portfolio-placeholder.jpg</wp:attachment_url>
												<wp:postmeta>
			<wp:meta_key>_wp_attached_file</wp:meta_key>
			<wp:meta_value><![CDATA[2017/06/wood-portfolio-placeholder.jpg]]></wp:meta_value>
		</wp:postmeta>
						</item>
					<item>
		<title>
				paper-plane		</title>
		<link>http://dummy.xtemos.com/woodmart-elementor/demos/home-video/paper-plane/</link>
		<pubDate>Mon, 26 Jun 2017 09:01:23 +0000</pubDate>
		<dc:creator><![CDATA[erwin]]></dc:creator>
		<guid isPermaLink="false">http://dummy.xtemos.com/woodmart-elementor/demos/wp-content/uploads/sites/2/2017/06/paper-plane.svg</guid>
		<description></description>
		<content:encoded><![CDATA[]]></content:encoded>
		<excerpt:encoded><![CDATA[]]></excerpt:encoded>
		<wp:post_id>611</wp:post_id>
		<wp:post_date>2017-06-26 09:01:23</wp:post_date>
		<wp:post_date_gmt>2017-06-26 09:01:23</wp:post_date_gmt>
		<wp:comment_status>open</wp:comment_status>
		<wp:ping_status>closed</wp:ping_status>
		<wp:post_name>paper-plane</wp:post_name>
		<wp:status>inherit</wp:status>
		<wp:post_parent>601</wp:post_parent>
		<wp:menu_order>0</wp:menu_order>
		<wp:post_type>attachment</wp:post_type>
		<wp:post_password></wp:post_password>
		<wp:is_sticky>0</wp:is_sticky>
						<wp:attachment_url>http://dummy.xtemos.com/woodmart-elementor/demos/wp-content/uploads/sites/2/2017/06/paper-plane.svg</wp:attachment_url>
												<wp:postmeta>
			<wp:meta_key>_wp_attached_file</wp:meta_key>
			<wp:meta_value><![CDATA[2017/06/paper-plane.svg]]></wp:meta_value>
		</wp:postmeta>
						</item>
					<item>
		<title>
				Home Black-friday		</title>
		<link>http://dummy.xtemos.com/woodmart-elementor/demos/home-black-friday/</link>
		<pubDate>Thu, 08 Nov 2018 13:17:10 +0000</pubDate>
		<dc:creator><![CDATA[erwin]]></dc:creator>
		<guid isPermaLink="false">http://dummy.xtemos.com/woodmart-elementor/demos/?page_id=2124</guid>
		<description></description>
		<content:encoded><![CDATA[		
				TOP SELLERS				
	
			
				
					Compare				
				Quick view
				Add to wishlist
		Add to cart	
				Close
Classic wooden chair
	&pound;]]></content:encoded>
		<excerpt:encoded><![CDATA[]]></excerpt:encoded>
		<wp:post_id>2124</wp:post_id>
		<wp:post_date>2018-11-08 13:17:10</wp:post_date>
		<wp:post_date_gmt>2018-11-08 13:17:10</wp:post_date_gmt>
		<wp:comment_status>closed</wp:comment_status>
		<wp:ping_status>closed</wp:ping_status>
		<wp:post_name>home-black-friday</wp:post_name>
		<wp:status>publish</wp:status>
		<wp:post_parent>0</wp:post_parent>
		<wp:menu_order>0</wp:menu_order>
		<wp:post_type>page</wp:post_type>
		<wp:post_password></wp:post_password>
		<wp:is_sticky>0</wp:is_sticky>
														<wp:postmeta>
			<wp:meta_key>_wp_page_template</wp:meta_key>
			<wp:meta_value><![CDATA[default]]></wp:meta_value>
		</wp:postmeta>
							<wp:postmeta>
			<wp:meta_key>_woodmart_whb_header</wp:meta_key>
			<wp:meta_value><![CDATA[none]]></wp:meta_value>
		</wp:postmeta>
							<wp:postmeta>
			<wp:meta_key>_woodmart_title_off</wp:meta_key>
			<wp:meta_value><![CDATA[on]]></wp:meta_value>
		</wp:postmeta>
							<wp:postmeta>
			<wp:meta_key>_woodmart_main_layout</wp:meta_key>
			<wp:meta_value><![CDATA[full-width]]></wp:meta_value>
		</wp:postmeta>
							<wp:postmeta>
			<wp:meta_key>_woodmart_page-title-size</wp:meta_key>
			<wp:meta_value><![CDATA[inherit]]></wp:meta_value>
		</wp:postmeta>
							<wp:postmeta>
			<wp:meta_key>_woodmart_open_categories</wp:meta_key>
			<wp:meta_value><![CDATA[on]]></wp:meta_value>
		</wp:postmeta>
							<wp:postmeta>
			<wp:meta_key>_woodmart_title_image</wp:meta_key>
			<wp:meta_value><![CDATA[]]></wp:meta_value>
		</wp:postmeta>
							<wp:postmeta>
			<wp:meta_key>_woodmart_title_bg_color</wp:meta_key>
			<wp:meta_value><![CDATA[]]></wp:meta_value>
		</wp:postmeta>
							<wp:postmeta>
			<wp:meta_key>_elementor_data</wp:meta_key>
			<wp:meta_value><![CDATA[[{"id":"2610318","elType":"section","settings":{"content_position":"top","woodmart_parallax":"0","woodmart_gradient_switch":"no","row_reverse_mobile":"0","row_reverse_tablet":"0","woodmart_disable_overflow":"0","mobile_bg_img_hidden":"no","structure":"22","gap":"extended","margin":{"unit":"px","top":"-25","right":"0","bottom":"40","left":"0","isLinked":""},"margin_tablet":{"unit":"px","top":"-40","right":"0","bottom":"10","left":"0","isLinked":""}},"elements":[{"id":"8802676","elType":"column","settings":{"_column_size":"66","_inline_size":"74.665","woodmart_parallax":"0","parallax_scroll":"no","el_class":"reset-margin-tablet","_inline_size_tablet":"100","_inline_size_mobile":"100","mobile_bg_img_hidden":"no","mobile_reset_margin":"yes","tablet_reset_margin":"yes","margin":{"unit":"px","top":"0","right":"0","bottom":"0","left":"300","isLinked":""},"margin_tablet":{"unit":"px","top":"0","right":"0","bottom":"0","left":"0","isLinked":""},"column_sticky_offset":"50","scroll_y":"-80"},"elements":[{"id":"a812175","elType":"widget","settings":{"revslidertitle":"black-friday","shortcode":"[rev_slider alias=\"black-friday\"][\/rev_slider]","scroll_y":"-80"},"elements":[],"widgetType":"slider_revolution"}],"isInner":""},{"id":"5408325","elType":"column","settings":{"_column_size":"33","_inline_size":"25","woodmart_parallax":"0","parallax_scroll":"no","hide_mobile":"hidden-phone","hide_tablet":"hidden-tablet","mobile_bg_img_hidden":"no","mobile_reset_margin":"no","tablet_reset_margin":"no","column_sticky_offset":"50","scroll_y":"-80"},"elements":[{"id":"5782182","elType":"widget","settings":{"title":"","layout":"carousel","items_per_page":"2","product_hover":"quick","slides_per_view":{"size":"1","unit":"px","sizes":[]},"hide_pagination_control":"yes","center_mode":"no","highlighted_products":"1","scroll_carousel_init":"no","img_size":"276x252","stock_progress_bar":"1","element_title":"TOP SELLERS","scroll_y":"-80"},"elements":[],"widgetType":"wd_products"}],"isInner":""}],"isInner":""},{"id":"e63eaa7","elType":"section","settings":{"margin":{"unit":"px","top":"0","right":"0","bottom":"25","left":"0","isLinked":""}},"elements":[{"id":"874ae31","elType":"column","settings":{"_column_size":"100","column_sticky_offset":"50","scroll_y":"-80"},"elements":[{"id":"1099208","elType":"widget","settings":{"subtitle":"","after_title":"","image_size":"custom","color":"primary","align":"left","style":"underlined","woodmart_css_id":"5be055f4bd598","title":"MOST POPULAR FOR MAN","width":{"size":"","unit":"%"},"scroll_y":"-80"},"elements":[],"widgetType":"wd_title"},{"id":"c2e76d8","elType":"section","settings":{"gap":"extended","structure":"21"},"elements":[{"id":"80f3c78","elType":"column","settings":{"_column_size":"33","_inline_size_tablet":"100","column_sticky_offset":"50","scroll_y":"-80"},"elements":[{"id":"9798413","elType":"widget","settings":{"align":"left","image_size":"custom","title":"All Jackets Discount- 30%","subtitle":"","content":"","btn_text":"read more","hover":"zoom","woodmart_color_scheme":"light","image_custom_dimension":{"width":"520","height":"619"},"image":{"id":"117","url":"#"},"style":"content-background","btn_color":"white","btn_size":"small","btn_style":"link","vertical_alignment":"bottom","width":{"size":"60","unit":"%"},"woodmart_css_id":"5be438a82482a","hide_btn_mobile":"yes","title_typography_typography":"custom","title_typography_font_size":{"size":"24","unit":"px"},"title_typography_font_size_tablet":{"size":"40","unit":"px"},"title_typography_font_size_mobile":{"size":"24","unit":"px"},"custom_content_bg_color":"#649bb8","width_tablet":{"unit":"%","size":"80","sizes":[]},"scroll_y":"-80"},"elements":[],"widgetType":"wd_banner"}],"isInner":"1"},{"id":"23e97cc","elType":"column","settings":{"_column_size":"66","_inline_size_tablet":"100","column_sticky_offset":"50","scroll_y":"-80"},"elements":[{"id":"5993519","elType":"widget","settings":{"title":"","items_per_page":"10","product_hover":"icons","columns":{"size":"5","unit":"px","sizes":[]},"img_size":"174x178","products_bordered_grid":"1","scroll_y":"-80"},"elements":[],"widgetType":"wd_products"}],"isInner":"1"}],"isInner":"1"}],"isInner":""}],"isInner":""},{"id":"3a6a27b","elType":"section","settings":{"wd_section_stretch":"stretch","background_background":"classic","background_color":"#F7F7F7","margin":{"unit":"px","top":"0","right":"0","bottom":"30","left":"0","isLinked":""},"padding":{"unit":"px","top":"40","right":"15","bottom":"40","left":"15","isLinked":""}},"elements":[{"id":"3ccd00f","elType":"column","settings":{"_column_size":"100","column_sticky_offset":"50","scroll_y":"-80"},"elements":[{"id":"5ab15d2","elType":"widget","settings":{"subtitle":"","after_title":"","image_size":"custom","color":"primary","align":"left","style":"underlined","woodmart_css_id":"5be055f4bd598","title":"ELECTRONIC CATEGORY","width":{"size":"","unit":"%"},"scroll_y":"-80"},"elements":[],"widgetType":"wd_title"},{"id":"59d945d","elType":"widget","settings":{"categories_design":"alt","style":"carousel","slides_per_view":{"unit":"px","size":"6","sizes":[]},"hide_pagination_control":"yes","scroll_y":"-80"},"elements":[],"widgetType":"wd_product_categories"},{"id":"2551b38","elType":"widget","settings":{"content_repeater":[{"title":"Discount\nSports Shoes","subtitle":"","_id":"6a2313e","link":{"url":"#","is_external":"","nofollow":"","custom_attributes":""},"image_type":"image","image":{"url":"http:\/\/dummy.xtemos.com\/woodmart-elementor\/demos\/wp-content\/uploads\/sites\/2\/2017\/06\/wood-gallery-placeholder-5.jpg","id":"77"},"image_size":"custom","image_custom_dimension":{"width":"327","height":"215"},"image_height":{"unit":"px","size":"300","sizes":[]},"image_height_tablet":{"unit":"px","size":"","sizes":[]},"image_height_mobile":{"unit":"px","size":"","sizes":[]},"image_bg_position":"center center","content":"","btn_text":"view more","horizontal_alignment":"left","vertical_alignment":"middle","text_alignment":"left","width":{"unit":"%","size":"","sizes":[]},"width_tablet":{"unit":"%","size":"","sizes":[]},"width_mobile":{"unit":"%","size":"","sizes":[]},"increase_spaces":"no"},{"title":"Arrivals\nHeadphones","subtitle":"","link":{"url":"#","is_external":"","nofollow":"","custom_attributes":""},"image_type":"image","image":{"url":"http:\/\/dummy.xtemos.com\/woodmart-elementor\/demos\/wp-content\/uploads\/sites\/2\/2017\/06\/wood-gallery-placeholder-5.jpg","id":"77"},"image_size":"custom","image_custom_dimension":{"width":"327","height":"215"},"image_height":{"unit":"px","size":"300","sizes":[]},"image_height_tablet":{"unit":"px","size":"","sizes":[]},"image_height_mobile":{"unit":"px","size":"","sizes":[]},"image_bg_position":"center center","content":"","btn_text":"view more","horizontal_alignment":"left","vertical_alignment":"middle","text_alignment":"left","width":{"unit":"%","size":"","sizes":[]},"width_tablet":{"unit":"%","size":"","sizes":[]},"width_mobile":{"unit":"%","size":"","sizes":[]},"increase_spaces":"no","_id":"0fb17b6"},{"title":"Smart\nWeekend","subtitle":"","link":{"url":"#","is_external":"","nofollow":"","custom_attributes":""},"image_type":"image","image":{"url":"http:\/\/dummy.xtemos.com\/woodmart-elementor\/demos\/wp-content\/uploads\/sites\/2\/2017\/06\/wood-gallery-placeholder-5.jpg","id":"77"},"image_size":"custom","image_custom_dimension":{"width":"327","height":"215"},"image_height":{"unit":"px","size":"300","sizes":[]},"image_height_tablet":{"unit":"px","size":"","sizes":[]},"image_height_mobile":{"unit":"px","size":"","sizes":[]},"image_bg_position":"center center","content":"","btn_text":"view more","horizontal_alignment":"left","vertical_alignment":"middle","text_alignment":"left","width":{"unit":"%","size":"","sizes":[]},"width_tablet":{"unit":"%","size":"","sizes":[]},"width_mobile":{"unit":"%","size":"","sizes":[]},"increase_spaces":"no","_id":"dcb3f52"},{"title":"Save 20%\nAutumn Sale","subtitle":"","link":{"url":"#","is_external":"","nofollow":"","custom_attributes":""},"image_type":"image","image":{"url":"http:\/\/dummy.xtemos.com\/woodmart-elementor\/demos\/wp-content\/uploads\/sites\/2\/2017\/06\/wood-gallery-placeholder-5.jpg","id":"77"},"image_size":"custom","image_custom_dimension":{"width":"327","height":"215"},"image_height":{"unit":"px","size":"300","sizes":[]},"image_height_tablet":{"unit":"px","size":"","sizes":[]},"image_height_mobile":{"unit":"px","size":"","sizes":[]},"image_bg_position":"center center","content":"","btn_text":"view more","horizontal_alignment":"left","vertical_alignment":"middle","text_alignment":"left","width":{"unit":"%","size":"","sizes":[]},"width_tablet":{"unit":"%","size":"","sizes":[]},"width_mobile":{"unit":"%","size":"","sizes":[]},"increase_spaces":"no","_id":"f397404"}],"hover":"zoom","woodmart_color_scheme":"light","btn_position":"static","btn_color":"white","btn_style":"link","slides_per_view":{"unit":"px","size":"4","sizes":[]},"slider_spacing":"20","hide_pagination_control":"yes","scroll_y":"-80"},"elements":[],"widgetType":"wd_banner_carousel"}],"isInner":""}],"isInner":""},{"id":"331c1eb","elType":"section","settings":{"margin":{"unit":"px","top":"0","right":"0","bottom":"25","left":"0","isLinked":""}},"elements":[{"id":"4bc3331","elType":"column","settings":{"_column_size":"100","column_sticky_offset":"50","scroll_y":"-80"},"elements":[{"id":"6988337","elType":"widget","settings":{"subtitle":"","after_title":"","image_size":"custom","color":"primary","align":"left","style":"underlined","woodmart_css_id":"5be05aaef199c","title":"MOST POPULAR FOR WOMAN","width":{"size":"","unit":"%"},"scroll_y":"-80"},"elements":[],"widgetType":"wd_title"},{"id":"3b12c03","elType":"section","settings":{"gap":"extended","structure":"21"},"elements":[{"id":"8da571b","elType":"column","settings":{"_column_size":"33","_inline_size_tablet":"100","column_sticky_offset":"50","scroll_y":"-80"},"elements":[{"id":"4670496","elType":"widget","settings":{"align":"left","image_size":"custom","title":"Discount On Summer Collection","subtitle":"","content":"","btn_text":"read more","hover":"zoom","woodmart_color_scheme":"light","image_custom_dimension":{"width":"520","height":"619"},"image":{"id":"117","url":"#"},"style":"content-background","btn_color":"white","btn_size":"small","btn_style":"link","vertical_alignment":"bottom","width":{"size":"60","unit":"%"},"woodmart_css_id":"5be438be046e6","hide_btn_mobile":"yes","custom_content_bg_color":"#d8a68c","title_typography_typography":"custom","title_typography_font_size":{"size":"24","unit":"px"},"title_typography_font_size_tablet":{"size":"40","unit":"px"},"title_typography_font_size_mobile":{"size":"24","unit":"px"},"width_tablet":{"unit":"%","size":"80","sizes":[]},"scroll_y":"-80"},"elements":[],"widgetType":"wd_banner"}],"isInner":"1"},{"id":"3226430","elType":"column","settings":{"_column_size":"66","_inline_size_tablet":"100","column_sticky_offset":"50","scroll_y":"-80"},"elements":[{"id":"2199780","elType":"widget","settings":{"title":"","items_per_page":"10","product_hover":"icons","columns":{"size":"5","unit":"px","sizes":[]},"img_size":"174x178","products_bordered_grid":"1","scroll_y":"-80"},"elements":[],"widgetType":"wd_products"}],"isInner":"1"}],"isInner":"1"}],"isInner":""}],"isInner":""},{"id":"3829528","elType":"section","settings":{"wd_section_stretch":"stretch","content_position":"middle","background_background":"classic","background_color":"#449666","woodmart_parallax":"0","woodmart_gradient_switch":"no","row_reverse_mobile":"0","row_reverse_tablet":"0","woodmart_disable_overflow":"0","mobile_bg_img_hidden":"no","structure":"20","margin":{"unit":"px","top":"0","right":"0","bottom":"35","left":"0","isLinked":""},"padding":{"unit":"px","top":"30","right":"15","bottom":"30","left":"15","isLinked":""}},"elements":[{"id":"6664123","elType":"column","settings":{"_column_size":"60","woodmart_parallax":"0","parallax_scroll":"no","_inline_size_tablet":"100","_inline_size_mobile":"100","column_sticky_offset":"50","scroll_y":"-80"},"elements":[{"id":"5964784","elType":"widget","settings":{"icon_type":"icon","alignment":"left","btn_text":"","image_size":"custom","subtitle":"","title":"Learn how to get a 30% discount on all products.","btn_position":"hover","image":{"id":"611","url":"#"},"woodmart_color_scheme":"light","image_alignment":"left","title_typography_typography":"custom","title_typography_font_weight":"500","woodmart_css_id":"5be44a94c401a","info_box_inline":"yes","image_custom_dimension":{"width":"60","height":"60"},"title_typography_font_size":{"size":"24","unit":"px"},"title_typography_font_size_tablet":{"size":"22","unit":"px"},"title_typography_font_size_mobile":{"size":"22","unit":"px"},"content_typography_typography":"custom","content_typography_font_size":{"size":"15","unit":"px"},"content":"Senectus ullamcorper lacus a euismod vestibulum habitasse.","icon_text":"53","scroll_y":"-80"},"elements":[],"widgetType":"wd_infobox"}],"isInner":""},{"id":"158756","elType":"column","settings":{"_column_size":"40","wd_color_scheme":"light","woodmart_parallax":"0","parallax_scroll":"no","hide_mobile":"hidden-phone","hide_tablet":"hidden-tablet","column_sticky_offset":"50","scroll_y":"-80","align":"flex-end"},"elements":[{"id":"5988765","elType":"widget","settings":{"subtitle":"","after_title":"","image_size":"custom","title_typography_typography":"custom","title_typography_font_weight":"500","align":"right","woodmart_css_id":"5be1a84bc40b0","title":"Follow us on:","title_typography_font_size":{"size":"16","unit":"px"},"width":{"size":"100","unit":"%"},"scroll_y":"-80","_margin":{"unit":"px","top":"0","right":"0","bottom":"5","left":"0","isLinked":""},"_element_width":"auto"},"elements":[],"widgetType":"wd_title"},{"id":"7979535","elType":"widget","settings":{"size":"small","color":"light","align":"right","style":"bordered","scroll_y":"-80"},"elements":[],"widgetType":"wd_social_buttons"}],"isInner":""}],"isInner":""},{"id":"9569558","elType":"section","settings":{"wd_section_stretch":"stretch","woodmart_parallax":"0","woodmart_gradient_switch":"no","row_reverse_mobile":"1","row_reverse_tablet":"1","woodmart_disable_overflow":"0","mobile_bg_img_hidden":"no","structure":"30","gap":"extended","margin":{"unit":"px","top":"0","right":"0","bottom":"25","left":"0","isLinked":""},"reverse_order_tablet":"reverse-tablet","reverse_order_mobile":"reverse-mobile"},"elements":[{"id":"1390975","elType":"column","settings":{"_column_size":"33","woodmart_parallax":"0","parallax_scroll":"no","_inline_size_tablet":"50","_inline_size_mobile":"100","mobile_bg_img_hidden":"no","mobile_reset_margin":"no","tablet_reset_margin":"no","column_sticky_offset":"50","scroll_y":"-80"},"elements":[{"id":"252529","elType":"widget","settings":{"title":"","layout":"carousel","items_per_page":"5","product_hover":"quick","sale_countdown":"1","highlighted_products":"1","slides_per_view":{"size":"1","unit":"px","sizes":[]},"hide_pagination_control":"yes","center_mode":"no","scroll_carousel_init":"yes","element_title":"SALE PRODUCTS","img_size":"339x387","scroll_y":"-80"},"elements":[],"widgetType":"wd_products"}],"isInner":""},{"id":"2776850","elType":"column","settings":{"_column_size":"33","woodmart_parallax":"0","parallax_scroll":"no","_inline_size_tablet":"50","_inline_size_mobile":"100","mobile_bg_img_hidden":"no","mobile_reset_margin":"no","tablet_reset_margin":"no","margin":{"unit":"px","top":"25","right":"0","bottom":"0","left":"0","isLinked":""},"margin_mobile":{"unit":"px","top":"0","right":"0","bottom":"0","left":"0","isLinked":""},"column_sticky_offset":"50","scroll_y":"-80"},"elements":[{"id":"6936974","elType":"widget","settings":{"subtitle":"","after_title":"","image_size":"custom","color":"primary","align":"left","style":"underlined","woodmart_css_id":"5be3e9e9958fd","title":"MOST POPULAR","width":{"size":"100","unit":"%"},"scroll_y":"-80"},"elements":[],"widgetType":"wd_title"},{"id":"3991427","elType":"widget","settings":{"title":"","items_per_page":"4","product_hover":"quick","columns":{"size":"2","unit":"px","sizes":[]},"img_size":"320x295","_margin_mobile":{"unit":"px","top":"0","right":"0","bottom":"20","left":"0","isLinked":""},"scroll_y":"-80"},"elements":[],"widgetType":"wd_products"}],"isInner":""},{"id":"6665690","elType":"column","settings":{"_column_size":"33","woodmart_parallax":"0","parallax_scroll":"no","mobile_bg_img_hidden":"no","mobile_reset_margin":"no","tablet_reset_margin":"no","_inline_size_tablet":"100","margin_tablet":{"unit":"px","top":"0","right":"0","bottom":"20","left":"0","isLinked":""},"column_sticky_offset":"50","scroll_y":"-80"},"elements":[{"id":"1259587","elType":"widget","settings":{"align":"left","image_size":"custom","title":"Adapters\r\nFor Camera Lenses","subtitle":"","content":"","btn_text":"read more","hover":"zoom","woodmart_color_scheme":"light","image_custom_dimension":{"width":"450","height":"341"},"image":{"id":"117","url":"#"},"style":"content-background","btn_color":"white","btn_size":"small","btn_style":"link","vertical_alignment":"bottom","width":{"size":"60","unit":"%"},"woodmart_css_id":"5be438ee72fd3","hide_btn_mobile":"yes","custom_content_bg_color":"#5d92ae","title_typography_typography":"custom","title_typography_font_size":{"size":"24","unit":"px"},"title_typography_font_size_tablet":{"size":"40","unit":"px"},"title_typography_font_size_mobile":{"size":"24","unit":"px"},"width_tablet":{"unit":"%","size":"80","sizes":[]},"scroll_y":"-80"},"elements":[],"widgetType":"wd_banner"},{"id":"864700","elType":"widget","settings":{"align":"left","image_size":"custom","title":"Accessories\r\nFor Photographers","subtitle":"","content":"","btn_text":"read more","hover":"zoom","woodmart_color_scheme":"light","image_custom_dimension":{"width":"450","height":"341"},"image":{"id":"117","url":"#"},"style":"content-background","btn_color":"white","btn_style":"link","vertical_alignment":"bottom","width":{"size":"60","unit":"%"},"woodmart_css_id":"5be438fdeefb9","hide_btn_mobile":"yes","custom_content_bg_color":"#6a788b","title_typography_typography":"custom","title_typography_font_size":{"size":"24","unit":"px"},"title_typography_font_size_tablet":{"size":"40","unit":"px"},"title_typography_font_size_mobile":{"size":"24","unit":"px"},"width_tablet":{"unit":"%","size":"80","sizes":[]},"scroll_y":"-80"},"elements":[],"widgetType":"wd_banner"}],"isInner":""}],"isInner":""},{"id":"8900265","elType":"section","settings":{"woodmart_parallax":"0","woodmart_gradient_switch":"no","row_reverse_mobile":"0","row_reverse_tablet":"0","woodmart_disable_overflow":"0","mobile_bg_img_hidden":"no","structure":"21","gap":"extended","margin":{"unit":"px","top":"0","right":"0","bottom":"25","left":"0","isLinked":""},"margin_mobile":{"unit":"px","top":"0","right":"0","bottom":"10","left":"0","isLinked":""}},"elements":[{"id":"5680060","elType":"column","settings":{"_column_size":"33","woodmart_parallax":"0","parallax_scroll":"no","_inline_size_tablet":"100","_inline_size_mobile":"100","mobile_bg_img_hidden":"no","mobile_reset_margin":"no","tablet_reset_margin":"no","column_sticky_offset":"50","scroll_y":"-80"},"elements":[{"id":"3603404","elType":"widget","settings":{"align":"left","image_size":"custom","title":"Building Tools\r\nAnd Accessories","subtitle":"","content":"","btn_text":"read more","hover":"zoom","woodmart_color_scheme":"light","image_custom_dimension":{"width":"450","height":"332"},"image":{"id":"117","url":"#"},"style":"content-background","btn_color":"white","btn_size":"small","btn_style":"link","vertical_alignment":"bottom","width":{"size":"60","unit":"%"},"woodmart_css_id":"5be43acca47c5","hide_btn_mobile":"yes","custom_content_bg_color":"#e8c028","title_typography_typography":"custom","title_typography_font_size":{"size":"24","unit":"px"},"title_typography_font_size_tablet":{"size":"40","unit":"px"},"title_typography_font_size_mobile":{"size":"24","unit":"px"},"width_tablet":{"unit":"%","size":"80","sizes":[]},"scroll_y":"-80"},"elements":[],"widgetType":"wd_banner"}],"isInner":""},{"id":"9474338","elType":"column","settings":{"_column_size":"66","woodmart_parallax":"0","parallax_scroll":"no","_inline_size_tablet":"100","_inline_size_mobile":"100","mobile_bg_img_hidden":"no","mobile_reset_margin":"no","tablet_reset_margin":"no","column_sticky_offset":"50","scroll_y":"-80"},"elements":[{"id":"914797","elType":"widget","settings":{"title":"BUILDING TOOLS","design":"simple","woodmart_css_id":"5be1937d83b00","color":"#439665","tabs_items":[{"_id":"5226464","image_size":"custom","layout":"carousel","spacing":"20","items_per_page":"6","product_hover":"icons","title":"NEW","sale_countdown":"0","lazy_loading":"no","slides_per_view":{"size":"5","unit":"px","sizes":[]},"autoplay":"no","hide_pagination_control":"yes","hide_prev_next_buttons":"no","center_mode":"no","wrap":"no","img_size":"174x178","stock_progress_bar":"0","products_bordered_grid":"1","post_type":"product","include":"","taxonomies":"","orderby":"","offset":"","query_type":"OR","order":"","meta_key":"","exclude":"","image":{"url":"","id":""},"image_custom_dimension":{"width":"","height":""}},{"_id":"1833124","image_size":"custom","layout":"carousel","spacing":"20","items_per_page":"6","product_hover":"icons","title":"FEATURED","sale_countdown":"0","lazy_loading":"no","slides_per_view":{"size":"5","unit":"px","sizes":[]},"autoplay":"no","hide_pagination_control":"yes","hide_prev_next_buttons":"no","center_mode":"no","wrap":"no","img_size":"174x178","stock_progress_bar":"0","products_bordered_grid":"1","post_type":"product","include":"","taxonomies":"","orderby":"rand","offset":"","query_type":"OR","order":"","meta_key":"","exclude":"","image":{"url":"","id":""},"image_custom_dimension":{"width":"","height":""}},{"_id":"7632723","image_size":"custom","layout":"carousel","spacing":"20","items_per_page":"6","product_hover":"icons","orderby":"price","title":"TOP SELLERS","sale_countdown":"0","lazy_loading":"no","slides_per_view":{"size":"5","unit":"px","sizes":[]},"autoplay":"no","hide_pagination_control":"yes","hide_prev_next_buttons":"no","center_mode":"no","wrap":"no","img_size":"174x178","stock_progress_bar":"0","products_bordered_grid":"1","post_type":"product","include":"","taxonomies":"","offset":"","query_type":"OR","order":"","meta_key":"","exclude":"","image":{"url":"","id":""},"image_custom_dimension":{"width":"","height":""}}],"scroll_y":"-80","layout":"carousel","columns":{"unit":"px","size":"5","sizes":[]},"items_per_page":"6","pagination":"arrows","slides_per_view":{"unit":"px","size":"5","sizes":[]},"hide_pagination_control":"yes","products_bordered_grid":"1"},"elements":[],"widgetType":"wd_products_tabs"}],"isInner":""}],"isInner":""},{"id":"1441762","elType":"section","settings":{"woodmart_parallax":"0","woodmart_gradient_switch":"no","row_reverse_mobile":"0","row_reverse_tablet":"0","woodmart_disable_overflow":"0","mobile_bg_img_hidden":"no","structure":"31","gap":"extended","margin":{"unit":"px","top":"0","right":"0","bottom":"25","left":"0","isLinked":""},"margin_mobile":{"unit":"px","top":"0","right":"0","bottom":"15","left":"0","isLinked":""}},"elements":[{"id":"6661529","elType":"column","settings":{"_column_size":"25","woodmart_parallax":"0","parallax_scroll":"no","_inline_size_tablet":"100","_inline_size_mobile":"100","hide_mobile":"hidden-phone","hide_tablet":"hidden-tablet","mobile_bg_img_hidden":"no","mobile_reset_margin":"no","tablet_reset_margin":"no","margin":{"unit":"px","top":"25","right":"0","bottom":"0","left":"0","isLinked":""},"column_sticky_offset":"50","scroll_y":"-80"},"elements":[{"id":"737618","elType":"widget","settings":{"subtitle":"","after_title":"","image_size":"custom","color":"primary","align":"left","style":"underlined","woodmart_css_id":"5be3e9e9958fd","title":"MOST POPULAR","width":{"size":"100","unit":"%"},"scroll_y":"-80"},"elements":[],"widgetType":"wd_title"},{"id":"1003387","elType":"widget","settings":{"images_size":"65x74","number":{"unit":"px","size":"4","sizes":[]},"scroll_y":"-80"},"elements":[],"widgetType":"wd_products_widget"}],"isInner":""},{"id":"9748251","elType":"column","settings":{"_column_size":"25","woodmart_parallax":"0","parallax_scroll":"no","_inline_size_tablet":"100","_inline_size_mobile":"100","hide_mobile":"hidden-phone","hide_tablet":"hidden-tablet","mobile_bg_img_hidden":"no","mobile_reset_margin":"no","tablet_reset_margin":"no","column_sticky_offset":"50","scroll_y":"-80"},"elements":[{"id":"104753","elType":"widget","settings":{"title":"","layout":"carousel","speed":"10000","items_per_page":"3","product_hover":"quick","orderby":"post__in","sale_countdown":"1","highlighted_products":"1","slides_per_view":{"size":"1","unit":"px","sizes":[]},"autoplay":"yes","hide_pagination_control":"yes","center_mode":"no","wrap":"yes","scroll_carousel_init":"yes","stock_progress_bar":"1","img_size":"623x625","element_title":"HOT DEALS","scroll_y":"-80"},"elements":[],"widgetType":"wd_products"}],"isInner":""},{"id":"6784761","elType":"column","settings":{"_column_size":"50","woodmart_parallax":"0","parallax_scroll":"no","_inline_size_tablet":"100","_inline_size_mobile":"100","mobile_bg_img_hidden":"no","mobile_reset_margin":"no","tablet_reset_margin":"no","column_sticky_offset":"50","scroll_y":"-80"},"elements":[{"id":"5211212","elType":"widget","settings":{"image":{"id":"117","url":""},"image_size":"custom","items":[{"_id":"5333649","hotspot_type":"product","product_id":"370","hotspot_position_horizontal":{"size":"87.163","unit":"px","sizes":[]},"hotspot_position_vertical":{"size":"62.233","unit":"px","sizes":[]},"hotspot_dropdown_side":"left","title":"Title, click to edit.","image":{"url":"","id":""},"image_size":"large","image_custom_dimension":{"width":"","height":""},"link_text":"Button","link":{"url":"#","is_external":"","nofollow":"","custom_attributes":""},"content":"","hotspot_position_horizontal_tablet":{"unit":"px","size":"","sizes":[]},"hotspot_position_horizontal_mobile":{"unit":"px","size":"","sizes":[]},"hotspot_position_vertical_tablet":{"unit":"px","size":"","sizes":[]},"hotspot_position_vertical_mobile":{"unit":"px","size":"","sizes":[]}},{"_id":"5530027","hotspot_type":"product","hotspot_dropdown_side":"right","product_id":"51","hotspot_position_horizontal":{"size":"33.914","unit":"px","sizes":[]},"hotspot_position_vertical":{"size":"52.494","unit":"px","sizes":[]},"title":"Title, click to edit.","image":{"url":"","id":""},"image_size":"large","image_custom_dimension":{"width":"","height":""},"link_text":"Button","link":{"url":"#","is_external":"","nofollow":"","custom_attributes":""},"content":"","hotspot_position_horizontal_tablet":{"unit":"px","size":"","sizes":[]},"hotspot_position_horizontal_mobile":{"unit":"px","size":"","sizes":[]},"hotspot_position_vertical_tablet":{"unit":"px","size":"","sizes":[]},"hotspot_position_vertical_mobile":{"unit":"px","size":"","sizes":[]}},{"_id":"356712","hotspot_type":"product","product_id":"53","hotspot_position_horizontal":{"size":"50.977","unit":"px","sizes":[]},"hotspot_position_vertical":{"size":"4.289","unit":"px","sizes":[]},"hotspot_dropdown_side":"left","title":"Title, click to edit.","image":{"url":"","id":""},"image_size":"large","image_custom_dimension":{"width":"","height":""},"link_text":"Button","link":{"url":"#","is_external":"","nofollow":"","custom_attributes":""},"content":"","hotspot_position_horizontal_tablet":{"unit":"px","size":"","sizes":[]},"hotspot_position_horizontal_mobile":{"unit":"px","size":"","sizes":[]},"hotspot_position_vertical_tablet":{"unit":"px","size":"","sizes":[]},"hotspot_position_vertical_mobile":{"unit":"px","size":"","sizes":[]}}],"scroll_y":"-80","image_custom_dimension":{"width":"680","height":"494"}},"elements":[],"widgetType":"wd_image_hotspot"}],"isInner":""}],"isInner":""},{"id":"8111336","elType":"section","settings":{"woodmart_parallax":"0","woodmart_gradient_switch":"no","row_reverse_mobile":"0","row_reverse_tablet":"0","woodmart_disable_overflow":"0","mobile_bg_img_hidden":"no"},"elements":[{"id":"6007736","elType":"column","settings":{"_column_size":"100","woodmart_parallax":"0","parallax_scroll":"no","column_sticky_offset":"50","scroll_y":"-80"},"elements":[{"id":"2767779","elType":"widget","settings":{"slider_spacing":"20","slides_per_view":{"size":"3","unit":"px","sizes":[]},"hide_pagination_control":"yes","scroll_carousel_init":"yes","content_repeater":[{"_id":"6275399","image_size":"custom","title":"Discounts 30%\r\nFor Men Watches","subtitle":"","content":"","btn_text":"VIEW MORE","image_custom_dimension":{"width":"244","height":"202"},"image":{"id":"117","url":"#"},"vertical_alignment":"middle","width":{"size":"70","unit":"%"},"increase_spaces":"no","link":{"url":"#","is_external":"","nofollow":"","custom_attributes":""},"image_type":"image","image_height":{"unit":"px","size":"300","sizes":[]},"image_height_tablet":{"unit":"px","size":"","sizes":[]},"image_height_mobile":{"unit":"px","size":"","sizes":[]},"image_bg_position":"center center","horizontal_alignment":"left","text_alignment":"left","width_tablet":{"unit":"%","size":"","sizes":[]},"width_mobile":{"unit":"%","size":"","sizes":[]}},{"_id":"2846621","image_size":"custom","title":"New Tents\r\nAccessories Hiking","subtitle":"","content":"","btn_text":"VIEW MORE","image_custom_dimension":{"width":"244","height":"202"},"image":{"id":"117","url":"#"},"vertical_alignment":"middle","width":{"size":"70","unit":"%"},"increase_spaces":"no","link":{"url":"#","is_external":"","nofollow":"","custom_attributes":""},"image_type":"image","image_height":{"unit":"px","size":"300","sizes":[]},"image_height_tablet":{"unit":"px","size":"","sizes":[]},"image_height_mobile":{"unit":"px","size":"","sizes":[]},"image_bg_position":"center center","horizontal_alignment":"left","text_alignment":"left","width_tablet":{"unit":"%","size":"","sizes":[]},"width_mobile":{"unit":"%","size":"","sizes":[]}},{"_id":"3921727","image_size":"custom","title":"Buy 2 Devices\r\nWith 5% discount","subtitle":"","content":"","btn_text":"VIEW MORE","image_custom_dimension":{"width":"244","height":"202"},"image":{"id":"117","url":"#"},"vertical_alignment":"middle","width":{"size":"70","unit":"%"},"increase_spaces":"no","link":{"url":"#","is_external":"","nofollow":"","custom_attributes":""},"image_type":"image","image_height":{"unit":"px","size":"300","sizes":[]},"image_height_tablet":{"unit":"px","size":"","sizes":[]},"image_height_mobile":{"unit":"px","size":"","sizes":[]},"image_bg_position":"center center","horizontal_alignment":"left","text_alignment":"left","width_tablet":{"unit":"%","size":"","sizes":[]},"width_mobile":{"unit":"%","size":"","sizes":[]}}],"hover":"zoom","woodmart_color_scheme":"light","btn_position":"static","btn_color":"white","btn_style":"link","scroll_y":"-80"},"elements":[],"widgetType":"wd_banner_carousel"}],"isInner":""}],"isInner":""}]]]></wp:meta_value>
		</wp:postmeta>
							<wp:postmeta>
			<wp:meta_key>_elementor_edit_mode</wp:meta_key>
			<wp:meta_value><![CDATA[builder]]></wp:meta_value>
		</wp:postmeta>
							<wp:postmeta>
			<wp:meta_key>_elementor_version</wp:meta_key>
			<wp:meta_value><![CDATA[2.9.11]]></wp:meta_value>
		</wp:postmeta>
							<wp:postmeta>
			<wp:meta_key>_elementor_template_type</wp:meta_key>
			<wp:meta_value><![CDATA[wp-page]]></wp:meta_value>
		</wp:postmeta>
							<wp:postmeta>
			<wp:meta_key>_elementor_controls_usage</wp:meta_key>
			<wp:meta_value><![CDATA[a:13:{s:17:"slider_revolution";a:3:{s:5:"count";i:1;s:15:"control_percent";i:2;s:8:"controls";a:2:{s:7:"content";a:1:{s:15:"content_section";a:2:{s:14:"revslidertitle";i:1;s:9:"shortcode";i:1;}}s:8:"advanced";a:1:{s:8:"wd_extra";a:1:{s:8:"scroll_y";i:1;}}}}s:6:"column";a:3:{s:5:"count";i:20;s:15:"control_percent";i:1;s:8:"controls";a:3:{s:6:"layout";a:1:{s:6:"layout";a:4:{s:12:"_inline_size";i:2;s:19:"_inline_size_tablet";i:14;s:19:"_inline_size_mobile";i:9;s:5:"align";i:1;}}s:8:"advanced";a:3:{s:16:"section_advanced";a:3:{s:6:"margin";i:3;s:13:"margin_tablet";i:2;s:13:"margin_mobile";i:1;}s:8:"wd_extra";a:2:{s:20:"column_sticky_offset";i:20;s:8:"scroll_y";i:20;}s:19:"_section_responsive";a:2:{s:11:"hide_mobile";i:4;s:11:"hide_tablet";i:4;}}s:5:"style";a:1:{s:14:"wd_extra_style";a:1:{s:15:"wd_color_scheme";i:1;}}}}s:11:"wd_products";a:3:{s:5:"count";i:6;s:15:"control_percent";i:7;s:8:"controls";a:3:{s:5:"style";a:3:{s:20:"layout_style_section";a:3:{s:6:"layout";i:3;s:14:"items_per_page";i:6;s:7:"columns";i:3;}s:29:"products_design_style_section";a:7:{s:13:"product_hover";i:6;s:20:"highlighted_products";i:3;s:8:"img_size";i:6;s:18:"stock_progress_bar";i:2;s:13:"element_title";i:3;s:22:"products_bordered_grid";i:2;s:14:"sale_countdown";i:2;}s:22:"carousel_style_section";a:5:{s:15:"slides_per_view";i:3;s:23:"hide_pagination_control";i:3;s:5:"speed";i:1;s:8:"autoplay";i:1;s:4:"wrap";i:1;}}s:8:"advanced";a:2:{s:8:"wd_extra";a:1:{s:8:"scroll_y";i:6;}s:14:"_section_style";a:1:{s:14:"_margin_mobile";i:1;}}s:7:"content";a:1:{s:23:"general_content_section";a:1:{s:7:"orderby";i:1;}}}}s:7:"section";a:3:{s:5:"count";i:11;s:15:"control_percent";i:0;s:8:"controls";a:3:{s:6:"layout";a:3:{s:14:"section_layout";a:2:{s:16:"content_position";i:2;s:3:"gap";i:6;}s:17:"section_structure";a:1:{s:9:"structure";i:7;}s:15:"wd_extra_layout";a:1:{s:18:"wd_section_stretch";i:3;}}s:8:"advanced";a:2:{s:16:"section_advanced";a:4:{s:6:"margin";i:8;s:13:"margin_tablet";i:1;s:7:"padding";i:2;s:13:"margin_mobile";i:2;}s:19:"_section_responsive";a:2:{s:20:"reverse_order_tablet";i:1;s:20:"reverse_order_mobile";i:1;}}s:5:"style";a:1:{s:18:"section_background";a:2:{s:21:"background_background";i:2;s:16:"background_color";i:2;}}}}s:8:"wd_title";a:3:{s:5:"count";i:6;s:15:"control_percent";i:3;s:8:"controls";a:3:{s:7:"content";a:1:{s:23:"general_content_section";a:3:{s:8:"subtitle";i:6;s:11:"after_title";i:6;s:5:"title";i:6;}}s:5:"style";a:2:{s:19:"title_style_section";a:4:{s:10:"image_size";i:6;s:27:"title_typography_typography";i:1;s:28:"title_typography_font_weight";i:1;s:26:"title_typography_font_size";i:1;}s:21:"general_style_section";a:4:{s:5:"color";i:5;s:5:"align";i:6;s:5:"style";i:5;s:5:"width";i:6;}}s:8:"advanced";a:3:{s:8:"wd_extra";a:1:{s:8:"scroll_y";i:6;}s:14:"_section_style";a:1:{s:7:"_margin";i:1;}s:17:"_section_position";a:1:{s:14:"_element_width";i:1;}}}}s:9:"wd_banner";a:3:{s:5:"count";i:5;s:15:"control_percent";i:8;s:8:"controls";a:3:{s:7:"content";a:2:{s:21:"image_content_section";a:3:{s:10:"image_size";i:5;s:22:"image_custom_dimension";i:5;s:5:"image";i:5;}s:15:"content_section";a:4:{s:5:"title";i:5;s:8:"subtitle";i:5;s:7:"content";i:5;s:8:"btn_text";i:5;}}s:5:"style";a:4:{s:21:"general_style_section";a:4:{s:5:"hover";i:5;s:21:"woodmart_color_scheme";i:5;s:5:"style";i:5;s:23:"custom_content_bg_color";i:5;}s:20:"button_style_section";a:4:{s:9:"btn_color";i:5;s:8:"btn_size";i:4;s:9:"btn_style";i:5;s:15:"hide_btn_mobile";i:5;}s:20:"layout_style_section";a:3:{s:18:"vertical_alignment";i:5;s:5:"width";i:5;s:12:"width_tablet";i:5;}s:19:"title_style_section";a:4:{s:27:"title_typography_typography";i:5;s:26:"title_typography_font_size";i:5;s:33:"title_typography_font_size_tablet";i:5;s:33:"title_typography_font_size_mobile";i:5;}}s:8:"advanced";a:1:{s:8:"wd_extra";a:1:{s:8:"scroll_y";i:5;}}}}s:21:"wd_product_categories";a:3:{s:5:"count";i:1;s:15:"control_percent";i:2;s:8:"controls";a:2:{s:5:"style";a:3:{s:20:"design_style_section";a:1:{s:17:"categories_design";i:1;}s:20:"layout_style_section";a:1:{s:5:"style";i:1;}s:22:"carousel_style_section";a:2:{s:15:"slides_per_view";i:1;s:23:"hide_pagination_control";i:1;}}s:8:"advanced";a:1:{s:8:"wd_extra";a:1:{s:8:"scroll_y";i:1;}}}}s:18:"wd_banner_carousel";a:3:{s:5:"count";i:2;s:15:"control_percent";i:4;s:8:"controls";a:3:{s:7:"content";a:1:{s:23:"general_content_section";a:1:{s:16:"content_repeater";i:2;}}s:5:"style";a:3:{s:21:"general_style_section";a:2:{s:5:"hover";i:2;s:21:"woodmart_color_scheme";i:2;}s:20:"button_style_section";a:3:{s:12:"btn_position";i:2;s:9:"btn_color";i:2;s:9:"btn_style";i:2;}s:22:"carousel_style_section";a:4:{s:15:"slides_per_view";i:2;s:14:"slider_spacing";i:2;s:23:"hide_pagination_control";i:2;s:20:"scroll_carousel_init";i:1;}}s:8:"advanced";a:1:{s:8:"wd_extra";a:1:{s:8:"scroll_y";i:2;}}}}s:10:"wd_infobox";a:3:{s:5:"count";i:1;s:15:"control_percent";i:5;s:8:"controls";a:3:{s:7:"content";a:2:{s:20:"icon_content_section";a:4:{s:9:"icon_type";i:1;s:10:"image_size";i:1;s:5:"image";i:1;s:22:"image_custom_dimension";i:1;}s:15:"content_section";a:4:{s:8:"btn_text";i:1;s:8:"subtitle";i:1;s:5:"title";i:1;s:7:"content";i:1;}}s:5:"style";a:4:{s:21:"general_style_section";a:3:{s:9:"alignment";i:1;s:21:"woodmart_color_scheme";i:1;s:15:"image_alignment";i:1;}s:22:"button_content_section";a:1:{s:12:"btn_position";i:1;}s:19:"title_style_section";a:5:{s:27:"title_typography_typography";i:1;s:28:"title_typography_font_weight";i:1;s:26:"title_typography_font_size";i:1;s:33:"title_typography_font_size_tablet";i:1;s:33:"title_typography_font_size_mobile";i:1;}s:21:"content_style_section";a:2:{s:29:"content_typography_typography";i:1;s:28:"content_typography_font_size";i:1;}}s:8:"advanced";a:1:{s:8:"wd_extra";a:1:{s:8:"scroll_y";i:1;}}}}s:17:"wd_social_buttons";a:3:{s:5:"count";i:1;s:15:"control_percent";i:3;s:8:"controls";a:2:{s:5:"style";a:1:{s:21:"general_style_section";a:4:{s:4:"size";i:1;s:5:"color";i:1;s:5:"align";i:1;s:5:"style";i:1;}}s:8:"advanced";a:1:{s:8:"wd_extra";a:1:{s:8:"scroll_y";i:1;}}}}s:16:"wd_products_tabs";a:3:{s:5:"count";i:1;s:15:"control_percent";i:5;s:8:"controls";a:3:{s:7:"content";a:2:{s:23:"general_content_section";a:1:{s:5:"title";i:1;}s:20:"tabs_content_section";a:1:{s:10:"tabs_items";i:1;}}s:5:"style";a:4:{s:21:"heading_style_section";a:2:{s:6:"design";i:1;s:5:"color";i:1;}s:29:"products_layout_style_section";a:4:{s:6:"layout";i:1;s:7:"columns";i:1;s:14:"items_per_page";i:1;s:10:"pagination";i:1;}s:22:"carousel_style_section";a:2:{s:15:"slides_per_view";i:1;s:23:"hide_pagination_control";i:1;}s:29:"products_design_style_section";a:1:{s:22:"products_bordered_grid";i:1;}}s:8:"advanced";a:1:{s:8:"wd_extra";a:1:{s:8:"scroll_y";i:1;}}}}s:18:"wd_products_widget";a:3:{s:5:"count";i:1;s:15:"control_percent";i:1;s:8:"controls";a:2:{s:7:"content";a:1:{s:23:"general_content_section";a:2:{s:11:"images_size";i:1;s:6:"number";i:1;}}s:8:"advanced";a:1:{s:8:"wd_extra";a:1:{s:8:"scroll_y";i:1;}}}}s:16:"wd_image_hotspot";a:3:{s:5:"count";i:1;s:15:"control_percent";i:3;s:8:"controls";a:2:{s:7:"content";a:2:{s:23:"general_content_section";a:3:{s:5:"image";i:1;s:10:"image_size";i:1;s:22:"image_custom_dimension";i:1;}s:21:"items_content_section";a:1:{s:5:"items";i:1;}}s:8:"advanced";a:1:{s:8:"wd_extra";a:1:{s:8:"scroll_y";i:1;}}}}}]]></wp:meta_value>
		</wp:postmeta>
						</item>
					<item>
		<title>
				Pre footer – black friday		</title>
		<link>http://dummy.xtemos.com/woodmart-elementor/demos/?cms_block=pre-footer-black-friday</link>
		<pubDate>Thu, 08 Nov 2018 14:05:13 +0000</pubDate>
		<dc:creator><![CDATA[erwin]]></dc:creator>
		<guid isPermaLink="false">http://dummy.xtemos.com/woodmart-elementor/demos/?post_type=cms_block&#038;p=2144</guid>
		<description></description>
		<content:encoded><![CDATA[
































											
								FREE SHIPPING						
						Carrier information.
															
























]]></content:encoded>
		<excerpt:encoded><![CDATA[]]></excerpt:encoded>
		<wp:post_id>2144</wp:post_id>
		<wp:post_date>2018-11-08 14:05:13</wp:post_date>
		<wp:post_date_gmt>2018-11-08 14:05:13</wp:post_date_gmt>
		<wp:comment_status>closed</wp:comment_status>
		<wp:ping_status>closed</wp:ping_status>
		<wp:post_name>pre-footer-black-friday</wp:post_name>
		<wp:status>publish</wp:status>
		<wp:post_parent>0</wp:post_parent>
		<wp:menu_order>0</wp:menu_order>
		<wp:post_type>cms_block</wp:post_type>
		<wp:post_password></wp:post_password>
		<wp:is_sticky>0</wp:is_sticky>
														<wp:postmeta>
			<wp:meta_key>_elementor_data</wp:meta_key>
			<wp:meta_value><![CDATA[[{"id":"9739862","elType":"section","settings":{"wd_section_stretch":"stretch","content_position":"middle","border_width":{"top":"0","left":"0","right":"0","bottom":"1","unit":"px","isLinked":""},"border_border":"solid","border_color":"rgba(255,255,255,0.1)","background_background":"classic","background_color":"#439665","woodmart_parallax":"0","woodmart_gradient_switch":"no","row_reverse_mobile":"0","row_reverse_tablet":"0","woodmart_disable_overflow":"0","mobile_bg_img_hidden":"no","structure":"50","margin":{"unit":"px","top":"0","right":"0","bottom":"-40","left":"0","isLinked":""},"padding":{"unit":"px","top":"30","right":"15","bottom":"0","left":"15","isLinked":""}},"elements":[{"id":"2651063","elType":"column","settings":{"_column_size":"33","_inline_size":"","wd_color_scheme":"light","woodmart_text_align":"center","_inline_size_tablet":"100","_inline_size_mobile":"100","woodmart_parallax":"0","parallax_scroll":"no","mobile_bg_img_hidden":"no","mobile_reset_margin":"no","tablet_reset_margin":"no","margin":{"unit":"px","top":"0","right":"0","bottom":"30","left":"0","isLinked":""},"column_sticky_offset":"50","scroll_y":"-80"},"elements":[{"id":"7396653","elType":"widget","settings":{"icon_type":"icon","alignment":"left","btn_text":"","image_size":"custom","subtitle":"","title":"FREE SHIPPING","btn_position":"hover","image":{"id":"611","url":"#"},"woodmart_color_scheme":"light","image_alignment":"left","title_size":"small","image_custom_dimension":{"width":"50","height":"50"},"woodmart_css_id":"5be4428d19943","info_box_inline":"yes","title_typography_typography":"custom","title_typography_font_size":{"size":"14","unit":"px"},"woodmart_empty_space":"","content":"Carrier information.","icon_text":"53","scroll_y":"-80"},"elements":[],"widgetType":"wd_infobox"}],"isInner":""},{"id":"7529937","elType":"column","settings":{"_column_size":"33","_inline_size":"","woodmart_text_align":"center","mobile_bg_img_hidden":"no","woodmart_parallax":"0","parallax_scroll":"no","mobile_reset_margin":"no","tablet_reset_margin":"no","margin":{"unit":"px","top":"0","right":"0","bottom":"30","left":"0","isLinked":""},"column_sticky_offset":"50","scroll_y":"-80"},"elements":[{"id":"6490805","elType":"widget","settings":{"icon_type":"icon","alignment":"left","btn_text":"","image_size":"custom","subtitle":"","title":"ONLINE PAYMENT","btn_position":"hover","image":{"id":"611","url":"#"},"woodmart_color_scheme":"light","image_alignment":"left","title_size":"small","image_custom_dimension":{"width":"50","height":"50"},"woodmart_css_id":"5be4429257479","info_box_inline":"yes","title_typography_typography":"custom","title_typography_font_size":{"size":"14","unit":"px"},"woodmart_empty_space":"","content":"Payment methods.","icon_text":"53","scroll_y":"-80"},"elements":[],"widgetType":"wd_infobox"}],"isInner":""},{"id":"6516897","elType":"column","settings":{"_column_size":"33","_inline_size":"","woodmart_text_align":"center","mobile_bg_img_hidden":"no","woodmart_parallax":"0","parallax_scroll":"no","mobile_reset_margin":"no","tablet_reset_margin":"no","margin":{"unit":"px","top":"0","right":"0","bottom":"30","left":"0","isLinked":""},"column_sticky_offset":"50","scroll_y":"-80"},"elements":[{"id":"3524075","elType":"widget","settings":{"icon_type":"icon","alignment":"left","btn_text":"","image_size":"custom","subtitle":"","title":"24\/7 SUPPORT","btn_position":"hover","image":{"id":"611","url":"#"},"woodmart_color_scheme":"light","image_alignment":"left","title_size":"small","image_custom_dimension":{"width":"50","height":"50"},"woodmart_css_id":"5be44271c4126","info_box_inline":"yes","title_typography_typography":"custom","title_typography_font_size":{"size":"14","unit":"px"},"woodmart_empty_space":"","content":"Unlimited help desk.","icon_text":"53","scroll_y":"-80"},"elements":[],"widgetType":"wd_infobox"}],"isInner":""},{"id":"8150693","elType":"column","settings":{"_column_size":"33","_inline_size":"","woodmart_text_align":"center","mobile_bg_img_hidden":"no","woodmart_parallax":"0","parallax_scroll":"no","mobile_reset_margin":"no","tablet_reset_margin":"no","margin":{"unit":"px","top":"0","right":"0","bottom":"30","left":"0","isLinked":""},"column_sticky_offset":"50","scroll_y":"-80"},"elements":[{"id":"2286465","elType":"widget","settings":{"icon_type":"icon","alignment":"left","btn_text":"","image_size":"custom","subtitle":"","title":"100% SAFE","btn_position":"hover","image":{"id":"611","url":"#"},"woodmart_color_scheme":"light","image_alignment":"left","title_size":"small","image_custom_dimension":{"width":"50","height":"50"},"woodmart_css_id":"5be442791b3ed","info_box_inline":"yes","title_typography_typography":"custom","title_typography_font_size":{"size":"14","unit":"px"},"woodmart_empty_space":"","content":"View our benefits.","icon_text":"53","scroll_y":"-80"},"elements":[],"widgetType":"wd_infobox"}],"isInner":""},{"id":"6026966","elType":"column","settings":{"_column_size":"33","_inline_size":"","woodmart_text_align":"center","mobile_bg_img_hidden":"no","woodmart_parallax":"0","parallax_scroll":"no","mobile_reset_margin":"no","tablet_reset_margin":"no","_inline_size_tablet":"100","margin":{"unit":"px","top":"0","right":"0","bottom":"30","left":"0","isLinked":""},"column_sticky_offset":"50","scroll_y":"-80"},"elements":[{"id":"9425036","elType":"widget","settings":{"icon_type":"icon","alignment":"left","btn_text":"","image_size":"custom","subtitle":"","title":"FREE RETURNS","btn_position":"hover","image":{"id":"611","url":"#"},"woodmart_color_scheme":"light","image_alignment":"left","title_size":"small","image_custom_dimension":{"width":"50","height":"50"},"woodmart_css_id":"5be4428557fd2","info_box_inline":"yes","title_typography_typography":"custom","title_typography_font_size":{"size":"14","unit":"px"},"woodmart_empty_space":"","content":"Track or cancel orders.","icon_text":"53","scroll_y":"-80"},"elements":[],"widgetType":"wd_infobox"}],"isInner":""}],"isInner":""}]]]></wp:meta_value>
		</wp:postmeta>
							<wp:postmeta>
			<wp:meta_key>_elementor_edit_mode</wp:meta_key>
			<wp:meta_value><![CDATA[builder]]></wp:meta_value>
		</wp:postmeta>
							<wp:postmeta>
			<wp:meta_key>_elementor_version</wp:meta_key>
			<wp:meta_value><![CDATA[2.9.11]]></wp:meta_value>
		</wp:postmeta>
							<wp:postmeta>
			<wp:meta_key>_elementor_template_type</wp:meta_key>
			<wp:meta_value><![CDATA[wp-post]]></wp:meta_value>
		</wp:postmeta>
							<wp:postmeta>
			<wp:meta_key>_wp_page_template</wp:meta_key>
			<wp:meta_value><![CDATA[default]]></wp:meta_value>
		</wp:postmeta>
							<wp:postmeta>
			<wp:meta_key>_elementor_controls_usage</wp:meta_key>
			<wp:meta_value><![CDATA[a:3:{s:10:"wd_infobox";a:3:{s:5:"count";i:5;s:15:"control_percent";i:5;s:8:"controls";a:3:{s:7:"content";a:2:{s:20:"icon_content_section";a:4:{s:9:"icon_type";i:5;s:10:"image_size";i:5;s:5:"image";i:5;s:22:"image_custom_dimension";i:5;}s:23:"general_content_section";a:4:{s:8:"btn_text";i:5;s:8:"subtitle";i:5;s:5:"title";i:5;s:7:"content";i:5;}}s:5:"style";a:3:{s:21:"general_style_section";a:4:{s:9:"alignment";i:5;s:21:"woodmart_color_scheme";i:5;s:15:"image_alignment";i:5;s:10:"title_size";i:5;}s:22:"button_content_section";a:1:{s:12:"btn_position";i:5;}s:19:"title_style_section";a:2:{s:27:"title_typography_typography";i:5;s:26:"title_typography_font_size";i:5;}}s:8:"advanced";a:1:{s:8:"wd_extra";a:1:{s:8:"scroll_y";i:5;}}}}s:6:"column";a:3:{s:5:"count";i:5;s:15:"control_percent";i:1;s:8:"controls";a:2:{s:8:"advanced";a:2:{s:8:"wd_extra";a:3:{s:15:"wd_color_scheme";i:1;s:20:"column_sticky_offset";i:5;s:8:"scroll_y";i:5;}s:16:"section_advanced";a:1:{s:6:"margin";i:5;}}s:6:"layout";a:1:{s:6:"layout";a:2:{s:19:"_inline_size_tablet";i:2;s:19:"_inline_size_mobile";i:1;}}}}s:7:"section";a:3:{s:5:"count";i:1;s:15:"control_percent";i:3;s:8:"controls";a:3:{s:6:"layout";a:3:{s:15:"wd_extra_layout";a:1:{s:18:"wd_section_stretch";i:1;}s:14:"section_layout";a:1:{s:16:"content_position";i:1;}s:17:"section_structure";a:1:{s:9:"structure";i:1;}}s:5:"style";a:2:{s:14:"section_border";a:3:{s:12:"border_width";i:1;s:13:"border_border";i:1;s:12:"border_color";i:1;}s:18:"section_background";a:2:{s:21:"background_background";i:1;s:16:"background_color";i:1;}}s:8:"advanced";a:1:{s:16:"section_advanced";a:2:{s:6:"margin";i:1;s:7:"padding";i:1;}}}}}]]></wp:meta_value>
		</wp:postmeta>
						</item>
					<item>
		<title>
				Footer – black friday		</title>
		<link>http://dummy.xtemos.com/woodmart-elementor/demos/?cms_block=footer-black-friday</link>
		<pubDate>Thu, 08 Nov 2018 14:08:04 +0000</pubDate>
		<dc:creator><![CDATA[erwin]]></dc:creator>
		<guid isPermaLink="false">http://dummy.xtemos.com/woodmart-elementor/demos/?post_type=cms_block&#038;p=2145</guid>
		<description></description>
		<content:encoded><![CDATA[
				
											
								OUR STORES							
													
					
							
								
										New York									
																	
							
					]]></content:encoded>
		<excerpt:encoded><![CDATA[]]></excerpt:encoded>
		<wp:post_id>2145</wp:post_id>
		<wp:post_date>2018-11-08 14:08:04</wp:post_date>
		<wp:post_date_gmt>2018-11-08 14:08:04</wp:post_date_gmt>
		<wp:comment_status>closed</wp:comment_status>
		<wp:ping_status>closed</wp:ping_status>
		<wp:post_name>footer-black-friday</wp:post_name>
		<wp:status>publish</wp:status>
		<wp:post_parent>0</wp:post_parent>
		<wp:menu_order>0</wp:menu_order>
		<wp:post_type>cms_block</wp:post_type>
		<wp:post_password></wp:post_password>
		<wp:is_sticky>0</wp:is_sticky>
														<wp:postmeta>
			<wp:meta_key>_elementor_data</wp:meta_key>
			<wp:meta_value><![CDATA[[{"id":"6459158","elType":"section","settings":{"wd_section_stretch":"stretch","content_position":"top","border_width":{"top":"0","left":"0","right":"0","bottom":"1","unit":"px","isLinked":""},"border_color":"rgba(255,255,255,0.1)","woodmart_parallax":"0","woodmart_gradient_switch":"no","row_reverse_mobile":"0","row_reverse_tablet":"0","woodmart_disable_overflow":"0","mobile_bg_img_hidden":"no","structure":"50","margin":{"unit":"px","top":"-25","right":"0","bottom":"15","left":"0","isLinked":""}},"elements":[{"id":"7794780","elType":"column","settings":{"_column_size":"20","_inline_size":"16","wd_color_scheme":"dark","_inline_size_tablet":"25","_inline_size_mobile":"50","woodmart_parallax":"0","parallax_scroll":"no","mobile_bg_img_hidden":"no","mobile_reset_margin":"no","tablet_reset_margin":"no","column_sticky_offset":"50","scroll_y":"-80"},"elements":[{"id":"67373","elType":"widget","settings":{"label_color":"black","title":"OUR STORES","menu_items_repeater":[{"_id":"8138579","label":"","title":"New York","link":{"url":"#","is_external":"","nofollow":""},"label_color":"primary"},{"_id":"4497183","label":"","title":"London SF","link":{"url":"#","is_external":"","nofollow":""},"label_color":"primary"},{"_id":"8447543","label":"","title":"Cockfosters BP","link":{"url":"#","is_external":"","nofollow":""},"label_color":"primary"},{"_id":"8297313","label":"","title":"Los Angeles","link":{"url":"#","is_external":"","nofollow":""},"label_color":"primary"},{"_id":"3842231","label":"","title":"Chicago","link":{"url":"#","is_external":"","nofollow":""},"label_color":"primary"},{"_id":"6503365","label":"","title":"Las Vegas","link":{"url":"#","is_external":"","nofollow":""},"label_color":"primary"}],"scroll_y":"-80"},"elements":[],"widgetType":"wd_extra_menu_list"}],"isInner":""},{"id":"5194682","elType":"column","settings":{"_column_size":"20","_inline_size":"16","wd_color_scheme":"dark","_inline_size_tablet":"25","_inline_size_mobile":"50","woodmart_parallax":"0","parallax_scroll":"no","mobile_bg_img_hidden":"no","mobile_reset_margin":"no","tablet_reset_margin":"no","column_sticky_offset":"50","scroll_y":"-80"},"elements":[{"id":"718014","elType":"widget","settings":{"label_color":"black","title":"USEFUL LINKS","menu_items_repeater":[{"_id":"3218552","label":"","title":"Privacy Policy","link":{"url":"#","is_external":"","nofollow":""},"label_color":"primary"},{"_id":"2297818","label":"","title":"Returns","link":{"url":"#","is_external":"","nofollow":""},"label_color":"primary"},{"_id":"8824921","label":"","title":"Terms &amp; Conditions","link":{"url":"#","is_external":"","nofollow":""},"label_color":"primary"},{"_id":"2472083","label":"","title":"Contact Us","link":{"url":"#","is_external":"","nofollow":""},"label_color":"primary"},{"_id":"7858379","label":"","title":"Latest News","link":{"url":"#","is_external":"","nofollow":""},"label_color":"primary"},{"_id":"2140410","label":"","title":"Our Sitemap","link":{"url":"#","is_external":"","nofollow":""},"label_color":"primary"}],"scroll_y":"-80"},"elements":[],"widgetType":"wd_extra_menu_list"}],"isInner":""},{"id":"9226758","elType":"column","settings":{"_column_size":"20","_inline_size":"16","wd_color_scheme":"dark","_inline_size_tablet":"25","_inline_size_mobile":"50","woodmart_parallax":"0","parallax_scroll":"no","mobile_bg_img_hidden":"no","mobile_reset_margin":"no","tablet_reset_margin":"no","column_sticky_offset":"50","scroll_y":"-80"},"elements":[{"id":"5350332","elType":"widget","settings":{"label_color":"black","title":"OUR STORES","menu_items_repeater":[{"_id":"9147867","label":"","title":"New York","link":{"url":"#","is_external":"","nofollow":""},"label_color":"primary"},{"_id":"1315135","label":"","title":"London SF","link":{"url":"#","is_external":"","nofollow":""},"label_color":"primary"},{"_id":"5120785","label":"","title":"Cockfosters BP","link":{"url":"#","is_external":"","nofollow":""},"label_color":"primary"},{"_id":"8524234","label":"","title":"Los Angeles","link":{"url":"#","is_external":"","nofollow":""},"label_color":"primary"},{"_id":"5682645","label":"","title":"Chicago","link":{"url":"#","is_external":"","nofollow":""},"label_color":"primary"},{"_id":"9231287","label":"","title":"Las Vegas","link":{"url":"#","is_external":"","nofollow":""},"label_color":"primary"}],"scroll_y":"-80"},"elements":[],"widgetType":"wd_extra_menu_list"}],"isInner":""},{"id":"5105964","elType":"column","settings":{"_column_size":"20","_inline_size":"16","wd_color_scheme":"dark","_inline_size_tablet":"25","_inline_size_mobile":"50","woodmart_parallax":"0","parallax_scroll":"no","mobile_bg_img_hidden":"no","mobile_reset_margin":"no","tablet_reset_margin":"no","column_sticky_offset":"50","scroll_y":"-80"},"elements":[{"id":"7585885","elType":"widget","settings":{"label_color":"black","title":"USEFUL LINKS","menu_items_repeater":[{"_id":"2910064","label":"","title":"Privacy Policy","link":{"url":"#","is_external":"","nofollow":""},"label_color":"primary"},{"_id":"4932476","label":"","title":"Returns","link":{"url":"#","is_external":"","nofollow":""},"label_color":"primary"},{"_id":"6795957","label":"","title":"Terms &amp; Conditions","link":{"url":"#","is_external":"","nofollow":""},"label_color":"primary"},{"_id":"4452004","label":"","title":"Contact Us","link":{"url":"#","is_external":"","nofollow":""},"label_color":"primary"},{"_id":"4526601","label":"","title":"Latest News","link":{"url":"#","is_external":"","nofollow":""},"label_color":"primary"},{"_id":"7425445","label":"","title":"Our Sitemap","link":{"url":"#","is_external":"","nofollow":""},"label_color":"primary"}],"scroll_y":"-80"},"elements":[],"widgetType":"wd_extra_menu_list"}],"isInner":""},{"id":"4016139","elType":"column","settings":{"_column_size":"20","_inline_size":"35.996","wd_color_scheme":"dark","woodmart_text_align":"left","woodmart_parallax":"0","parallax_scroll":"no","mobile_bg_img_hidden":"no","mobile_reset_margin":"no","tablet_reset_margin":"no","_inline_size_tablet":"100","column_sticky_offset":"50","scroll_y":"-80"},"elements":[{"id":"2595532","elType":"widget","settings":{"subtitle":"","after_title":"","image_size":"custom","align":"left","woodmart_css_id":"5be079b498c3f","title":"AVAILABLE ON:","title_typography_typography":"custom","title_typography_font_size":{"size":"14","unit":"px"},"width":{"size":"100","unit":"%"},"scroll_y":"-80"},"elements":[],"widgetType":"wd_title"},{"id":"3176607","elType":"widget","settings":{"ids_size":"custom","ids":[{"id":"117","url":""},{"id":"81","url":""}],"spacing":"20","on_click":"links","custom_links":"#\n#\n","columns":{"size":"2","unit":"px","sizes":[]},"ids_custom_dimension":{"width":"200","height":"65"},"scroll_y":"-80","horizontal_align":"left"},"elements":[],"widgetType":"wd_images_gallery"},{"id":"8659222","elType":"widget","settings":{"subtitle":"","after_title":"","image_size":"custom","align":"left","woodmart_css_id":"5be40f1d1c220","title":"JOIN OUR NEWSLETTER:","title_typography_typography":"custom","title_typography_font_size":{"size":"14","unit":"px"},"width":{"size":"100","unit":"%"},"scroll_y":"-80"},"elements":[],"widgetType":"wd_title"},{"id":"352045","elType":"widget","settings":{"typography_typography":"custom","font":"text","size":"custom","font_weight":"400","woodmart_css_id":"5be079c2c71f0","typography_font_size":{"size":"16","unit":"px"},"wd_content_width":{"size":"100","unit":"%"},"inline":"no","editor":"<p>Will be used in accordance with our Privacy Policy<\/p>\n","scroll_y":"-80"},"elements":[],"widgetType":"text-editor"},{"id":"7e176da","elType":"widget","settings":{"form_id":"74","alignment":"left","content_width":{"unit":"px","size":"380","sizes":[]},"scroll_y":"-80"},"elements":[],"widgetType":"wd_mailchimp"}],"isInner":""}],"isInner":""},{"id":"7171167","elType":"section","settings":{"wd_section_stretch":"stretch","border_width":{"top":"1","left":"0","right":"0","bottom":"0","unit":"px","isLinked":""},"border_border":"solid","border_color":"rgba(129,129,129,0.2)","woodmart_parallax":"0","woodmart_gradient_switch":"no","row_reverse_mobile":"0","row_reverse_tablet":"0","woodmart_disable_overflow":"0","mobile_bg_img_hidden":"no","structure":"30","padding":{"unit":"px","top":"15","right":"15","bottom":"15","left":"15","isLinked":""},"margin":{"unit":"px","top":"0","right":"0","bottom":"-40","left":"0","isLinked":""}},"elements":[{"id":"2667689","elType":"column","settings":{"_column_size":"33","wd_color_scheme":"dark","_inline_size_tablet":"33.3","_inline_size_mobile":"50","woodmart_parallax":"0","parallax_scroll":"no","mobile_bg_img_hidden":"no","mobile_reset_margin":"no","tablet_reset_margin":"no","column_sticky_offset":"50","scroll_y":"-80"},"elements":[{"id":"27458","elType":"widget","settings":{"subtitle":"","after_title":"","image_size":"custom","align":"left","woodmart_css_id":"5be071d12e4bb","title":"Payment System:","title_typography_typography":"custom","title_typography_font_size":{"size":"14","unit":"px"},"width":{"size":"100","unit":"%"},"scroll_y":"-80"},"elements":[],"widgetType":"wd_title"},{"id":"8302025","elType":"widget","settings":{"align":"left","image_size":"custom","image":{"id":"117","url":"#"},"image_custom_dimension":{"width":"296","height":"24"},"parallax_scroll":"no","scroll_y":"-80"},"elements":[],"widgetType":"image"}],"isInner":""},{"id":"5441439","elType":"column","settings":{"_column_size":"33","wd_color_scheme":"dark","_inline_size_tablet":"33.3","_inline_size_mobile":"50","woodmart_parallax":"0","parallax_scroll":"no","mobile_bg_img_hidden":"no","mobile_reset_margin":"no","tablet_reset_margin":"no","column_sticky_offset":"50","scroll_y":"-80"},"elements":[{"id":"9842147","elType":"widget","settings":{"subtitle":"","after_title":"","image_size":"custom","align":"left","woodmart_css_id":"5be071d6670fe","title":"Shipping System:","title_typography_typography":"custom","title_typography_font_size":{"size":"14","unit":"px"},"width":{"size":"100","unit":"%"},"scroll_y":"-80"},"elements":[],"widgetType":"wd_title"},{"id":"5345591","elType":"widget","settings":{"align":"left","image_size":"custom","image":{"id":"117","url":"#"},"image_custom_dimension":{"width":"296","height":"24"},"parallax_scroll":"no","scroll_y":"-80"},"elements":[],"widgetType":"image"}],"isInner":""},{"id":"2180880","elType":"column","settings":{"_column_size":"33","wd_color_scheme":"dark","_inline_size_tablet":"33.3","_inline_size_mobile":"100","woodmart_parallax":"0","parallax_scroll":"no","mobile_bg_img_hidden":"no","mobile_reset_margin":"no","tablet_reset_margin":"no","column_sticky_offset":"50","scroll_y":"-80"},"elements":[{"id":"5284257","elType":"widget","settings":{"subtitle":"","after_title":"","image_size":"custom","align":"left","woodmart_css_id":"5be1a21066e71","title":"Our Social Links:","title_typography_typography":"custom","title_typography_font_size":{"size":"14","unit":"px"},"width":{"size":"100","unit":"%"},"scroll_y":"-80"},"elements":[],"widgetType":"wd_title"},{"id":"9089827","elType":"widget","settings":{"size":"small","align":"left","style":"colored","scroll_y":"-80"},"elements":[],"widgetType":"wd_social_buttons"}],"isInner":""}],"isInner":""}]]]></wp:meta_value>
		</wp:postmeta>
							<wp:postmeta>
			<wp:meta_key>_elementor_edit_mode</wp:meta_key>
			<wp:meta_value><![CDATA[builder]]></wp:meta_value>
		</wp:postmeta>
							<wp:postmeta>
			<wp:meta_key>_elementor_version</wp:meta_key>
			<wp:meta_value><![CDATA[2.9.11]]></wp:meta_value>
		</wp:postmeta>
							<wp:postmeta>
			<wp:meta_key>_wp_page_template</wp:meta_key>
			<wp:meta_value><![CDATA[default]]></wp:meta_value>
		</wp:postmeta>
							<wp:postmeta>
			<wp:meta_key>_elementor_template_type</wp:meta_key>
			<wp:meta_value><![CDATA[wp-post]]></wp:meta_value>
		</wp:postmeta>
							<wp:postmeta>
			<wp:meta_key>_elementor_controls_usage</wp:meta_key>
			<wp:meta_value><![CDATA[a:9:{s:18:"wd_extra_menu_list";a:3:{s:5:"count";i:4;s:15:"control_percent";i:2;s:8:"controls";a:2:{s:7:"content";a:1:{s:15:"general_section";a:3:{s:11:"label_color";i:4;s:5:"title";i:4;s:19:"menu_items_repeater";i:4;}}s:8:"advanced";a:1:{s:8:"wd_extra";a:1:{s:8:"scroll_y";i:4;}}}}s:6:"column";a:3:{s:5:"count";i:8;s:15:"control_percent";i:2;s:8:"controls";a:3:{s:6:"layout";a:1:{s:6:"layout";a:3:{s:12:"_inline_size";i:5;s:19:"_inline_size_tablet";i:8;s:19:"_inline_size_mobile";i:7;}}s:5:"style";a:1:{s:14:"wd_extra_style";a:1:{s:15:"wd_color_scheme";i:8;}}s:8:"advanced";a:1:{s:8:"wd_extra";a:2:{s:20:"column_sticky_offset";i:8;s:8:"scroll_y";i:8;}}}}s:8:"wd_title";a:3:{s:5:"count";i:5;s:15:"control_percent";i:3;s:8:"controls";a:3:{s:7:"content";a:1:{s:23:"general_content_section";a:3:{s:8:"subtitle";i:5;s:11:"after_title";i:5;s:5:"title";i:5;}}s:5:"style";a:2:{s:19:"title_style_section";a:3:{s:10:"image_size";i:5;s:27:"title_typography_typography";i:5;s:26:"title_typography_font_size";i:5;}s:21:"general_style_section";a:2:{s:5:"align";i:5;s:5:"width";i:5;}}s:8:"advanced";a:1:{s:8:"wd_extra";a:1:{s:8:"scroll_y";i:5;}}}}s:17:"wd_images_gallery";a:3:{s:5:"count";i:1;s:15:"control_percent";i:4;s:8:"controls";a:3:{s:7:"content";a:2:{s:23:"general_content_section";a:3:{s:8:"ids_size";i:1;s:3:"ids";i:1;s:20:"ids_custom_dimension";i:1;}s:20:"click_action_section";a:2:{s:8:"on_click";i:1;s:12:"custom_links";i:1;}}s:5:"style";a:1:{s:20:"layout_style_section";a:3:{s:7:"spacing";i:1;s:7:"columns";i:1;s:16:"horizontal_align";i:1;}}s:8:"advanced";a:1:{s:8:"wd_extra";a:1:{s:8:"scroll_y";i:1;}}}}s:11:"text-editor";a:3:{s:5:"count";i:1;s:15:"control_percent";i:2;s:8:"controls";a:3:{s:5:"style";a:1:{s:13:"section_style";a:3:{s:21:"typography_typography";i:1;s:20:"typography_font_size";i:1;s:16:"wd_content_width";i:1;}}s:7:"content";a:1:{s:14:"section_editor";a:1:{s:6:"editor";i:1;}}s:8:"advanced";a:1:{s:8:"wd_extra";a:1:{s:8:"scroll_y";i:1;}}}}s:12:"wd_mailchimp";a:3:{s:5:"count";i:1;s:15:"control_percent";i:2;s:8:"controls";a:3:{s:7:"content";a:1:{s:23:"general_content_section";a:1:{s:7:"form_id";i:1;}}s:5:"style";a:1:{s:21:"general_style_section";a:2:{s:9:"alignment";i:1;s:13:"content_width";i:1;}}s:8:"advanced";a:1:{s:8:"wd_extra";a:1:{s:8:"scroll_y";i:1;}}}}s:7:"section";a:3:{s:5:"count";i:2;s:15:"control_percent";i:2;s:8:"controls";a:3:{s:6:"layout";a:3:{s:15:"wd_extra_layout";a:1:{s:18:"wd_section_stretch";i:2;}s:14:"section_layout";a:1:{s:16:"content_position";i:1;}s:17:"section_structure";a:1:{s:9:"structure";i:2;}}s:5:"style";a:1:{s:14:"section_border";a:3:{s:12:"border_width";i:2;s:12:"border_color";i:2;s:13:"border_border";i:1;}}s:8:"advanced";a:1:{s:16:"section_advanced";a:2:{s:6:"margin";i:2;s:7:"padding";i:1;}}}}s:5:"image";a:3:{s:5:"count";i:2;s:15:"control_percent";i:2;s:8:"controls";a:2:{s:7:"content";a:1:{s:13:"section_image";a:4:{s:5:"align";i:2;s:10:"image_size";i:2;s:5:"image";i:2;s:22:"image_custom_dimension";i:2;}}s:8:"advanced";a:1:{s:8:"wd_extra";a:1:{s:8:"scroll_y";i:2;}}}}s:17:"wd_social_buttons";a:3:{s:5:"count";i:1;s:15:"control_percent";i:2;s:8:"controls";a:2:{s:5:"style";a:1:{s:21:"general_style_section";a:3:{s:4:"size";i:1;s:5:"align";i:1;s:5:"style";i:1;}}s:8:"advanced";a:1:{s:8:"wd_extra";a:1:{s:8:"scroll_y";i:1;}}}}}]]></wp:meta_value>
		</wp:postmeta>
						</item>
					<item>
		<title>
				bf-call-icon		</title>
		<link>http://dummy.xtemos.com/woodmart-elementor/demos/bf-call-icon/</link>
		<pubDate>Thu, 08 Nov 2018 14:19:52 +0000</pubDate>
		<dc:creator><![CDATA[erwin]]></dc:creator>
		<guid isPermaLink="false">http://dummy.xtemos.com/woodmart-elementor/demos/wp-content/uploads/sites/2/2018/11/bf-call-icon.svg</guid>
		<description></description>
		<content:encoded><![CDATA[]]></content:encoded>
		<excerpt:encoded><![CDATA[]]></excerpt:encoded>
		<wp:post_id>2146</wp:post_id>
		<wp:post_date>2018-11-08 14:19:52</wp:post_date>
		<wp:post_date_gmt>2018-11-08 14:19:52</wp:post_date_gmt>
		<wp:comment_status>open</wp:comment_status>
		<wp:ping_status>closed</wp:ping_status>
		<wp:post_name>bf-call-icon</wp:post_name>
		<wp:status>inherit</wp:status>
		<wp:post_parent>0</wp:post_parent>
		<wp:menu_order>0</wp:menu_order>
		<wp:post_type>attachment</wp:post_type>
		<wp:post_password></wp:post_password>
		<wp:is_sticky>0</wp:is_sticky>
						<wp:attachment_url>http://dummy.xtemos.com/woodmart-elementor/demos/wp-content/uploads/sites/2/2018/11/bf-call-icon.svg</wp:attachment_url>
												<wp:postmeta>
			<wp:meta_key>_wp_attached_file</wp:meta_key>
			<wp:meta_value><![CDATA[2018/11/bf-call-icon.svg]]></wp:meta_value>
		</wp:postmeta>
						</item>
					<item>
		<title>
				retail-black-friday-top-banner		</title>
		<link>http://dummy.xtemos.com/woodmart-elementor/demos/retail-black-friday-top-banner/</link>
		<pubDate>Thu, 08 Nov 2018 14:54:41 +0000</pubDate>
		<dc:creator><![CDATA[erwin]]></dc:creator>
		<guid isPermaLink="false">http://dummy.xtemos.com/woodmart-elementor/demos/wp-content/uploads/sites/2/2018/11/retail-black-friday-top-banner.jpg</guid>
		<description></description>
		<content:encoded><![CDATA[]]></content:encoded>
		<excerpt:encoded><![CDATA[]]></excerpt:encoded>
		<wp:post_id>2151</wp:post_id>
		<wp:post_date>2018-11-08 14:54:41</wp:post_date>
		<wp:post_date_gmt>2018-11-08 14:54:41</wp:post_date_gmt>
		<wp:comment_status>open</wp:comment_status>
		<wp:ping_status>closed</wp:ping_status>
		<wp:post_name>retail-black-friday-top-banner</wp:post_name>
		<wp:status>inherit</wp:status>
		<wp:post_parent>0</wp:post_parent>
		<wp:menu_order>0</wp:menu_order>
		<wp:post_type>attachment</wp:post_type>
		<wp:post_password></wp:post_password>
		<wp:is_sticky>0</wp:is_sticky>
						<wp:attachment_url>http://dummy.xtemos.com/woodmart-elementor/demos/wp-content/uploads/sites/2/2018/11/retail-black-friday-top-banner.jpg</wp:attachment_url>
												<wp:postmeta>
			<wp:meta_key>_wp_attached_file</wp:meta_key>
			<wp:meta_value><![CDATA[2018/11/retail-black-friday-top-banner.jpg]]></wp:meta_value>
		</wp:postmeta>
						</item>
				</channel>
</rss>
