<?xml version="1.0" encoding="UTF-8" ?>
<!-- This is a WordPress eXtended RSS file generated by WordPress as an export of your site. -->
<!-- It contains information about your site's posts, pages, comments, categories, and other content. -->
<!-- You may use this file to transfer that content from one site to another. -->
<!-- This file is not intended to serve as a complete backup of your site. -->

<!-- To import this information into a WordPress site follow these steps: -->
<!-- 1. Log in to that site as an administrator. -->
<!-- 2. Go to Tools: Import in the WordPress admin panel. -->
<!-- 3. Install the "WordPress" importer from the list. -->
<!-- 4. Activate & Run Importer. -->
<!-- 5. Upload this file using the form provided on that page. -->
<!-- 6. You will first be asked to map the authors in this export file to users -->
<!--    on the site. For each author, you may choose to map to an -->
<!--    existing user on the site or to create a new user. -->
<!-- 7. WordPress will then import each of the posts, pages, comments, categories, etc. -->
<!--    contained in this file into your site. -->

	<!-- generator="WordPress/5.4.2" created="2020-07-17 14:12" -->
<rss version="2.0"
	xmlns:excerpt="http://wordpress.org/export/1.2/excerpt/"
	xmlns:content="http://purl.org/rss/1.0/modules/content/"
	xmlns:wfw="http://wellformedweb.org/CommentAPI/"
	xmlns:dc="http://purl.org/dc/elements/1.1/"
	xmlns:wp="http://wordpress.org/export/1.2/"
>

<channel>
	<title>Woodmart dummy demos</title>
	<link>http://dummy.xtemos.com/woodmart-elementor/demos</link>
	<description>Just another Woodmart Dummy Content Sites site</description>
	<pubDate>Fri, 17 Jul 2020 14:12:52 +0000</pubDate>
	<language>en-US</language>
	<wp:wxr_version>1.2</wp:wxr_version>
	<wp:base_site_url>http://dummy.xtemos.com/woodmart-elementor/</wp:base_site_url>
	<wp:base_blog_url>http://dummy.xtemos.com/woodmart-elementor/demos</wp:base_blog_url>

		<wp:author><wp:author_id>2</wp:author_id><wp:author_login>erwin</wp:author_login><wp:author_email>ss@asas.as</wp:author_email><wp:author_display_name><![CDATA[erwin]]></wp:author_display_name><wp:author_first_name><![CDATA[]]></wp:author_first_name><wp:author_last_name><![CDATA[]]></wp:author_last_name></wp:author>

				
	<generator>https://wordpress.org/?v=5.4.2</generator>

		<item>
		<title>
				wood-portfolio-placeholder		</title>
		<link>http://dummy.xtemos.com/woodmart-elementor/demos/wood-portfolio-placeholder/</link>
		<pubDate>Wed, 14 Jun 2017 14:02:43 +0000</pubDate>
		<dc:creator><![CDATA[admin]]></dc:creator>
		<guid isPermaLink="false">http://dummy.xtemos.com/woodmart-elementor/demos/wp-content/uploads/sites/2/2017/06/wood-portfolio-placeholder.jpg</guid>
		<description></description>
		<content:encoded><![CDATA[]]></content:encoded>
		<excerpt:encoded><![CDATA[]]></excerpt:encoded>
		<wp:post_id>117</wp:post_id>
		<wp:post_date>2017-06-14 14:02:43</wp:post_date>
		<wp:post_date_gmt>2017-06-14 14:02:43</wp:post_date_gmt>
		<wp:comment_status>open</wp:comment_status>
		<wp:ping_status>closed</wp:ping_status>
		<wp:post_name>wood-portfolio-placeholder</wp:post_name>
		<wp:status>inherit</wp:status>
		<wp:post_parent>0</wp:post_parent>
		<wp:menu_order>0</wp:menu_order>
		<wp:post_type>attachment</wp:post_type>
		<wp:post_password></wp:post_password>
		<wp:is_sticky>0</wp:is_sticky>
						<wp:attachment_url>http://dummy.xtemos.com/woodmart-elementor/demos/wp-content/uploads/sites/2/2017/06/wood-portfolio-placeholder.jpg</wp:attachment_url>
												<wp:postmeta>
			<wp:meta_key>_wp_attached_file</wp:meta_key>
			<wp:meta_value><![CDATA[2017/06/wood-portfolio-placeholder.jpg]]></wp:meta_value>
		</wp:postmeta>
						</item>
					<item>
		<title>
				home-infinit-3		</title>
		<link>http://dummy.xtemos.com/woodmart-elementor/demos/home-infinite-scrolling/home-infinit-3/</link>
		<pubDate>Sat, 24 Jun 2017 12:07:41 +0000</pubDate>
		<dc:creator><![CDATA[erwin]]></dc:creator>
		<guid isPermaLink="false">http://dummy.xtemos.com/woodmart-elementor/demos/wp-content/uploads/sites/2/2017/06/home-infinit-3.jpg</guid>
		<description></description>
		<content:encoded><![CDATA[]]></content:encoded>
		<excerpt:encoded><![CDATA[]]></excerpt:encoded>
		<wp:post_id>576</wp:post_id>
		<wp:post_date>2017-06-24 12:07:41</wp:post_date>
		<wp:post_date_gmt>2017-06-24 12:07:41</wp:post_date_gmt>
		<wp:comment_status>open</wp:comment_status>
		<wp:ping_status>closed</wp:ping_status>
		<wp:post_name>home-infinit-3</wp:post_name>
		<wp:status>inherit</wp:status>
		<wp:post_parent>575</wp:post_parent>
		<wp:menu_order>0</wp:menu_order>
		<wp:post_type>attachment</wp:post_type>
		<wp:post_password></wp:post_password>
		<wp:is_sticky>0</wp:is_sticky>
						<wp:attachment_url>http://dummy.xtemos.com/woodmart-elementor/demos/wp-content/uploads/sites/2/2017/06/home-infinit-3.jpg</wp:attachment_url>
												<wp:postmeta>
			<wp:meta_key>_wp_attached_file</wp:meta_key>
			<wp:meta_value><![CDATA[2017/06/home-infinit-3.jpg]]></wp:meta_value>
		</wp:postmeta>
						</item>
					<item>
		<title>
				Banners		</title>
		<link>http://dummy.xtemos.com/woodmart-elementor/demos/banners/</link>
		<pubDate>Tue, 04 Jul 2017 08:08:10 +0000</pubDate>
		<dc:creator><![CDATA[erwin]]></dc:creator>
		<guid isPermaLink="false">http://dummy.xtemos.com/woodmart-elementor/demos/?page_id=722</guid>
		<description></description>
		<content:encoded><![CDATA[XTEMOS ELEMENT				
				
					PROMO BANER POSITION CONTENT				
													
													
								POSITION TOP LEFT							
							Lorem ipsu]]></content:encoded>
		<excerpt:encoded><![CDATA[]]></excerpt:encoded>
		<wp:post_id>722</wp:post_id>
		<wp:post_date>2017-07-04 08:08:10</wp:post_date>
		<wp:post_date_gmt>2017-07-04 08:08:10</wp:post_date_gmt>
		<wp:comment_status>closed</wp:comment_status>
		<wp:ping_status>closed</wp:ping_status>
		<wp:post_name>banners</wp:post_name>
		<wp:status>publish</wp:status>
		<wp:post_parent>0</wp:post_parent>
		<wp:menu_order>0</wp:menu_order>
		<wp:post_type>page</wp:post_type>
		<wp:post_password></wp:post_password>
		<wp:is_sticky>0</wp:is_sticky>
														<wp:postmeta>
			<wp:meta_key>_wp_page_template</wp:meta_key>
			<wp:meta_value><![CDATA[default]]></wp:meta_value>
		</wp:postmeta>
							<wp:postmeta>
			<wp:meta_key>_woodmart_header_color_scheme</wp:meta_key>
			<wp:meta_value><![CDATA[inherit]]></wp:meta_value>
		</wp:postmeta>
							<wp:postmeta>
			<wp:meta_key>_woodmart_main_layout</wp:meta_key>
			<wp:meta_value><![CDATA[full-width]]></wp:meta_value>
		</wp:postmeta>
							<wp:postmeta>
			<wp:meta_key>_elementor_data</wp:meta_key>
			<wp:meta_value><![CDATA[[{"id":"424440","elType":"section","settings":{"margin":{"unit":"px","top":"0","right":"0","bottom":"50","left":"0","isLinked":""},"margin_mobile":{"unit":"px","top":"0","right":"0","bottom":"10","left":"0","isLinked":""}},"elements":[{"id":"2055489","elType":"column","settings":{"_column_size":"100","column_sticky_offset":"50","scroll_y":"-80"},"elements":[{"id":"6392932","elType":"widget","settings":{"subtitle":"XTEMOS ELEMENT","after_title":"","image_size":"custom","color":"primary","style":"bordered","title":"PROMO BANER POSITION CONTENT","scroll_y":"-80"},"elements":[],"widgetType":"wd_title"},{"id":"d15a6af","elType":"section","settings":{"gap":"extended","structure":"30"},"elements":[{"id":"214c5de","elType":"column","settings":{"_column_size":"33","column_sticky_offset":"50","scroll_y":"-80"},"elements":[{"id":"4136617","elType":"widget","settings":{"align":"left","image_size":"custom","title":"POSITION TOP LEFT","subtitle":"","content":"Lorem ipsum dolor sit amet, consectetur.","btn_text":"Button","hover":"zoom","woodmart_color_scheme":"light","image_custom_dimension":{"width":"800","height":"600"},"image":{"id":"117","url":"#"},"style":"mask","btn_color":"primary","btn_size":"small","title_typography_typography":"custom","title_typography_font_size":{"unit":"vw","size":"","sizes":[]},"title_typography_font_size_tablet":{"unit":"px","size":"16","sizes":[]},"title_typography_font_size_mobile":{"unit":"px","size":"20","sizes":[]},"width":{"unit":"%","size":"47","sizes":[]},"width_tablet":{"unit":"%","size":"85","sizes":[]},"width_mobile":{"unit":"%","size":"41","sizes":[]},"scroll_y":"-80","hide_btn_mobile":""},"elements":[],"widgetType":"wd_banner"}],"isInner":"1"},{"id":"676fb32","elType":"column","settings":{"_column_size":"33","column_sticky_offset":"50","scroll_y":"-80"},"elements":[{"id":"5500923","elType":"widget","settings":{"align":"left","image_size":"custom","title":"POSITION TOP CENTER","subtitle":"","content":"Lorem ipsum dolor sit amet, consectetur.","btn_text":"Button","hover":"zoom","woodmart_color_scheme":"light","image_custom_dimension":{"width":"800","height":"600"},"image":{"id":"117","url":"#"},"style":"mask","btn_color":"primary","btn_size":"small","text_alignment":"center","horizontal_alignment":"center","alignment":"center","title_typography_typography":"custom","title_typography_font_size_tablet":{"unit":"px","size":"16","sizes":[]},"title_typography_font_size_mobile":{"unit":"px","size":"20","sizes":[]},"width":{"unit":"%","size":"47","sizes":[]},"width_tablet":{"unit":"%","size":"85","sizes":[]},"width_mobile":{"unit":"%","size":"42","sizes":[]},"scroll_y":"-80","hide_btn_mobile":""},"elements":[],"widgetType":"wd_banner"}],"isInner":"1"},{"id":"ceab59f","elType":"column","settings":{"_column_size":"33","column_sticky_offset":"50","scroll_y":"-80"},"elements":[{"id":"7394623","elType":"widget","settings":{"align":"left","image_size":"custom","title":"POSITION TOP RIGHT","subtitle":"","content":"Lorem ipsum dolor sit amet, consectetur.","btn_text":"Button","hover":"zoom","woodmart_color_scheme":"light","image_custom_dimension":{"width":"800","height":"600"},"image":{"id":"117","url":"#"},"style":"mask","btn_color":"primary","btn_size":"small","text_alignment":"right","horizontal_alignment":"right","alignment":"right","title_typography_typography":"custom","title_typography_font_size_tablet":{"unit":"px","size":"16","sizes":[]},"title_typography_font_size_mobile":{"unit":"px","size":"20","sizes":[]},"width":{"unit":"%","size":"47","sizes":[]},"width_tablet":{"unit":"%","size":"85","sizes":[]},"width_mobile":{"unit":"%","size":"41","sizes":[]},"scroll_y":"-80","hide_btn_mobile":""},"elements":[],"widgetType":"wd_banner"}],"isInner":"1"}],"isInner":"1"},{"id":"f21c8b8","elType":"section","settings":{"gap":"extended","structure":"30"},"elements":[{"id":"1213b78","elType":"column","settings":{"_column_size":"33","column_sticky_offset":"50","scroll_y":"-80"},"elements":[{"id":"8558896","elType":"widget","settings":{"align":"left","image_size":"custom","title":"POSITION MIDDLE LEFT","subtitle":"","content":"Lorem ipsum dolor sit amet, consectetur.","btn_text":"Button","hover":"zoom","woodmart_color_scheme":"light","image_custom_dimension":{"width":"800","height":"600"},"image":{"id":"117","url":"#"},"style":"mask","btn_color":"primary","btn_size":"small","vertical_alignment":"middle","title_typography_typography":"custom","title_typography_font_size_tablet":{"unit":"px","size":"16","sizes":[]},"title_typography_font_size_mobile":{"unit":"px","size":"20","sizes":[]},"width":{"unit":"%","size":"47","sizes":[]},"width_tablet":{"unit":"%","size":"85","sizes":[]},"width_mobile":{"unit":"%","size":"41","sizes":[]},"scroll_y":"-80","hide_btn_mobile":""},"elements":[],"widgetType":"wd_banner"}],"isInner":"1"},{"id":"f9d1623","elType":"column","settings":{"_column_size":"33","column_sticky_offset":"50","scroll_y":"-80"},"elements":[{"id":"1056925","elType":"widget","settings":{"align":"left","image_size":"custom","title":"POSITION MIDDLE CENTER","subtitle":"","content":"Lorem ipsum dolor sit amet, consectetur.","btn_text":"Button","hover":"zoom","woodmart_color_scheme":"light","image_custom_dimension":{"width":"800","height":"600"},"image":{"id":"117","url":"#"},"style":"mask","btn_color":"primary","btn_size":"small","text_alignment":"center","horizontal_alignment":"center","vertical_alignment":"middle","alignment":"center","title_typography_typography":"custom","title_typography_font_size_tablet":{"unit":"px","size":"16","sizes":[]},"title_typography_font_size_mobile":{"unit":"px","size":"20","sizes":[]},"width":{"unit":"%","size":"53","sizes":[]},"width_tablet":{"unit":"%","size":"85","sizes":[]},"width_mobile":{"unit":"%","size":"50","sizes":[]},"scroll_y":"-80","hide_btn_mobile":""},"elements":[],"widgetType":"wd_banner"}],"isInner":"1"},{"id":"6403ba8","elType":"column","settings":{"_column_size":"33","column_sticky_offset":"50","scroll_y":"-80"},"elements":[{"id":"2246110","elType":"widget","settings":{"align":"left","image_size":"custom","title":"POSITION MIDDLE RIGHT","subtitle":"","content":"Lorem ipsum dolor sit amet, consectetur.","btn_text":"Button","hover":"zoom","woodmart_color_scheme":"light","image_custom_dimension":{"width":"800","height":"600"},"image":{"id":"117","url":"#"},"style":"mask","btn_color":"primary","btn_size":"small","text_alignment":"right","horizontal_alignment":"right","vertical_alignment":"middle","alignment":"right","title_typography_typography":"custom","title_typography_font_size_tablet":{"unit":"px","size":"16","sizes":[]},"title_typography_font_size_mobile":{"unit":"px","size":"20","sizes":[]},"width":{"unit":"%","size":"48","sizes":[]},"width_tablet":{"unit":"%","size":"85","sizes":[]},"width_mobile":{"unit":"%","size":"43","sizes":[]},"scroll_y":"-80","hide_btn_mobile":""},"elements":[],"widgetType":"wd_banner"}],"isInner":"1"}],"isInner":"1"},{"id":"140b630","elType":"section","settings":{"gap":"extended","structure":"30"},"elements":[{"id":"3c625fb","elType":"column","settings":{"_column_size":"33","column_sticky_offset":"50","scroll_y":"-80"},"elements":[{"id":"5228633","elType":"widget","settings":{"align":"left","image_size":"custom","title":"POSITION BOTTOM LEFT","subtitle":"","content":"Lorem ipsum dolor sit amet, consectetur.","btn_text":"Button","hover":"zoom","woodmart_color_scheme":"light","image_custom_dimension":{"width":"800","height":"600"},"image":{"id":"117","url":"#"},"style":"mask","btn_color":"primary","btn_size":"small","vertical_alignment":"bottom","title_typography_typography":"custom","title_typography_font_size_tablet":{"unit":"px","size":"16","sizes":[]},"title_typography_font_size_mobile":{"unit":"px","size":"20","sizes":[]},"width":{"unit":"%","size":"47","sizes":[]},"width_tablet":{"unit":"%","size":"85","sizes":[]},"width_mobile":{"unit":"%","size":"43","sizes":[]},"scroll_y":"-80","hide_btn_mobile":""},"elements":[],"widgetType":"wd_banner"}],"isInner":"1"},{"id":"7f851ca","elType":"column","settings":{"_column_size":"33","column_sticky_offset":"50","scroll_y":"-80"},"elements":[{"id":"3810949","elType":"widget","settings":{"align":"left","image_size":"custom","title":"POSITION BOTTOM CENTER","subtitle":"","content":"Lorem ipsum dolor sit amet, consectetur.","btn_text":"Button","hover":"zoom","woodmart_color_scheme":"light","image_custom_dimension":{"width":"800","height":"600"},"image":{"id":"117","url":"#"},"style":"mask","btn_color":"primary","btn_size":"small","text_alignment":"center","horizontal_alignment":"center","vertical_alignment":"bottom","alignment":"center","title_typography_typography":"custom","title_typography_font_size_tablet":{"unit":"px","size":"16","sizes":[]},"title_typography_font_size_mobile":{"unit":"px","size":"20","sizes":[]},"width":{"unit":"%","size":"60","sizes":[]},"width_tablet":{"unit":"%","size":"85","sizes":[]},"width_mobile":{"unit":"%","size":"52","sizes":[]},"scroll_y":"-80","hide_btn_mobile":""},"elements":[],"widgetType":"wd_banner"}],"isInner":"1"},{"id":"9ce269b","elType":"column","settings":{"_column_size":"33","column_sticky_offset":"50","scroll_y":"-80"},"elements":[{"id":"5390033","elType":"widget","settings":{"align":"left","image_size":"custom","title":"POSITION BOTTOM RIGHT","subtitle":"","content":"Lorem ipsum dolor sit amet, consectetur.","btn_text":"Button","hover":"zoom","woodmart_color_scheme":"light","image_custom_dimension":{"width":"800","height":"600"},"image":{"id":"117","url":"#"},"style":"mask","btn_color":"primary","btn_size":"small","text_alignment":"right","horizontal_alignment":"right","vertical_alignment":"bottom","alignment":"right","title_typography_typography":"custom","title_typography_font_size_tablet":{"unit":"px","size":"16","sizes":[]},"title_typography_font_size_mobile":{"unit":"px","size":"20","sizes":[]},"width":{"unit":"%","size":"52","sizes":[]},"width_tablet":{"unit":"%","size":"85","sizes":[]},"width_mobile":{"unit":"%","size":"48","sizes":[]},"scroll_y":"-80","hide_btn_mobile":""},"elements":[],"widgetType":"wd_banner"}],"isInner":"1"}],"isInner":"1"}],"isInner":""}],"isInner":""},{"id":"4419303","elType":"section","settings":{"margin":{"unit":"px","top":"0","right":"0","bottom":"50","left":"0","isLinked":""},"margin_mobile":{"unit":"px","top":"0","right":"0","bottom":"40","left":"0","isLinked":""}},"elements":[{"id":"5667918","elType":"column","settings":{"_column_size":"100","column_sticky_offset":"50","scroll_y":"-80"},"elements":[{"id":"4384273","elType":"widget","settings":{"subtitle":"XTEMOS ELEMENT","after_title":"","image_size":"custom","color":"primary","style":"bordered","title":"PROMO BANNER WITH DIFFERENT CONTENT STYLE","scroll_y":"-80"},"elements":[],"widgetType":"wd_title"},{"id":"4fb2ca9","elType":"section","settings":{"gap":"extended","structure":"30"},"elements":[{"id":"9eb80ca","elType":"column","settings":{"_column_size":"33","column_sticky_offset":"50","scroll_y":"-80"},"elements":[{"id":"3653756","elType":"widget","settings":{"align":"left","image_size":"custom","title":"CONTENT STYLE DEFAULT","subtitle":"","content":"Lorem ipsum dolor sit amet, consectetur adipiscing elit.","btn_text":"Button","woodmart_color_scheme":"light","image_custom_dimension":{"width":"800","height":"600"},"image":{"id":"117","url":"#"},"btn_color":"white","btn_style":"bordered","btn_size":"small","text_alignment":"center","horizontal_alignment":"center","vertical_alignment":"middle","alignment":"center","title_typography_typography":"custom","title_typography_font_size_tablet":{"unit":"px","size":"16","sizes":[]},"title_typography_font_size_mobile":{"unit":"px","size":"20","sizes":[]},"width":{"unit":"%","size":"60","sizes":[]},"width_tablet":{"unit":"%","size":"85","sizes":[]},"width_mobile":{"unit":"%","size":"76","sizes":[]},"scroll_y":"-80"},"elements":[],"widgetType":"wd_banner"}],"isInner":"1"},{"id":"6655616","elType":"column","settings":{"_column_size":"33","column_sticky_offset":"50","scroll_y":"-80"},"elements":[{"id":"1758074","elType":"widget","settings":{"align":"left","image_size":"custom","title":"CONTENT STYLE DEFAULT","subtitle":"","content":"Lorem ipsum dolor sit amet, consectetur adipiscing elit.","btn_text":"Button","woodmart_color_scheme":"light","image_custom_dimension":{"width":"800","height":"600"},"image":{"id":"117","url":"#"},"btn_color":"white","btn_style":"bordered","btn_size":"small","text_alignment":"center","horizontal_alignment":"center","vertical_alignment":"middle","alignment":"center","title_typography_typography":"custom","title_typography_font_size_tablet":{"unit":"px","size":"16","sizes":[]},"title_typography_font_size_mobile":{"unit":"px","size":"20","sizes":[]},"width":{"unit":"%","size":"60","sizes":[]},"width_tablet":{"unit":"%","size":"85","sizes":[]},"width_mobile":{"unit":"%","size":"76","sizes":[]},"scroll_y":"-80"},"elements":[],"widgetType":"wd_banner"}],"isInner":"1"},{"id":"92bcc8a","elType":"column","settings":{"_column_size":"33","column_sticky_offset":"50","scroll_y":"-80"},"elements":[{"id":"1490270","elType":"widget","settings":{"align":"left","image_size":"custom","title":"CONTENT STYLE DEFAULT","subtitle":"","content":"Lorem ipsum dolor sit amet, consectetur adipiscing elit.","btn_text":"Button","woodmart_color_scheme":"light","image_custom_dimension":{"width":"800","height":"600"},"image":{"id":"117","url":"#"},"btn_color":"white","btn_style":"bordered","btn_size":"small","text_alignment":"center","horizontal_alignment":"center","vertical_alignment":"middle","alignment":"center","title_typography_typography":"custom","title_typography_font_size_tablet":{"unit":"px","size":"16","sizes":[]},"title_typography_font_size_mobile":{"unit":"px","size":"20","sizes":[]},"width":{"unit":"%","size":"60","sizes":[]},"width_tablet":{"unit":"%","size":"85","sizes":[]},"width_mobile":{"unit":"%","size":"76","sizes":[]},"scroll_y":"-80"},"elements":[],"widgetType":"wd_banner"}],"isInner":"1"}],"isInner":"1"},{"id":"e71455d","elType":"section","settings":{"gap":"extended","structure":"30"},"elements":[{"id":"3ed54e8","elType":"column","settings":{"_column_size":"33","column_sticky_offset":"50","scroll_y":"-80"},"elements":[{"id":"7810189","elType":"widget","settings":{"align":"left","image_size":"custom","title":"CONTENT STYLE COLOR MASK","subtitle":"","content":"Lorem ipsum dolor sit amet, consectetur adipiscing elit.","btn_text":"Button","woodmart_color_scheme":"light","image_custom_dimension":{"width":"800","height":"600"},"image":{"id":"117","url":"#"},"style":"mask","btn_color":"white","btn_size":"small","text_alignment":"center","horizontal_alignment":"center","vertical_alignment":"middle","alignment":"center","title_typography_typography":"custom","title_typography_font_size_tablet":{"unit":"px","size":"16","sizes":[]},"title_typography_font_size_mobile":{"unit":"px","size":"20","sizes":[]},"width":{"unit":"%","size":"60","sizes":[]},"width_tablet":{"unit":"%","size":"85","sizes":[]},"width_mobile":{"unit":"%","size":"70","sizes":[]},"scroll_y":"-80"},"elements":[],"widgetType":"wd_banner"}],"isInner":"1"},{"id":"60550f7","elType":"column","settings":{"_column_size":"33","column_sticky_offset":"50","scroll_y":"-80"},"elements":[{"id":"1380770","elType":"widget","settings":{"align":"left","image_size":"custom","title":"CONTENT STYLE COLOR MASK","subtitle":"","content":"Lorem ipsum dolor sit amet, consectetur adipiscing elit.","btn_text":"Button","woodmart_color_scheme":"light","image_custom_dimension":{"width":"800","height":"600"},"image":{"id":"117","url":"#"},"style":"mask","btn_color":"white","btn_size":"small","text_alignment":"center","horizontal_alignment":"center","vertical_alignment":"middle","alignment":"center","title_typography_typography":"custom","title_typography_font_size_tablet":{"unit":"px","size":"16","sizes":[]},"title_typography_font_size_mobile":{"unit":"px","size":"20","sizes":[]},"width":{"unit":"%","size":"60","sizes":[]},"width_tablet":{"unit":"%","size":"85","sizes":[]},"width_mobile":{"unit":"%","size":"70","sizes":[]},"scroll_y":"-80"},"elements":[],"widgetType":"wd_banner"}],"isInner":"1"},{"id":"5563e21","elType":"column","settings":{"_column_size":"33","column_sticky_offset":"50","scroll_y":"-80"},"elements":[{"id":"3667244","elType":"widget","settings":{"align":"left","image_size":"custom","title":"CONTENT STYLE COLOR MASK","subtitle":"","content":"Lorem ipsum dolor sit amet, consectetur adipiscing elit.","btn_text":"Button","woodmart_color_scheme":"light","image_custom_dimension":{"width":"800","height":"600"},"image":{"id":"117","url":"#"},"style":"mask","btn_color":"white","btn_size":"small","text_alignment":"center","horizontal_alignment":"center","vertical_alignment":"middle","alignment":"center","title_typography_typography":"custom","title_typography_font_size_tablet":{"unit":"px","size":"16","sizes":[]},"title_typography_font_size_mobile":{"unit":"px","size":"20","sizes":[]},"width":{"unit":"%","size":"60","sizes":[]},"width_tablet":{"unit":"%","size":"85","sizes":[]},"width_mobile":{"unit":"%","size":"70","sizes":[]},"scroll_y":"-80"},"elements":[],"widgetType":"wd_banner"}],"isInner":"1"}],"isInner":"1"},{"id":"bbc364d","elType":"section","settings":{"gap":"extended","structure":"30"},"elements":[{"id":"c2bf01f","elType":"column","settings":{"_column_size":"33","column_sticky_offset":"50","scroll_y":"-80"},"elements":[{"id":"7437059","elType":"widget","settings":{"align":"left","image_size":"custom","title":"CONTENT STYLE WITH SHADOW","subtitle":"","content":"Lorem ipsum dolor sit amet, consectetur adipiscing elit.","btn_text":"Button","woodmart_color_scheme":"light","image_custom_dimension":{"width":"800","height":"600"},"image":{"id":"117","url":"#"},"style":"shadow","btn_style":"round","btn_size":"small","text_alignment":"center","horizontal_alignment":"center","vertical_alignment":"middle","alignment":"center","title_typography_typography":"custom","title_typography_font_size_tablet":{"unit":"px","size":"16","sizes":[]},"title_typography_font_size_mobile":{"unit":"px","size":"20","sizes":[]},"width":{"unit":"%","size":"60","sizes":[]},"width_tablet":{"unit":"%","size":"85","sizes":[]},"width_mobile":{"unit":"%","size":"66","sizes":[]},"scroll_y":"-80"},"elements":[],"widgetType":"wd_banner"}],"isInner":"1"},{"id":"ccf7c56","elType":"column","settings":{"_column_size":"33","column_sticky_offset":"50","scroll_y":"-80"},"elements":[{"id":"2126778","elType":"widget","settings":{"align":"left","image_size":"custom","title":"CONTENT STYLE WITH SHADOW","subtitle":"","content":"Lorem ipsum dolor sit amet, consectetur adipiscing elit.","btn_text":"Button","woodmart_color_scheme":"light","image_custom_dimension":{"width":"800","height":"600"},"image":{"id":"117","url":"#"},"style":"shadow","btn_style":"round","btn_size":"small","text_alignment":"center","horizontal_alignment":"center","vertical_alignment":"middle","alignment":"center","title_typography_typography":"custom","title_typography_font_size_tablet":{"unit":"px","size":"16","sizes":[]},"title_typography_font_size_mobile":{"unit":"px","size":"20","sizes":[]},"width":{"unit":"%","size":"60","sizes":[]},"width_tablet":{"unit":"%","size":"85","sizes":[]},"width_mobile":{"unit":"%","size":"66","sizes":[]},"scroll_y":"-80"},"elements":[],"widgetType":"wd_banner"}],"isInner":"1"},{"id":"e98579c","elType":"column","settings":{"_column_size":"33","column_sticky_offset":"50","scroll_y":"-80"},"elements":[{"id":"8969870","elType":"widget","settings":{"align":"left","image_size":"custom","title":"CONTENT STYLE WITH SHADOW","subtitle":"","content":"Lorem ipsum dolor sit amet, consectetur adipiscing elit.","btn_text":"Button","woodmart_color_scheme":"light","image_custom_dimension":{"width":"800","height":"600"},"image":{"id":"117","url":"#"},"style":"shadow","btn_style":"round","btn_size":"small","text_alignment":"center","horizontal_alignment":"center","vertical_alignment":"middle","alignment":"center","title_typography_typography":"custom","title_typography_font_size_tablet":{"unit":"px","size":"16","sizes":[]},"title_typography_font_size_mobile":{"unit":"px","size":"20","sizes":[]},"width":{"unit":"%","size":"60","sizes":[]},"width_tablet":{"unit":"%","size":"85","sizes":[]},"width_mobile":{"unit":"%","size":"66","sizes":[]},"scroll_y":"-80"},"elements":[],"widgetType":"wd_banner"}],"isInner":"1"}],"isInner":"1"},{"id":"8cc1eaf","elType":"section","settings":{"gap":"extended","structure":"30"},"elements":[{"id":"d2c8c08","elType":"column","settings":{"_column_size":"33","column_sticky_offset":"50","scroll_y":"-80"},"elements":[{"id":"6930218","elType":"widget","settings":{"align":"left","image_size":"custom","title":"CONTENT STYLE BORDER","subtitle":"","content":"Lorem ipsum dolor sit amet, consectetur adipiscing elit.","btn_text":"Button","woodmart_color_scheme":"light","image_custom_dimension":{"width":"800","height":"600"},"image":{"id":"117","url":"#"},"style":"border","btn_color":"primary","btn_style":"3d","btn_size":"small","text_alignment":"center","horizontal_alignment":"center","vertical_alignment":"middle","alignment":"center","image_type":"background","image_height":{"unit":"px","size":"283","sizes":[]},"title_typography_typography":"custom","title_typography_font_size_tablet":{"unit":"px","size":"15","sizes":[]},"title_typography_font_size_mobile":{"unit":"px","size":"20","sizes":[]},"text_typography_typography":"custom","text_typography_font_size_tablet":{"unit":"px","size":"12","sizes":[]},"width":{"unit":"%","size":"64","sizes":[]},"width_tablet":{"unit":"%","size":"100","sizes":[]},"width_mobile":{"unit":"%","size":"76","sizes":[]},"scroll_y":"-80"},"elements":[],"widgetType":"wd_banner"}],"isInner":"1"},{"id":"c2a8c73","elType":"column","settings":{"_column_size":"33","column_sticky_offset":"50","scroll_y":"-80"},"elements":[{"id":"2880385","elType":"widget","settings":{"align":"left","image_size":"custom","title":"CONTENT STYLE BORDER","subtitle":"","content":"Lorem ipsum dolor sit amet, consectetur adipiscing elit.","btn_text":"Button","woodmart_color_scheme":"light","image_custom_dimension":{"width":"800","height":"600"},"image":{"id":"117","url":"#"},"style":"border","btn_color":"primary","btn_style":"3d","btn_size":"small","text_alignment":"center","horizontal_alignment":"center","vertical_alignment":"middle","alignment":"center","image_type":"background","image_height":{"unit":"px","size":"283","sizes":[]},"title_typography_typography":"custom","title_typography_font_size_tablet":{"unit":"px","size":"15","sizes":[]},"title_typography_font_size_mobile":{"unit":"px","size":"20","sizes":[]},"text_typography_typography":"custom","text_typography_font_size_tablet":{"unit":"px","size":"12","sizes":[]},"width":{"unit":"%","size":"64","sizes":[]},"width_tablet":{"unit":"%","size":"100","sizes":[]},"width_mobile":{"unit":"%","size":"76","sizes":[]},"scroll_y":"-80"},"elements":[],"widgetType":"wd_banner"}],"isInner":"1"},{"id":"1ea4b61","elType":"column","settings":{"_column_size":"33","column_sticky_offset":"50","scroll_y":"-80"},"elements":[{"id":"1296529","elType":"widget","settings":{"align":"left","image_size":"custom","title":"CONTENT STYLE BORDER","subtitle":"","content":"Lorem ipsum dolor sit amet, consectetur adipiscing elit.","btn_text":"Button","woodmart_color_scheme":"light","image_custom_dimension":{"width":"800","height":"600"},"image":{"id":"117","url":"#"},"style":"border","btn_color":"primary","btn_style":"3d","btn_size":"small","text_alignment":"center","horizontal_alignment":"center","vertical_alignment":"middle","alignment":"center","image_type":"background","image_height":{"unit":"px","size":"283","sizes":[]},"title_typography_typography":"custom","title_typography_font_size_tablet":{"unit":"px","size":"15","sizes":[]},"title_typography_font_size_mobile":{"unit":"px","size":"20","sizes":[]},"text_typography_typography":"custom","text_typography_font_size_tablet":{"unit":"px","size":"12","sizes":[]},"width":{"unit":"%","size":"64","sizes":[]},"width_tablet":{"unit":"%","size":"100","sizes":[]},"width_mobile":{"unit":"%","size":"76","sizes":[]},"scroll_y":"-80"},"elements":[],"widgetType":"wd_banner"}],"isInner":"1"}],"isInner":"1"},{"id":"d88a495","elType":"section","settings":{"gap":"extended","structure":"30"},"elements":[{"id":"3acf4b1","elType":"column","settings":{"_column_size":"33","column_sticky_offset":"50","scroll_y":"-80"},"elements":[{"id":"394223","elType":"widget","settings":{"align":"left","image_size":"custom","title":"CONTENT STYLE WITH BACKGROUND","subtitle":"","content":"Lorem ipsum dolor sit amet, consectetur adipiscing elit.","btn_text":"Button","woodmart_color_scheme":"light","image_custom_dimension":{"width":"800","height":"600"},"image":{"id":"117","url":"#"},"style":"background","btn_color":"white","btn_style":"link","btn_size":"small","text_alignment":"center","horizontal_alignment":"center","vertical_alignment":"middle","alignment":"center","image_type":"background","image_height":{"unit":"px","size":"283","sizes":[]},"title_typography_typography":"custom","title_typography_font_size_tablet":{"unit":"px","size":"12","sizes":[]},"title_typography_font_size_mobile":{"unit":"px","size":"20","sizes":[]},"text_typography_typography":"custom","text_typography_font_size_tablet":{"unit":"px","size":"12","sizes":[]},"width":{"unit":"%","size":"80","sizes":[]},"width_tablet":{"unit":"%","size":"100","sizes":[]},"scroll_y":"-80"},"elements":[],"widgetType":"wd_banner"}],"isInner":"1"},{"id":"62eb1d0","elType":"column","settings":{"_column_size":"33","column_sticky_offset":"50","scroll_y":"-80"},"elements":[{"id":"7329783","elType":"widget","settings":{"align":"left","image_size":"custom","title":"CONTENT STYLE WITH BACKGROUND","subtitle":"","content":"Lorem ipsum dolor sit amet, consectetur adipiscing elit.","btn_text":"Button","woodmart_color_scheme":"light","image_custom_dimension":{"width":"800","height":"600"},"image":{"id":"117","url":"#"},"style":"background","btn_color":"white","btn_style":"link","btn_size":"small","text_alignment":"center","horizontal_alignment":"center","vertical_alignment":"middle","alignment":"center","image_type":"background","image_height":{"unit":"px","size":"283","sizes":[]},"title_typography_typography":"custom","title_typography_font_size_tablet":{"unit":"px","size":"12","sizes":[]},"title_typography_font_size_mobile":{"unit":"px","size":"20","sizes":[]},"text_typography_typography":"custom","text_typography_font_size_tablet":{"unit":"px","size":"12","sizes":[]},"width":{"unit":"%","size":"80","sizes":[]},"width_tablet":{"unit":"%","size":"100","sizes":[]},"scroll_y":"-80"},"elements":[],"widgetType":"wd_banner"}],"isInner":"1"},{"id":"f69f115","elType":"column","settings":{"_column_size":"33","column_sticky_offset":"50","scroll_y":"-80"},"elements":[{"id":"1595467","elType":"widget","settings":{"align":"left","image_size":"custom","title":"CONTENT STYLE WITH BACKGROUND","subtitle":"","content":"Lorem ipsum dolor sit amet, consectetur adipiscing elit.","btn_text":"Button","woodmart_color_scheme":"light","image_custom_dimension":{"width":"800","height":"600"},"image":{"id":"117","url":"#"},"style":"background","btn_color":"white","btn_style":"link","btn_size":"small","text_alignment":"center","horizontal_alignment":"center","vertical_alignment":"middle","alignment":"center","image_type":"background","image_height":{"unit":"px","size":"283","sizes":[]},"title_typography_typography":"custom","title_typography_font_size_tablet":{"unit":"px","size":"12","sizes":[]},"title_typography_font_size_mobile":{"unit":"px","size":"20","sizes":[]},"text_typography_typography":"custom","text_typography_font_size_tablet":{"unit":"px","size":"12","sizes":[]},"width":{"unit":"%","size":"80","sizes":[]},"width_tablet":{"unit":"%","size":"100","sizes":[]},"scroll_y":"-80"},"elements":[],"widgetType":"wd_banner"}],"isInner":"1"}],"isInner":"1"},{"id":"a4f4863","elType":"section","settings":{"gap":"extended","structure":"30"},"elements":[{"id":"4bf1834","elType":"column","settings":{"_column_size":"33","column_sticky_offset":"50","scroll_y":"-80"},"elements":[{"id":"3490773","elType":"widget","settings":{"align":"left","image_size":"custom","title":"BANNER WITH SUBTITLE","subtitle":"SUBTITLE","content":"Lorem ipsum dolor sit amet, consectetur adipiscing elit.","btn_text":"Button","hover":"zoom","woodmart_color_scheme":"light","image_custom_dimension":{"width":"800","height":"600"},"image":{"id":"117","url":"#"},"style":"mask","btn_color":"white","btn_style":"bordered","btn_size":"small","subtitle_color":"primary","subtitle_style":"background","text_alignment":"center","horizontal_alignment":"center","vertical_alignment":"middle","alignment":"center","title_typography_typography":"custom","title_typography_font_size_tablet":{"unit":"px","size":"14","sizes":[]},"title_typography_font_size_mobile":{"unit":"px","size":"20","sizes":[]},"subtitle_typography_typography":"custom","subtitle_typography_font_size_tablet":{"unit":"px","size":"10","sizes":[]},"width":{"unit":"%","size":"80","sizes":[]},"width_tablet":{"unit":"%","size":"100","sizes":[]},"width_mobile":{"unit":"%","size":"100","sizes":[]},"scroll_y":"-80"},"elements":[],"widgetType":"wd_banner"}],"isInner":"1"},{"id":"7005833","elType":"column","settings":{"_column_size":"33","column_sticky_offset":"50","scroll_y":"-80"},"elements":[{"id":"2639609","elType":"widget","settings":{"align":"left","image_size":"custom","title":"BANNER WITH SUBTITLE","subtitle":"SUBTITLE","content":"Lorem ipsum dolor sit amet, consectetur adipiscing elit.","btn_text":"Button","hover":"zoom","woodmart_color_scheme":"light","image_custom_dimension":{"width":"800","height":"600"},"image":{"id":"117","url":"#"},"style":"mask","btn_color":"white","btn_style":"bordered","btn_size":"small","subtitle_color":"primary","subtitle_style":"background","text_alignment":"center","horizontal_alignment":"center","vertical_alignment":"middle","alignment":"center","title_typography_typography":"custom","title_typography_font_size_tablet":{"unit":"px","size":"14","sizes":[]},"title_typography_font_size_mobile":{"unit":"px","size":"20","sizes":[]},"subtitle_typography_typography":"custom","subtitle_typography_font_size_tablet":{"unit":"px","size":"10","sizes":[]},"width":{"unit":"%","size":"80","sizes":[]},"width_tablet":{"unit":"%","size":"100","sizes":[]},"width_mobile":{"unit":"%","size":"100","sizes":[]},"scroll_y":"-80"},"elements":[],"widgetType":"wd_banner"}],"isInner":"1"},{"id":"a1777d3","elType":"column","settings":{"_column_size":"33","column_sticky_offset":"50","scroll_y":"-80"},"elements":[{"id":"2405621","elType":"widget","settings":{"align":"left","image_size":"custom","title":"BANNER WITH SUBTITLE","subtitle":"SUBTITLE","content":"Lorem ipsum dolor sit amet, consectetur adipiscing elit.","btn_text":"Button","hover":"zoom","woodmart_color_scheme":"light","image_custom_dimension":{"width":"800","height":"600"},"image":{"id":"117","url":"#"},"style":"mask","btn_color":"white","btn_style":"bordered","btn_size":"small","subtitle_color":"primary","subtitle_style":"background","text_alignment":"center","horizontal_alignment":"center","vertical_alignment":"middle","alignment":"center","title_typography_typography":"custom","title_typography_font_size_tablet":{"unit":"px","size":"14","sizes":[]},"title_typography_font_size_mobile":{"unit":"px","size":"20","sizes":[]},"subtitle_typography_typography":"custom","subtitle_typography_font_size_tablet":{"unit":"px","size":"10","sizes":[]},"width":{"unit":"%","size":"80","sizes":[]},"width_tablet":{"unit":"%","size":"100","sizes":[]},"width_mobile":{"unit":"%","size":"100","sizes":[]},"scroll_y":"-80"},"elements":[],"widgetType":"wd_banner"}],"isInner":"1"}],"isInner":"1"},{"id":"fc4f35d","elType":"section","settings":{"gap":"extended","structure":"30"},"elements":[{"id":"0db01a8","elType":"column","settings":{"_column_size":"33","column_sticky_offset":"50","scroll_y":"-80"},"elements":[{"id":"9225471","elType":"widget","settings":{"align":"left","image_size":"custom","title":"CUSTOM TEXT COLORS","subtitle":"","content":"Lorem ipsum dolor sit amet, consectetur adipiscing elit.","btn_text":"Button","hover":"zoom","woodmart_color_scheme":"custom","image_custom_dimension":{"width":"800","height":"600"},"image":{"id":"117","url":"#"},"style":"mask","btn_color":"white","btn_style":"link","btn_size":"small","subtitle_color":"primary","subtitle_style":"background","text_alignment":"center","horizontal_alignment":"center","vertical_alignment":"middle","alignment":"center","custom_title_color":"#efc836","custom_text_color":"rgba(255,255,255,0.8)","title_typography_typography":"custom","title_typography_font_size_tablet":{"unit":"px","size":"16","sizes":[]},"title_typography_font_size_mobile":{"unit":"px","size":"20","sizes":[]},"width":{"unit":"%","size":"80","sizes":[]},"width_tablet":{"unit":"%","size":"100","sizes":[]},"scroll_y":"-80"},"elements":[],"widgetType":"wd_banner"}],"isInner":"1"},{"id":"bb1e349","elType":"column","settings":{"_column_size":"33","column_sticky_offset":"50","scroll_y":"-80"},"elements":[{"id":"8471493","elType":"widget","settings":{"align":"left","image_size":"custom","title":"CUSTOM TEXT COLORS","subtitle":"","content":"Lorem ipsum dolor sit amet, consectetur adipiscing elit.","btn_text":"Button","hover":"zoom","woodmart_color_scheme":"custom","image_custom_dimension":{"width":"800","height":"600"},"image":{"id":"117","url":"#"},"style":"mask","btn_color":"white","btn_style":"link","btn_size":"small","subtitle_color":"primary","subtitle_style":"background","text_alignment":"center","horizontal_alignment":"center","vertical_alignment":"middle","alignment":"center","custom_title_color":"#36EFB5","custom_text_color":"rgba(255,255,255,0.8)","title_typography_typography":"custom","title_typography_font_size_tablet":{"unit":"px","size":"16","sizes":[]},"title_typography_font_size_mobile":{"unit":"px","size":"20","sizes":[]},"width":{"unit":"%","size":"80","sizes":[]},"width_tablet":{"unit":"%","size":"100","sizes":[]},"scroll_y":"-80"},"elements":[],"widgetType":"wd_banner"}],"isInner":"1"},{"id":"e992ccb","elType":"column","settings":{"_column_size":"33","column_sticky_offset":"50","scroll_y":"-80"},"elements":[{"id":"847708","elType":"widget","settings":{"align":"left","image_size":"custom","title":"CUSTOM TEXT COLORS","subtitle":"","content":"Lorem ipsum dolor sit amet, consectetur adipiscing elit.","btn_text":"Button","hover":"zoom","woodmart_color_scheme":"custom","image_custom_dimension":{"width":"800","height":"600"},"image":{"id":"117","url":"#"},"style":"mask","btn_color":"white","btn_style":"link","btn_size":"small","subtitle_color":"primary","subtitle_style":"background","text_alignment":"center","horizontal_alignment":"center","vertical_alignment":"middle","alignment":"center","custom_title_color":"#BD6BDE","custom_text_color":"rgba(255,255,255,0.8)","title_typography_typography":"custom","title_typography_font_size_tablet":{"unit":"px","size":"16","sizes":[]},"title_typography_font_size_mobile":{"unit":"px","size":"20","sizes":[]},"width":{"unit":"%","size":"80","sizes":[]},"width_tablet":{"unit":"%","size":"100","sizes":[]},"scroll_y":"-80"},"elements":[],"widgetType":"wd_banner"}],"isInner":"1"}],"isInner":"1"}],"isInner":""}],"isInner":""},{"id":"3646110","elType":"section","settings":{"margin":{"unit":"px","top":"0","right":"0","bottom":"50","left":"0","isLinked":""},"margin_mobile":{"unit":"px","top":"0","right":"0","bottom":"40","left":"0","isLinked":""}},"elements":[{"id":"8860548","elType":"column","settings":{"_column_size":"100","column_sticky_offset":"50","scroll_y":"-80"},"elements":[{"id":"8868","elType":"widget","settings":{"subtitle":"XTEMOS ELEMENT","after_title":"","image_size":"custom","color":"primary","style":"bordered","title":"PROMO BANNER WITH DIFFERENT HOVER STYLE","scroll_y":"-80"},"elements":[],"widgetType":"wd_title"},{"id":"c3da654","elType":"section","settings":{"gap":"extended","structure":"30"},"elements":[{"id":"39b6e95","elType":"column","settings":{"_column_size":"33","column_sticky_offset":"50","scroll_y":"-80"},"elements":[{"id":"1585543","elType":"widget","settings":{"align":"left","image_size":"custom","title":"HOVER STYLE ZOOM IMAGE","subtitle":"","content":"Lorem ipsum dolor sit amet, consectetur adipiscing elit.","btn_text":"Button","hover":"zoom","woodmart_color_scheme":"light","image_custom_dimension":{"width":"800","height":"600"},"image":{"id":"117","url":"#"},"style":"mask","btn_color":"white","btn_style":"bordered","btn_size":"small","text_alignment":"center","horizontal_alignment":"center","vertical_alignment":"middle","alignment":"center","title_typography_typography":"custom","title_typography_font_size_tablet":{"unit":"px","size":"16","sizes":[]},"width":{"unit":"%","size":"60","sizes":[]},"width_tablet":{"unit":"%","size":"96","sizes":[]},"scroll_y":"-80","title_typography_font_size_mobile":{"unit":"px","size":"20","sizes":[]},"width_mobile":{"unit":"%","size":"90","sizes":[]}},"elements":[],"widgetType":"wd_banner"}],"isInner":"1"},{"id":"e0ad7c3","elType":"column","settings":{"_column_size":"33","column_sticky_offset":"50","scroll_y":"-80"},"elements":[{"id":"7208871","elType":"widget","settings":{"align":"left","image_size":"custom","title":"HOVER STYLE ZOOM IMAGE","subtitle":"","content":"Lorem ipsum dolor sit amet, consectetur adipiscing elit.","btn_text":"Button","hover":"zoom","woodmart_color_scheme":"light","image_custom_dimension":{"width":"800","height":"600"},"image":{"id":"117","url":"#"},"style":"mask","btn_color":"white","btn_style":"bordered","btn_size":"small","text_alignment":"center","horizontal_alignment":"center","vertical_alignment":"middle","alignment":"center","title_typography_typography":"custom","title_typography_font_size_tablet":{"unit":"px","size":"16","sizes":[]},"width":{"unit":"%","size":"60","sizes":[]},"width_tablet":{"unit":"%","size":"96","sizes":[]},"scroll_y":"-80","title_typography_font_size_mobile":{"unit":"px","size":"20","sizes":[]},"width_mobile":{"unit":"%","size":"90","sizes":[]}},"elements":[],"widgetType":"wd_banner"}],"isInner":"1"},{"id":"f6dbe3b","elType":"column","settings":{"_column_size":"33","column_sticky_offset":"50","scroll_y":"-80"},"elements":[{"id":"4631527","elType":"widget","settings":{"align":"left","image_size":"custom","title":"HOVER STYLE ZOOM IMAGE","subtitle":"","content":"Lorem ipsum dolor sit amet, consectetur adipiscing elit.","btn_text":"Button","hover":"zoom","woodmart_color_scheme":"light","image_custom_dimension":{"width":"800","height":"600"},"image":{"id":"117","url":"#"},"style":"mask","btn_color":"white","btn_style":"bordered","btn_size":"small","text_alignment":"center","horizontal_alignment":"center","vertical_alignment":"middle","alignment":"center","title_typography_typography":"custom","title_typography_font_size_tablet":{"unit":"px","size":"16","sizes":[]},"width":{"unit":"%","size":"60","sizes":[]},"width_tablet":{"unit":"%","size":"96","sizes":[]},"scroll_y":"-80","title_typography_font_size_mobile":{"unit":"px","size":"20","sizes":[]},"width_mobile":{"unit":"%","size":"90","sizes":[]}},"elements":[],"widgetType":"wd_banner"}],"isInner":"1"}],"isInner":"1"},{"id":"cde3714","elType":"section","settings":{"gap":"extended","structure":"30"},"elements":[{"id":"e1dd596","elType":"column","settings":{"_column_size":"33","column_sticky_offset":"50","scroll_y":"-80"},"elements":[{"id":"8846884","elType":"widget","settings":{"align":"left","image_size":"custom","title":"HOVER STYLE ZOOM REVERSE","subtitle":"","content":"Lorem ipsum dolor sit amet, consectetur adipiscing elit.","btn_text":"Button","hover":"zoom-reverse","woodmart_color_scheme":"light","image_custom_dimension":{"width":"800","height":"600"},"image":{"id":"117","url":"#"},"style":"mask","btn_color":"primary","btn_style":"bordered","btn_size":"small","text_alignment":"center","horizontal_alignment":"center","vertical_alignment":"middle","alignment":"center","title_typography_typography":"custom","title_typography_font_size_tablet":{"unit":"px","size":"16","sizes":[]},"width":{"unit":"%","size":"60","sizes":[]},"width_tablet":{"unit":"%","size":"96","sizes":[]},"scroll_y":"-80","title_typography_font_size_mobile":{"unit":"px","size":"20","sizes":[]},"width_mobile":{"unit":"%","size":"90","sizes":[]}},"elements":[],"widgetType":"wd_banner"}],"isInner":"1"},{"id":"3c49302","elType":"column","settings":{"_column_size":"33","column_sticky_offset":"50","scroll_y":"-80"},"elements":[{"id":"8585393","elType":"widget","settings":{"align":"left","image_size":"custom","title":"HOVER STYLE ZOOM REVERSE","subtitle":"","content":"Lorem ipsum dolor sit amet, consectetur adipiscing elit.","btn_text":"Button","hover":"zoom-reverse","woodmart_color_scheme":"light","image_custom_dimension":{"width":"800","height":"600"},"image":{"id":"117","url":"#"},"style":"mask","btn_color":"primary","btn_style":"bordered","btn_size":"small","text_alignment":"center","horizontal_alignment":"center","vertical_alignment":"middle","alignment":"center","title_typography_typography":"custom","title_typography_font_size_tablet":{"unit":"px","size":"16","sizes":[]},"width":{"unit":"%","size":"60","sizes":[]},"width_tablet":{"unit":"%","size":"96","sizes":[]},"scroll_y":"-80","title_typography_font_size_mobile":{"unit":"px","size":"20","sizes":[]},"width_mobile":{"unit":"%","size":"90","sizes":[]}},"elements":[],"widgetType":"wd_banner"}],"isInner":"1"},{"id":"6d185b6","elType":"column","settings":{"_column_size":"33","column_sticky_offset":"50","scroll_y":"-80"},"elements":[{"id":"4380272","elType":"widget","settings":{"align":"left","image_size":"custom","title":"HOVER STYLE ZOOM REVERSE","subtitle":"","content":"Lorem ipsum dolor sit amet, consectetur adipiscing elit.","btn_text":"Button","hover":"zoom-reverse","woodmart_color_scheme":"light","image_custom_dimension":{"width":"800","height":"600"},"image":{"id":"117","url":"#"},"style":"mask","btn_color":"primary","btn_style":"bordered","btn_size":"small","text_alignment":"center","horizontal_alignment":"center","vertical_alignment":"middle","alignment":"center","title_typography_typography":"custom","title_typography_font_size_tablet":{"unit":"px","size":"16","sizes":[]},"width":{"unit":"%","size":"60","sizes":[]},"width_tablet":{"unit":"%","size":"96","sizes":[]},"scroll_y":"-80","title_typography_font_size_mobile":{"unit":"px","size":"20","sizes":[]},"width_mobile":{"unit":"%","size":"90","sizes":[]}},"elements":[],"widgetType":"wd_banner"}],"isInner":"1"}],"isInner":"1"},{"id":"8eeb65b","elType":"section","settings":{"gap":"extended","structure":"30"},"elements":[{"id":"8137bc6","elType":"column","settings":{"_column_size":"33","column_sticky_offset":"50","scroll_y":"-80"},"elements":[{"id":"3001132","elType":"widget","settings":{"align":"left","image_size":"custom","title":"HOVER STYLE PARALLAX","subtitle":"","content":"Lorem ipsum dolor sit amet, consectetur adipiscing elit.","btn_text":"Button","hover":"parallax","woodmart_color_scheme":"light","image_custom_dimension":{"width":"800","height":"600"},"image":{"id":"117","url":"#"},"style":"mask","btn_color":"white","btn_style":"round","btn_size":"small","text_alignment":"center","horizontal_alignment":"center","vertical_alignment":"middle","alignment":"center","title_typography_typography":"custom","title_typography_font_size_tablet":{"unit":"px","size":"16","sizes":[]},"width":{"unit":"%","size":"60","sizes":[]},"width_tablet":{"unit":"%","size":"96","sizes":[]},"scroll_y":"-80","title_typography_font_size_mobile":{"unit":"px","size":"20","sizes":[]},"width_mobile":{"unit":"%","size":"90","sizes":[]}},"elements":[],"widgetType":"wd_banner"}],"isInner":"1"},{"id":"66627ad","elType":"column","settings":{"_column_size":"33","column_sticky_offset":"50","scroll_y":"-80"},"elements":[{"id":"2096313","elType":"widget","settings":{"align":"left","image_size":"custom","title":"HOVER STYLE PARALLAX","subtitle":"","content":"Lorem ipsum dolor sit amet, consectetur adipiscing elit.","btn_text":"Button","hover":"parallax","woodmart_color_scheme":"light","image_custom_dimension":{"width":"800","height":"600"},"image":{"id":"117","url":"#"},"style":"mask","btn_color":"white","btn_style":"round","btn_size":"small","text_alignment":"center","horizontal_alignment":"center","vertical_alignment":"middle","alignment":"center","title_typography_typography":"custom","title_typography_font_size_tablet":{"unit":"px","size":"16","sizes":[]},"width":{"unit":"%","size":"60","sizes":[]},"width_tablet":{"unit":"%","size":"96","sizes":[]},"scroll_y":"-80","title_typography_font_size_mobile":{"unit":"px","size":"20","sizes":[]},"width_mobile":{"unit":"%","size":"90","sizes":[]}},"elements":[],"widgetType":"wd_banner"}],"isInner":"1"},{"id":"7187792","elType":"column","settings":{"_column_size":"33","column_sticky_offset":"50","scroll_y":"-80"},"elements":[{"id":"6202984","elType":"widget","settings":{"align":"left","image_size":"custom","title":"HOVER STYLE PARALLAX","subtitle":"","content":"Lorem ipsum dolor sit amet, consectetur adipiscing elit.","btn_text":"Button","hover":"parallax","woodmart_color_scheme":"light","image_custom_dimension":{"width":"800","height":"600"},"image":{"id":"117","url":"#"},"style":"mask","btn_color":"white","btn_style":"round","btn_size":"small","text_alignment":"center","horizontal_alignment":"center","vertical_alignment":"middle","alignment":"center","title_typography_typography":"custom","title_typography_font_size_tablet":{"unit":"px","size":"16","sizes":[]},"width":{"unit":"%","size":"60","sizes":[]},"width_tablet":{"unit":"%","size":"96","sizes":[]},"scroll_y":"-80","title_typography_font_size_mobile":{"unit":"px","size":"20","sizes":[]},"width_mobile":{"unit":"%","size":"90","sizes":[]}},"elements":[],"widgetType":"wd_banner"}],"isInner":"1"}],"isInner":"1"},{"id":"c6b40a9","elType":"section","settings":{"gap":"extended","structure":"30"},"elements":[{"id":"ac961b2","elType":"column","settings":{"_column_size":"33","column_sticky_offset":"50","scroll_y":"-80"},"elements":[{"id":"9116346","elType":"widget","settings":{"align":"left","image_size":"custom","title":"HOVER STYLE BORDERED","subtitle":"","content":"Lorem ipsum dolor sit amet, consectetur adipiscing elit.","btn_text":"","hover":"border","woodmart_color_scheme":"light","image_custom_dimension":{"width":"800","height":"600"},"image":{"id":"117","url":"#"},"style":"mask","btn_color":"white","btn_style":"bordered","btn_size":"small","text_alignment":"center","horizontal_alignment":"center","vertical_alignment":"middle","alignment":"center","title_typography_typography":"custom","title_typography_font_size_tablet":{"unit":"px","size":"16","sizes":[]},"width":{"unit":"%","size":"60","sizes":[]},"width_tablet":{"unit":"%","size":"96","sizes":[]},"scroll_y":"-80","title_typography_font_size_mobile":{"unit":"px","size":"20","sizes":[]},"width_mobile":{"unit":"%","size":"90","sizes":[]}},"elements":[],"widgetType":"wd_banner"}],"isInner":"1"},{"id":"52ba7e7","elType":"column","settings":{"_column_size":"33","column_sticky_offset":"50","scroll_y":"-80"},"elements":[{"id":"6917872","elType":"widget","settings":{"align":"left","image_size":"custom","title":"HOVER STYLE BORDERED","subtitle":"","content":"Lorem ipsum dolor sit amet, consectetur adipiscing elit.","btn_text":"","hover":"border","woodmart_color_scheme":"light","image_custom_dimension":{"width":"800","height":"600"},"image":{"id":"117","url":"#"},"style":"mask","btn_color":"white","btn_style":"bordered","btn_size":"small","text_alignment":"center","horizontal_alignment":"center","vertical_alignment":"middle","alignment":"center","title_typography_typography":"custom","title_typography_font_size_tablet":{"unit":"px","size":"16","sizes":[]},"width":{"unit":"%","size":"60","sizes":[]},"width_tablet":{"unit":"%","size":"96","sizes":[]},"scroll_y":"-80","title_typography_font_size_mobile":{"unit":"px","size":"20","sizes":[]},"width_mobile":{"unit":"%","size":"90","sizes":[]}},"elements":[],"widgetType":"wd_banner"}],"isInner":"1"},{"id":"37829f9","elType":"column","settings":{"_column_size":"33","column_sticky_offset":"50","scroll_y":"-80"},"elements":[{"id":"1126514","elType":"widget","settings":{"align":"left","image_size":"custom","title":"HOVER STYLE BORDERED","subtitle":"","content":"Lorem ipsum dolor sit amet, consectetur adipiscing elit.","btn_text":"","hover":"border","woodmart_color_scheme":"light","image_custom_dimension":{"width":"800","height":"600"},"image":{"id":"117","url":"#"},"style":"mask","btn_color":"white","btn_style":"bordered","btn_size":"small","text_alignment":"center","horizontal_alignment":"center","vertical_alignment":"middle","alignment":"center","title_typography_typography":"custom","title_typography_font_size_tablet":{"unit":"px","size":"16","sizes":[]},"width":{"unit":"%","size":"60","sizes":[]},"width_tablet":{"unit":"%","size":"96","sizes":[]},"scroll_y":"-80","title_typography_font_size_mobile":{"unit":"px","size":"20","sizes":[]},"width_mobile":{"unit":"%","size":"90","sizes":[]}},"elements":[],"widgetType":"wd_banner"}],"isInner":"1"}],"isInner":"1"},{"id":"8c7966f","elType":"section","settings":{"gap":"extended","structure":"30"},"elements":[{"id":"4a00500","elType":"column","settings":{"_column_size":"33","column_sticky_offset":"50","scroll_y":"-80"},"elements":[{"id":"8359080","elType":"widget","settings":{"align":"left","image_size":"custom","title":"HOVER STYLE BACKGROUND","subtitle":"","content":"Lorem ipsum dolor sit amet, consectetur adipiscing elit.","btn_text":"","hover":"background","woodmart_color_scheme":"light","image_custom_dimension":{"width":"800","height":"600"},"image":{"id":"117","url":"#"},"style":"mask","btn_color":"white","btn_style":"bordered","btn_size":"small","text_alignment":"center","horizontal_alignment":"center","vertical_alignment":"middle","alignment":"center","title_typography_typography":"custom","title_typography_font_size_tablet":{"unit":"px","size":"16","sizes":[]},"width":{"unit":"%","size":"60","sizes":[]},"width_tablet":{"unit":"%","size":"96","sizes":[]},"scroll_y":"-80","title_typography_font_size_mobile":{"unit":"px","size":"20","sizes":[]},"width_mobile":{"unit":"%","size":"90","sizes":[]}},"elements":[],"widgetType":"wd_banner"}],"isInner":"1"},{"id":"b55bb8e","elType":"column","settings":{"_column_size":"33","column_sticky_offset":"50","scroll_y":"-80"},"elements":[{"id":"3055802","elType":"widget","settings":{"align":"left","image_size":"custom","title":"HOVER STYLE BACKGROUND","subtitle":"","content":"Lorem ipsum dolor sit amet, consectetur adipiscing elit.","btn_text":"","hover":"background","woodmart_color_scheme":"light","image_custom_dimension":{"width":"800","height":"600"},"image":{"id":"117","url":"#"},"style":"mask","btn_color":"white","btn_style":"bordered","btn_size":"small","text_alignment":"center","horizontal_alignment":"center","vertical_alignment":"middle","alignment":"center","title_typography_typography":"custom","title_typography_font_size_tablet":{"unit":"px","size":"16","sizes":[]},"width":{"unit":"%","size":"60","sizes":[]},"width_tablet":{"unit":"%","size":"96","sizes":[]},"scroll_y":"-80","title_typography_font_size_mobile":{"unit":"px","size":"20","sizes":[]},"width_mobile":{"unit":"%","size":"90","sizes":[]}},"elements":[],"widgetType":"wd_banner"}],"isInner":"1"},{"id":"cfae446","elType":"column","settings":{"_column_size":"33","column_sticky_offset":"50","scroll_y":"-80"},"elements":[{"id":"2657830","elType":"widget","settings":{"align":"left","image_size":"custom","title":"HOVER STYLE BACKGROUND","subtitle":"","content":"Lorem ipsum dolor sit amet, consectetur adipiscing elit.","btn_text":"","hover":"background","woodmart_color_scheme":"light","image_custom_dimension":{"width":"800","height":"600"},"image":{"id":"117","url":"#"},"style":"mask","btn_color":"white","btn_style":"bordered","btn_size":"small","text_alignment":"center","horizontal_alignment":"center","vertical_alignment":"middle","alignment":"center","title_typography_typography":"custom","title_typography_font_size_tablet":{"unit":"px","size":"16","sizes":[]},"width":{"unit":"%","size":"60","sizes":[]},"width_tablet":{"unit":"%","size":"96","sizes":[]},"scroll_y":"-80","title_typography_font_size_mobile":{"unit":"px","size":"20","sizes":[]},"width_mobile":{"unit":"%","size":"90","sizes":[]}},"elements":[],"widgetType":"wd_banner"}],"isInner":"1"}],"isInner":"1"}],"isInner":""}],"isInner":""},{"id":"1432170","elType":"section","settings":{"margin":{"unit":"px","top":"0","right":"0","bottom":"65","left":"0","isLinked":""},"margin_mobile":{"unit":"px","top":"0","right":"0","bottom":"50","left":"0","isLinked":""}},"elements":[{"id":"482628","elType":"column","settings":{"_column_size":"100","column_sticky_offset":"50","scroll_y":"-80"},"elements":[{"id":"8068125","elType":"widget","settings":{"subtitle":"XTEMOS ELEMENT","after_title":"","image_size":"custom","color":"primary","style":"bordered","title":"PROMO BANNER CAROUSEL","_margin":{"unit":"px","top":"0","right":"0","bottom":"10","left":"0","isLinked":""},"scroll_y":"-80"},"elements":[],"widgetType":"wd_title"},{"id":"8701462","elType":"widget","settings":{"slides_per_view":{"size":"1","unit":"px","sizes":[]},"slider_spacing":"0","hide_pagination_control":"yes","content_repeater":[{"_id":"7680671","image_size":"full","title":"CHECK OUT OUR SUMMER COLLECTION","subtitle":"CUSTOM SUBTITLE TEXT","content":"\nAdipiscing massa urna curabitur tristique sagittis sagittis a vulputate parturient elementum sed","btn_text":"Shop now","image_custom_dimension":[],"image":{"id":"576","url":"#"},"increase_spaces":"yes","vertical_alignment":"middle","link":{"url":"#","is_external":"","nofollow":"","custom_attributes":""},"image_type":"image","image_height":{"unit":"px","size":"300","sizes":[]},"image_height_tablet":{"unit":"px","size":"","sizes":[]},"image_height_mobile":{"unit":"px","size":"","sizes":[]},"image_bg_position":"center center","horizontal_alignment":"left","text_alignment":"left","width":{"unit":"%","size":"46","sizes":[]},"width_tablet":{"unit":"%","size":"75","sizes":[]},"width_mobile":{"unit":"%","size":"","sizes":[]}},{"_id":"3468010","image_size":"full","title":"CHECK OUT OUR SUMMER COLLECTION","subtitle":"CUSTOM SUBTITLE TEXT","content":"\nAdipiscing massa urna curabitur tristique sagittis sagittis a vulputate parturient elementum sed","btn_text":"Shop now","image_custom_dimension":[],"image":{"id":"576","url":"#"},"increase_spaces":"yes","vertical_alignment":"middle","link":{"url":"#","is_external":"","nofollow":"","custom_attributes":""},"image_type":"image","image_height":{"unit":"px","size":"300","sizes":[]},"image_height_tablet":{"unit":"px","size":"","sizes":[]},"image_height_mobile":{"unit":"px","size":"","sizes":[]},"image_bg_position":"center center","horizontal_alignment":"left","text_alignment":"left","width":{"unit":"%","size":"46","sizes":[]},"width_tablet":{"unit":"%","size":"72","sizes":[]},"width_mobile":{"unit":"%","size":"","sizes":[]}}],"title_size":"extra-large","title_typography_typography":"custom","title_typography_font_size":{"unit":"px","size":"44","sizes":[]},"title_typography_font_size_tablet":{"unit":"vw","size":"5","sizes":[]},"subtitle_typography_typography":"custom","subtitle_typography_font_size":{"unit":"px","size":"25","sizes":[]},"subtitle_typography_font_size_tablet":{"unit":"vw","size":"","sizes":[]},"btn_position":"static","btn_color":"primary","_margin":{"unit":"px","top":"0","right":"0","bottom":"10","left":"0","isLinked":""},"scroll_y":"-80","title_typography_font_size_mobile":{"unit":"vw","size":"5","sizes":[]},"subtitle_typography_font_size_mobile":{"unit":"vw","size":"3","sizes":[]},"text_typography_typography":"custom","text_typography_font_size_mobile":{"unit":"px","size":"0","sizes":[]}},"elements":[],"widgetType":"wd_banner_carousel"},{"id":"4658793","elType":"widget","settings":{"slides_per_view":{"size":"3","unit":"px","sizes":[]},"hide_pagination_control":"yes","content_repeater":[{"_id":"8469584","image_size":"custom","title":"HOVER STYLE BACKGROUND","subtitle":"","content":"Lorem ipsum dolor sit amet, consectetur adipiscing elit.","btn_text":"Button","image_custom_dimension":{"width":"800","height":"600"},"image":{"id":"117","url":"#"},"vertical_alignment":"bottom","link":{"url":"#","is_external":"","nofollow":"","custom_attributes":""},"image_type":"image","image_height":{"unit":"px","size":"300","sizes":[]},"image_height_tablet":{"unit":"px","size":"","sizes":[]},"image_height_mobile":{"unit":"px","size":"","sizes":[]},"image_bg_position":"center center","horizontal_alignment":"left","text_alignment":"left","width":{"unit":"%","size":"60","sizes":[]},"width_tablet":{"unit":"%","size":"","sizes":[]},"width_mobile":{"unit":"%","size":"","sizes":[]},"increase_spaces":"no"},{"_id":"3046252","image_size":"custom","title":"HOVER STYLE BACKGROUND","subtitle":"","content":"Lorem ipsum dolor sit amet, consectetur adipiscing elit.","btn_text":"button","image_custom_dimension":{"width":"800","height":"600"},"image":{"id":"117","url":"#"},"text_alignment":"center","horizontal_alignment":"center","vertical_alignment":"middle","link":{"url":"#","is_external":"","nofollow":"","custom_attributes":""},"image_type":"image","image_height":{"unit":"px","size":"300","sizes":[]},"image_height_tablet":{"unit":"px","size":"","sizes":[]},"image_height_mobile":{"unit":"px","size":"","sizes":[]},"image_bg_position":"center center","width":{"unit":"%","size":"60","sizes":[]},"width_tablet":{"unit":"%","size":"","sizes":[]},"width_mobile":{"unit":"%","size":"","sizes":[]},"increase_spaces":"no"},{"_id":"6060348","image_size":"custom","title":"HOVER STYLE BACKGROUND","subtitle":"","content":"Lorem ipsum dolor sit amet, consectetur adipiscing elit.","btn_text":"button","image_custom_dimension":{"width":"800","height":"600"},"image":{"id":"117","url":"#"},"text_alignment":"right","horizontal_alignment":"right","vertical_alignment":"bottom","link":{"url":"#","is_external":"","nofollow":"","custom_attributes":""},"image_type":"image","image_height":{"unit":"px","size":"300","sizes":[]},"image_height_tablet":{"unit":"px","size":"","sizes":[]},"image_height_mobile":{"unit":"px","size":"","sizes":[]},"image_bg_position":"center center","width":{"unit":"%","size":"60","sizes":[]},"width_tablet":{"unit":"%","size":"","sizes":[]},"width_mobile":{"unit":"%","size":"","sizes":[]},"increase_spaces":"no"},{"_id":"5630708","image_size":"custom","title":"HOVER STYLE BACKGROUND","subtitle":"","content":"Lorem ipsum dolor sit amet, consectetur adipiscing elit.","btn_text":"button","image_custom_dimension":{"width":"800","height":"600"},"image":{"id":"117","url":"#"},"text_alignment":"center","horizontal_alignment":"center","vertical_alignment":"middle","link":{"url":"#","is_external":"","nofollow":"","custom_attributes":""},"image_type":"image","image_height":{"unit":"px","size":"300","sizes":[]},"image_height_tablet":{"unit":"px","size":"","sizes":[]},"image_height_mobile":{"unit":"px","size":"","sizes":[]},"image_bg_position":"center center","width":{"unit":"%","size":"60","sizes":[]},"width_tablet":{"unit":"%","size":"","sizes":[]},"width_mobile":{"unit":"%","size":"","sizes":[]},"increase_spaces":"no"},{"_id":"2852377","image_size":"custom","title":"HOVER STYLE BACKGROUND","subtitle":"","content":"Lorem ipsum dolor sit amet, consectetur adipiscing elit.","btn_text":"button","image_custom_dimension":{"width":"800","height":"600"},"image":{"id":"117","url":"#"},"text_alignment":"center","horizontal_alignment":"center","vertical_alignment":"bottom","link":{"url":"#","is_external":"","nofollow":"","custom_attributes":""},"image_type":"image","image_height":{"unit":"px","size":"300","sizes":[]},"image_height_tablet":{"unit":"px","size":"","sizes":[]},"image_height_mobile":{"unit":"px","size":"","sizes":[]},"image_bg_position":"center center","width":{"unit":"%","size":"60","sizes":[]},"width_tablet":{"unit":"%","size":"","sizes":[]},"width_mobile":{"unit":"%","size":"","sizes":[]},"increase_spaces":"no"},{"_id":"9034047","image_size":"custom","title":"HOVER STYLE BACKGROUND","subtitle":"","content":"Lorem ipsum dolor sit amet, consectetur adipiscing elit.","btn_text":"button","image_custom_dimension":{"width":"800","height":"600"},"image":{"id":"117","url":"#"},"text_alignment":"center","horizontal_alignment":"center","vertical_alignment":"middle","link":{"url":"#","is_external":"","nofollow":"","custom_attributes":""},"image_type":"image","image_height":{"unit":"px","size":"300","sizes":[]},"image_height_tablet":{"unit":"px","size":"","sizes":[]},"image_height_mobile":{"unit":"px","size":"","sizes":[]},"image_bg_position":"center center","width":{"unit":"%","size":"60","sizes":[]},"width_tablet":{"unit":"%","size":"","sizes":[]},"width_mobile":{"unit":"%","size":"","sizes":[]},"increase_spaces":"no"}],"style":"mask","woodmart_color_scheme":"light","btn_color":"white","btn_style":"bordered","_margin":{"unit":"px","top":"0","right":"0","bottom":"10","left":"0","isLinked":""},"scroll_y":"-80","title_typography_typography":"custom","title_typography_font_size_mobile":{"unit":"px","size":"20","sizes":[]},"hover":"zoom"},"elements":[],"widgetType":"wd_banner_carousel"},{"id":"6165592","elType":"widget","settings":{"slides_per_view":{"size":"3","unit":"px","sizes":[]},"slider_spacing":"0","hide_pagination_control":"yes","content_repeater":[{"_id":"3748914","image_size":"custom","title":"HOVER STYLE BACKGROUND","subtitle":"","content":"Lorem ipsum dolor sit amet, consectetur adipiscing elit.","btn_text":"Button","image_custom_dimension":{"width":"800","height":"600"},"image":{"id":"117","url":"#"},"vertical_alignment":"bottom","link":{"url":"#","is_external":"","nofollow":"","custom_attributes":""},"image_type":"image","image_height":{"unit":"px","size":"300","sizes":[]},"image_height_tablet":{"unit":"px","size":"","sizes":[]},"image_height_mobile":{"unit":"px","size":"","sizes":[]},"image_bg_position":"center center","horizontal_alignment":"left","text_alignment":"left","width":{"unit":"%","size":"60","sizes":[]},"width_tablet":{"unit":"%","size":"","sizes":[]},"width_mobile":{"unit":"%","size":"","sizes":[]},"increase_spaces":"no"},{"_id":"2367946","image_size":"custom","title":"HOVER STYLE BACKGROUND","subtitle":"","content":"Lorem ipsum dolor sit amet, consectetur adipiscing elit.","btn_text":"button","image_custom_dimension":{"width":"800","height":"600"},"image":{"id":"117","url":"#"},"text_alignment":"center","horizontal_alignment":"center","vertical_alignment":"middle","link":{"url":"#","is_external":"","nofollow":"","custom_attributes":""},"image_type":"image","image_height":{"unit":"px","size":"300","sizes":[]},"image_height_tablet":{"unit":"px","size":"","sizes":[]},"image_height_mobile":{"unit":"px","size":"","sizes":[]},"image_bg_position":"center center","width":{"unit":"%","size":"60","sizes":[]},"width_tablet":{"unit":"%","size":"","sizes":[]},"width_mobile":{"unit":"%","size":"","sizes":[]},"increase_spaces":"no"},{"_id":"8162258","image_size":"custom","title":"HOVER STYLE BACKGROUND","subtitle":"","content":"Lorem ipsum dolor sit amet, consectetur adipiscing elit.","btn_text":"button","image_custom_dimension":{"width":"800","height":"600"},"image":{"id":"117","url":"#"},"text_alignment":"right","horizontal_alignment":"right","vertical_alignment":"bottom","link":{"url":"#","is_external":"","nofollow":"","custom_attributes":""},"image_type":"image","image_height":{"unit":"px","size":"300","sizes":[]},"image_height_tablet":{"unit":"px","size":"","sizes":[]},"image_height_mobile":{"unit":"px","size":"","sizes":[]},"image_bg_position":"center center","width":{"unit":"%","size":"60","sizes":[]},"width_tablet":{"unit":"%","size":"","sizes":[]},"width_mobile":{"unit":"%","size":"","sizes":[]},"increase_spaces":"no"},{"_id":"4791840","image_size":"custom","title":"HOVER STYLE BACKGROUND","subtitle":"","content":"Lorem ipsum dolor sit amet, consectetur adipiscing elit.","btn_text":"button","image_custom_dimension":{"width":"800","height":"600"},"image":{"id":"117","url":"#"},"text_alignment":"center","horizontal_alignment":"center","vertical_alignment":"middle","link":{"url":"#","is_external":"","nofollow":"","custom_attributes":""},"image_type":"image","image_height":{"unit":"px","size":"300","sizes":[]},"image_height_tablet":{"unit":"px","size":"","sizes":[]},"image_height_mobile":{"unit":"px","size":"","sizes":[]},"image_bg_position":"center center","width":{"unit":"%","size":"60","sizes":[]},"width_tablet":{"unit":"%","size":"","sizes":[]},"width_mobile":{"unit":"%","size":"","sizes":[]},"increase_spaces":"no"},{"_id":"3832355","image_size":"custom","title":"HOVER STYLE BACKGROUND","subtitle":"","content":"Lorem ipsum dolor sit amet, consectetur adipiscing elit.","btn_text":"button","image_custom_dimension":{"width":"800","height":"600"},"image":{"id":"117","url":"#"},"text_alignment":"center","horizontal_alignment":"center","vertical_alignment":"bottom","link":{"url":"#","is_external":"","nofollow":"","custom_attributes":""},"image_type":"image","image_height":{"unit":"px","size":"300","sizes":[]},"image_height_tablet":{"unit":"px","size":"","sizes":[]},"image_height_mobile":{"unit":"px","size":"","sizes":[]},"image_bg_position":"center center","width":{"unit":"%","size":"60","sizes":[]},"width_tablet":{"unit":"%","size":"","sizes":[]},"width_mobile":{"unit":"%","size":"","sizes":[]},"increase_spaces":"no"},{"_id":"8874546","image_size":"custom","title":"HOVER STYLE BACKGROUND","subtitle":"","content":"Lorem ipsum dolor sit amet, consectetur adipiscing elit.","btn_text":"button","image_custom_dimension":{"width":"800","height":"600"},"image":{"id":"117","url":"#"},"text_alignment":"center","horizontal_alignment":"center","vertical_alignment":"middle","link":{"url":"#","is_external":"","nofollow":"","custom_attributes":""},"image_type":"image","image_height":{"unit":"px","size":"300","sizes":[]},"image_height_tablet":{"unit":"px","size":"","sizes":[]},"image_height_mobile":{"unit":"px","size":"","sizes":[]},"image_bg_position":"center center","width":{"unit":"%","size":"60","sizes":[]},"width_tablet":{"unit":"%","size":"","sizes":[]},"width_mobile":{"unit":"%","size":"","sizes":[]},"increase_spaces":"no"}],"style":"mask","woodmart_color_scheme":"light","text_typography_typography":"custom","btn_color":"white","btn_style":"bordered","scroll_y":"-80","title_typography_typography":"custom","title_typography_font_size_mobile":{"unit":"px","size":"20","sizes":[]},"hover":"zoom"},"elements":[],"widgetType":"wd_banner_carousel"}],"isInner":""}],"isInner":""},{"id":"9970851","elType":"section","settings":{"wd_section_stretch":"stretch-content","content_position":"top","structure":"20","margin":{"unit":"px","top":"0","right":"0","bottom":"-40","left":"0","isLinked":""},"padding":{"unit":"px","top":"0","right":"0","bottom":"0","left":"0","isLinked":""}},"elements":[{"id":"1553522","elType":"column","settings":{"_column_size":"50","padding":{"unit":"px","top":"0","right":"0","bottom":"0","left":"0","isLinked":"1"},"column_sticky_offset":"50","scroll_y":"-80"},"elements":[{"id":"6692650","elType":"widget","settings":{"align":"left","image_size":"full","title":"HOVER STYLE\nPARALLAX","subtitle":"SUB TITLE TEXT","content":"Lorem ipsum dolor sit amet,\nconsectetur adipiscing elit.\n","btn_text":"View more","hover":"parallax","woodmart_color_scheme":"dark","image_custom_dimension":[],"image":{"id":"732","url":"#"},"increase_spaces":"yes","btn_color":"black","title_size":"extra-large","text_alignment":"right","horizontal_alignment":"right","vertical_alignment":"bottom","alignment":"right","title_typography_typography":"custom","title_typography_font_size":{"unit":"vw","size":"2.3","sizes":[]},"subtitle_typography_typography":"custom","subtitle_typography_font_size":{"unit":"vw","size":"1.3","sizes":[]},"text_typography_typography":"custom","text_typography_font_size_tablet":{"unit":"px","size":"0","sizes":[]},"scroll_y":"-80","title_typography_font_size_mobile":{"unit":"vw","size":"5","sizes":[]},"subtitle_typography_font_size_mobile":{"unit":"vw","size":"3","sizes":[]}},"elements":[],"widgetType":"wd_banner"}],"isInner":""},{"id":"3109907","elType":"column","settings":{"_column_size":"50","padding":{"unit":"px","top":"0","right":"0","bottom":"0","left":"0","isLinked":""},"column_sticky_offset":"50","scroll_y":"-80"},"elements":[{"id":"4241743","elType":"widget","settings":{"align":"left","image_size":"full","title":"HOVER STYLE\nPARALLAX","subtitle":"SUB TITLE TEXT","content":"\nLorem ipsum dolor sit amet,\nconsectetur adipiscing elit.\n","btn_text":"View more","hover":"parallax","woodmart_color_scheme":"dark","image_custom_dimension":[],"image":{"id":"732","url":"#"},"increase_spaces":"yes","btn_color":"black","title_size":"extra-large","text_alignment":"right","horizontal_alignment":"right","vertical_alignment":"bottom","alignment":"right","title_typography_typography":"custom","title_typography_font_size":{"unit":"vw","size":"2.3","sizes":[]},"subtitle_typography_typography":"custom","subtitle_typography_font_size":{"unit":"vw","size":"1.3","sizes":[]},"text_typography_typography":"custom","text_typography_font_size_tablet":{"unit":"px","size":"0","sizes":[]},"scroll_y":"-80","title_typography_font_size_mobile":{"unit":"vw","size":"5","sizes":[]},"subtitle_typography_font_size_mobile":{"unit":"vw","size":"3","sizes":[]}},"elements":[],"widgetType":"wd_banner"}],"isInner":""}],"isInner":""}]]]></wp:meta_value>
		</wp:postmeta>
							<wp:postmeta>
			<wp:meta_key>_elementor_edit_mode</wp:meta_key>
			<wp:meta_value><![CDATA[builder]]></wp:meta_value>
		</wp:postmeta>
							<wp:postmeta>
			<wp:meta_key>_elementor_version</wp:meta_key>
			<wp:meta_value><![CDATA[2.9.11]]></wp:meta_value>
		</wp:postmeta>
							<wp:postmeta>
			<wp:meta_key>_elementor_template_type</wp:meta_key>
			<wp:meta_value><![CDATA[wp-page]]></wp:meta_value>
		</wp:postmeta>
							<wp:postmeta>
			<wp:meta_key>_elementor_controls_usage</wp:meta_key>
			<wp:meta_value><![CDATA[a:5:{s:8:"wd_title";a:3:{s:5:"count";i:4;s:15:"control_percent";i:3;s:8:"controls";a:3:{s:7:"content";a:1:{s:23:"general_content_section";a:3:{s:8:"subtitle";i:4;s:11:"after_title";i:4;s:5:"title";i:4;}}s:5:"style";a:2:{s:19:"title_style_section";a:1:{s:10:"image_size";i:4;}s:21:"general_style_section";a:2:{s:5:"color";i:4;s:5:"style";i:4;}}s:8:"advanced";a:2:{s:8:"wd_extra";a:1:{s:8:"scroll_y";i:4;}s:14:"_section_style";a:1:{s:7:"_margin";i:1;}}}}s:9:"wd_banner";a:3:{s:5:"count";i:47;s:15:"control_percent";i:8;s:8:"controls";a:3:{s:7:"content";a:2:{s:21:"image_content_section";a:5:{s:10:"image_size";i:47;s:22:"image_custom_dimension";i:47;s:5:"image";i:47;s:10:"image_type";i:6;s:12:"image_height";i:6;}s:15:"content_section";a:4:{s:5:"title";i:47;s:8:"subtitle";i:47;s:7:"content";i:47;s:8:"btn_text";i:47;}}s:5:"style";a:6:{s:21:"general_style_section";a:4:{s:5:"hover";i:32;s:21:"woodmart_color_scheme";i:47;s:5:"style";i:42;s:10:"title_size";i:2;}s:20:"button_style_section";a:4:{s:9:"btn_color";i:44;s:8:"btn_size";i:45;s:15:"hide_btn_mobile";i:9;s:9:"btn_style";i:33;}s:19:"title_style_section";a:5:{s:27:"title_typography_typography";i:47;s:26:"title_typography_font_size";i:3;s:33:"title_typography_font_size_tablet";i:45;s:33:"title_typography_font_size_mobile";i:47;s:18:"custom_title_color";i:3;}s:20:"layout_style_section";a:7:{s:5:"width";i:45;s:12:"width_tablet";i:45;s:12:"width_mobile";i:39;s:14:"text_alignment";i:44;s:20:"horizontal_alignment";i:44;s:18:"vertical_alignment";i:44;s:15:"increase_spaces";i:2;}s:21:"content_style_section";a:3:{s:26:"text_typography_typography";i:8;s:32:"text_typography_font_size_tablet";i:8;s:17:"custom_text_color";i:3;}s:22:"subtitle_style_section";a:6:{s:14:"subtitle_color";i:6;s:14:"subtitle_style";i:6;s:30:"subtitle_typography_typography";i:5;s:36:"subtitle_typography_font_size_tablet";i:3;s:29:"subtitle_typography_font_size";i:2;s:36:"subtitle_typography_font_size_mobile";i:2;}}s:8:"advanced";a:1:{s:8:"wd_extra";a:1:{s:8:"scroll_y";i:47;}}}}s:6:"column";a:3:{s:5:"count";i:51;s:15:"control_percent";i:1;s:8:"controls";a:1:{s:8:"advanced";a:2:{s:8:"wd_extra";a:2:{s:20:"column_sticky_offset";i:51;s:8:"scroll_y";i:51;}s:16:"section_advanced";a:1:{s:7:"padding";i:2;}}}}s:7:"section";a:3:{s:5:"count";i:20;s:15:"control_percent";i:1;s:8:"controls";a:2:{s:6:"layout";a:3:{s:14:"section_layout";a:2:{s:3:"gap";i:15;s:16:"content_position";i:1;}s:17:"section_structure";a:1:{s:9:"structure";i:16;}s:15:"wd_extra_layout";a:1:{s:18:"wd_section_stretch";i:1;}}s:8:"advanced";a:1:{s:16:"section_advanced";a:3:{s:6:"margin";i:5;s:13:"margin_mobile";i:4;s:7:"padding";i:1;}}}}s:18:"wd_banner_carousel";a:3:{s:5:"count";i:3;s:15:"control_percent";i:5;s:8:"controls";a:3:{s:5:"style";a:6:{s:22:"carousel_style_section";a:3:{s:15:"slides_per_view";i:3;s:14:"slider_spacing";i:2;s:23:"hide_pagination_control";i:3;}s:21:"general_style_section";a:4:{s:10:"title_size";i:1;s:5:"style";i:2;s:21:"woodmart_color_scheme";i:2;s:5:"hover";i:2;}s:19:"title_style_section";a:4:{s:27:"title_typography_typography";i:3;s:26:"title_typography_font_size";i:1;s:33:"title_typography_font_size_tablet";i:1;s:33:"title_typography_font_size_mobile";i:3;}s:22:"subtitle_style_section";a:4:{s:30:"subtitle_typography_typography";i:1;s:29:"subtitle_typography_font_size";i:1;s:36:"subtitle_typography_font_size_tablet";i:1;s:36:"subtitle_typography_font_size_mobile";i:1;}s:20:"button_style_section";a:3:{s:12:"btn_position";i:1;s:9:"btn_color";i:3;s:9:"btn_style";i:2;}s:21:"content_style_section";a:2:{s:26:"text_typography_typography";i:2;s:32:"text_typography_font_size_mobile";i:1;}}s:7:"content";a:1:{s:23:"general_content_section";a:1:{s:16:"content_repeater";i:3;}}s:8:"advanced";a:2:{s:14:"_section_style";a:1:{s:7:"_margin";i:2;}s:8:"wd_extra";a:1:{s:8:"scroll_y";i:3;}}}}}]]></wp:meta_value>
		</wp:postmeta>
						</item>
					<item>
		<title>
				wood-page-baner-15		</title>
		<link>http://dummy.xtemos.com/woodmart-elementor/demos/banners/wood-page-baner-15/</link>
		<pubDate>Tue, 04 Jul 2017 08:42:16 +0000</pubDate>
		<dc:creator><![CDATA[erwin]]></dc:creator>
		<guid isPermaLink="false">http://dummy.xtemos.com/woodmart-elementor/demos/wp-content/uploads/sites/2/2017/07/wood-page-baner-15.jpg</guid>
		<description></description>
		<content:encoded><![CDATA[]]></content:encoded>
		<excerpt:encoded><![CDATA[]]></excerpt:encoded>
		<wp:post_id>732</wp:post_id>
		<wp:post_date>2017-07-04 08:42:16</wp:post_date>
		<wp:post_date_gmt>2017-07-04 08:42:16</wp:post_date_gmt>
		<wp:comment_status>open</wp:comment_status>
		<wp:ping_status>closed</wp:ping_status>
		<wp:post_name>wood-page-baner-15</wp:post_name>
		<wp:status>inherit</wp:status>
		<wp:post_parent>722</wp:post_parent>
		<wp:menu_order>0</wp:menu_order>
		<wp:post_type>attachment</wp:post_type>
		<wp:post_password></wp:post_password>
		<wp:is_sticky>0</wp:is_sticky>
						<wp:attachment_url>http://dummy.xtemos.com/woodmart-elementor/demos/wp-content/uploads/sites/2/2017/07/wood-page-baner-15.jpg</wp:attachment_url>
												<wp:postmeta>
			<wp:meta_key>_wp_attached_file</wp:meta_key>
			<wp:meta_value><![CDATA[2017/07/wood-page-baner-15.jpg]]></wp:meta_value>
		</wp:postmeta>
						</item>
					<item>
		<title>
				Section Dividers		</title>
		<link>http://dummy.xtemos.com/woodmart-elementor/demos/2020/07/17/802-revision-v1/</link>
		<pubDate>Fri, 17 Jul 2020 12:58:33 +0000</pubDate>
		<dc:creator><![CDATA[zakhar]]></dc:creator>
		<guid isPermaLink="false">http://dummy.xtemos.com/woodmart-elementor/demos/2020/07/17/802-revision-v1/</guid>
		<description></description>
		<content:encoded><![CDATA[<h4>
					HALF-CIRCLE				</h4>
					Per vestibulum adipiscing a interdum lacus ad penatibus malesuada non turpis ullamcorper augue nostra vestibulum eros mi ac nam torquent metus molestie.				
				<h4>
					CLOUDS				</h4>
					Per vestibulum adipiscing a interdum lacus ad penatibus malesuada non turpis ullamcorper augue nostra vestibulum eros mi ac nam torquent metus molestie.				
				<h4>
					DIVIDER OVERLAP				</h4>
					Per vestibulum adipiscing a interdum lacus ad penatibus malesuada non turpis ullamcorper augue nostra vestibulum eros mi ac nam torquent metus molestie.				
				<h4>
					WAVES SMALL				</h4>
					Per vestibulum adipiscing a interdum lacus ad penatibus malesuada non turpis ullamcorper augue nostra vestibulum eros mi ac nam torquent metus molestie.				
				<h4>
					WAVES WIDE				</h4>
					Per vestibulum adipiscing a interdum lacus ad penatibus malesuada non turpis ullamcorper augue nostra vestibulum eros mi ac nam torquent metus molestie.				
				<h4>
					CURVED LINE				</h4>
					Per vestibulum adipiscing a interdum lacus ad penatibus malesuada non turpis ullamcorper augue nostra vestibulum eros mi ac nam torquent metus molestie.				
				<h4>
					TRIANGLE				</h4>
					Per vestibulum adipiscing a interdum lacus ad penatibus malesuada non turpis ullamcorper augue nostra vestibulum eros mi ac nam torquent metus molestie.				
				<h4>
					DIAGONAL LEFT				</h4>
					Per vestibulum adipiscing a interdum lacus ad penatibus malesuada non turpis ullamcorper augue nostra vestibulum eros mi ac nam torquent metus molestie.				
				<h4>
					DIAGONAL RIGHT				</h4>
					Per vestibulum adipiscing a interdum lacus ad penatibus malesuada non turpis ullamcorper augue nostra vestibulum eros mi ac nam torquent metus molestie.]]></content:encoded>
		<excerpt:encoded><![CDATA[]]></excerpt:encoded>
		<wp:post_id>8868</wp:post_id>
		<wp:post_date>2020-07-17 12:58:33</wp:post_date>
		<wp:post_date_gmt>2020-07-17 12:58:33</wp:post_date_gmt>
		<wp:comment_status>closed</wp:comment_status>
		<wp:ping_status>closed</wp:ping_status>
		<wp:post_name>802-revision-v1</wp:post_name>
		<wp:status>inherit</wp:status>
		<wp:post_parent>802</wp:post_parent>
		<wp:menu_order>0</wp:menu_order>
		<wp:post_type>revision</wp:post_type>
		<wp:post_password></wp:post_password>
		<wp:is_sticky>0</wp:is_sticky>
														<wp:postmeta>
			<wp:meta_key>_wp_page_template</wp:meta_key>
			<wp:meta_value><![CDATA[default]]></wp:meta_value>
		</wp:postmeta>
							<wp:postmeta>
			<wp:meta_key>_elementor_data</wp:meta_key>
			<wp:meta_value><![CDATA[[{"id":"4907756","elType":"section","settings":{"wd_section_stretch":"stretch-content","background_background":"classic","background_color":"#a3ccbc","shape_divider_top":"curve","shape_divider_top_width":{"unit":"%","size":"200","sizes":[]},"shape_divider_top_height":{"unit":"px","size":"520","sizes":[]},"shape_divider_top_negative":"yes","shape_divider_bottom":"curve","shape_divider_bottom_color":"#45739C","shape_divider_bottom_width":{"unit":"%","size":"200","sizes":[]},"shape_divider_bottom_height":{"unit":"px","size":"520","sizes":[]},"shape_divider_bottom_negative":"yes","margin":{"unit":"px","top":"10","right":"0","bottom":"0","left":"0","isLinked":""},"padding":{"unit":"px","top":"250","right":"15","bottom":"250","left":"15","isLinked":""}},"elements":[{"id":"1090309","elType":"column","settings":{"_column_size":"100","_inline_size":"","column_sticky_offset":"50","scroll_y":"-80"},"elements":[{"id":"03901ca","elType":"widget","settings":{"subtitle":"","title":"HALF-CIRCLE","after_title":"<p>Per vestibulum adipiscing a interdum lacus ad penatibus malesuada non turpis ullamcorper augue nostra vestibulum eros mi ac nam torquent metus molestie.<\/p>","color":"white","size":"extra-large","width":{"unit":"%","size":"40","sizes":[]},"scroll_y":"-80"},"elements":[],"widgetType":"wd_title"}],"isInner":""}],"isInner":""},{"id":"d591441","elType":"section","settings":{"wd_section_stretch":"stretch","background_background":"classic","background_color":"#45739C","shape_divider_bottom_color":"#FFFFFF","shape_divider_bottom_width":{"unit":"%","size":"157","sizes":[]},"shape_divider_bottom_height":{"unit":"px","size":"158","sizes":[]},"shape_divider_bottom_flip":"yes","z_index":"1"},"elements":[{"id":"e49733c","elType":"column","settings":{"_column_size":"100","_inline_size":"","column_sticky_offset":"50","scroll_y":"-80"},"elements":[{"id":"61ece4a","elType":"widget","settings":{"scroll_y":"-80"},"elements":[],"widgetType":"spacer"}],"isInner":""}],"isInner":""},{"id":"3663491","elType":"section","settings":{"wd_section_stretch":"stretch-content","background_background":"classic","shape_divider_top":"wd_curved_line","shape_divider_top_color":"#B58352","shape_divider_top_height":{"unit":"px","size":"138","sizes":[]},"shape_divider_bottom":"wd_clouds","shape_divider_bottom_color":"#000000","shape_divider_bottom_height":{"unit":"px","size":"124","sizes":[]},"shape_divider_bottom_flip":"yes","shape_divider_bottom_negative":"yes","padding":{"unit":"px","top":"250","right":"15","bottom":"250","left":"15","isLinked":""}},"elements":[{"id":"3654114","elType":"column","settings":{"_column_size":"100","_inline_size":"","column_sticky_offset":"50","scroll_y":"-80"},"elements":[{"id":"ec603f2","elType":"widget","settings":{"subtitle":"","title":"CLOUDS","after_title":"<p>Per vestibulum adipiscing a interdum lacus ad penatibus malesuada non turpis ullamcorper augue nostra vestibulum eros mi ac nam torquent metus molestie.<\/p>","size":"extra-large","width":{"unit":"%","size":"40","sizes":[]},"scroll_y":"-80"},"elements":[],"widgetType":"wd_title"}],"isInner":""}],"isInner":""},{"id":"7877638","elType":"section","settings":{"wd_section_stretch":"stretch-content","woodmart_gradient_switch":"yes","background_background":"classic","background_image":{"url":"http:\/\/dummy.xtemos.com\/woodmart-elementor\/demos\/wp-content\/uploads\/sites\/2\/2017\/06\/wood-main-dark-bg.jpg?id=246","id":""},"background_size":"cover","background_repeat":"no-repeat","woodmart_color_gradient":"rgba(0, 0, 0, 0.298)-0\/rgba(0, 0, 0, 0.298)-100\/|linear-gradient(left , rgba(0, 0, 0, 0.298) , rgba(0, 0, 0, 0.298) 100%)|linear|left","shape_divider_bottom":"wd_curved_line","padding":{"unit":"px","top":"225","right":"15","bottom":"225","left":"15","isLinked":""}},"elements":[{"id":"2292157","elType":"column","settings":{"_column_size":"100","_inline_size":"","wd_color_scheme":"light","column_sticky_offset":"50","scroll_y":"-80"},"elements":[{"id":"18560de","elType":"widget","settings":{"subtitle":"","title":"DIVIDER OVERLAP","after_title":"<p>Per vestibulum adipiscing a interdum lacus ad penatibus malesuada non turpis ullamcorper augue nostra vestibulum eros mi ac nam torquent metus molestie.<\/p>","size":"extra-large","width":{"unit":"%","size":"40","sizes":[]},"scroll_y":"-80"},"elements":[],"widgetType":"wd_title"}],"isInner":""}],"isInner":""},{"id":"23a4623","elType":"section","settings":[],"elements":[{"id":"1c04726","elType":"column","settings":{"_column_size":"100","_inline_size":"","column_sticky_offset":"50","scroll_y":"-80"},"elements":[{"id":"cbb3c1e","elType":"widget","settings":{"scroll_y":"-80"},"elements":[],"widgetType":"spacer"}],"isInner":""}],"isInner":""},{"id":"6612948","elType":"section","settings":{"wd_section_stretch":"stretch-content","background_background":"classic","background_color":"#e6a1a1","shape_divider_top":"wd_waves_small","shape_divider_bottom":"wd_waves_small","padding":{"unit":"px","top":"225","right":"15","bottom":"225","left":"15","isLinked":""}},"elements":[{"id":"7921440","elType":"column","settings":{"_column_size":"100","_inline_size":"","column_sticky_offset":"50","scroll_y":"-80"},"elements":[{"id":"a1be3ed","elType":"widget","settings":{"subtitle":"","title":"WAVES SMALL","after_title":"<p>Per vestibulum adipiscing a interdum lacus ad penatibus malesuada non turpis ullamcorper augue nostra vestibulum eros mi ac nam torquent metus molestie.<\/p>","color":"white","size":"extra-large","width":{"unit":"%","size":"40","sizes":[]},"scroll_y":"-80"},"elements":[],"widgetType":"wd_title"}],"isInner":""}],"isInner":""},{"id":"ca24693","elType":"section","settings":[],"elements":[{"id":"e49c376","elType":"column","settings":{"_column_size":"100","_inline_size":"","column_sticky_offset":"50","scroll_y":"-80"},"elements":[{"id":"812e375","elType":"widget","settings":{"scroll_y":"-80"},"elements":[],"widgetType":"spacer"}],"isInner":""}],"isInner":""},{"id":"7521052","elType":"section","settings":{"wd_section_stretch":"stretch-content","background_background":"classic","background_color":"#9fbfe4","shape_divider_top":"wd_waves_wide","shape_divider_bottom":"wd_waves_wide","padding":{"unit":"px","top":"225","right":"15","bottom":"225","left":"15","isLinked":""}},"elements":[{"id":"22334","elType":"column","settings":{"_column_size":"100","_inline_size":"","column_sticky_offset":"50","scroll_y":"-80"},"elements":[{"id":"b0ae81d","elType":"widget","settings":{"subtitle":"","title":"WAVES WIDE","after_title":"<p>Per vestibulum adipiscing a interdum lacus ad penatibus malesuada non turpis ullamcorper augue nostra vestibulum eros mi ac nam torquent metus molestie.<\/p>","color":"white","size":"extra-large","width":{"unit":"%","size":"40","sizes":[]},"scroll_y":"-80"},"elements":[],"widgetType":"wd_title"}],"isInner":""}],"isInner":""},{"id":"8cbedbf","elType":"section","settings":[],"elements":[{"id":"b89a8d3","elType":"column","settings":{"_column_size":"100","_inline_size":"","column_sticky_offset":"50","scroll_y":"-80"},"elements":[{"id":"62ae7ea","elType":"widget","settings":{"scroll_y":"-80"},"elements":[],"widgetType":"spacer"}],"isInner":""}],"isInner":""},{"id":"9856769","elType":"section","settings":{"wd_section_stretch":"stretch-content","background_background":"classic","background_color":"#e3c567","shape_divider_top":"wd_curved_line","shape_divider_bottom":"wd_curved_line","padding":{"unit":"px","top":"225","right":"15","bottom":"225","left":"15","isLinked":""}},"elements":[{"id":"4711208","elType":"column","settings":{"_column_size":"100","_inline_size":"","column_sticky_offset":"50","scroll_y":"-80"},"elements":[{"id":"9d2c15e","elType":"widget","settings":{"subtitle":"","title":"CURVED LINE","after_title":"<p>Per vestibulum adipiscing a interdum lacus ad penatibus malesuada non turpis ullamcorper augue nostra vestibulum eros mi ac nam torquent metus molestie.<\/p>","color":"white","size":"extra-large","width":{"unit":"%","size":"40","sizes":[]},"scroll_y":"-80"},"elements":[],"widgetType":"wd_title"}],"isInner":""}],"isInner":""},{"id":"0a40e71","elType":"section","settings":[],"elements":[{"id":"6af1eb1","elType":"column","settings":{"_column_size":"100","_inline_size":"","column_sticky_offset":"50","scroll_y":"-80"},"elements":[{"id":"005ba4c","elType":"widget","settings":{"scroll_y":"-80"},"elements":[],"widgetType":"spacer"}],"isInner":""}],"isInner":""},{"id":"8219821","elType":"section","settings":{"wd_section_stretch":"stretch-content","background_background":"classic","background_color":"#343434","shape_divider_top":"wd_triangle","shape_divider_bottom":"wd_triangle","padding":{"unit":"px","top":"225","right":"15","bottom":"225","left":"15","isLinked":""}},"elements":[{"id":"2396348","elType":"column","settings":{"_column_size":"100","_inline_size":"","column_sticky_offset":"50","scroll_y":"-80"},"elements":[{"id":"5c64e81","elType":"widget","settings":{"subtitle":"","title":"TRIANGLE","after_title":"<p>Per vestibulum adipiscing a interdum lacus ad penatibus malesuada non turpis ullamcorper augue nostra vestibulum eros mi ac nam torquent metus molestie.<\/p>","color":"white","size":"extra-large","width":{"unit":"%","size":"40","sizes":[]},"scroll_y":"-80"},"elements":[],"widgetType":"wd_title"}],"isInner":""}],"isInner":""},{"id":"f1a4fcd","elType":"section","settings":[],"elements":[{"id":"3b79b1d","elType":"column","settings":{"_column_size":"100","_inline_size":"","column_sticky_offset":"50","scroll_y":"-80"},"elements":[{"id":"8c5e868","elType":"widget","settings":{"scroll_y":"-80"},"elements":[],"widgetType":"spacer"}],"isInner":""}],"isInner":""},{"id":"9576310","elType":"section","settings":{"wd_section_stretch":"stretch-content","woodmart_gradient_switch":"yes","background_background":"classic","background_image":{"url":"http:\/\/dummy.xtemos.com\/woodmart-elementor\/demos\/wp-content\/uploads\/sites\/2\/2017\/06\/wood-main-dark-bg.jpg?id=246","id":""},"background_size":"cover","background_repeat":"no-repeat","woodmart_color_gradient":"rgba(0, 0, 0, 0.4)-0\/rgba(29, 28, 43, 0.4)-100\/|linear-gradient(left , rgba(0, 0, 0, 0.4) , rgba(29, 28, 43, 0.4) 100%)|linear|left","shape_divider_top":"tilt","shape_divider_top_height":{"unit":"px","size":"100","sizes":[]},"shape_divider_bottom":"tilt","shape_divider_bottom_height":{"unit":"px","size":"100","sizes":[]},"padding":{"unit":"px","top":"225","right":"15","bottom":"225","left":"15","isLinked":""}},"elements":[{"id":"3891588","elType":"column","settings":{"_column_size":"100","_inline_size":"","column_sticky_offset":"50","scroll_y":"-80"},"elements":[{"id":"92e5925","elType":"widget","settings":{"subtitle":"","title":"DIAGONAL LEFT","after_title":"<p>Per vestibulum adipiscing a interdum lacus ad penatibus malesuada non turpis ullamcorper augue nostra vestibulum eros mi ac nam torquent metus molestie.<\/p>","color":"white","size":"extra-large","width":{"unit":"%","size":"40","sizes":[]},"scroll_y":"-80"},"elements":[],"widgetType":"wd_title"}],"isInner":""}],"isInner":""},{"id":"cd87db0","elType":"section","settings":[],"elements":[{"id":"65bf0c7","elType":"column","settings":{"_column_size":"100","_inline_size":"","column_sticky_offset":"50","scroll_y":"-80"},"elements":[{"id":"d57282f","elType":"widget","settings":{"scroll_y":"-80"},"elements":[],"widgetType":"spacer"}],"isInner":""}],"isInner":""},{"id":"3329805","elType":"section","settings":{"wd_section_stretch":"stretch-content","background_background":"classic","background_image":{"url":"http:\/\/dummy.xtemos.com\/woodmart-elementor\/demos\/wp-content\/uploads\/sites\/2\/2017\/06\/wood-main-dark-bg.jpg?id=246","id":""},"background_size":"cover","background_repeat":"no-repeat","shape_divider_top":"tilt","shape_divider_top_height":{"unit":"px","size":"100","sizes":[]},"shape_divider_top_flip":"yes","shape_divider_bottom":"tilt","shape_divider_bottom_height":{"unit":"px","size":"100","sizes":[]},"shape_divider_bottom_flip":"yes","padding":{"unit":"px","top":"225","right":"15","bottom":"225","left":"15","isLinked":""}},"elements":[{"id":"4675891","elType":"column","settings":{"_column_size":"100","_inline_size":"","column_sticky_offset":"50","scroll_y":"-80"},"elements":[{"id":"33b324c","elType":"widget","settings":{"subtitle":"","title":"DIAGONAL RIGHT","after_title":"<p>Per vestibulum adipiscing a interdum lacus ad penatibus malesuada non turpis ullamcorper augue nostra vestibulum eros mi ac nam torquent metus molestie.<\/p>","color":"white","size":"extra-large","width":{"unit":"%","size":"40","sizes":[]},"scroll_y":"-80"},"elements":[],"widgetType":"wd_title"}],"isInner":""}],"isInner":""},{"id":"9905059","elType":"section","settings":[],"elements":[{"id":"7140858","elType":"column","settings":{"_column_size":"100","_inline_size":"","column_sticky_offset":"50","scroll_y":"-80"},"elements":[],"isInner":""}],"isInner":""},{"id":"4506710","elType":"section","settings":{"wd_section_stretch":"stretch-content","background_background":"classic","background_color":"#ffffff"},"elements":[{"id":"4128483","elType":"column","settings":{"_column_size":"100","_inline_size":"","column_sticky_offset":"50","scroll_y":"-80"},"elements":[],"isInner":""}],"isInner":""},{"id":"5907967","elType":"section","settings":{"wd_section_stretch":"stretch-content","background_background":"classic","background_color":"#ffffff"},"elements":[{"id":"9256617","elType":"column","settings":{"_column_size":"100","_inline_size":"","column_sticky_offset":"50","scroll_y":"-80"},"elements":[],"isInner":""}],"isInner":""}]]]></wp:meta_value>
		</wp:postmeta>
							<wp:postmeta>
			<wp:meta_key>_elementor_edit_mode</wp:meta_key>
			<wp:meta_value><![CDATA[builder]]></wp:meta_value>
		</wp:postmeta>
							<wp:postmeta>
			<wp:meta_key>_elementor_version</wp:meta_key>
			<wp:meta_value><![CDATA[2.9.11]]></wp:meta_value>
		</wp:postmeta>
							<wp:postmeta>
			<wp:meta_key>_elementor_template_type</wp:meta_key>
			<wp:meta_value><![CDATA[wp-page]]></wp:meta_value>
		</wp:postmeta>
						</item>
				</channel>
</rss>
	