<?xml version="1.0" encoding="UTF-8" ?>
<!-- This is a WordPress eXtended RSS file generated by WordPress as an export of your site. -->
<!-- It contains information about your site's posts, pages, comments, categories, and other content. -->
<!-- You may use this file to transfer that content from one site to another. -->
<!-- This file is not intended to serve as a complete backup of your site. -->

<!-- To import this information into a WordPress site follow these steps: -->
<!-- 1. Log in to that site as an administrator. -->
<!-- 2. Go to Tools: Import in the WordPress admin panel. -->
<!-- 3. Install the "WordPress" importer from the list. -->
<!-- 4. Activate & Run Importer. -->
<!-- 5. Upload this file using the form provided on that page. -->
<!-- 6. You will first be asked to map the authors in this export file to users -->
<!--    on the site. For each author, you may choose to map to an -->
<!--    existing user on the site or to create a new user. -->
<!-- 7. WordPress will then import each of the posts, pages, comments, categories, etc. -->
<!--    contained in this file into your site. -->

<!-- generator="WordPress/4.8" created="2017-06-27 07:09" -->
<rss version="2.0"
	xmlns:excerpt="http://wordpress.org/export/1.2/excerpt/"
	xmlns:content="http://purl.org/rss/1.0/modules/content/"
	xmlns:wfw="http://wellformedweb.org/CommentAPI/"
	xmlns:dc="http://purl.org/dc/elements/1.1/"
	xmlns:wp="http://wordpress.org/export/1.2/"
>

<channel>
	<title>Woodmart dummy demos</title>
	<link>http://dummy.xtemos.com/woodmart/demos</link>
	<description>Just another Woodmart Dummy Content Sites site</description>
	<pubDate>Tue, 27 Jun 2017 07:09:36 +0000</pubDate>
	<language>en-US</language>
	<wp:wxr_version>1.2</wp:wxr_version>
	<wp:base_site_url>http://dummy.xtemos.com/woodmart/</wp:base_site_url>
	<wp:base_blog_url>http://dummy.xtemos.com/woodmart/demos</wp:base_blog_url>

	<wp:author><wp:author_id>2</wp:author_id><wp:author_login>erwin</wp:author_login><wp:author_email>ss@asas.as</wp:author_email><wp:author_display_name><![CDATA[erwin]]></wp:author_display_name><wp:author_first_name><![CDATA[]]></wp:author_first_name><wp:author_last_name><![CDATA[]]></wp:author_last_name></wp:author>


	<generator>https://wordpress.org/?v=4.8</generator>

	<item>
		<title>Contact form alternative</title>
		<link>http://dummy.xtemos.com/woodmart/demos/?post_type=wpcf7_contact_form&#038;p=608</link>
		<pubDate>Mon, 26 Jun 2017 08:53:44 +0000</pubDate>
		<dc:creator><![CDATA[erwin]]></dc:creator>
		<guid isPermaLink="false">http://dummy.xtemos.com/woodmart/demos/?post_type=wpcf7_contact_form&#038;p=608</guid>
		<description></description>
		<content:encoded><![CDATA[<div class="row">
<div class="col-md-6" style='margin-bottom:20px'><label>Your Name</label>[text* your-name]</div>
<div class="col-md-6" style='margin-bottom:20px'><label>Your Email</label>[email* your-email]</div>
</div>
<div class="row">
<div class="col-md-6" style='margin-bottom:20px'><label>Phone Number</label>[tel tel-767]</div>
<div class="col-md-6" style='margin-bottom:20px'><label>Company</label>[text text-1]</div>
</div>

<p><label>Your Message</label>[textarea your-message]</p>

<p>[submit class:btn-color-black "ASK A QUESTION"]</p>
1
Woodmart dummy demos "[your-subject]"
[your-name] 
se@as.as
From: [your-name] 
Subject: [your-subject]

Message Body:
[your-message]
Reply-To: [your-email]




Woodmart dummy demos "[your-subject]"
Woodmart dummy demos 
[your-email]
Message Body:
[your-message]

-- 
This e-mail was sent from a contact form on Woodmart dummy demos (http://dummy.xtemos.com/woodmart/demos)
Reply-To: se@as.as



Thank you for your message. It has been sent.
There was an error trying to send your message. Please try again later.
One or more fields have an error. Please check and try again.
There was an error trying to send your message. Please try again later.
You must accept the terms and conditions before sending your message.
The field is required.
The field is too long.
The field is too short.
The date format is incorrect.
The date is before the earliest one allowed.
The date is after the latest one allowed.
There was an unknown error uploading the file.
You are not allowed to upload files of this type.
The file is too big.
There was an error uploading the file.
The number format is invalid.
The number is smaller than the minimum allowed.
The number is larger than the maximum allowed.
The answer to the quiz is incorrect.
Your entered code is incorrect.
The e-mail address entered is invalid.
The URL is invalid.
The telephone number is invalid.]]></content:encoded>
		<excerpt:encoded><![CDATA[]]></excerpt:encoded>
		<wp:post_id>608</wp:post_id>
		<wp:post_date>2017-06-26 08:53:44</wp:post_date>
		<wp:post_date_gmt>2017-06-26 08:53:44</wp:post_date_gmt>
		<wp:comment_status>closed</wp:comment_status>
		<wp:ping_status>closed</wp:ping_status>
		<wp:post_name>contact-form-alternative</wp:post_name>
		<wp:status>publish</wp:status>
		<wp:post_parent>0</wp:post_parent>
		<wp:menu_order>0</wp:menu_order>
		<wp:post_type>wpcf7_contact_form</wp:post_type>
		<wp:post_password></wp:post_password>
		<wp:is_sticky>0</wp:is_sticky>
		<wp:postmeta>
			<wp:meta_key>_form</wp:meta_key>
			<wp:meta_value><![CDATA[<div class="row">
<div class="col-md-6" style='margin-bottom:20px;'><label>Your Name</label>[text* your-name]</div>
<div class="col-md-6" style='margin-bottom:20px;'><label>Your Email</label>[email* your-email]</div>
</div>
<div class="row">
<div class="col-md-6" style='margin-bottom:20px;'><label>Phone Number</label>[tel tel-767]</div>
<div class="col-md-6" style='margin-bottom:20px;'><label>Company</label>[text text-1]</div>
</div>

<p><label>Your Message</label>[textarea your-message]</p>

<p>[submit class:btn-color-black "ASK A QUESTION"]</p>]]></wp:meta_value>
		</wp:postmeta>
		<wp:postmeta>
			<wp:meta_key>_mail</wp:meta_key>
			<wp:meta_value><![CDATA[a:9:{s:6:"active";b:1;s:7:"subject";s:37:"Woodmart dummy demos "[your-subject]"";s:6:"sender";s:28:"[your-name] <your@email.com>";s:9:"recipient";s:8:"se@as.as";s:4:"body";s:86:"From: [your-name] <[your-email]>
Subject: [your-subject]

Message Body:
[your-message]";s:18:"additional_headers";s:22:"Reply-To: [your-email]";s:11:"attachments";s:0:"";s:8:"use_html";b:0;s:13:"exclude_blank";b:0;}]]></wp:meta_value>
		</wp:postmeta>
		<wp:postmeta>
			<wp:meta_key>_mail_2</wp:meta_key>
			<wp:meta_value><![CDATA[a:9:{s:6:"active";b:0;s:7:"subject";s:37:"Woodmart dummy demos "[your-subject]"";s:6:"sender";s:49:"Woodmart dummy demos <wordpress@dummy.xtemos.com>";s:9:"recipient";s:12:"[your-email]";s:4:"body";s:139:"Message Body:
[your-message]

-- 
This e-mail was sent from a contact form on Woodmart dummy demos (http://dummy.xtemos.com/woodmart/demos)";s:18:"additional_headers";s:18:"Reply-To: se@as.as";s:11:"attachments";s:0:"";s:8:"use_html";b:0;s:13:"exclude_blank";b:0;}]]></wp:meta_value>
		</wp:postmeta>
		<wp:postmeta>
			<wp:meta_key>_messages</wp:meta_key>
			<wp:meta_value><![CDATA[a:23:{s:12:"mail_sent_ok";s:45:"Thank you for your message. It has been sent.";s:12:"mail_sent_ng";s:71:"There was an error trying to send your message. Please try again later.";s:16:"validation_error";s:61:"One or more fields have an error. Please check and try again.";s:4:"spam";s:71:"There was an error trying to send your message. Please try again later.";s:12:"accept_terms";s:69:"You must accept the terms and conditions before sending your message.";s:16:"invalid_required";s:22:"The field is required.";s:16:"invalid_too_long";s:22:"The field is too long.";s:17:"invalid_too_short";s:23:"The field is too short.";s:12:"invalid_date";s:29:"The date format is incorrect.";s:14:"date_too_early";s:44:"The date is before the earliest one allowed.";s:13:"date_too_late";s:41:"The date is after the latest one allowed.";s:13:"upload_failed";s:46:"There was an unknown error uploading the file.";s:24:"upload_file_type_invalid";s:49:"You are not allowed to upload files of this type.";s:21:"upload_file_too_large";s:20:"The file is too big.";s:23:"upload_failed_php_error";s:38:"There was an error uploading the file.";s:14:"invalid_number";s:29:"The number format is invalid.";s:16:"number_too_small";s:47:"The number is smaller than the minimum allowed.";s:16:"number_too_large";s:46:"The number is larger than the maximum allowed.";s:23:"quiz_answer_not_correct";s:36:"The answer to the quiz is incorrect.";s:17:"captcha_not_match";s:31:"Your entered code is incorrect.";s:13:"invalid_email";s:38:"The e-mail address entered is invalid.";s:11:"invalid_url";s:19:"The URL is invalid.";s:11:"invalid_tel";s:32:"The telephone number is invalid.";}]]></wp:meta_value>
		</wp:postmeta>
		<wp:postmeta>
			<wp:meta_key>_additional_settings</wp:meta_key>
			<wp:meta_value><![CDATA[]]></wp:meta_value>
		</wp:postmeta>
		<wp:postmeta>
			<wp:meta_key>_locale</wp:meta_key>
			<wp:meta_value><![CDATA[en_US]]></wp:meta_value>
		</wp:postmeta>
		<wp:postmeta>
			<wp:meta_key>_config_errors</wp:meta_key>
			<wp:meta_value><![CDATA[a:1:{s:11:"mail.sender";a:1:{i:0;a:2:{s:4:"code";i:103;s:4:"args";a:3:{s:7:"message";s:0:"";s:6:"params";a:0:{}s:4:"link";s:70:"https://contactform7.com/configuration-errors/email-not-in-site-domain";}}}}]]></wp:meta_value>
		</wp:postmeta>
	</item>
	<item>
		<title>FAQs 2</title>
		<link>http://dummy.xtemos.com/woodmart/demos/faqs-2/</link>
		<pubDate>Tue, 27 Jun 2017 07:05:37 +0000</pubDate>
		<dc:creator><![CDATA[erwin]]></dc:creator>
		<guid isPermaLink="false">http://dummy.xtemos.com/woodmart/demos/?page_id=662</guid>
		<description></description>
		<content:encoded><![CDATA[[vc_row full_width="stretch_row" css=".vc_custom_1498546831056{margin-bottom: 8vh !important;padding-top: 27vh !important;padding-bottom: 22vh !important;background-image: url(http://dummy.xtemos.com/woodmart/demos/wp-content/uploads/sites/2/2017/06/faqs-page-title.jpg?id=660) !important;background-position: center !important;background-repeat: no-repeat !important;background-size: cover !important;}"][vc_column css=".vc_custom_1484657242560{padding-top: 0px !important;}"][vc_custom_heading text="<strong>Questions &amp; Answers</strong>" font_container="tag:h1|font_size:52|text_align:center|color:%23ffffff|line_height:1.1" use_theme_fonts="yes" css=".vc_custom_1496939608738{margin-bottom: 10px !important;}"][vc_custom_heading text="Write us an e-mail via the form, or just send us an e-mail directly at." font_container="tag:p|font_size:16px|text_align:center|color:rgba(255%2C255%2C255%2C0.8)" use_theme_fonts="yes" css=".vc_custom_1496939651434{margin-bottom: 22px !important;}"][woodmart_popup color="white" style="link" size="extra-large" align="center" id="contact-form-popup" width="900" title="CONTACT US"][vc_row_inner equal_height="yes" css=".vc_custom_1493299761637{margin-top: -30px !important;margin-right: -30px !important;margin-bottom: -30px !important;margin-left: -30px !important;}"][vc_column_inner width="2/3" css=".vc_custom_1493299937177{padding-top: 30px !important;padding-right: 30px !important;padding-bottom: 15px !important;padding-left: 30px !important;}"][woodmart_title size="small" align="left" title="SEND US A MESSAGE"][contact-form-7 id="608"][/vc_column_inner][vc_column_inner width="1/3" css=".vc_custom_1493299742195{padding-top: 30px !important;padding-right: 30px !important;padding-bottom: 30px !important;padding-left: 30px !important;background-color: #333333 !important;}"][woodmart_title color="white" size="small" align="left" title="CONTACT INFORMATION"][woodmart_info_box image="611" image_alignment="left" woodmart_color_scheme="light" img_size="30x30"]50 East 52nd Street
Brooklyn, NY 10022
United States[/woodmart_info_box][woodmart_info_box image="611" image_alignment="left" woodmart_color_scheme="light" img_size="30x30"]+1322224332
+4643758533[/woodmart_info_box][woodmart_info_box image="611" image_alignment="left" woodmart_color_scheme="light" img_size="30x30"]<a href="#">info@google.com</a>
<a href="#">support@google.com</a>[/woodmart_info_box][vc_separator color="custom" accent_color="rgba(255,255,255,0.15)" css=".vc_custom_1484144347493{margin-bottom: 30px !important;}"][vc_column_text woodmart_color_scheme="light" css=".vc_custom_1493378287084{margin-bottom: 20px !important;}"]Do you have questions about how we can help your company? Send us an email and we’ll get in touch shortly.[/vc_column_text][social_buttons size="small" style="colored" align="left"][/vc_column_inner][/vc_row_inner][/woodmart_popup][/vc_column][/vc_row][vc_row css=".vc_custom_1496940694752{margin-bottom: 20px !important;}"][vc_column css=".vc_custom_1484657273903{padding-top: 0px !important;}"][woodmart_title style="underlined" align="left" title="SHOPPING INFORMATION" css=".vc_custom_1493369598617{margin-bottom: 15px !important;}"][/vc_column][/vc_row][vc_row equal_height="yes" css=".vc_custom_1496940708254{margin-bottom: 5vh !important;}"][vc_column width="1/2" css=".vc_custom_1484657119633{padding-top: 0px !important;}"][vc_custom_heading text="Delivery charges for orders from the Online Shop?" font_container="tag:h3|font_size:14|text_align:left" use_theme_fonts="yes"][vc_column_text]Torquent posuere vel id sagittis urna placerat ridiculus odio vestibulum donec tristique a nisl eros conubia condimentum nunc quisque nibh adipiscing habitasse parturient suspendisse proin a pharetra commodo leo tincidunt lobortis lacinia sem parturient dapibus.

Ad vivamus nullam scelerisque a neque suspendisse consectetur fringilla a suspendisse proin senectus lobortis lacinia sem parturient dapibus ad aliquet maecenas dis neque.[/vc_column_text][vc_custom_heading text="How long will delivery take?" font_container="tag:h3|font_size:14|text_align:left" use_theme_fonts="yes"][vc_column_text]Ad vivamus nullam scelerisque a neque suspendisse consectetur fringilla a suspendisse proin senectus lobortis lacinia sem parturient dapibus ad aliquet maecenas dis neque.

Torquent posuere vel id sagittis urna placerat ridiculus odio vestibulum donec tristique a nisl eros conubia condimentum nunc quisque nibh adipiscing habitasse parturient suspendisse proin a pharetra commodo leo tincidunt lobortis lacinia sem parturient dapibus.[/vc_column_text][vc_custom_heading text="What exactly happens after ordering?" font_container="tag:h3|font_size:14|text_align:left" use_theme_fonts="yes"][vc_column_text]Torquent posuere vel id sagittis urna placerat ridiculus odio vestibulum donec tristique a nisl eros conubia condimentum nunc quisque nibh adipiscing habitasse parturient suspendisse proin a pharetra commodo leo tincidunt lobortis lacinia sem parturient dapibus.

Ad vivamus nullam scelerisque a neque suspendisse consectetur fringilla a suspendisse proin senectus lobortis lacinia sem parturient dapibus ad aliquet maecenas dis neque.[/vc_column_text][/vc_column][vc_column width="1/2" css=".vc_custom_1484657123074{padding-top: 0px !important;}"][vc_custom_heading text="Where can I view my sales receipt?" font_container="tag:h3|font_size:14|text_align:left" use_theme_fonts="yes"][vc_column_text]Ad vivamus nullam scelerisque a neque suspendisse consectetur fringilla a suspendisse proin senectus lobortis lacinia sem parturient dapibus ad aliquet maecenas dis neque.

Torquent posuere vel id sagittis urna placerat ridiculus odio vestibulum donec tristique a nisl eros conubia condimentum nunc quisque nibh adipiscing habitasse parturient suspendisse proin a pharetra commodo leo tincidunt lobortis lacinia sem parturient dapibus.[/vc_column_text][vc_custom_heading text="How do I add a gift receipt to an order?" font_container="tag:h3|font_size:14|text_align:left" use_theme_fonts="yes"][vc_column_text]Torquent posuere vel id sagittis urna placerat ridiculus odio vestibulum donec tristique a nisl eros conubia condimentum nunc quisque nibh adipiscing habitasse parturient suspendisse proin a pharetra commodo leo tincidunt lobortis lacinia sem parturient dapibus.

Ad vivamus nullam scelerisque a neque suspendisse consectetur fringilla a suspendisse proin senectus lobortis lacinia sem parturient dapibus ad aliquet maecenas dis neque.[/vc_column_text][vc_custom_heading text="How long do I have to return an order?" font_container="tag:h3|font_size:14|text_align:left" use_theme_fonts="yes"][vc_column_text]Ad vivamus nullam scelerisque a neque suspendisse consectetur fringilla a suspendisse proin senectus lobortis lacinia sem parturient dapibus ad aliquet maecenas dis neque.

Torquent posuere vel id sagittis urna placerat ridiculus odio vestibulum donec tristique a nisl eros conubia condimentum nunc quisque nibh adipiscing habitasse parturient suspendisse proin a pharetra commodo leo tincidunt lobortis lacinia sem parturient dapibus.[/vc_column_text][/vc_column][/vc_row][vc_row css=".vc_custom_1496940740070{margin-bottom: 20px !important;}"][vc_column css=".vc_custom_1484657273903{padding-top: 0px !important;}"][woodmart_title style="underlined" align="left" title="PAYMENT INFORMATION" css=".vc_custom_1493372577548{margin-bottom: 15px !important;}"][/vc_column][/vc_row][vc_row equal_height="yes" css=".vc_custom_1496940764002{margin-bottom: 5vh !important;}"][vc_column width="1/2" css=".vc_custom_1484657119633{padding-top: 0px !important;}"][vc_custom_heading text="How is the recipient reimbursed?" font_container="tag:h3|font_size:14|text_align:left" use_theme_fonts="yes"][vc_column_text]Ad vivamus nullam scelerisque a neque suspendisse consectetur fringilla a suspendisse proin senectus lobortis lacinia sem parturient dapibus ad aliquet maecenas dis neque.

Torquent posuere vel id sagittis urna placerat ridiculus odio vestibulum donec tristique a nisl eros conubia condimentum nunc quisque nibh adipiscing habitasse parturient suspendisse proin a pharetra commodo leo tincidunt lobortis lacinia sem parturient dapibus.[/vc_column_text][vc_custom_heading text="Can I be reimbursed through the original payment method?" font_container="tag:h3|font_size:14|text_align:left" use_theme_fonts="yes"][vc_column_text]Torquent posuere vel id sagittis urna placerat ridiculus odio vestibulum donec tristique a nisl eros conubia condimentum nunc quisque nibh adipiscing habitasse parturient suspendisse proin a pharetra commodo leo tincidunt lobortis lacinia sem parturient dapibus.

Ad vivamus nullam scelerisque a neque suspendisse consectetur fringilla a suspendisse proin senectus lobortis lacinia sem parturient dapibus ad aliquet maecenas dis neque.[/vc_column_text][vc_custom_heading text="Can the country receiving the shipment be different than the country of purchase?" font_container="tag:h3|font_size:14|text_align:left" use_theme_fonts="yes"][vc_column_text]Ad vivamus nullam scelerisque a neque suspendisse consectetur fringilla a suspendisse proin senectus lobortis lacinia sem parturient dapibus ad aliquet maecenas dis neque.

Torquent posuere vel id sagittis urna placerat ridiculus odio vestibulum donec tristique a nisl eros conubia condimentum nunc quisque nibh adipiscing habitasse parturient suspendisse proin a pharetra commodo leo tincidunt lobortis lacinia sem parturient dapibus.[/vc_column_text][/vc_column][vc_column width="1/2" css=".vc_custom_1484657123074{padding-top: 0px !important;}"][vc_custom_heading text="How can I return an item?" font_container="tag:h3|font_size:14|text_align:left" use_theme_fonts="yes"][vc_column_text]Torquent posuere vel id sagittis urna placerat ridiculus odio vestibulum donec tristique a nisl eros conubia condimentum nunc quisque nibh adipiscing habitasse parturient suspendisse proin a pharetra commodo leo tincidunt lobortis lacinia sem parturient dapibus.

Ad vivamus nullam scelerisque a neque suspendisse consectetur fringilla a suspendisse proin senectus lobortis lacinia sem parturient dapibus ad aliquet maecenas dis neque.[/vc_column_text][vc_custom_heading text="Will I receive the same product that I see in the picture?" font_container="tag:h3|font_size:14|text_align:left" use_theme_fonts="yes"][vc_column_text]Ad vivamus nullam scelerisque a neque suspendisse consectetur fringilla a suspendisse proin senectus lobortis lacinia sem parturient dapibus ad aliquet maecenas dis neque.

Torquent posuere vel id sagittis urna placerat ridiculus odio vestibulum donec tristique a nisl eros conubia condimentum nunc quisque nibh adipiscing habitasse parturient suspendisse proin a pharetra commodo leo tincidunt lobortis lacinia sem parturient dapibus.[/vc_column_text][vc_custom_heading text="Will you restock items indicated as “out of stock?”" font_container="tag:h3|font_size:14|text_align:left" use_theme_fonts="yes"][vc_column_text]Torquent posuere vel id sagittis urna placerat ridiculus odio vestibulum donec tristique a nisl eros conubia condimentum nunc quisque nibh adipiscing habitasse parturient suspendisse proin a pharetra commodo leo tincidunt lobortis lacinia sem parturient dapibus.

Ad vivamus nullam scelerisque a neque suspendisse consectetur fringilla a suspendisse proin senectus lobortis lacinia sem parturient dapibus ad aliquet maecenas dis neque.[/vc_column_text][/vc_column][/vc_row][vc_row css=".vc_custom_1493372598184{margin-bottom: 20px !important;}"][vc_column css=".vc_custom_1484657273903{padding-top: 0px !important;}"][woodmart_title style="underlined" align="left" title="ORDERS AND RETURNS" css=".vc_custom_1493372593337{margin-bottom: 15px !important;}"][/vc_column][/vc_row][vc_row equal_height="yes" css=".vc_custom_1496940825311{margin-bottom: 0px !important;}"][vc_column width="1/2" css=".vc_custom_1484657119633{padding-top: 0px !important;}"][vc_custom_heading text="Delivery charges for orders from the Online Shop?" font_container="tag:h3|font_size:14|text_align:left" use_theme_fonts="yes"][vc_column_text]Torquent posuere vel id sagittis urna placerat ridiculus odio vestibulum donec tristique a nisl eros conubia condimentum nunc quisque nibh adipiscing habitasse parturient suspendisse proin a pharetra commodo leo tincidunt lobortis lacinia sem parturient dapibus.

Ad vivamus nullam scelerisque a neque suspendisse consectetur fringilla a suspendisse proin senectus lobortis lacinia sem parturient dapibus ad aliquet maecenas dis neque.[/vc_column_text][vc_custom_heading text="How long will delivery take?" font_container="tag:h3|font_size:14|text_align:left" use_theme_fonts="yes"][vc_column_text]Ad vivamus nullam scelerisque a neque suspendisse consectetur fringilla a suspendisse proin senectus lobortis lacinia sem parturient dapibus ad aliquet maecenas dis neque.

Torquent posuere vel id sagittis urna placerat ridiculus odio vestibulum donec tristique a nisl eros conubia condimentum nunc quisque nibh adipiscing habitasse parturient suspendisse proin a pharetra commodo leo tincidunt lobortis lacinia sem parturient dapibus.[/vc_column_text][vc_custom_heading text="What exactly happens after ordering?" font_container="tag:h3|font_size:14|text_align:left" use_theme_fonts="yes"][vc_column_text]Torquent posuere vel id sagittis urna placerat ridiculus odio vestibulum donec tristique a nisl eros conubia condimentum nunc quisque nibh adipiscing habitasse parturient suspendisse proin a pharetra commodo leo tincidunt lobortis lacinia sem parturient dapibus.

Ad vivamus nullam scelerisque a neque suspendisse consectetur fringilla a suspendisse proin senectus lobortis lacinia sem parturient dapibus ad aliquet maecenas dis neque.[/vc_column_text][/vc_column][vc_column width="1/2" css=".vc_custom_1484657123074{padding-top: 0px !important;}"][vc_custom_heading text="How long does the delivery take and how much does it cost?" font_container="tag:h3|font_size:14|text_align:left" use_theme_fonts="yes"][vc_column_text]Ad vivamus nullam scelerisque a neque suspendisse consectetur fringilla a suspendisse proin senectus lobortis lacinia sem parturient dapibus ad aliquet maecenas dis neque.

Torquent posuere vel id sagittis urna placerat ridiculus odio vestibulum donec tristique a nisl eros conubia condimentum nunc quisque nibh adipiscing habitasse parturient suspendisse proin a pharetra commodo leo tincidunt lobortis lacinia sem parturient dapibus.[/vc_column_text][vc_custom_heading text="Which browser is best to use the site?" font_container="tag:h3|font_size:14|text_align:left" use_theme_fonts="yes"][vc_column_text]Torquent posuere vel id sagittis urna placerat ridiculus odio vestibulum donec tristique a nisl eros conubia condimentum nunc quisque nibh adipiscing habitasse parturient suspendisse proin a pharetra commodo leo tincidunt lobortis lacinia sem parturient dapibus.

Ad vivamus nullam scelerisque a neque suspendisse consectetur fringilla a suspendisse proin senectus lobortis lacinia sem parturient dapibus ad aliquet maecenas dis neque.[/vc_column_text][vc_custom_heading text="How do I subscribe to the newsletter?" font_container="tag:h3|font_size:14|text_align:left" use_theme_fonts="yes"][vc_column_text]Ad vivamus nullam scelerisque a neque suspendisse consectetur fringilla a suspendisse proin senectus lobortis lacinia sem parturient dapibus ad aliquet maecenas dis neque.

Torquent posuere vel id sagittis urna placerat ridiculus odio vestibulum donec tristique a nisl eros conubia condimentum nunc quisque nibh adipiscing habitasse parturient suspendisse proin a pharetra commodo leo tincidunt lobortis lacinia sem parturient dapibus.[/vc_column_text][/vc_column][/vc_row]]]></content:encoded>
		<excerpt:encoded><![CDATA[]]></excerpt:encoded>
		<wp:post_id>662</wp:post_id>
		<wp:post_date>2017-06-27 07:05:37</wp:post_date>
		<wp:post_date_gmt>2017-06-27 07:05:37</wp:post_date_gmt>
		<wp:comment_status>closed</wp:comment_status>
		<wp:ping_status>closed</wp:ping_status>
		<wp:post_name>faqs-2</wp:post_name>
		<wp:status>publish</wp:status>
		<wp:post_parent>0</wp:post_parent>
		<wp:menu_order>0</wp:menu_order>
		<wp:post_type>page</wp:post_type>
		<wp:post_password></wp:post_password>
		<wp:is_sticky>0</wp:is_sticky>
		<wp:postmeta>
			<wp:meta_key>_wp_page_template</wp:meta_key>
			<wp:meta_value><![CDATA[default]]></wp:meta_value>
		</wp:postmeta>
		<wp:postmeta>
			<wp:meta_key>_wpb_shortcodes_custom_css</wp:meta_key>
			<wp:meta_value><![CDATA[.vc_custom_1498546831056{margin-bottom: 8vh !important;padding-top: 27vh !important;padding-bottom: 22vh !important;background-image: url(http://dummy.xtemos.com/woodmart/demos/wp-content/uploads/sites/2/2017/06/faqs-page-title.jpg?id=660) !important;background-position: center !important;background-repeat: no-repeat !important;background-size: cover !important;}.vc_custom_1496940694752{margin-bottom: 20px !important;}.vc_custom_1496940708254{margin-bottom: 5vh !important;}.vc_custom_1496940740070{margin-bottom: 20px !important;}.vc_custom_1496940764002{margin-bottom: 5vh !important;}.vc_custom_1493372598184{margin-bottom: 20px !important;}.vc_custom_1496940825311{margin-bottom: 0px !important;}.vc_custom_1484657242560{padding-top: 0px !important;}.vc_custom_1496939608738{margin-bottom: 10px !important;}.vc_custom_1496939651434{margin-bottom: 22px !important;}.vc_custom_1493299761637{margin-top: -30px !important;margin-right: -30px !important;margin-bottom: -30px !important;margin-left: -30px !important;}.vc_custom_1493299937177{padding-top: 30px !important;padding-right: 30px !important;padding-bottom: 15px !important;padding-left: 30px !important;}.vc_custom_1493299742195{padding-top: 30px !important;padding-right: 30px !important;padding-bottom: 30px !important;padding-left: 30px !important;background-color: #333333 !important;}.vc_custom_1484144347493{margin-bottom: 30px !important;}.vc_custom_1493378287084{margin-bottom: 20px !important;}.vc_custom_1484657273903{padding-top: 0px !important;}.vc_custom_1493369598617{margin-bottom: 15px !important;}.vc_custom_1484657119633{padding-top: 0px !important;}.vc_custom_1484657123074{padding-top: 0px !important;}.vc_custom_1484657273903{padding-top: 0px !important;}.vc_custom_1493372577548{margin-bottom: 15px !important;}.vc_custom_1484657119633{padding-top: 0px !important;}.vc_custom_1484657123074{padding-top: 0px !important;}.vc_custom_1484657273903{padding-top: 0px !important;}.vc_custom_1493372593337{margin-bottom: 15px !important;}.vc_custom_1484657119633{padding-top: 0px !important;}.vc_custom_1484657123074{padding-top: 0px !important;}]]></wp:meta_value>
		</wp:postmeta>
		<wp:postmeta>
			<wp:meta_key>_woodmart_header</wp:meta_key>
			<wp:meta_value><![CDATA[simple]]></wp:meta_value>
		</wp:postmeta>
		<wp:postmeta>
			<wp:meta_key>_woodmart_header-overlap</wp:meta_key>
			<wp:meta_value><![CDATA[on]]></wp:meta_value>
		</wp:postmeta>
		<wp:postmeta>
			<wp:meta_key>_woodmart_header_color_scheme</wp:meta_key>
			<wp:meta_value><![CDATA[light]]></wp:meta_value>
		</wp:postmeta>
		<wp:postmeta>
			<wp:meta_key>_woodmart_title_off</wp:meta_key>
			<wp:meta_value><![CDATA[on]]></wp:meta_value>
		</wp:postmeta>
		<wp:postmeta>
			<wp:meta_key>_woodmart_main_layout</wp:meta_key>
			<wp:meta_value><![CDATA[full-width]]></wp:meta_value>
		</wp:postmeta>
		<wp:postmeta>
			<wp:meta_key>_woodmart_whb_header</wp:meta_key>
			<wp:meta_value><![CDATA[header_576762]]></wp:meta_value>
		</wp:postmeta>
	</item>
	<item>
		<title>faqs-page-title</title>
		<link>http://dummy.xtemos.com/woodmart/demos/faqs/faqs-page-title/</link>
		<pubDate>Tue, 27 Jun 2017 06:52:51 +0000</pubDate>
		<dc:creator><![CDATA[erwin]]></dc:creator>
		<guid isPermaLink="false">http://dummy.xtemos.com/woodmart/demos/wp-content/uploads/sites/2/2017/06/faqs-page-title.jpg</guid>
		<description></description>
		<content:encoded><![CDATA[]]></content:encoded>
		<excerpt:encoded><![CDATA[]]></excerpt:encoded>
		<wp:post_id>660</wp:post_id>
		<wp:post_date>2017-06-27 06:52:51</wp:post_date>
		<wp:post_date_gmt>2017-06-27 06:52:51</wp:post_date_gmt>
		<wp:comment_status>open</wp:comment_status>
		<wp:ping_status>closed</wp:ping_status>
		<wp:post_name>faqs-page-title</wp:post_name>
		<wp:status>inherit</wp:status>
		<wp:post_parent>658</wp:post_parent>
		<wp:menu_order>0</wp:menu_order>
		<wp:post_type>attachment</wp:post_type>
		<wp:post_password></wp:post_password>
		<wp:is_sticky>0</wp:is_sticky>
		<wp:attachment_url>http://dummy.xtemos.com/woodmart/demos/wp-content/uploads/sites/2/2017/06/faqs-page-title.jpg</wp:attachment_url>
		<wp:postmeta>
			<wp:meta_key>_wp_attached_file</wp:meta_key>
			<wp:meta_value><![CDATA[2017/06/faqs-page-title.jpg]]></wp:meta_value>
		</wp:postmeta>
	</item>
</channel>
</rss>
