<?xml version="1.0" encoding="UTF-8" ?>
<!-- This is a WordPress eXtended RSS file generated by WordPress as an export of your site. -->
<!-- It contains information about your site's posts, pages, comments, categories, and other content. -->
<!-- You may use this file to transfer that content from one site to another. -->
<!-- This file is not intended to serve as a complete backup of your site. -->

<!-- To import this information into a WordPress site follow these steps: -->
<!-- 1. Log in to that site as an administrator. -->
<!-- 2. Go to Tools: Import in the WordPress admin panel. -->
<!-- 3. Install the "WordPress" importer from the list. -->
<!-- 4. Activate & Run Importer. -->
<!-- 5. Upload this file using the form provided on that page. -->
<!-- 6. You will first be asked to map the authors in this export file to users -->
<!--    on the site. For each author, you may choose to map to an -->
<!--    existing user on the site or to create a new user. -->
<!-- 7. WordPress will then import each of the posts, pages, comments, categories, etc. -->
<!--    contained in this file into your site. -->

	<!-- generator="WordPress/5.4.2" created="2020-07-08 11:10" -->
<rss version="2.0"
	xmlns:excerpt="http://wordpress.org/export/1.2/excerpt/"
	xmlns:content="http://purl.org/rss/1.0/modules/content/"
	xmlns:wfw="http://wellformedweb.org/CommentAPI/"
	xmlns:dc="http://purl.org/dc/elements/1.1/"
	xmlns:wp="http://wordpress.org/export/1.2/"
>

<channel>
	<title>Woodmart dummy demos</title>
	<link>http://dummy.xtemos.com/woodmart-elementor/demos</link>
	<description>Just another Woodmart Dummy Content Sites site</description>
	<pubDate>Wed, 08 Jul 2020 11:10:11 +0000</pubDate>
	<language>en-US</language>
	<wp:wxr_version>1.2</wp:wxr_version>
	<wp:base_site_url>http://dummy.xtemos.com/woodmart-elementor/</wp:base_site_url>
	<wp:base_blog_url>http://dummy.xtemos.com/woodmart-elementor/demos</wp:base_blog_url>

		<wp:author><wp:author_id>2</wp:author_id><wp:author_login>erwin</wp:author_login><wp:author_email>ss@asas.as</wp:author_email><wp:author_display_name><![CDATA[erwin]]></wp:author_display_name><wp:author_first_name><![CDATA[]]></wp:author_first_name><wp:author_last_name><![CDATA[]]></wp:author_last_name></wp:author>

				
	<generator>https://wordpress.org/?v=5.4.2</generator>

<item>
		<title>
				paper-plane		</title>
		<link>http://dummy.xtemos.com/woodmart-elementor/demos/home-video/paper-plane/</link>
		<pubDate>Mon, 26 Jun 2017 09:01:23 +0000</pubDate>
		<dc:creator><![CDATA[erwin]]></dc:creator>
		<guid isPermaLink="false">http://dummy.xtemos.com/woodmart-elementor/demos/wp-content/uploads/sites/2/2017/06/paper-plane.svg</guid>
		<description></description>
		<content:encoded><![CDATA[]]></content:encoded>
		<excerpt:encoded><![CDATA[]]></excerpt:encoded>
		<wp:post_id>611</wp:post_id>
		<wp:post_date>2017-06-26 09:01:23</wp:post_date>
		<wp:post_date_gmt>2017-06-26 09:01:23</wp:post_date_gmt>
		<wp:comment_status>open</wp:comment_status>
		<wp:ping_status>closed</wp:ping_status>
		<wp:post_name>paper-plane</wp:post_name>
		<wp:status>inherit</wp:status>
		<wp:post_parent>601</wp:post_parent>
		<wp:menu_order>0</wp:menu_order>
		<wp:post_type>attachment</wp:post_type>
		<wp:post_password></wp:post_password>
		<wp:is_sticky>0</wp:is_sticky>
						<wp:attachment_url>http://dummy.xtemos.com/woodmart-elementor/demos/wp-content/uploads/sites/2/2017/06/paper-plane.svg</wp:attachment_url>
												<wp:postmeta>
			<wp:meta_key>_wp_attached_file</wp:meta_key>
			<wp:meta_value><![CDATA[2017/06/paper-plane.svg]]></wp:meta_value>
		</wp:postmeta>
							<wp:postmeta>
			<wp:meta_key>wd_page_css_files</wp:meta_key>
			<wp:meta_value><![CDATA[a:15:{i:0;s:12:"wp-gutenberg";i:1;s:5:"wpcf7";i:2;s:5:"mc4wp";i:3;s:17:"revolution-slider";i:4;s:14:"elementor-base";i:5;s:13:"wpbakery-base";i:6;s:13:"notices-fixed";i:7;s:16:"woocommerce-base";i:8;s:12:"social-icons";i:9;s:8:"info-box";i:10;s:6:"banner";i:11;s:18:"off-canvas-sidebar";i:12;s:9:"instagram";i:13;s:13:"section-title";i:14;s:10:"scroll-top";}]]></wp:meta_value>
		</wp:postmeta>
						</item>
					<item>
		<title>
				FAQs 2		</title>
		<link>http://dummy.xtemos.com/woodmart-elementor/demos/faqs-2/</link>
		<pubDate>Tue, 27 Jun 2017 07:05:37 +0000</pubDate>
		<dc:creator><![CDATA[erwin]]></dc:creator>
		<guid isPermaLink="false">http://dummy.xtemos.com/woodmart-elementor/demos/?page_id=662</guid>
		<description></description>
		<content:encoded><![CDATA[
					Questions &amp; Answers				
					Write us an e-mail via the form, or just send us an e-mail directly at.				
			
					CONTACT US				
	]]></content:encoded>
		<excerpt:encoded><![CDATA[]]></excerpt:encoded>
		<wp:post_id>662</wp:post_id>
		<wp:post_date>2017-06-27 07:05:37</wp:post_date>
		<wp:post_date_gmt>2017-06-27 07:05:37</wp:post_date_gmt>
		<wp:comment_status>closed</wp:comment_status>
		<wp:ping_status>closed</wp:ping_status>
		<wp:post_name>faqs-2</wp:post_name>
		<wp:status>publish</wp:status>
		<wp:post_parent>0</wp:post_parent>
		<wp:menu_order>0</wp:menu_order>
		<wp:post_type>page</wp:post_type>
		<wp:post_password></wp:post_password>
		<wp:is_sticky>0</wp:is_sticky>
														<wp:postmeta>
			<wp:meta_key>_wp_page_template</wp:meta_key>
			<wp:meta_value><![CDATA[default]]></wp:meta_value>
		</wp:postmeta>
							<wp:postmeta>
			<wp:meta_key>_woodmart_header</wp:meta_key>
			<wp:meta_value><![CDATA[simple]]></wp:meta_value>
		</wp:postmeta>
							<wp:postmeta>
			<wp:meta_key>_woodmart_header-overlap</wp:meta_key>
			<wp:meta_value><![CDATA[on]]></wp:meta_value>
		</wp:postmeta>
							<wp:postmeta>
			<wp:meta_key>_woodmart_header_color_scheme</wp:meta_key>
			<wp:meta_value><![CDATA[light]]></wp:meta_value>
		</wp:postmeta>
							<wp:postmeta>
			<wp:meta_key>_woodmart_title_off</wp:meta_key>
			<wp:meta_value><![CDATA[on]]></wp:meta_value>
		</wp:postmeta>
							<wp:postmeta>
			<wp:meta_key>_woodmart_main_layout</wp:meta_key>
			<wp:meta_value><![CDATA[full-width]]></wp:meta_value>
		</wp:postmeta>
							<wp:postmeta>
			<wp:meta_key>_woodmart_whb_header</wp:meta_key>
			<wp:meta_value><![CDATA[header_576762]]></wp:meta_value>
		</wp:postmeta>
							<wp:postmeta>
			<wp:meta_key>_elementor_data</wp:meta_key>
			<wp:meta_value><![CDATA[[{"id":"7637268","elType":"section","settings":{"wd_section_stretch":"stretch","background_background":"classic","background_image":{"url":"http:\/\/dummy.xtemos.com\/woodmart-elementor\/demos\/wp-content\/uploads\/sites\/2\/2017\/06\/faqs-page-title.jpg?id=660","id":""},"background_size":"cover","background_repeat":"no-repeat","height":"min-height","custom_height":{"unit":"vh","size":"64","sizes":[]},"background_position":"center center","margin":{"unit":"px","top":"0","right":"0","bottom":"70","left":"0","isLinked":""}},"elements":[{"id":"828892","elType":"column","settings":{"_column_size":"100","align":"center","margin":{"unit":"px","top":"30","right":"0","bottom":"0","left":"0","isLinked":""},"column_sticky_offset":"50","scroll_y":"-80"},"elements":[{"id":"1438957","elType":"widget","settings":{"subtitle":"","after_title":"<p>Write us an e-mail via the form, or just send us an e-mail directly at.<\/p>","image_size":"custom","title":"<strong>Questions &amp; Answers<\/strong>","font_container":"tag:h1|font_size:52|text_align:center|color:%23ffffff|line_height:1.1","use_theme_fonts":"yes","color":"white","title_typography_typography":"custom","title_typography_font_size":{"unit":"px","size":"52","sizes":[]},"title_typography_line_height":{"unit":"em","size":"1.1","sizes":[]},"text_typography_typography":"custom","text_typography_font_size":{"unit":"px","size":"16","sizes":[]},"_margin":{"unit":"px","top":"0","right":"0","bottom":"2","left":"0","isLinked":""},"scroll_y":"-80"},"elements":[],"widgetType":"wd_title"},{"id":"9350298","elType":"widget","settings":{"color":"white","style":"link","size":"extra-large","popup_id":"contact-form-popup","text":"CONTACT US","content":"317","scroll_y":"-80","width":{"unit":"px","size":"900","sizes":[]}},"elements":[{"id":"4208714","elType":"section","settings":{"equal_height":"yes","structure":"20"},"elements":[{"id":"2361657","elType":"column","settings":{"_column_size":"66","column_sticky_offset":"50","scroll_y":"-80"},"elements":[{"id":"852519","elType":"widget","settings":{"subtitle":"","after_title":"","image_size":"custom","size":"small","align":"left","title":"SEND US A MESSAGE","scroll_y":"-80"},"elements":[],"widgetType":"wd_title"},{"id":"7931262","elType":"widget","settings":{"form_id":"608","scroll_y":"-80"},"elements":[],"widgetType":"wd_contact_form_7"}],"isInner":"1"},{"id":"5330726","elType":"column","settings":{"_column_size":"33","_background_background":"classic","_background_color":"#333333","column_sticky_offset":"50","scroll_y":"-80"},"elements":[{"id":"7913894","elType":"widget","settings":{"subtitle":"","after_title":"","image_size":"custom","color":"white","size":"small","align":"left","title":"CONTACT INFORMATION","scroll_y":"-80"},"elements":[],"widgetType":"wd_title"},{"id":"9994224","elType":"widget","settings":{"icon_type":"icon","alignment":"left","btn_text":"","image_size":"custom","subtitle":"","title":"","btn_position":"hover","image":{"id":"611","url":"#"},"image_alignment":"left","woodmart_color_scheme":"light","image_custom_dimension":{"width":"30","height":"30"},"content":"50 East 52nd Street\r\nBrooklyn, NY 10022\r\nUnited States","icon_text":"53","scroll_y":"-80"},"elements":[],"widgetType":"wd_infobox"},{"id":"9182729","elType":"widget","settings":{"icon_type":"icon","alignment":"left","btn_text":"","image_size":"custom","subtitle":"","title":"","btn_position":"hover","image":{"id":"611","url":"#"},"image_alignment":"left","woodmart_color_scheme":"light","image_custom_dimension":{"width":"30","height":"30"},"content":"+1322224332\r\n+4643758533","icon_text":"53","scroll_y":"-80"},"elements":[],"widgetType":"wd_infobox"},{"id":"2266689","elType":"widget","settings":{"icon_type":"icon","alignment":"left","btn_text":"","image_size":"custom","subtitle":"","title":"","btn_position":"hover","image":{"id":"611","url":"#"},"image_alignment":"left","woodmart_color_scheme":"light","image_custom_dimension":{"width":"30","height":"30"},"content":"<a href=\"#\">info@google.com<\/a>\r\n<a href=\"#\">support@google.com<\/a>","icon_text":"53","scroll_y":"-80"},"elements":[],"widgetType":"wd_infobox"},{"id":"6278389","elType":"widget","settings":{"color":"rgba(255,255,255,0.15)","text":"Divider","scroll_y":"-80"},"elements":[],"widgetType":"divider"},{"id":"1527367","elType":"widget","settings":{"typography_typography":"custom","align":"left","woodmart_color_scheme":"light","editor":"<p>Do you have questions about how we can help your company? Send us an email and we\u2019ll get in touch shortly.<\/p>\n","scroll_y":"-80"},"elements":[],"widgetType":"text-editor"},{"id":"1573401","elType":"widget","settings":{"size":"small","style":"colored","align":"left","scroll_y":"-80"},"elements":[],"widgetType":"wd_social_buttons"}],"isInner":""}],"isInner":"1"}],"widgetType":"wd_popup"}],"isInner":""}],"isInner":""},{"id":"2088429","elType":"section","settings":[],"elements":[{"id":"7069060","elType":"column","settings":{"_column_size":"100","column_sticky_offset":"50","scroll_y":"-80"},"elements":[{"id":"4482230","elType":"widget","settings":{"subtitle":"","after_title":"","image_size":"custom","style":"underlined","align":"left","title":"SHOPPING INFORMATION","scroll_y":"-80"},"elements":[],"widgetType":"wd_title"},{"id":"31c0130","elType":"section","settings":{"gap":"extended","structure":"20","margin":{"unit":"px","top":"0","right":"0","bottom":"40","left":"0","isLinked":""}},"elements":[{"id":"ccd3da7","elType":"column","settings":{"_column_size":"50","column_sticky_offset":"50","scroll_y":"-80"},"elements":[{"id":"365261","elType":"widget","settings":{"subtitle":"","after_title":"","image_size":"custom","title":"Delivery charges for orders from the Online Shop?","font_container":"tag:h3|font_size:14|text_align:left","use_theme_fonts":"yes","align":"left","title_typography_typography":"custom","title_typography_font_size":{"unit":"px","size":"14","sizes":[]},"scroll_y":"-80"},"elements":[],"widgetType":"wd_title"},{"id":"9109642","elType":"widget","settings":{"typography_typography":"custom","align":"left","editor":"<p>Torquent posuere vel id sagittis urna placerat ridiculus odio vestibulum donec tristique a nisl eros conubia condimentum nunc quisque nibh adipiscing habitasse parturient suspendisse proin a pharetra commodo leo tincidunt lobortis lacinia sem parturient dapibus.<\/p>\n<p>Ad vivamus nullam scelerisque a neque suspendisse consectetur fringilla a suspendisse proin senectus lobortis lacinia sem parturient dapibus ad aliquet maecenas dis neque.<\/p>\n","scroll_y":"-80","_margin":{"unit":"px","top":"0","right":"0","bottom":"15","left":"0","isLinked":""}},"elements":[],"widgetType":"text-editor"},{"id":"1328200","elType":"widget","settings":{"subtitle":"","after_title":"","image_size":"custom","title":"How long will delivery take?","font_container":"tag:h3|font_size:14|text_align:left","use_theme_fonts":"yes","align":"left","title_typography_typography":"custom","title_typography_font_size":{"unit":"px","size":"14","sizes":[]},"scroll_y":"-80"},"elements":[],"widgetType":"wd_title"},{"id":"7641731","elType":"widget","settings":{"typography_typography":"custom","align":"left","editor":"<p>Ad vivamus nullam scelerisque a neque suspendisse consectetur fringilla a suspendisse proin senectus lobortis lacinia sem parturient dapibus ad aliquet maecenas dis neque.<\/p>\n<p>Torquent posuere vel id sagittis urna placerat ridiculus odio vestibulum donec tristique a nisl eros conubia condimentum nunc quisque nibh adipiscing habitasse parturient suspendisse proin a pharetra commodo leo tincidunt lobortis lacinia sem parturient dapibus.<\/p>\n","scroll_y":"-80","_margin":{"unit":"px","top":"0","right":"0","bottom":"15","left":"0","isLinked":""}},"elements":[],"widgetType":"text-editor"},{"id":"1834809","elType":"widget","settings":{"subtitle":"","after_title":"","image_size":"custom","title":"What exactly happens after ordering?","font_container":"tag:h3|font_size:14|text_align:left","use_theme_fonts":"yes","align":"left","title_typography_typography":"custom","title_typography_font_size":{"unit":"px","size":"14","sizes":[]},"scroll_y":"-80"},"elements":[],"widgetType":"wd_title"},{"id":"6316804","elType":"widget","settings":{"typography_typography":"custom","align":"left","editor":"<p>Torquent posuere vel id sagittis urna placerat ridiculus odio vestibulum donec tristique a nisl eros conubia condimentum nunc quisque nibh adipiscing habitasse parturient suspendisse proin a pharetra commodo leo tincidunt lobortis lacinia sem parturient dapibus.<\/p>\n<p>Ad vivamus nullam scelerisque a neque suspendisse consectetur fringilla a suspendisse proin senectus lobortis lacinia sem parturient dapibus ad aliquet maecenas dis neque.<\/p>\n","scroll_y":"-80"},"elements":[],"widgetType":"text-editor"}],"isInner":"1"},{"id":"44e2c97","elType":"column","settings":{"_column_size":"50","column_sticky_offset":"50","scroll_y":"-80"},"elements":[{"id":"1387773","elType":"widget","settings":{"subtitle":"","after_title":"","image_size":"custom","title":"Where can I view my sales receipt?","font_container":"tag:h3|font_size:14|text_align:left","use_theme_fonts":"yes","align":"left","title_typography_typography":"custom","title_typography_font_size":{"unit":"px","size":"14","sizes":[]},"scroll_y":"-80"},"elements":[],"widgetType":"wd_title"},{"id":"4103722","elType":"widget","settings":{"typography_typography":"custom","align":"left","editor":"<p>Ad vivamus nullam scelerisque a neque suspendisse consectetur fringilla a suspendisse proin senectus lobortis lacinia sem parturient dapibus ad aliquet maecenas dis neque.<\/p>\n<p>Torquent posuere vel id sagittis urna placerat ridiculus odio vestibulum donec tristique a nisl eros conubia condimentum nunc quisque nibh adipiscing habitasse parturient suspendisse proin a pharetra commodo leo tincidunt lobortis lacinia sem parturient dapibus.<\/p>\n","scroll_y":"-80","_margin":{"unit":"px","top":"0","right":"0","bottom":"15","left":"0","isLinked":""}},"elements":[],"widgetType":"text-editor"},{"id":"6149470","elType":"widget","settings":{"subtitle":"","after_title":"","image_size":"custom","title":"How do I add a gift receipt to an order?","font_container":"tag:h3|font_size:14|text_align:left","use_theme_fonts":"yes","align":"left","title_typography_typography":"custom","title_typography_font_size":{"unit":"px","size":"14","sizes":[]},"scroll_y":"-80"},"elements":[],"widgetType":"wd_title"},{"id":"3018868","elType":"widget","settings":{"typography_typography":"custom","align":"left","editor":"<p>Torquent posuere vel id sagittis urna placerat ridiculus odio vestibulum donec tristique a nisl eros conubia condimentum nunc quisque nibh adipiscing habitasse parturient suspendisse proin a pharetra commodo leo tincidunt lobortis lacinia sem parturient dapibus.<\/p>\n<p>Ad vivamus nullam scelerisque a neque suspendisse consectetur fringilla a suspendisse proin senectus lobortis lacinia sem parturient dapibus ad aliquet maecenas dis neque.<\/p>\n","scroll_y":"-80","_margin":{"unit":"px","top":"0","right":"0","bottom":"15","left":"0","isLinked":""}},"elements":[],"widgetType":"text-editor"},{"id":"6397750","elType":"widget","settings":{"subtitle":"","after_title":"","image_size":"custom","title":"How long do I have to return an order?","font_container":"tag:h3|font_size:14|text_align:left","use_theme_fonts":"yes","align":"left","title_typography_typography":"custom","title_typography_font_size":{"unit":"px","size":"14","sizes":[]},"scroll_y":"-80"},"elements":[],"widgetType":"wd_title"},{"id":"5961350","elType":"widget","settings":{"typography_typography":"custom","align":"left","editor":"<p>Ad vivamus nullam scelerisque a neque suspendisse consectetur fringilla a suspendisse proin senectus lobortis lacinia sem parturient dapibus ad aliquet maecenas dis neque.<\/p>\n<p>Torquent posuere vel id sagittis urna placerat ridiculus odio vestibulum donec tristique a nisl eros conubia condimentum nunc quisque nibh adipiscing habitasse parturient suspendisse proin a pharetra commodo leo tincidunt lobortis lacinia sem parturient dapibus.<\/p>\n","scroll_y":"-80"},"elements":[],"widgetType":"text-editor"}],"isInner":"1"}],"isInner":"1"}],"isInner":""}],"isInner":""},{"id":"9775664","elType":"section","settings":[],"elements":[{"id":"3937276","elType":"column","settings":{"_column_size":"100","column_sticky_offset":"50","scroll_y":"-80"},"elements":[{"id":"7791478","elType":"widget","settings":{"subtitle":"","after_title":"","image_size":"custom","style":"underlined","align":"left","title":"PAYMENT INFORMATION","scroll_y":"-80"},"elements":[],"widgetType":"wd_title"},{"id":"3b6d6c1","elType":"section","settings":{"gap":"extended","structure":"20","margin":{"unit":"px","top":"0","right":"0","bottom":"40","left":"0","isLinked":""}},"elements":[{"id":"432bf57","elType":"column","settings":{"_column_size":"50","column_sticky_offset":"50","scroll_y":"-80"},"elements":[{"id":"454574","elType":"widget","settings":{"subtitle":"","after_title":"","image_size":"custom","title":"How is the recipient reimbursed?","font_container":"tag:h3|font_size:14|text_align:left","use_theme_fonts":"yes","align":"left","title_typography_typography":"custom","title_typography_font_size":{"unit":"px","size":"14","sizes":[]},"scroll_y":"-80"},"elements":[],"widgetType":"wd_title"},{"id":"6083535","elType":"widget","settings":{"typography_typography":"custom","align":"left","editor":"<p>Ad vivamus nullam scelerisque a neque suspendisse consectetur fringilla a suspendisse proin senectus lobortis lacinia sem parturient dapibus ad aliquet maecenas dis neque.<\/p>\n<p>Torquent posuere vel id sagittis urna placerat ridiculus odio vestibulum donec tristique a nisl eros conubia condimentum nunc quisque nibh adipiscing habitasse parturient suspendisse proin a pharetra commodo leo tincidunt lobortis lacinia sem parturient dapibus.<\/p>\n","scroll_y":"-80","_margin":{"unit":"px","top":"0","right":"0","bottom":"15","left":"0","isLinked":""}},"elements":[],"widgetType":"text-editor"},{"id":"8025716","elType":"widget","settings":{"subtitle":"","after_title":"","image_size":"custom","title":"Can I be reimbursed through the original payment method?","font_container":"tag:h3|font_size:14|text_align:left","use_theme_fonts":"yes","align":"left","title_typography_typography":"custom","title_typography_font_size":{"unit":"px","size":"14","sizes":[]},"scroll_y":"-80"},"elements":[],"widgetType":"wd_title"},{"id":"4631075","elType":"widget","settings":{"typography_typography":"custom","align":"left","editor":"<p>Torquent posuere vel id sagittis urna placerat ridiculus odio vestibulum donec tristique a nisl eros conubia condimentum nunc quisque nibh adipiscing habitasse parturient suspendisse proin a pharetra commodo leo tincidunt lobortis lacinia sem parturient dapibus.<\/p>\n<p>Ad vivamus nullam scelerisque a neque suspendisse consectetur fringilla a suspendisse proin senectus lobortis lacinia sem parturient dapibus ad aliquet maecenas dis neque.<\/p>\n","scroll_y":"-80","_margin":{"unit":"px","top":"0","right":"0","bottom":"15","left":"0","isLinked":""}},"elements":[],"widgetType":"text-editor"},{"id":"7368573","elType":"widget","settings":{"subtitle":"","after_title":"","image_size":"custom","title":"Can the country receiving the shipment be different than the country of purchase?","font_container":"tag:h3|font_size:14|text_align:left","use_theme_fonts":"yes","align":"left","title_typography_typography":"custom","title_typography_font_size":{"unit":"px","size":"14","sizes":[]},"scroll_y":"-80"},"elements":[],"widgetType":"wd_title"},{"id":"4875287","elType":"widget","settings":{"typography_typography":"custom","align":"left","editor":"<p>Ad vivamus nullam scelerisque a neque suspendisse consectetur fringilla a suspendisse proin senectus lobortis lacinia sem parturient dapibus ad aliquet maecenas dis neque.<\/p>\n<p>Torquent posuere vel id sagittis urna placerat ridiculus odio vestibulum donec tristique a nisl eros conubia condimentum nunc quisque nibh adipiscing habitasse parturient suspendisse proin a pharetra commodo leo tincidunt lobortis lacinia sem parturient dapibus.<\/p>\n","scroll_y":"-80"},"elements":[],"widgetType":"text-editor"}],"isInner":"1"},{"id":"efee9b2","elType":"column","settings":{"_column_size":"50","column_sticky_offset":"50","scroll_y":"-80"},"elements":[{"id":"4679577","elType":"widget","settings":{"subtitle":"","after_title":"","image_size":"custom","title":"How can I return an item?","font_container":"tag:h3|font_size:14|text_align:left","use_theme_fonts":"yes","align":"left","title_typography_typography":"custom","title_typography_font_size":{"unit":"px","size":"14","sizes":[]},"scroll_y":"-80"},"elements":[],"widgetType":"wd_title"},{"id":"9888312","elType":"widget","settings":{"typography_typography":"custom","align":"left","editor":"<p>Torquent posuere vel id sagittis urna placerat ridiculus odio vestibulum donec tristique a nisl eros conubia condimentum nunc quisque nibh adipiscing habitasse parturient suspendisse proin a pharetra commodo leo tincidunt lobortis lacinia sem parturient dapibus.<\/p>\n<p>Ad vivamus nullam scelerisque a neque suspendisse consectetur fringilla a suspendisse proin senectus lobortis lacinia sem parturient dapibus ad aliquet maecenas dis neque.<\/p>\n","scroll_y":"-80","_margin":{"unit":"px","top":"0","right":"0","bottom":"15","left":"0","isLinked":""}},"elements":[],"widgetType":"text-editor"},{"id":"7508873","elType":"widget","settings":{"subtitle":"","after_title":"","image_size":"custom","title":"Will I receive the same product that I see in the picture?","font_container":"tag:h3|font_size:14|text_align:left","use_theme_fonts":"yes","align":"left","title_typography_typography":"custom","title_typography_font_size":{"unit":"px","size":"14","sizes":[]},"scroll_y":"-80"},"elements":[],"widgetType":"wd_title"},{"id":"857561","elType":"widget","settings":{"typography_typography":"custom","align":"left","editor":"<p>Ad vivamus nullam scelerisque a neque suspendisse consectetur fringilla a suspendisse proin senectus lobortis lacinia sem parturient dapibus ad aliquet maecenas dis neque.<\/p>\n<p>Torquent posuere vel id sagittis urna placerat ridiculus odio vestibulum donec tristique a nisl eros conubia condimentum nunc quisque nibh adipiscing habitasse parturient suspendisse proin a pharetra commodo leo tincidunt lobortis lacinia sem parturient dapibus.<\/p>\n","scroll_y":"-80","_margin":{"unit":"px","top":"0","right":"0","bottom":"15","left":"0","isLinked":""}},"elements":[],"widgetType":"text-editor"},{"id":"3969959","elType":"widget","settings":{"subtitle":"","after_title":"","image_size":"custom","title":"Will you restock items indicated as \u201cout of stock?\u201d","font_container":"tag:h3|font_size:14|text_align:left","use_theme_fonts":"yes","align":"left","title_typography_typography":"custom","title_typography_font_size":{"unit":"px","size":"14","sizes":[]},"scroll_y":"-80"},"elements":[],"widgetType":"wd_title"},{"id":"5744444","elType":"widget","settings":{"typography_typography":"custom","align":"left","editor":"<p>Torquent posuere vel id sagittis urna placerat ridiculus odio vestibulum donec tristique a nisl eros conubia condimentum nunc quisque nibh adipiscing habitasse parturient suspendisse proin a pharetra commodo leo tincidunt lobortis lacinia sem parturient dapibus.<\/p>\n<p>Ad vivamus nullam scelerisque a neque suspendisse consectetur fringilla a suspendisse proin senectus lobortis lacinia sem parturient dapibus ad aliquet maecenas dis neque.<\/p>\n","scroll_y":"-80"},"elements":[],"widgetType":"text-editor"}],"isInner":"1"}],"isInner":"1"}],"isInner":""}],"isInner":""},{"id":"6468505","elType":"section","settings":[],"elements":[{"id":"3381136","elType":"column","settings":{"_column_size":"100","column_sticky_offset":"50","scroll_y":"-80"},"elements":[{"id":"3486662","elType":"widget","settings":{"subtitle":"","after_title":"","image_size":"custom","style":"underlined","align":"left","title":"ORDERS AND RETURNS","scroll_y":"-80"},"elements":[],"widgetType":"wd_title"},{"id":"16bdc4a","elType":"section","settings":{"gap":"extended","structure":"20"},"elements":[{"id":"6bd6eb6","elType":"column","settings":{"_column_size":"50","column_sticky_offset":"50","scroll_y":"-80"},"elements":[{"id":"5459459","elType":"widget","settings":{"subtitle":"","after_title":"","image_size":"custom","title":"Delivery charges for orders from the Online Shop?","font_container":"tag:h3|font_size:14|text_align:left","use_theme_fonts":"yes","align":"left","title_typography_typography":"custom","title_typography_font_size":{"unit":"px","size":"14","sizes":[]},"scroll_y":"-80"},"elements":[],"widgetType":"wd_title"},{"id":"4190667","elType":"widget","settings":{"typography_typography":"custom","align":"left","editor":"<p>Torquent posuere vel id sagittis urna placerat ridiculus odio vestibulum donec tristique a nisl eros conubia condimentum nunc quisque nibh adipiscing habitasse parturient suspendisse proin a pharetra commodo leo tincidunt lobortis lacinia sem parturient dapibus.<\/p>\n<p>Ad vivamus nullam scelerisque a neque suspendisse consectetur fringilla a suspendisse proin senectus lobortis lacinia sem parturient dapibus ad aliquet maecenas dis neque.<\/p>\n","scroll_y":"-80","_margin":{"unit":"px","top":"0","right":"0","bottom":"15","left":"0","isLinked":""}},"elements":[],"widgetType":"text-editor"},{"id":"6764082","elType":"widget","settings":{"subtitle":"","after_title":"","image_size":"custom","title":"How long will delivery take?","font_container":"tag:h3|font_size:14|text_align:left","use_theme_fonts":"yes","align":"left","title_typography_typography":"custom","title_typography_font_size":{"unit":"px","size":"14","sizes":[]},"scroll_y":"-80"},"elements":[],"widgetType":"wd_title"},{"id":"4789776","elType":"widget","settings":{"typography_typography":"custom","align":"left","editor":"<p>Ad vivamus nullam scelerisque a neque suspendisse consectetur fringilla a suspendisse proin senectus lobortis lacinia sem parturient dapibus ad aliquet maecenas dis neque.<\/p>\n<p>Torquent posuere vel id sagittis urna placerat ridiculus odio vestibulum donec tristique a nisl eros conubia condimentum nunc quisque nibh adipiscing habitasse parturient suspendisse proin a pharetra commodo leo tincidunt lobortis lacinia sem parturient dapibus.<\/p>\n","scroll_y":"-80","_margin":{"unit":"px","top":"0","right":"0","bottom":"15","left":"0","isLinked":""}},"elements":[],"widgetType":"text-editor"},{"id":"4094237","elType":"widget","settings":{"subtitle":"","after_title":"","image_size":"custom","title":"What exactly happens after ordering?","font_container":"tag:h3|font_size:14|text_align:left","use_theme_fonts":"yes","align":"left","title_typography_typography":"custom","title_typography_font_size":{"unit":"px","size":"14","sizes":[]},"scroll_y":"-80"},"elements":[],"widgetType":"wd_title"},{"id":"2861749","elType":"widget","settings":{"typography_typography":"custom","align":"left","editor":"<p>Torquent posuere vel id sagittis urna placerat ridiculus odio vestibulum donec tristique a nisl eros conubia condimentum nunc quisque nibh adipiscing habitasse parturient suspendisse proin a pharetra commodo leo tincidunt lobortis lacinia sem parturient dapibus.<\/p>\n<p>Ad vivamus nullam scelerisque a neque suspendisse consectetur fringilla a suspendisse proin senectus lobortis lacinia sem parturient dapibus ad aliquet maecenas dis neque.<\/p>\n","scroll_y":"-80"},"elements":[],"widgetType":"text-editor"}],"isInner":"1"},{"id":"c883ed6","elType":"column","settings":{"_column_size":"50","column_sticky_offset":"50","scroll_y":"-80"},"elements":[{"id":"6737008","elType":"widget","settings":{"subtitle":"","after_title":"","image_size":"custom","title":"How long does the delivery take and how much does it cost?","font_container":"tag:h3|font_size:14|text_align:left","use_theme_fonts":"yes","align":"left","title_typography_typography":"custom","title_typography_font_size":{"unit":"px","size":"14","sizes":[]},"scroll_y":"-80"},"elements":[],"widgetType":"wd_title"},{"id":"825648","elType":"widget","settings":{"typography_typography":"custom","align":"left","editor":"<p>Ad vivamus nullam scelerisque a neque suspendisse consectetur fringilla a suspendisse proin senectus lobortis lacinia sem parturient dapibus ad aliquet maecenas dis neque.<\/p>\n<p>Torquent posuere vel id sagittis urna placerat ridiculus odio vestibulum donec tristique a nisl eros conubia condimentum nunc quisque nibh adipiscing habitasse parturient suspendisse proin a pharetra commodo leo tincidunt lobortis lacinia sem parturient dapibus.<\/p>\n","scroll_y":"-80","_margin":{"unit":"px","top":"0","right":"0","bottom":"15","left":"0","isLinked":""}},"elements":[],"widgetType":"text-editor"},{"id":"9601038","elType":"widget","settings":{"subtitle":"","after_title":"","image_size":"custom","title":"Which browser is best to use the site?","font_container":"tag:h3|font_size:14|text_align:left","use_theme_fonts":"yes","align":"left","title_typography_typography":"custom","title_typography_font_size":{"unit":"px","size":"14","sizes":[]},"scroll_y":"-80"},"elements":[],"widgetType":"wd_title"},{"id":"5466654","elType":"widget","settings":{"typography_typography":"custom","align":"left","editor":"<p>Torquent posuere vel id sagittis urna placerat ridiculus odio vestibulum donec tristique a nisl eros conubia condimentum nunc quisque nibh adipiscing habitasse parturient suspendisse proin a pharetra commodo leo tincidunt lobortis lacinia sem parturient dapibus.<\/p>\n<p>Ad vivamus nullam scelerisque a neque suspendisse consectetur fringilla a suspendisse proin senectus lobortis lacinia sem parturient dapibus ad aliquet maecenas dis neque.<\/p>\n","scroll_y":"-80","_margin":{"unit":"px","top":"0","right":"0","bottom":"15","left":"0","isLinked":""}},"elements":[],"widgetType":"text-editor"},{"id":"693884","elType":"widget","settings":{"subtitle":"","after_title":"","image_size":"custom","title":"How do I subscribe to the newsletter?","font_container":"tag:h3|font_size:14|text_align:left","use_theme_fonts":"yes","align":"left","title_typography_typography":"custom","title_typography_font_size":{"unit":"px","size":"14","sizes":[]},"scroll_y":"-80"},"elements":[],"widgetType":"wd_title"},{"id":"7285133","elType":"widget","settings":{"typography_typography":"custom","align":"left","editor":"<p>Ad vivamus nullam scelerisque a neque suspendisse consectetur fringilla a suspendisse proin senectus lobortis lacinia sem parturient dapibus ad aliquet maecenas dis neque.<\/p>\n<p>Torquent posuere vel id sagittis urna placerat ridiculus odio vestibulum donec tristique a nisl eros conubia condimentum nunc quisque nibh adipiscing habitasse parturient suspendisse proin a pharetra commodo leo tincidunt lobortis lacinia sem parturient dapibus.<\/p>\n","scroll_y":"-80"},"elements":[],"widgetType":"text-editor"}],"isInner":"1"}],"isInner":"1"}],"isInner":""}],"isInner":""}]]]></wp:meta_value>
		</wp:postmeta>
							<wp:postmeta>
			<wp:meta_key>_elementor_edit_mode</wp:meta_key>
			<wp:meta_value><![CDATA[builder]]></wp:meta_value>
		</wp:postmeta>
							<wp:postmeta>
			<wp:meta_key>_elementor_version</wp:meta_key>
			<wp:meta_value><![CDATA[2.9.11]]></wp:meta_value>
		</wp:postmeta>
							<wp:postmeta>
			<wp:meta_key>_elementor_template_type</wp:meta_key>
			<wp:meta_value><![CDATA[wp-page]]></wp:meta_value>
		</wp:postmeta>
							<wp:postmeta>
			<wp:meta_key>_elementor_controls_usage</wp:meta_key>
			<wp:meta_value><![CDATA[a:9:{s:8:"wd_title";a:3:{s:5:"count";i:24;s:15:"control_percent";i:3;s:8:"controls";a:3:{s:7:"content";a:1:{s:23:"general_content_section";a:3:{s:8:"subtitle";i:24;s:11:"after_title";i:24;s:5:"title";i:24;}}s:5:"style";a:3:{s:19:"title_style_section";a:4:{s:10:"image_size";i:24;s:27:"title_typography_typography";i:19;s:26:"title_typography_font_size";i:19;s:28:"title_typography_line_height";i:1;}s:21:"general_style_section";a:4:{s:5:"color";i:2;s:4:"size";i:2;s:5:"align";i:23;s:5:"style";i:3;}s:18:"text_style_section";a:2:{s:26:"text_typography_typography";i:1;s:25:"text_typography_font_size";i:1;}}s:8:"advanced";a:2:{s:14:"_section_style";a:1:{s:7:"_margin";i:1;}s:8:"wd_extra";a:1:{s:8:"scroll_y";i:24;}}}}s:17:"wd_contact_form_7";a:3:{s:5:"count";i:1;s:15:"control_percent";i:1;s:8:"controls";a:2:{s:7:"content";a:1:{s:23:"general_content_section";a:1:{s:7:"form_id";i:1;}}s:8:"advanced";a:1:{s:8:"wd_extra";a:1:{s:8:"scroll_y";i:1;}}}}s:6:"column";a:3:{s:5:"count";i:12;s:15:"control_percent";i:1;s:8:"controls";a:2:{s:8:"advanced";a:2:{s:8:"wd_extra";a:2:{s:20:"column_sticky_offset";i:12;s:8:"scroll_y";i:12;}s:16:"section_advanced";a:1:{s:6:"margin";i:1;}}s:6:"layout";a:1:{s:6:"layout";a:1:{s:5:"align";i:1;}}}}s:10:"wd_infobox";a:3:{s:5:"count";i:3;s:15:"control_percent";i:4;s:8:"controls";a:3:{s:7:"content";a:2:{s:20:"icon_content_section";a:4:{s:9:"icon_type";i:3;s:10:"image_size";i:3;s:5:"image";i:3;s:22:"image_custom_dimension";i:3;}s:23:"general_content_section";a:4:{s:8:"btn_text";i:3;s:8:"subtitle";i:3;s:5:"title";i:3;s:7:"content";i:3;}}s:5:"style";a:2:{s:21:"general_style_section";a:3:{s:9:"alignment";i:3;s:15:"image_alignment";i:3;s:21:"woodmart_color_scheme";i:3;}s:22:"button_content_section";a:1:{s:12:"btn_position";i:3;}}s:8:"advanced";a:1:{s:8:"wd_extra";a:1:{s:8:"scroll_y";i:3;}}}}s:7:"divider";a:3:{s:5:"count";i:1;s:15:"control_percent";i:1;s:8:"controls";a:2:{s:5:"style";a:1:{s:21:"section_divider_style";a:1:{s:5:"color";i:1;}}s:8:"advanced";a:1:{s:8:"wd_extra";a:1:{s:8:"scroll_y";i:1;}}}}s:11:"text-editor";a:3:{s:5:"count";i:19;s:15:"control_percent";i:2;s:8:"controls";a:3:{s:5:"style";a:1:{s:13:"section_style";a:2:{s:21:"typography_typography";i:19;s:5:"align";i:19;}}s:7:"content";a:1:{s:14:"section_editor";a:1:{s:6:"editor";i:19;}}s:8:"advanced";a:2:{s:8:"wd_extra";a:1:{s:8:"scroll_y";i:19;}s:14:"_section_style";a:1:{s:7:"_margin";i:12;}}}}s:17:"wd_social_buttons";a:3:{s:5:"count";i:1;s:15:"control_percent";i:2;s:8:"controls";a:2:{s:5:"style";a:1:{s:21:"general_style_section";a:3:{s:4:"size";i:1;s:5:"style";i:1;s:5:"align";i:1;}}s:8:"advanced";a:1:{s:8:"wd_extra";a:1:{s:8:"scroll_y";i:1;}}}}s:7:"section";a:3:{s:5:"count";i:8;s:15:"control_percent";i:0;s:8:"controls";a:3:{s:6:"layout";a:3:{s:17:"section_structure";a:1:{s:9:"structure";i:4;}s:15:"wd_extra_layout";a:1:{s:18:"wd_section_stretch";i:1;}s:14:"section_layout";a:3:{s:6:"height";i:1;s:13:"custom_height";i:1;s:3:"gap";i:3;}}s:5:"style";a:1:{s:18:"section_background";a:5:{s:21:"background_background";i:1;s:16:"background_image";i:1;s:15:"background_size";i:1;s:17:"background_repeat";i:1;s:19:"background_position";i:1;}}s:8:"advanced";a:1:{s:16:"section_advanced";a:1:{s:6:"margin";i:3;}}}}s:8:"wd_popup";a:3:{s:5:"count";i:1;s:15:"control_percent";i:4;s:8:"controls";a:3:{s:5:"style";a:2:{s:20:"button_style_section";a:3:{s:5:"color";i:1;s:5:"style";i:1;s:4:"size";i:1;}s:21:"general_style_section";a:1:{s:5:"width";i:1;}}s:7:"content";a:2:{s:23:"general_content_section";a:2:{s:8:"popup_id";i:1;s:7:"content";i:1;}s:22:"button_content_section";a:1:{s:4:"text";i:1;}}s:8:"advanced";a:1:{s:8:"wd_extra";a:1:{s:8:"scroll_y";i:1;}}}}}]]></wp:meta_value>
		</wp:postmeta>
						</item>
						<item>
		<title>
				faqs-page-title		</title>
		<link>http://dummy.xtemos.com/woodmart-elementor/demos/faqs/faqs-page-title/</link>
		<pubDate>Tue, 27 Jun 2017 06:52:51 +0000</pubDate>
		<dc:creator><![CDATA[erwin]]></dc:creator>
		<guid isPermaLink="false">http://dummy.xtemos.com/woodmart-elementor/demos/wp-content/uploads/sites/2/2017/06/faqs-page-title.jpg</guid>
		<description></description>
		<content:encoded><![CDATA[]]></content:encoded>
		<excerpt:encoded><![CDATA[]]></excerpt:encoded>
		<wp:post_id>660</wp:post_id>
		<wp:post_date>2017-06-27 06:52:51</wp:post_date>
		<wp:post_date_gmt>2017-06-27 06:52:51</wp:post_date_gmt>
		<wp:comment_status>open</wp:comment_status>
		<wp:ping_status>closed</wp:ping_status>
		<wp:post_name>faqs-page-title</wp:post_name>
		<wp:status>inherit</wp:status>
		<wp:post_parent>658</wp:post_parent>
		<wp:menu_order>0</wp:menu_order>
		<wp:post_type>attachment</wp:post_type>
		<wp:post_password></wp:post_password>
		<wp:is_sticky>0</wp:is_sticky>
						<wp:attachment_url>http://dummy.xtemos.com/woodmart-elementor/demos/wp-content/uploads/sites/2/2017/06/faqs-page-title.jpg</wp:attachment_url>
												<wp:postmeta>
			<wp:meta_key>_wp_attached_file</wp:meta_key>
			<wp:meta_value><![CDATA[2017/06/faqs-page-title.jpg]]></wp:meta_value>
		</wp:postmeta>
						</item>
				</channel>
</rss>
	