{"name":"Header Corporate 2","id":"header_554050","structure":{"id":"root","type":"root","content":[{"id":"top-bar","type":"row","content":[{"id":"column5","type":"column","content":[]},{"id":"column6","type":"column","content":[]},{"id":"column7","type":"column","content":[]},{"id":"column_mobile1","type":"column","content":[]}],"params":{"flex_layout":{"id":"flex_layout","value":"flex-middle","type":"selector"},"height":{"id":"height","value":45,"type":"slider"},"mobile_height":{"id":"mobile_height","value":40,"type":"slider"},"hide_desktop":{"id":"hide_desktop","value":true,"type":"switcher"},"hide_mobile":{"id":"hide_mobile","value":true,"type":"switcher"},"sticky":{"id":"sticky","value":false,"type":"switcher"},"sticky_height":{"id":"sticky_height","value":41,"type":"slider"},"color_scheme":{"id":"color_scheme","value":"light","type":"selector"},"shadow":{"id":"shadow","value":false,"type":"switcher"},"background":{"id":"background","value":[],"type":"bg"},"border":{"id":"border","value":{"width":"1","color":{"r":255,"g":255,"b":255,"a":0.25},"sides":["bottom"],"applyFor":"boxed"},"type":"border"}}},{"id":"general-header","type":"row","content":[{"id":"column8","type":"column","content":[{"id":"gs8bcnxektjsro21n657","type":"logo","params":{"image":{"id":"image","value":{"id":7225,"url":"http://dummy.xtemos.com/woodmart/demos/wp-content/uploads/sites/2/2021/06/w-corp-header-logo.svg","width":false,"height":false},"type":"image"},"width":{"id":"width","value":220,"type":"slider"},"sticky_image":{"id":"sticky_image","value":"","type":"image"},"sticky_width":{"id":"sticky_width","value":220,"type":"slider"},"width_height":{"id":"width_height","value":false,"type":"switcher"}}},{"id":"b51hbxbg8h22qn4yrxf1","type":"space","params":{"width":{"id":"width","value":30,"type":"slider"},"css_class":{"id":"css_class","value":"","type":"text"}}}]},{"id":"column9","type":"column","content":[{"id":"9chbakjri75zfeh47ecm","type":"mainmenu","params":{"menu_style":{"id":"menu_style","value":"default","type":"selector"},"menu_align":{"id":"menu_align","value":"left","type":"selector"},"full_screen":{"id":"full_screen","value":false,"type":"switcher"},"icon_type":{"id":"icon_type","value":"default","type":"selector"},"custom_icon":{"id":"custom_icon","value":"","type":"image"}}}]},{"id":"column10","type":"column","content":[{"id":"8r59c44tpstf0t2vwwp0","type":"infobox","params":{"icon_style":{"id":"icon_style","value":"simple","type":"selector"},"icon_type":{"id":"icon_type","value":"icon","type":"selector"},"icon_bg_color":{"id":"icon_bg_color","value":"","type":"color"},"icon_bg_hover_color":{"id":"icon_bg_hover_color","value":"","type":"color"},"icon_border_color":{"id":"icon_border_color","value":"","type":"color"},"icon_border_hover_color":{"id":"icon_border_hover_color","value":"","type":"color"},"icon_text":{"id":"icon_text","value":"","type":"text"},"icon_text_size":{"id":"icon_text_size","value":"default","type":"selector"},"icon_text_color":{"id":"icon_text_color","value":"","type":"color"},"image":{"id":"image","value":{"id":7218,"url":"http://dummy.xtemos.com/woodmart/demos/wp-content/uploads/sites/2/2021/06/w-corp-phone-call.svg","width":false,"height":false},"type":"image"},"img_size":{"id":"img_size","value":"32x32","type":"text"},"style":{"id":"style","value":"base","type":"selector"},"woodmart_color_scheme":{"id":"woodmart_color_scheme","value":"","type":"selector"},"bg_hover_colorpicker":{"id":"bg_hover_colorpicker","value":"colorpicker","type":"selector"},"bg_hover_color":{"id":"bg_hover_color","value":"","type":"color"},"woodmart_hover_color_scheme":{"id":"woodmart_hover_color_scheme","value":"light","type":"selector"},"alignment":{"id":"alignment","value":"left","type":"selector"},"image_alignment":{"id":"image_alignment","value":"left","type":"selector"},"title":{"id":"title","value":"","type":"textarea"},"title_font":{"id":"title_font","value":"","type":"selector"},"title_tag":{"id":"title_tag","value":"h6","type":"select"},"title_size":{"id":"title_size","value":"small","type":"selector"},"title_font_weight":{"id":"title_font_weight","value":"","type":"select"},"title_style":{"id":"title_style","value":"default","type":"selector"},"title_color":{"id":"title_color","value":"","type":"color"},"subtitle":{"id":"subtitle","value":"","type":"textarea"},"subtitle_font":{"id":"subtitle_font","value":"","type":"selector"},"subtitle_font_weight":{"id":"subtitle_font_weight","value":"","type":"select"},"subtitle_color":{"id":"subtitle_color","value":"default","type":"selector"},"subtitle_custom_color":{"id":"subtitle_custom_color","value":"","type":"color"},"subtitle_custom_bg_color":{"id":"subtitle_custom_bg_color","value":"","type":"color"},"subtitle_style":{"id":"subtitle_style","value":"default","type":"selector"},"content":{"id":"content","value":"<div style=\"font-weight: 600; font-size: 14px; color: #242424;\">(406) 555-0120</div>\n<p style=\"margin-top: -3px; font-size: 13px;\">We are online 24/7</p>","type":"editor"},"custom_text_color":{"id":"custom_text_color","value":"","type":"color"},"btn_text":{"id":"btn_text","value":"","type":"text"},"btn_position":{"id":"btn_position","value":"hover","type":"selector"},"btn_color":{"id":"btn_color","value":"default","type":"selector"},"btn_size":{"id":"btn_size","value":"default","type":"selector"},"btn_style":{"id":"btn_style","value":"default","type":"selector"},"btn_shape":{"id":"btn_shape","value":"rectangle","type":"selector"},"svg_animation":{"id":"svg_animation","value":"","type":"switcher"},"info_box_inline":{"id":"info_box_inline","value":"","type":"switcher"},"link":{"id":"link","value":{"url":"tel:(406) 555-0120"},"type":"link"},"el_class":{"id":"el_class","value":"","type":"text"},"woodmart_bg_position":{"id":"woodmart_bg_position","value":"","type":"select"}}},{"id":"senzemuw9p7wd2wf5el7","type":"space","params":{"width":{"id":"width","value":10,"type":"slider"},"css_class":{"id":"css_class","value":"","type":"text"}}},{"id":"f89u8ezwtrtgbl6zklv8","type":"HTMLBlock","params":{"block_id":{"id":"block_id","value":"7227","type":"select"}}}]},{"id":"column_mobile2","type":"column","content":[{"id":"lt7vdqgaccmapftzurvt","type":"logo","params":{"image":{"id":"image","value":{"id":7225,"url":"http://dummy.xtemos.com/woodmart/demos/wp-content/uploads/sites/2/2021/06/w-corp-header-logo.svg","width":false,"height":false},"type":"image"},"width":{"id":"width","value":179,"type":"slider"},"sticky_image":{"id":"sticky_image","value":"","type":"image"},"sticky_width":{"id":"sticky_width","value":179,"type":"slider"},"width_height":{"id":"width_height","value":false,"type":"switcher"}}}]},{"id":"column_mobile3","type":"column","content":[]},{"id":"column_mobile4","type":"column","content":[{"id":"g1k0m1tib7raxrwkm1t3","type":"burger","params":{"style":{"id":"style","value":"text","type":"selector"},"icon_type":{"id":"icon_type","value":"default","type":"selector"},"custom_icon":{"id":"custom_icon","value":"","type":"image"},"position":{"id":"position","value":"right","type":"selector"},"search_form":{"id":"search_form","value":true,"type":"switcher"},"categories_menu":{"id":"categories_menu","value":false,"type":"switcher"},"menu_id":{"id":"menu_id","value":"mobile-categories","type":"select"},"tabs_swap":{"id":"tabs_swap","value":false,"type":"switcher"}}}]}],"params":{"flex_layout":{"id":"flex_layout","value":"flex-middle","type":"selector"},"height":{"id":"height","value":90,"type":"slider"},"mobile_height":{"id":"mobile_height","value":60,"type":"slider"},"hide_desktop":{"id":"hide_desktop","value":false,"type":"switcher"},"hide_mobile":{"id":"hide_mobile","value":false,"type":"switcher"},"sticky":{"id":"sticky","value":true,"type":"switcher"},"sticky_height":{"id":"sticky_height","value":70,"type":"slider"},"color_scheme":{"id":"color_scheme","value":"dark","type":"selector"},"shadow":{"id":"shadow","value":false,"type":"switcher"},"background":{"id":"background","value":[],"type":"bg"},"border":{"id":"border","value":{"width":"0","applyFor":"fullwidth","style":"solid","sides":["bottom"]},"type":"border"}}},{"id":"header-bottom","type":"row","content":[{"id":"column11","type":"column","content":[]},{"id":"column12","type":"column","content":[]},{"id":"column13","type":"column","content":[]},{"id":"column_mobile5","type":"column","content":[]}],"params":{"flex_layout":{"id":"flex_layout","value":"flex-middle","type":"selector"},"height":{"id":"height","value":50,"type":"slider"},"mobile_height":{"id":"mobile_height","value":50,"type":"slider"},"hide_desktop":{"id":"hide_desktop","value":true,"type":"switcher"},"hide_mobile":{"id":"hide_mobile","value":true,"type":"switcher"},"sticky":{"id":"sticky","value":false,"type":"switcher"},"sticky_height":{"id":"sticky_height","value":50,"type":"slider"},"color_scheme":{"id":"color_scheme","value":"dark","type":"selector"},"shadow":{"id":"shadow","value":false,"type":"switcher"},"background":{"id":"background","value":[],"type":"bg"},"border":{"id":"border","value":{"style":"solid","applyFor":"fullwidth","sides":["bottom"],"width":"1","color":{"r":230,"g":230,"b":230,"a":1}},"type":"border"}}}]},"settings":{"overlap":{"id":"overlap","value":false,"type":"switcher"},"boxed":{"id":"boxed","value":false,"type":"switcher"},"full_width":{"id":"full_width","value":false,"type":"switcher"},"dropdowns_dark":{"id":"dropdowns_dark","value":false,"type":"switcher"},"sticky_shadow":{"id":"sticky_shadow","value":true,"type":"switcher"},"hide_on_scroll":{"id":"hide_on_scroll","value":false,"type":"switcher"},"sticky_effect":{"id":"sticky_effect","value":"slide","type":"selector"},"sticky_clone":{"id":"sticky_clone","value":false,"type":"switcher"},"sticky_height":{"id":"sticky_height","value":60,"type":"slider"}}}