<?xml version="1.0" encoding="UTF-8" ?>
<!-- This is a WordPress eXtended RSS file generated by WordPress as an export of your site. -->
<!-- It contains information about your site's posts, pages, comments, categories, and other content. -->
<!-- You may use this file to transfer that content from one site to another. -->
<!-- This file is not intended to serve as a complete backup of your site. -->

<!-- To import this information into a WordPress site follow these steps: -->
<!-- 1. Log in to that site as an administrator. -->
<!-- 2. Go to Tools: Import in the WordPress admin panel. -->
<!-- 3. Install the "WordPress" importer from the list. -->
<!-- 4. Activate & Run Importer. -->
<!-- 5. Upload this file using the form provided on that page. -->
<!-- 6. You will first be asked to map the authors in this export file to users -->
<!--    on the site. For each author, you may choose to map to an -->
<!--    existing user on the site or to create a new user. -->
<!-- 7. WordPress will then import each of the posts, pages, comments, categories, etc. -->
<!--    contained in this file into your site. -->

	<!-- generator="WordPress/5.4.2" created="2020-07-21 06:59" -->
<rss version="2.0"
	xmlns:excerpt="http://wordpress.org/export/1.2/excerpt/"
	xmlns:content="http://purl.org/rss/1.0/modules/content/"
	xmlns:wfw="http://wellformedweb.org/CommentAPI/"
	xmlns:dc="http://purl.org/dc/elements/1.1/"
	xmlns:wp="http://wordpress.org/export/1.2/"
>

<channel>
	<title>Woodmart dummy demos</title>
	<link>http://dummy.xtemos.com/woodmart-elementor/demos</link>
	<description>Just another Woodmart Dummy Content Sites site</description>
	<pubDate>Tue, 21 Jul 2020 06:59:23 +0000</pubDate>
	<language>en-US</language>
	<wp:wxr_version>1.2</wp:wxr_version>
	<wp:base_site_url>http://dummy.xtemos.com/woodmart-elementor/</wp:base_site_url>
	<wp:base_blog_url>http://dummy.xtemos.com/woodmart-elementor/demos</wp:base_blog_url>

		<wp:author><wp:author_id>2</wp:author_id><wp:author_login>erwin</wp:author_login><wp:author_email>ss@asas.as</wp:author_email><wp:author_display_name><![CDATA[erwin]]></wp:author_display_name><wp:author_first_name><![CDATA[]]></wp:author_first_name><wp:author_last_name><![CDATA[]]></wp:author_last_name></wp:author>

				
	<generator>https://wordpress.org/?v=5.4.2</generator>

		<item>
		<title>
				wood-gallery-placeholder-5		</title>
		<link>http://dummy.xtemos.com/woodmart-elementor/demos/home-base/wood-gallery-placeholder-5/</link>
		<pubDate>Wed, 14 Jun 2017 11:33:22 +0000</pubDate>
		<dc:creator><![CDATA[admin]]></dc:creator>
		<guid isPermaLink="false">http://dummy.xtemos.com/woodmart-elementor/demos/wp-content/uploads/sites/2/2017/06/wood-gallery-placeholder-5.jpg</guid>
		<description></description>
		<content:encoded><![CDATA[]]></content:encoded>
		<excerpt:encoded><![CDATA[]]></excerpt:encoded>
		<wp:post_id>77</wp:post_id>
		<wp:post_date>2017-06-14 11:33:22</wp:post_date>
		<wp:post_date_gmt>2017-06-14 11:33:22</wp:post_date_gmt>
		<wp:comment_status>open</wp:comment_status>
		<wp:ping_status>closed</wp:ping_status>
		<wp:post_name>wood-gallery-placeholder-5</wp:post_name>
		<wp:status>inherit</wp:status>
		<wp:post_parent>57</wp:post_parent>
		<wp:menu_order>0</wp:menu_order>
		<wp:post_type>attachment</wp:post_type>
		<wp:post_password></wp:post_password>
		<wp:is_sticky>0</wp:is_sticky>
						<wp:attachment_url>http://dummy.xtemos.com/woodmart-elementor/demos/wp-content/uploads/sites/2/2017/06/wood-gallery-placeholder-5.jpg</wp:attachment_url>
												<wp:postmeta>
			<wp:meta_key>_wp_attached_file</wp:meta_key>
			<wp:meta_value><![CDATA[2017/06/wood-gallery-placeholder-5.jpg]]></wp:meta_value>
		</wp:postmeta>
						</item>
					<item>
		<title>
				wood-gallery-placeholder		</title>
		<link>http://dummy.xtemos.com/woodmart-elementor/demos/home-base/wood-gallery-placeholder/</link>
		<pubDate>Wed, 14 Jun 2017 11:33:24 +0000</pubDate>
		<dc:creator><![CDATA[admin]]></dc:creator>
		<guid isPermaLink="false">http://dummy.xtemos.com/woodmart-elementor/demos/wp-content/uploads/sites/2/2017/06/wood-gallery-placeholder.jpg</guid>
		<description></description>
		<content:encoded><![CDATA[]]></content:encoded>
		<excerpt:encoded><![CDATA[]]></excerpt:encoded>
		<wp:post_id>78</wp:post_id>
		<wp:post_date>2017-06-14 11:33:24</wp:post_date>
		<wp:post_date_gmt>2017-06-14 11:33:24</wp:post_date_gmt>
		<wp:comment_status>open</wp:comment_status>
		<wp:ping_status>closed</wp:ping_status>
		<wp:post_name>wood-gallery-placeholder</wp:post_name>
		<wp:status>inherit</wp:status>
		<wp:post_parent>57</wp:post_parent>
		<wp:menu_order>0</wp:menu_order>
		<wp:post_type>attachment</wp:post_type>
		<wp:post_password></wp:post_password>
		<wp:is_sticky>0</wp:is_sticky>
						<wp:attachment_url>http://dummy.xtemos.com/woodmart-elementor/demos/wp-content/uploads/sites/2/2017/06/wood-gallery-placeholder.jpg</wp:attachment_url>
												<wp:postmeta>
			<wp:meta_key>_wp_attached_file</wp:meta_key>
			<wp:meta_value><![CDATA[2017/06/wood-gallery-placeholder.jpg]]></wp:meta_value>
		</wp:postmeta>
						</item>
					<item>
		<title>
				wood-gallery-placeholder-2		</title>
		<link>http://dummy.xtemos.com/woodmart-elementor/demos/home-base/wood-gallery-placeholder-2/</link>
		<pubDate>Wed, 14 Jun 2017 11:33:26 +0000</pubDate>
		<dc:creator><![CDATA[admin]]></dc:creator>
		<guid isPermaLink="false">http://dummy.xtemos.com/woodmart-elementor/demos/wp-content/uploads/sites/2/2017/06/wood-gallery-placeholder-2.jpg</guid>
		<description></description>
		<content:encoded><![CDATA[]]></content:encoded>
		<excerpt:encoded><![CDATA[]]></excerpt:encoded>
		<wp:post_id>79</wp:post_id>
		<wp:post_date>2017-06-14 11:33:26</wp:post_date>
		<wp:post_date_gmt>2017-06-14 11:33:26</wp:post_date_gmt>
		<wp:comment_status>open</wp:comment_status>
		<wp:ping_status>closed</wp:ping_status>
		<wp:post_name>wood-gallery-placeholder-2</wp:post_name>
		<wp:status>inherit</wp:status>
		<wp:post_parent>57</wp:post_parent>
		<wp:menu_order>0</wp:menu_order>
		<wp:post_type>attachment</wp:post_type>
		<wp:post_password></wp:post_password>
		<wp:is_sticky>0</wp:is_sticky>
						<wp:attachment_url>http://dummy.xtemos.com/woodmart-elementor/demos/wp-content/uploads/sites/2/2017/06/wood-gallery-placeholder-2.jpg</wp:attachment_url>
												<wp:postmeta>
			<wp:meta_key>_wp_attached_file</wp:meta_key>
			<wp:meta_value><![CDATA[2017/06/wood-gallery-placeholder-2.jpg]]></wp:meta_value>
		</wp:postmeta>
						</item>
					<item>
		<title>
				wood-gallery-placeholder-3		</title>
		<link>http://dummy.xtemos.com/woodmart-elementor/demos/home-base/wood-gallery-placeholder-3/</link>
		<pubDate>Wed, 14 Jun 2017 11:33:28 +0000</pubDate>
		<dc:creator><![CDATA[admin]]></dc:creator>
		<guid isPermaLink="false">http://dummy.xtemos.com/woodmart-elementor/demos/wp-content/uploads/sites/2/2017/06/wood-gallery-placeholder-3.jpg</guid>
		<description></description>
		<content:encoded><![CDATA[]]></content:encoded>
		<excerpt:encoded><![CDATA[]]></excerpt:encoded>
		<wp:post_id>80</wp:post_id>
		<wp:post_date>2017-06-14 11:33:28</wp:post_date>
		<wp:post_date_gmt>2017-06-14 11:33:28</wp:post_date_gmt>
		<wp:comment_status>open</wp:comment_status>
		<wp:ping_status>closed</wp:ping_status>
		<wp:post_name>wood-gallery-placeholder-3</wp:post_name>
		<wp:status>inherit</wp:status>
		<wp:post_parent>57</wp:post_parent>
		<wp:menu_order>0</wp:menu_order>
		<wp:post_type>attachment</wp:post_type>
		<wp:post_password></wp:post_password>
		<wp:is_sticky>0</wp:is_sticky>
						<wp:attachment_url>http://dummy.xtemos.com/woodmart-elementor/demos/wp-content/uploads/sites/2/2017/06/wood-gallery-placeholder-3.jpg</wp:attachment_url>
												<wp:postmeta>
			<wp:meta_key>_wp_attached_file</wp:meta_key>
			<wp:meta_value><![CDATA[2017/06/wood-gallery-placeholder-3.jpg]]></wp:meta_value>
		</wp:postmeta>
						</item>
					<item>
		<title>
				wood-gallery-placeholder-4		</title>
		<link>http://dummy.xtemos.com/woodmart-elementor/demos/home-base/wood-gallery-placeholder-4/</link>
		<pubDate>Wed, 14 Jun 2017 11:33:30 +0000</pubDate>
		<dc:creator><![CDATA[admin]]></dc:creator>
		<guid isPermaLink="false">http://dummy.xtemos.com/woodmart-elementor/demos/wp-content/uploads/sites/2/2017/06/wood-gallery-placeholder-4.jpg</guid>
		<description></description>
		<content:encoded><![CDATA[]]></content:encoded>
		<excerpt:encoded><![CDATA[]]></excerpt:encoded>
		<wp:post_id>81</wp:post_id>
		<wp:post_date>2017-06-14 11:33:30</wp:post_date>
		<wp:post_date_gmt>2017-06-14 11:33:30</wp:post_date_gmt>
		<wp:comment_status>open</wp:comment_status>
		<wp:ping_status>closed</wp:ping_status>
		<wp:post_name>wood-gallery-placeholder-4</wp:post_name>
		<wp:status>inherit</wp:status>
		<wp:post_parent>57</wp:post_parent>
		<wp:menu_order>0</wp:menu_order>
		<wp:post_type>attachment</wp:post_type>
		<wp:post_password></wp:post_password>
		<wp:is_sticky>0</wp:is_sticky>
						<wp:attachment_url>http://dummy.xtemos.com/woodmart-elementor/demos/wp-content/uploads/sites/2/2017/06/wood-gallery-placeholder-4.jpg</wp:attachment_url>
												<wp:postmeta>
			<wp:meta_key>_wp_attached_file</wp:meta_key>
			<wp:meta_value><![CDATA[2017/06/wood-gallery-placeholder-4.jpg]]></wp:meta_value>
		</wp:postmeta>
						</item>
					<item>
		<title>
				wood-portfolio-placeholder		</title>
		<link>http://dummy.xtemos.com/woodmart-elementor/demos/wood-portfolio-placeholder/</link>
		<pubDate>Wed, 14 Jun 2017 14:02:43 +0000</pubDate>
		<dc:creator><![CDATA[admin]]></dc:creator>
		<guid isPermaLink="false">http://dummy.xtemos.com/woodmart-elementor/demos/wp-content/uploads/sites/2/2017/06/wood-portfolio-placeholder.jpg</guid>
		<description></description>
		<content:encoded><![CDATA[]]></content:encoded>
		<excerpt:encoded><![CDATA[]]></excerpt:encoded>
		<wp:post_id>117</wp:post_id>
		<wp:post_date>2017-06-14 14:02:43</wp:post_date>
		<wp:post_date_gmt>2017-06-14 14:02:43</wp:post_date_gmt>
		<wp:comment_status>open</wp:comment_status>
		<wp:ping_status>closed</wp:ping_status>
		<wp:post_name>wood-portfolio-placeholder</wp:post_name>
		<wp:status>inherit</wp:status>
		<wp:post_parent>0</wp:post_parent>
		<wp:menu_order>0</wp:menu_order>
		<wp:post_type>attachment</wp:post_type>
		<wp:post_password></wp:post_password>
		<wp:is_sticky>0</wp:is_sticky>
						<wp:attachment_url>http://dummy.xtemos.com/woodmart-elementor/demos/wp-content/uploads/sites/2/2017/06/wood-portfolio-placeholder.jpg</wp:attachment_url>
												<wp:postmeta>
			<wp:meta_key>_wp_attached_file</wp:meta_key>
			<wp:meta_value><![CDATA[2017/06/wood-portfolio-placeholder.jpg]]></wp:meta_value>
		</wp:postmeta>
						</item>
					<item>
		<title>
				Home boxed		</title>
		<link>http://dummy.xtemos.com/woodmart-elementor/demos/home-boxed/</link>
		<pubDate>Sat, 24 Jun 2017 12:45:01 +0000</pubDate>
		<dc:creator><![CDATA[erwin]]></dc:creator>
		<guid isPermaLink="false">http://dummy.xtemos.com/woodmart-elementor/demos/?page_id=584</guid>
		<description></description>
		<content:encoded><![CDATA[		
						 					
															01.													
											
								CHOOSE PRODUCTS						
						Due card providers to our credit card prov i]]></content:encoded>
		<excerpt:encoded><![CDATA[]]></excerpt:encoded>
		<wp:post_id>584</wp:post_id>
		<wp:post_date>2017-06-24 12:45:01</wp:post_date>
		<wp:post_date_gmt>2017-06-24 12:45:01</wp:post_date_gmt>
		<wp:comment_status>closed</wp:comment_status>
		<wp:ping_status>closed</wp:ping_status>
		<wp:post_name>home-boxed</wp:post_name>
		<wp:status>publish</wp:status>
		<wp:post_parent>0</wp:post_parent>
		<wp:menu_order>0</wp:menu_order>
		<wp:post_type>page</wp:post_type>
		<wp:post_password></wp:post_password>
		<wp:is_sticky>0</wp:is_sticky>
														<wp:postmeta>
			<wp:meta_key>_wp_page_template</wp:meta_key>
			<wp:meta_value><![CDATA[default]]></wp:meta_value>
		</wp:postmeta>
							<wp:postmeta>
			<wp:meta_key>_woodmart_main_layout</wp:meta_key>
			<wp:meta_value><![CDATA[full-width]]></wp:meta_value>
		</wp:postmeta>
							<wp:postmeta>
			<wp:meta_key>_woodmart_header_color_scheme</wp:meta_key>
			<wp:meta_value><![CDATA[inherit]]></wp:meta_value>
		</wp:postmeta>
							<wp:postmeta>
			<wp:meta_key>_woodmart_title_off</wp:meta_key>
			<wp:meta_value><![CDATA[on]]></wp:meta_value>
		</wp:postmeta>
							<wp:postmeta>
			<wp:meta_key>_elementor_data</wp:meta_key>
			<wp:meta_value><![CDATA[[{"id":"2518332","elType":"section","settings":{"gap":"no","margin":{"unit":"px","top":"-40","right":"0","bottom":"50","left":"0","isLinked":""}},"elements":[{"id":"7170899","elType":"column","settings":{"_column_size":"100","column_sticky_offset":"50","scroll_y":"-80"},"elements":[{"id":"2af1108","elType":"widget","settings":{"revslidertitle":"Slider layout boxed","shortcode":"[rev_slider alias=\"layout-boxed\"][\/rev_slider]","scroll_y":"-80"},"elements":[],"widgetType":"slider_revolution"}],"isInner":""}],"isInner":""},{"id":"4791334","elType":"section","settings":{"structure":"30","border_border":"solid","border_width":{"unit":"px","top":"0","right":"0","bottom":"1","left":"0","isLinked":""},"border_color":"#EBEBEB","margin":{"unit":"px","top":"0","right":"0","bottom":"50","left":"0","isLinked":""},"padding":{"unit":"px","top":"0","right":"15","bottom":"50","left":"15","isLinked":""}},"elements":[{"id":"4759428","elType":"column","settings":{"_column_size":"33","_inline_size_tablet":"100","_inline_size_mobile":"100","column_sticky_offset":"50","scroll_y":"-80"},"elements":[{"id":"2140548","elType":"widget","settings":{"alignment":"left","btn_text":"","image_size":"custom","subtitle":"","title":"CHOOSE PRODUCTS","btn_position":"hover","icon_text_size":"large","title_size":"small","image_alignment":"left","icon_text":"01.","content":"Due card providers to our credit card prov iders\u00a0condit.","_padding":{"unit":"%","top":"0","right":"10","bottom":"0","left":"0","isLinked":""},"scroll_y":"-80","_margin_tablet":{"unit":"px","top":"0","right":"0","bottom":"20","left":"0","isLinked":""}},"elements":[],"widgetType":"wd_infobox"}],"isInner":""},{"id":"4886109","elType":"column","settings":{"_column_size":"33","_inline_size_tablet":"100","_inline_size_mobile":"100","column_sticky_offset":"50","scroll_y":"-80"},"elements":[{"id":"4716871","elType":"widget","settings":{"alignment":"left","btn_text":"","image_size":"custom","subtitle":"","title":"PAYMENT &amp; DELIVERY","btn_position":"hover","icon_text_size":"large","title_size":"small","image_alignment":"left","icon_text":"02.","content":"Due card providers to our credit card prov iders\u00a0condit.","_padding":{"unit":"%","top":"0","right":"10","bottom":"0","left":"0","isLinked":""},"scroll_y":"-80","_margin_tablet":{"unit":"px","top":"0","right":"0","bottom":"20","left":"0","isLinked":""}},"elements":[],"widgetType":"wd_infobox"}],"isInner":""},{"id":"1904875","elType":"column","settings":{"_column_size":"33","_inline_size_tablet":"100","_inline_size_mobile":"100","column_sticky_offset":"50","scroll_y":"-80"},"elements":[{"id":"3193058","elType":"widget","settings":{"alignment":"left","btn_text":"","image_size":"custom","subtitle":"","title":"HAPPY CUSTOMER","btn_position":"hover","icon_text_size":"large","title_size":"small","image_alignment":"left","icon_text":"03.","content":"Due card providers to our credit card prov iders\u00a0condit.","_padding":{"unit":"%","top":"0","right":"10","bottom":"0","left":"0","isLinked":""},"scroll_y":"-80"},"elements":[],"widgetType":"wd_infobox"}],"isInner":""}],"isInner":""},{"id":"9343174","elType":"section","settings":{"content_position":"bottom","structure":"20"},"elements":[{"id":"3580185","elType":"column","settings":{"_column_size":"50","column_sticky_offset":"50","scroll_y":"-80"},"elements":[{"id":"9198972","elType":"widget","settings":{"subtitle":"","after_title":"","image_size":"custom","subtitle_font":"alt","style":"simple","color":"primary","size":"medium","align":"left","title":" TRENDING PRODUCTS","scroll_y":"-80"},"elements":[],"widgetType":"wd_title"}],"isInner":""},{"id":"4092040","elType":"column","settings":{"_column_size":"50","hide_mobile":"hidden-phone","column_sticky_offset":"50","scroll_y":"-80"},"elements":[{"id":"5798763","elType":"widget","settings":{"color":"primary","style":"link","align":"right","text":"VIEW ALL PRODUCTS","scroll_y":"-80"},"elements":[],"widgetType":"wd_button"}],"isInner":""}],"isInner":""},{"id":"6841776","elType":"section","settings":{"margin":{"unit":"px","top":"0","right":"0","bottom":"60","left":"0","isLinked":""},"margin_mobile":{"unit":"px","top":"0","right":"0","bottom":"45","left":"0","isLinked":""}},"elements":[{"id":"128519","elType":"column","settings":{"_column_size":"100","column_sticky_offset":"50","scroll_y":"-80"},"elements":[{"id":"7218031","elType":"widget","settings":{"title":"","items_per_page":"8","pagination":"more-btn","columns":{"size":"4","unit":"px","sizes":[]},"order":"ASC","scroll_y":"-80"},"elements":[],"widgetType":"wd_products"}],"isInner":""}],"isInner":""},{"id":"9457618","elType":"section","settings":{"content_position":"top","structure":"20","margin":{"unit":"px","top":"0","right":"0","bottom":"60","left":"0","isLinked":""},"margin_mobile":{"unit":"px","top":"0","right":"0","bottom":"45","left":"0","isLinked":""}},"elements":[{"id":"5374817","elType":"column","settings":{"_column_size":"50","column_sticky_offset":"50","scroll_y":"-80","_inline_size_tablet":"100"},"elements":[{"id":"4537279","elType":"widget","settings":{"align":"left","image_size":"full","title":"TOLOMEO\r\nFLOOR LAMP","subtitle":"FOSCARINI","content":"Ut noner velit praesent sagit,\r\nparturient vestibulum.","btn_text":"SHOP NOW","hover":"parallax","woodmart_color_scheme":"dark","image_custom_dimension":[],"image":{"id":"585","url":"#"},"btn_color":"black","btn_size":"small","title_size":"large","text_alignment":"right","horizontal_alignment":"right","vertical_alignment":"middle","alignment":"right","scroll_y":"-80","title_typography_typography":"custom","title_typography_font_size_mobile":{"unit":"px","size":"18","sizes":[]},"title_typography_line_height_mobile":{"unit":"px","size":"18","sizes":[]}},"elements":[],"widgetType":"wd_banner"}],"isInner":""},{"id":"1977691","elType":"column","settings":{"_column_size":"50","column_sticky_offset":"50","scroll_y":"-80","_inline_size_tablet":"100"},"elements":[{"id":"8771","elType":"widget","settings":{"align":"left","image_size":"full","title":"MARION\r\nSIDE TABLE","subtitle":"ANDERSEN","content":"Tempus a justo lobortis dis,\r\nsuspend porta antere.","btn_text":"SHOP NOW","hover":"parallax","woodmart_color_scheme":"dark","image_custom_dimension":[],"image":{"id":"585","url":"#"},"btn_color":"black","btn_size":"small","title_size":"large","text_alignment":"right","horizontal_alignment":"right","vertical_alignment":"middle","alignment":"right","scroll_y":"-80","title_typography_typography":"custom","title_typography_font_size_mobile":{"unit":"px","size":"18","sizes":[]}},"elements":[],"widgetType":"wd_banner"}],"isInner":""}],"isInner":""},{"id":"4009344","elType":"section","settings":{"structure":"40"},"elements":[{"id":"9536223","elType":"column","settings":{"_column_size":"25","_inline_size_tablet":"50","_inline_size_mobile":"100","column_sticky_offset":"50","scroll_y":"-80","margin_tablet":{"unit":"px","top":"0","right":"0","bottom":"30","left":"0","isLinked":""}},"elements":[{"id":"1249937","elType":"widget","settings":{"subtitle":"","after_title":"","image_size":"custom","size":"small","align":"left","title":"NEW PRODUCTS","scroll_y":"-80"},"elements":[],"widgetType":"wd_title"},{"id":"3419139","elType":"widget","settings":{"scroll_y":"-80"},"elements":[],"widgetType":"wd_products_widget"}],"isInner":""},{"id":"4255072","elType":"column","settings":{"_column_size":"25","_inline_size_tablet":"50","_inline_size_mobile":"100","column_sticky_offset":"50","scroll_y":"-80","margin_tablet":{"unit":"px","top":"0","right":"0","bottom":"30","left":"0","isLinked":""}},"elements":[{"id":"1609781","elType":"widget","settings":{"subtitle":"","after_title":"","image_size":"custom","size":"small","align":"left","title":"FEATURED","scroll_y":"-80"},"elements":[],"widgetType":"wd_title"},{"id":"9790015","elType":"widget","settings":{"scroll_y":"-80"},"elements":[],"widgetType":"wd_products_widget"}],"isInner":""},{"id":"5610571","elType":"column","settings":{"_column_size":"25","_inline_size_tablet":"50","_inline_size_mobile":"100","column_sticky_offset":"50","scroll_y":"-80","margin_mobile":{"unit":"px","top":"0","right":"0","bottom":"20","left":"0","isLinked":""}},"elements":[{"id":"3554394","elType":"widget","settings":{"subtitle":"","after_title":"","image_size":"custom","size":"small","align":"left","title":"RECENT TWEETS","scroll_y":"-80"},"elements":[],"widgetType":"wd_title"},{"id":"9849776","elType":"widget","settings":{"name":"envato","num_tweets":"2","show_avatar":"1","exclude_replies":"1","consumer_key":"S6kU5b4RcOj0ImsNCoXDBbcou","consumer_secret":"VoabFR670SRJFoqyl4xezJjayV77IDvWg2rn7M1wYnIgr4CIwW","access_token":"273402566-iG3x1mejOXB081J853qsfkYZMCH68fcoSIDHTuKp","accesstoken_secret":"rmVZ49BJJyVCAA0ieTKe2pHPWPAPbVXc9X8vEJtC00cgq","scroll_y":"-80"},"elements":[],"widgetType":"wd_twitter"}],"isInner":""},{"id":"2929750","elType":"column","settings":{"_column_size":"25","_inline_size_tablet":"50","_inline_size_mobile":"100","column_sticky_offset":"50","scroll_y":"-80"},"elements":[{"id":"3803882","elType":"widget","settings":{"subtitle":"","after_title":"","image_size":"custom","size":"small","align":"left","title":"INSTAGRAM","scroll_y":"-80"},"elements":[],"widgetType":"wd_title"},{"id":"830090","elType":"widget","settings":{"data_source":"images","target":"_blank","per_row":{"size":"3","unit":"px","sizes":[]},"spacing":"1","hide_mask":"1","username":"ozdesignfurniture","number":{"size":"9","unit":"px","sizes":[]},"scroll_y":"-80","images":[{"id":"117","url":"http:\/\/dummy.xtemos.com\/woodmart-elementor\/demos\/wp-content\/uploads\/sites\/2\/2017\/06\/wood-portfolio-placeholder.jpg"},{"id":"81","url":"http:\/\/dummy.xtemos.com\/woodmart-elementor\/demos\/wp-content\/uploads\/sites\/2\/2017\/06\/wood-gallery-placeholder-4.jpg"},{"id":"80","url":"http:\/\/dummy.xtemos.com\/woodmart-elementor\/demos\/wp-content\/uploads\/sites\/2\/2017\/06\/wood-gallery-placeholder-3.jpg"},{"id":"79","url":"http:\/\/dummy.xtemos.com\/woodmart-elementor\/demos\/wp-content\/uploads\/sites\/2\/2017\/06\/wood-gallery-placeholder-2.jpg"},{"id":"78","url":"http:\/\/dummy.xtemos.com\/woodmart-elementor\/demos\/wp-content\/uploads\/sites\/2\/2017\/06\/wood-gallery-placeholder.jpg"},{"id":"77","url":"http:\/\/dummy.xtemos.com\/woodmart-elementor\/demos\/wp-content\/uploads\/sites\/2\/2017\/06\/wood-gallery-placeholder-5.jpg"}],"images_size":"full","images_likes":"1000-10000","images_comments":"0-1000"},"elements":[],"widgetType":"wd_instagram"}],"isInner":""}],"isInner":""}]]]></wp:meta_value>
		</wp:postmeta>
							<wp:postmeta>
			<wp:meta_key>_elementor_edit_mode</wp:meta_key>
			<wp:meta_value><![CDATA[builder]]></wp:meta_value>
		</wp:postmeta>
							<wp:postmeta>
			<wp:meta_key>_elementor_version</wp:meta_key>
			<wp:meta_value><![CDATA[2.9.11]]></wp:meta_value>
		</wp:postmeta>
							<wp:postmeta>
			<wp:meta_key>_elementor_template_type</wp:meta_key>
			<wp:meta_value><![CDATA[wp-page]]></wp:meta_value>
		</wp:postmeta>
							<wp:postmeta>
			<wp:meta_key>_elementor_controls_usage</wp:meta_key>
			<wp:meta_value><![CDATA[a:11:{s:17:"slider_revolution";a:3:{s:5:"count";i:1;s:15:"control_percent";i:2;s:8:"controls";a:2:{s:7:"content";a:1:{s:15:"content_section";a:2:{s:14:"revslidertitle";i:1;s:9:"shortcode";i:1;}}s:8:"advanced";a:1:{s:8:"wd_extra";a:1:{s:8:"scroll_y";i:1;}}}}s:6:"column";a:3:{s:5:"count";i:13;s:15:"control_percent";i:1;s:8:"controls";a:2:{s:8:"advanced";a:3:{s:8:"wd_extra";a:2:{s:20:"column_sticky_offset";i:13;s:8:"scroll_y";i:13;}s:19:"_section_responsive";a:1:{s:11:"hide_mobile";i:1;}s:16:"section_advanced";a:2:{s:13:"margin_tablet";i:2;s:13:"margin_mobile";i:1;}}s:6:"layout";a:1:{s:6:"layout";a:2:{s:19:"_inline_size_tablet";i:9;s:19:"_inline_size_mobile";i:7;}}}}s:7:"section";a:3:{s:5:"count";i:6;s:15:"control_percent";i:0;s:8:"controls";a:3:{s:6:"layout";a:2:{s:14:"section_layout";a:2:{s:3:"gap";i:1;s:16:"content_position";i:2;}s:17:"section_structure";a:1:{s:9:"structure";i:4;}}s:8:"advanced";a:1:{s:16:"section_advanced";a:3:{s:6:"margin";i:4;s:7:"padding";i:1;s:13:"margin_mobile";i:2;}}s:5:"style";a:1:{s:14:"section_border";a:3:{s:13:"border_border";i:1;s:12:"border_width";i:1;s:12:"border_color";i:1;}}}}s:10:"wd_infobox";a:3:{s:5:"count";i:3;s:15:"control_percent";i:3;s:8:"controls";a:3:{s:5:"style";a:3:{s:21:"general_style_section";a:3:{s:9:"alignment";i:3;s:10:"title_size";i:3;s:15:"image_alignment";i:3;}s:22:"button_content_section";a:1:{s:12:"btn_position";i:3;}s:18:"icon_style_section";a:1:{s:14:"icon_text_size";i:3;}}s:7:"content";a:2:{s:15:"content_section";a:4:{s:8:"btn_text";i:3;s:8:"subtitle";i:3;s:5:"title";i:3;s:7:"content";i:3;}s:20:"icon_content_section";a:2:{s:10:"image_size";i:3;s:9:"icon_text";i:3;}}s:8:"advanced";a:2:{s:14:"_section_style";a:2:{s:8:"_padding";i:3;s:14:"_margin_tablet";i:2;}s:8:"wd_extra";a:1:{s:8:"scroll_y";i:3;}}}}s:8:"wd_title";a:3:{s:5:"count";i:5;s:15:"control_percent";i:2;s:8:"controls";a:3:{s:7:"content";a:1:{s:23:"general_content_section";a:3:{s:8:"subtitle";i:5;s:11:"after_title";i:5;s:5:"title";i:5;}}s:5:"style";a:2:{s:19:"title_style_section";a:1:{s:10:"image_size";i:5;}s:21:"general_style_section";a:4:{s:5:"style";i:1;s:5:"color";i:1;s:4:"size";i:5;s:5:"align";i:5;}}s:8:"advanced";a:1:{s:8:"wd_extra";a:1:{s:8:"scroll_y";i:5;}}}}s:9:"wd_button";a:3:{s:5:"count";i:1;s:15:"control_percent";i:2;s:8:"controls";a:3:{s:5:"style";a:1:{s:21:"general_style_section";a:3:{s:5:"color";i:1;s:5:"style";i:1;s:5:"align";i:1;}}s:7:"content";a:1:{s:23:"general_content_section";a:1:{s:4:"text";i:1;}}s:8:"advanced";a:1:{s:8:"wd_extra";a:1:{s:8:"scroll_y";i:1;}}}}s:11:"wd_products";a:3:{s:5:"count";i:1;s:15:"control_percent";i:2;s:8:"controls";a:3:{s:5:"style";a:1:{s:20:"layout_style_section";a:3:{s:14:"items_per_page";i:1;s:10:"pagination";i:1;s:7:"columns";i:1;}}s:7:"content";a:1:{s:23:"general_content_section";a:1:{s:5:"order";i:1;}}s:8:"advanced";a:1:{s:8:"wd_extra";a:1:{s:8:"scroll_y";i:1;}}}}s:9:"wd_banner";a:3:{s:5:"count";i:2;s:15:"control_percent";i:6;s:8:"controls";a:3:{s:7:"content";a:2:{s:21:"image_content_section";a:3:{s:10:"image_size";i:2;s:22:"image_custom_dimension";i:2;s:5:"image";i:2;}s:15:"content_section";a:4:{s:5:"title";i:2;s:8:"subtitle";i:2;s:7:"content";i:2;s:8:"btn_text";i:2;}}s:5:"style";a:4:{s:21:"general_style_section";a:3:{s:5:"hover";i:2;s:21:"woodmart_color_scheme";i:2;s:10:"title_size";i:2;}s:20:"button_style_section";a:2:{s:9:"btn_color";i:2;s:8:"btn_size";i:2;}s:20:"layout_style_section";a:3:{s:14:"text_alignment";i:2;s:20:"horizontal_alignment";i:2;s:18:"vertical_alignment";i:2;}s:19:"title_style_section";a:3:{s:27:"title_typography_typography";i:2;s:33:"title_typography_font_size_mobile";i:2;s:35:"title_typography_line_height_mobile";i:1;}}s:8:"advanced";a:1:{s:8:"wd_extra";a:1:{s:8:"scroll_y";i:2;}}}}s:18:"wd_products_widget";a:3:{s:5:"count";i:2;s:15:"control_percent";i:0;s:8:"controls";a:1:{s:8:"advanced";a:1:{s:8:"wd_extra";a:1:{s:8:"scroll_y";i:2;}}}}s:10:"wd_twitter";a:3:{s:5:"count";i:1;s:15:"control_percent";i:5;s:8:"controls";a:2:{s:7:"content";a:1:{s:23:"general_content_section";a:8:{s:4:"name";i:1;s:10:"num_tweets";i:1;s:11:"show_avatar";i:1;s:15:"exclude_replies";i:1;s:12:"consumer_key";i:1;s:15:"consumer_secret";i:1;s:12:"access_token";i:1;s:18:"accesstoken_secret";i:1;}}s:8:"advanced";a:1:{s:8:"wd_extra";a:1:{s:8:"scroll_y";i:1;}}}}s:12:"wd_instagram";a:3:{s:5:"count";i:1;s:15:"control_percent";i:5;s:8:"controls";a:3:{s:7:"content";a:3:{s:23:"general_content_section";a:2:{s:11:"data_source";i:1;s:8:"username";i:1;}s:15:"content_section";a:1:{s:6:"target";i:1;}s:14:"images_section";a:2:{s:6:"images";i:1;s:11:"images_size";i:1;}}s:5:"style";a:1:{s:22:"layout_content_section";a:4:{s:7:"per_row";i:1;s:7:"spacing";i:1;s:9:"hide_mask";i:1;s:6:"number";i:1;}}s:8:"advanced";a:1:{s:8:"wd_extra";a:1:{s:8:"scroll_y";i:1;}}}}}]]></wp:meta_value>
		</wp:postmeta>
							<wp:postmeta>
			<wp:meta_key>wd_page_css_files</wp:meta_key>
			<wp:meta_value><![CDATA[a:17:{i:0;s:12:"wp-gutenberg";i:1;s:5:"wpcf7";i:2;s:5:"mc4wp";i:3;s:17:"revolution-slider";i:4;s:14:"elementor-base";i:5;s:13:"wpbakery-base";i:6;s:13:"notices-fixed";i:7;s:16:"woocommerce-base";i:8;s:8:"info-box";i:9;s:9:"mfp-popup";i:10;s:13:"section-title";i:11;s:12:"product-loop";i:12;s:17:"add-to-cart-popup";i:13;s:6:"banner";i:14;s:7:"twitter";i:15;s:9:"instagram";i:16;s:10:"scroll-top";}]]></wp:meta_value>
		</wp:postmeta>
						</item>
					<item>
		<title>
				wood-page-banner		</title>
		<link>http://dummy.xtemos.com/woodmart-elementor/demos/home-boxed/wood-page-banner/</link>
		<pubDate>Sat, 24 Jun 2017 12:32:58 +0000</pubDate>
		<dc:creator><![CDATA[erwin]]></dc:creator>
		<guid isPermaLink="false">http://dummy.xtemos.com/woodmart-elementor/demos/wp-content/uploads/sites/2/2017/06/wood-page-banner.jpg</guid>
		<description></description>
		<content:encoded><![CDATA[]]></content:encoded>
		<excerpt:encoded><![CDATA[]]></excerpt:encoded>
		<wp:post_id>585</wp:post_id>
		<wp:post_date>2017-06-24 12:32:58</wp:post_date>
		<wp:post_date_gmt>2017-06-24 12:32:58</wp:post_date_gmt>
		<wp:comment_status>open</wp:comment_status>
		<wp:ping_status>closed</wp:ping_status>
		<wp:post_name>wood-page-banner</wp:post_name>
		<wp:status>inherit</wp:status>
		<wp:post_parent>584</wp:post_parent>
		<wp:menu_order>0</wp:menu_order>
		<wp:post_type>attachment</wp:post_type>
		<wp:post_password></wp:post_password>
		<wp:is_sticky>0</wp:is_sticky>
						<wp:attachment_url>http://dummy.xtemos.com/woodmart-elementor/demos/wp-content/uploads/sites/2/2017/06/wood-page-banner.jpg</wp:attachment_url>
												<wp:postmeta>
			<wp:meta_key>_wp_attached_file</wp:meta_key>
			<wp:meta_value><![CDATA[2017/06/wood-page-banner.jpg]]></wp:meta_value>
		</wp:postmeta>
						</item>
					<item>
		<title>
				Main slide 2		</title>
		<link>http://dummy.xtemos.com/woodmart-elementor/demos/2020/07/17/1685-revision-v1/</link>
		<pubDate>Fri, 17 Jul 2020 09:31:48 +0000</pubDate>
		<dc:creator><![CDATA[zakhar]]></dc:creator>
		<guid isPermaLink="false">http://dummy.xtemos.com/woodmart-elementor/demos/2020/07/17/1685-revision-v1/</guid>
		<description></description>
		<content:encoded><![CDATA[<h4>
					Eames - Side Chair.				</h4>
					Semper vulputate aliquam curae condimentum quisque gravida fusce convallis arcu cum at.				
		<p>Only $99.00</p>
										<img width="700" height="700" src="http://dummy.xtemos.com/woodmart-elementor/demos/wp-content/uploads/sites/2/2018/07/slider-main-demo-dummy-2.jpg" alt="" />]]></content:encoded>
		<excerpt:encoded><![CDATA[]]></excerpt:encoded>
		<wp:post_id>8771</wp:post_id>
		<wp:post_date>2020-07-17 09:31:48</wp:post_date>
		<wp:post_date_gmt>2020-07-17 09:31:48</wp:post_date_gmt>
		<wp:comment_status>closed</wp:comment_status>
		<wp:ping_status>closed</wp:ping_status>
		<wp:post_name>1685-revision-v1</wp:post_name>
		<wp:status>inherit</wp:status>
		<wp:post_parent>1685</wp:post_parent>
		<wp:menu_order>0</wp:menu_order>
		<wp:post_type>revision</wp:post_type>
		<wp:post_password></wp:post_password>
		<wp:is_sticky>0</wp:is_sticky>
														<wp:postmeta>
			<wp:meta_key>_elementor_data</wp:meta_key>
			<wp:meta_value><![CDATA[[{"id":"6808247","elType":"section","settings":{"content_position":"middle","structure":"21"},"elements":[{"id":"8429901","elType":"column","settings":{"_column_size":"33","_inline_size":"","_inline_size_tablet":"100","_inline_size_mobile":"100","space_between_widgets":"15","column_sticky_offset":"50","scroll_y":"-80"},"elements":[{"id":"5cebd5d","elType":"widget","settings":{"subtitle":"","title":"Eames - Side Chair.","after_title":"<p>Semper vulputate aliquam curae condimentum quisque gravida fusce convallis arcu cum at.<\/p>","align":"left","title_typography_typography":"custom","title_typography_font_size":{"unit":"px","size":"54","sizes":[]},"title_typography_font_size_tablet":{"unit":"px","size":"42","sizes":[]},"title_typography_line_height":{"unit":"px","size":"64","sizes":[]},"title_typography_line_height_tablet":{"unit":"px","size":"52","sizes":[]},"text_typography_typography":"custom","text_typography_font_size":{"unit":"px","size":"16","sizes":[]},"text_typography_font_size_tablet":{"unit":"px","size":"14","sizes":[]},"scroll_y":"-80"},"elements":[],"widgetType":"wd_title"},{"id":"181702","elType":"widget","settings":{"typography_typography":"custom","font":"text","size":"custom","font_weight":"400","color_scheme":"custom","typography_font_size":{"unit":"px","size":"32"},"text_color":"#2d2d2d","editor":"<p>Only $99.00<\/p>\n","scroll_y":"-80"},"elements":[],"widgetType":"text-editor"}],"isInner":""},{"id":"1957095","elType":"column","settings":{"_column_size":"66","_inline_size":"","_inline_size_tablet":"100","_inline_size_mobile":"100","column_sticky_offset":"50","scroll_y":"-80"},"elements":[{"id":"9902107","elType":"widget","settings":{"align":"center","image_size":"full","image":{"id":"1686","url":"#"},"image_custom_dimension":[],"_margin":{"unit":"px","top":"-140","right":"0","bottom":"-200","left":"0","isLinked":""},"_margin_tablet":{"unit":"px","top":"0","right":"0","bottom":"-260","left":"0","isLinked":""},"scroll_y":"-80"},"elements":[],"widgetType":"image"}],"isInner":""}],"isInner":""}]]]></wp:meta_value>
		</wp:postmeta>
							<wp:postmeta>
			<wp:meta_key>_elementor_edit_mode</wp:meta_key>
			<wp:meta_value><![CDATA[builder]]></wp:meta_value>
		</wp:postmeta>
							<wp:postmeta>
			<wp:meta_key>_elementor_version</wp:meta_key>
			<wp:meta_value><![CDATA[2.9.11]]></wp:meta_value>
		</wp:postmeta>
							<wp:postmeta>
			<wp:meta_key>_wp_page_template</wp:meta_key>
			<wp:meta_value><![CDATA[default]]></wp:meta_value>
		</wp:postmeta>
							<wp:postmeta>
			<wp:meta_key>_elementor_template_type</wp:meta_key>
			<wp:meta_value><![CDATA[wp-post]]></wp:meta_value>
		</wp:postmeta>
						</item>
				</channel>
</rss>
	